Panel,KO,Context,Day,Provider_richness,Function_log2FC,Absolute_function_deviation,Provider_replacement_BC,Reference_drift_from_7d_BC,Unplanted_class,Tomato_planted_class
Fig6a,K02613,Unplanted,70,19,0.097545146926023,0.097545146926023,0.5444329065794711,0.19956616551893408,Gradual/incomplete,Gradual/incomplete
Fig6a,K02613,Tomato-planted,70,19,0.541441409460448,0.541441409460448,0.6003635765095675,0.1251363273014417,Gradual/incomplete,Gradual/incomplete
Fig6a,K09929,Unplanted,70,2,-0.842434374657357,0.842434374657357,0.5572646406339988,0.2430142952843165,Gradual/incomplete,Gradual/incomplete
Fig6a,K09929,Tomato-planted,70,2,-0.782444386701702,0.782444386701702,0.6460715637800736,0.3021071596457733,Gradual/incomplete,Gradual/incomplete
Fig6a,K04719,Unplanted,70,2,1.03324597735654,1.03324597735654,0.1261452031054708,0.05807482359652549,Gradual/incomplete,Gradual/incomplete
Fig6a,K04719,Tomato-planted,70,2,0.750670240569512,0.750670240569512,0.08985275262053541,0.09507161224418176,Gradual/incomplete,Gradual/incomplete
Fig6a,K02651,Unplanted,70,3,0.158326522955153,0.158326522955153,0.11603722596050997,0.036610748264627964,Persistent/strengthened,Persistent/strengthened
Fig6a,K02651,Tomato-planted,70,3,0.959281340692478,0.959281340692478,0.16044791082288554,0.029564917755173767,Persistent/strengthened,Persistent/strengthened
Fig6a,K09160,Unplanted,70,3,0.240358014682565,0.240358014682565,0.23848217447352496,0.04083952313255374,Gradual/incomplete,Persistent/strengthened
Fig6a,K09160,Tomato-planted,70,3,0.76012156532451,0.76012156532451,0.30244528029189255,0.035073153250858746,Gradual/incomplete,Persistent/strengthened
Fig6a,K06959,Unplanted,70,19,0.754191956511082,0.754191956511082,0.4619944631512204,0.24556909431291674,Persistent/strengthened,Persistent/strengthened
Fig6a,K06959,Tomato-planted,70,19,0.864199427560734,0.864199427560734,0.5523503845231427,0.2157483940129692,Persistent/strengthened,Persistent/strengthened
Fig6a,K05341,Unplanted,70,3,-0.296811145791534,0.296811145791534,0.30469618023808887,0.09724188565452149,Gradual/incomplete,Gradual/incomplete
Fig6a,K05341,Tomato-planted,70,3,-0.217615622725885,0.217615622725885,0.36646086934560373,0.02085016157309214,Gradual/incomplete,Gradual/incomplete
Fig6a,K07394,Unplanted,70,5,-0.2244897046165,0.2244897046165,0.3194893566929945,0.17888493068669825,Gradual/incomplete,Gradual/incomplete
Fig6a,K07394,Tomato-planted,70,5,-0.857175440913472,0.857175440913472,0.4936742865921256,0.19974383753479222,Gradual/incomplete,Gradual/incomplete
Fig6a,K21138,Unplanted,70,2,1.54809126282688,1.54809126282688,0.005520991232605105,0.0072185384837548106,Persistent/strengthened,Gradual/incomplete
Fig6a,K21138,Tomato-planted,70,2,1.26417416572976,1.26417416572976,0.0023316791130717496,0.004929575051741963,Persistent/strengthened,Gradual/incomplete
Fig6a,K15067,Unplanted,70,5,-0.142004574110749,0.142004574110749,0.20401408198701562,0.12245081741330417,Gradual/incomplete,Gradual/incomplete
Fig6a,K15067,Tomato-planted,70,5,0.136176876928347,0.136176876928347,0.2477091218444941,0.1738473185398959,Gradual/incomplete,Gradual/incomplete
Fig6a,K01821,Unplanted,70,9,0.364465827549617,0.364465827549617,0.5330452020790972,0.33596643537579185,Gradual/incomplete,Persistent/strengthened
Fig6a,K01821,Tomato-planted,70,9,0.627003202685708,0.627003202685708,0.5371581872940165,0.2579367894544904,Gradual/incomplete,Persistent/strengthened
Fig6a,K00055,Unplanted,70,5,0.231282126888251,0.231282126888251,0.28399037115465586,0.23054916357246702,Rapid,Gradual/incomplete
Fig6a,K00055,Tomato-planted,70,5,0.395245612821147,0.395245612821147,0.39479319651139844,0.2681553249710401,Rapid,Gradual/incomplete
Fig6a,K23725,Unplanted,70,4,1.81929600096406,1.81929600096406,0.8680729067215507,0.1659825656227979,Gradual/incomplete,Gradual/incomplete
Fig6a,K23725,Tomato-planted,70,4,2.11741941156825,2.11741941156825,0.8714163771128416,0.15638624163629192,Gradual/incomplete,Gradual/incomplete
Fig6a,K21700,Unplanted,70,2,-0.681339451378353,0.681339451378353,0.6503203153719859,0.04636326551662939,Gradual/incomplete,Rapid
Fig6a,K21700,Tomato-planted,70,2,-0.860291605639952,0.860291605639952,0.7400594164307427,0.02702922769225745,Gradual/incomplete,Rapid
Fig6a,K22617,Unplanted,70,6,0.0746613564997825,0.0746613564997825,0.3305566408248114,0.06647164304329274,Gradual/incomplete,Persistent/strengthened
Fig6a,K22617,Tomato-planted,70,6,0.428081913287186,0.428081913287186,0.2770244659287877,0.046707689707031735,Gradual/incomplete,Persistent/strengthened
Fig6a,K00365,Unplanted,70,11,-0.824769529280167,0.824769529280167,0.778023694827742,0.057567890064790905,Persistent/strengthened,Persistent/strengthened
Fig6a,K00365,Tomato-planted,70,11,-0.512573842587286,0.512573842587286,0.8288565312498426,0.05201650506393545,Persistent/strengthened,Persistent/strengthened
Fig6a,K02650,Unplanted,70,13,-0.249180004012109,0.249180004012109,0.3280247899894757,0.1584497201349382,Gradual/incomplete,Persistent/strengthened
Fig6a,K02650,Tomato-planted,70,13,-0.879035131088772,0.879035131088772,0.20683114609119702,0.139709337389983,Gradual/incomplete,Persistent/strengthened
Fig6a,K03226,Unplanted,70,6,0.513599486120733,0.513599486120733,0.20555328383602373,0.36830625468196176,Overshoot/reversal,Gradual/incomplete
Fig6a,K03226,Tomato-planted,70,6,-0.317737541960177,0.317737541960177,0.17098006620082395,0.3967792948441693,Overshoot/reversal,Gradual/incomplete
Fig6a,K13592,Unplanted,70,3,0.159358794221061,0.159358794221061,0.3085961544180826,0.14506003748916035,Gradual/incomplete,Persistent/strengthened
Fig6a,K13592,Tomato-planted,70,3,0.684133890569382,0.684133890569382,0.41750362876776625,0.07006432605162737,Gradual/incomplete,Persistent/strengthened
Fig6a,K00956,Unplanted,70,12,-0.121799706841626,0.121799706841626,0.7949606881064402,0.08050018516415788,Gradual/incomplete,Gradual/incomplete
Fig6a,K00956,Tomato-planted,70,12,-0.352143489216051,0.352143489216051,0.8076571816010014,0.07788080282619567,Gradual/incomplete,Gradual/incomplete
Fig6a,K18199,Unplanted,70,15,0.427316596857808,0.427316596857808,0.678205838919522,0.15600969070015777,Gradual/incomplete,Persistent/strengthened
Fig6a,K18199,Tomato-planted,70,15,0.743526224231479,0.743526224231479,0.7269320013375659,0.09590818008516792,Gradual/incomplete,Persistent/strengthened
Fig6a,K17677,Unplanted,70,5,4.22219730876762,4.22219730876762,0.3699634640088184,0.23021004375278356,Gradual/incomplete,Gradual/incomplete
Fig6a,K17677,Tomato-planted,70,5,4.30347874986183,4.30347874986183,0.2749082357341527,0.17132699817499925,Gradual/incomplete,Gradual/incomplete
Fig6a,K03933,Unplanted,70,7,2.20885645560886,2.20885645560886,0.6450758152939429,0.2579784016763971,Gradual/incomplete,Gradual/incomplete
Fig6a,K03933,Tomato-planted,70,7,3.09393543560196,3.09393543560196,0.6498416204450621,0.27269577203882844,Gradual/incomplete,Gradual/incomplete
Fig6a,K18785,Unplanted,70,9,0.28472155838764,0.28472155838764,0.23554720351903333,0.3444902625998368,Gradual/incomplete,Gradual/incomplete
Fig6a,K18785,Tomato-planted,70,9,0.0158672976842028,0.0158672976842028,0.3092998303426051,0.3569184069753563,Gradual/incomplete,Gradual/incomplete
Fig6a,K23054,Unplanted,70,3,-0.861648988162008,0.861648988162008,0.14146075246740436,0.0721572637345249,Persistent/strengthened,Persistent/strengthened
Fig6a,K23054,Tomato-planted,70,3,-1.20254642100835,1.20254642100835,0.0749908423387873,0.06946852332016047,Persistent/strengthened,Persistent/strengthened
Fig6a,K07714,Unplanted,70,18,-0.0780059926847458,0.0780059926847458,0.35153495553702263,0.3002147390909745,Rapid,Gradual/incomplete
Fig6a,K07714,Tomato-planted,70,18,-0.43381904131687,0.43381904131687,0.2513995479291891,0.307498511420301,Rapid,Gradual/incomplete
Fig6a,K18301,Unplanted,70,27,-1.7665520526035,1.7665520526035,0.6487422509684567,0.14371373183112282,Gradual/incomplete,Gradual/incomplete
Fig6a,K18301,Tomato-planted,70,27,-2.01042612540373,2.01042612540373,0.7021847519671295,0.1146775421183623,Gradual/incomplete,Gradual/incomplete
Fig6a,K13327,Unplanted,70,4,1.37004815873394,1.37004815873394,0.4944008781890898,0.2257043493602715,Gradual/incomplete,Gradual/incomplete
Fig6a,K13327,Tomato-planted,70,4,1.67612890752676,1.67612890752676,0.5775898435538249,0.1556644110996713,Gradual/incomplete,Gradual/incomplete
Fig6a,K18148,Unplanted,70,2,1.6558057152063,1.6558057152063,0.2455470795779416,0.2006514566488502,Gradual/incomplete,Gradual/incomplete
Fig6a,K18148,Tomato-planted,70,2,2.87890251112089,2.87890251112089,0.2653423457139045,0.21138170693243596,Gradual/incomplete,Gradual/incomplete
Fig6a,K02451,Unplanted,70,2,0.0813460175585374,0.0813460175585374,0.0792811172077201,0.014050413055649223,Gradual/incomplete,Gradual/incomplete
Fig6a,K02451,Tomato-planted,70,2,-0.784813327562892,0.784813327562892,0.0953307682681735,0.0166510499551489,Gradual/incomplete,Gradual/incomplete
Fig6a,K18567,Unplanted,70,2,2.98627446377455,2.98627446377455,0.1659573890280419,0.03664834383399812,Rapid,Gradual/incomplete
Fig6a,K18567,Tomato-planted,70,2,2.86280146678419,2.86280146678419,0.5038294358596387,0.00014695258263031086,Rapid,Gradual/incomplete
Fig6a,K18225,Unplanted,70,3,0.448885969665604,0.448885969665604,0.7140747684608881,0.10136428953321064,Overshoot/reversal,Overshoot/reversal
Fig6a,K18225,Tomato-planted,70,3,0.486721857105652,0.486721857105652,0.7080989641681867,0.11442391973612101,Overshoot/reversal,Overshoot/reversal
Fig6a,K13788,Unplanted,70,9,0.0846910286896728,0.0846910286896728,0.6232300850933709,0.21156925265291407,Rapid,Gradual/incomplete
Fig6a,K13788,Tomato-planted,70,9,0.928819416952156,0.928819416952156,0.644093242222157,0.20571989537694843,Rapid,Gradual/incomplete
Fig6a,K20975,Unplanted,70,11,0.426313626794364,0.426313626794364,0.3573780582024446,0.1089518282316096,Gradual/incomplete,Persistent/strengthened
Fig6a,K20975,Tomato-planted,70,11,-0.287007896671177,0.287007896671177,0.3043751570247762,0.1273522134474843,Gradual/incomplete,Persistent/strengthened
Fig6a,K01446,Unplanted,70,14,1.08090866081004,1.08090866081004,0.8442648525626214,0.10600665070473705,Gradual/incomplete,Gradual/incomplete
Fig6a,K01446,Tomato-planted,70,14,1.60235601241881,1.60235601241881,0.8435191595024893,0.08339721847913431,Gradual/incomplete,Gradual/incomplete
Fig6a,K15313,Tomato-planted,70,2,4.10838495737596,4.10838495737596,0.5349788533131397,0.4645651874061001,Gradual/incomplete,Gradual/incomplete
Fig6a,K12710,Unplanted,70,5,-1.09830621671796,1.09830621671796,0.877527593573052,0.07328826675774125,Gradual/incomplete,Gradual/incomplete
Fig6a,K12710,Tomato-planted,70,5,0.57920003275259,0.57920003275259,0.9425608121012675,0.09066836252460492,Gradual/incomplete,Gradual/incomplete
Fig6a,K16862,Unplanted,70,3,2.74868804658934,2.74868804658934,0.13070595651310601,0.0649492518813028,Persistent/strengthened,Persistent/strengthened
Fig6a,K16862,Tomato-planted,70,3,1.10689568908217,1.10689568908217,0.11782538300697863,0.0640324988474059,Persistent/strengthened,Persistent/strengthened
Fig6a,K06940,Unplanted,70,12,-0.380877572224036,0.380877572224036,0.33293993093113555,0.18442559572761516,Gradual/incomplete,Persistent/strengthened
Fig6a,K06940,Tomato-planted,70,12,-0.736043803528636,0.736043803528636,0.29769524247639234,0.22609249302862056,Gradual/incomplete,Persistent/strengthened
Fig6a,K15916,Unplanted,70,7,0.234013419953939,0.234013419953939,0.7224948480133155,0.026571963988967037,Gradual/incomplete,Gradual/incomplete
Fig6a,K15916,Tomato-planted,70,7,0.679674055747714,0.679674055747714,0.7355623428512662,0.03747642540320563,Gradual/incomplete,Gradual/incomplete
Fig6a,K03633,Unplanted,70,4,0.929250376824234,0.929250376824234,0.08127864313194755,0.26476904389027667,Overshoot/reversal,Rapid
Fig6a,K03633,Tomato-planted,70,4,0.138973370759592,0.138973370759592,0.1539906977198954,0.2633121879020316,Overshoot/reversal,Rapid
Fig6a,K16046,Unplanted,70,2,-0.865662270450503,0.865662270450503,0.007596833697084471,0.017892097096313175,Gradual/incomplete,Gradual/incomplete
Fig6a,K16046,Tomato-planted,70,2,-1.15503376971878,1.15503376971878,0.017852952480673756,0.014753693269258628,Gradual/incomplete,Gradual/incomplete
Fig6a,K10200,Unplanted,70,7,1.09175085405206,1.09175085405206,0.7815656513738831,0.12175518253334697,Gradual/incomplete,Gradual/incomplete
Fig6a,K10200,Tomato-planted,70,7,2.21819069009232,2.21819069009232,0.7879056376339458,0.14308540898577826,Gradual/incomplete,Gradual/incomplete
Fig6a,K06219,Unplanted,70,12,-1.20901773172564,1.20901773172564,0.8433709502498492,0.05994258679097937,Persistent/strengthened,Persistent/strengthened
Fig6a,K06219,Tomato-planted,70,12,-3.20168794080293,3.20168794080293,0.8726190310326973,0.04847960144919207,Persistent/strengthened,Persistent/strengthened
Fig6a,K10111,Unplanted,70,2,0.412160455897366,0.412160455897366,0.5544073619119239,0.4064141129437113,Persistent/strengthened,Persistent/strengthened
Fig6a,K10111,Tomato-planted,70,2,1.16444836225432,1.16444836225432,0.21397256131222228,0.1060284533755172,Persistent/strengthened,Persistent/strengthened
Fig6a,K20370,Unplanted,70,9,0.810765554733303,0.810765554733303,0.1358180152159252,0.3224124759776691,Overshoot/reversal,Rapid
Fig6a,K20370,Tomato-planted,70,9,-0.0663505255023421,0.0663505255023421,0.2437454947286786,0.3297333458774137,Overshoot/reversal,Rapid
Fig6a,K20484,Unplanted,70,6,0.992444558836447,0.992444558836447,0.42112474275032674,0.4867250067413356,Gradual/incomplete,Gradual/incomplete
Fig6a,K20484,Tomato-planted,70,6,1.34988834785312,1.34988834785312,0.684641088080678,0.4741311681613015,Gradual/incomplete,Gradual/incomplete
Fig6a,K19978,Unplanted,70,3,1.49722058988696,1.49722058988696,0.1421097678751479,0.09143182756323634,Gradual/incomplete,Gradual/incomplete
Fig6a,K19978,Tomato-planted,70,3,2.21055527966097,2.21055527966097,0.22107970937735222,0.17175844400674717,Gradual/incomplete,Gradual/incomplete
Fig6a,K01118,Unplanted,70,13,0.4063077261403,0.4063077261403,0.4002795261218001,0.19481609651688403,Gradual/incomplete,Persistent/strengthened
Fig6a,K01118,Tomato-planted,70,13,0.767458302852824,0.767458302852824,0.5215258707655864,0.2001740741103784,Gradual/incomplete,Persistent/strengthened
Fig6a,K02281,Unplanted,70,4,0.273052504453315,0.273052504453315,0.20153017539239565,0.026947247291087578,Gradual/incomplete,Persistent/strengthened
Fig6a,K02281,Tomato-planted,70,4,1.08506634297483,1.08506634297483,0.2527973178823656,0.019165038577891324,Gradual/incomplete,Persistent/strengthened
Fig6a,K18687,Unplanted,70,6,-0.369010183571057,0.369010183571057,0.7793615028424836,0.0922875762591766,Gradual/incomplete,Gradual/incomplete
Fig6a,K18687,Tomato-planted,70,6,-0.297274186861011,0.297274186861011,0.8157535073291928,0.10357213879402863,Gradual/incomplete,Gradual/incomplete
Fig6a,K16424,Unplanted,70,3,-0.119492378696265,0.119492378696265,0.13943596452279883,0.09512188275668118,Rapid,Gradual/incomplete
Fig6a,K16424,Tomato-planted,70,3,1.53585726612404,1.53585726612404,0.06259351632732764,0.10228121115389684,Rapid,Gradual/incomplete
Fig6a,K01181,Unplanted,70,24,0.386749469075871,0.386749469075871,0.4464476294301344,0.22983205913839738,Gradual/incomplete,Gradual/incomplete
Fig6a,K01181,Tomato-planted,70,24,0.556363921097583,0.556363921097583,0.5302232123717855,0.1828331214568904,Gradual/incomplete,Gradual/incomplete
Fig6a,K22969,Unplanted,70,8,0.152523491772818,0.152523491772818,0.3446063161479516,0.14703325892081676,Gradual/incomplete,Gradual/incomplete
Fig6a,K22969,Tomato-planted,70,8,0.498737377318139,0.498737377318139,0.3646523266641089,0.17611159298828405,Gradual/incomplete,Gradual/incomplete
Fig6a,K06402,Unplanted,70,20,-0.380778220771882,0.380778220771882,0.6294320507759358,0.12353529204420446,Rapid,Rapid
Fig6a,K06402,Tomato-planted,70,20,-0.393519793718313,0.393519793718313,0.6592017302008709,0.09026723451883731,Rapid,Rapid
Fig6a,K14414,Unplanted,70,3,0.0251868766334606,0.0251868766334606,0.23067964567429916,0.052584869871103744,Gradual/incomplete,Gradual/incomplete
Fig6a,K14414,Tomato-planted,70,3,-0.596499117659788,0.596499117659788,0.12115962345852643,0.04908008053377063,Gradual/incomplete,Gradual/incomplete
Fig6a,K14727,Unplanted,70,9,-0.0791426067736305,0.0791426067736305,0.8460511801688967,0.15681883155662726,Overshoot/reversal,Rapid
Fig6a,K14727,Tomato-planted,70,9,0.356853500430896,0.356853500430896,0.8994835225431432,0.14765921813116298,Overshoot/reversal,Rapid
Fig6a,K23227,Unplanted,70,7,0.944311645769687,0.944311645769687,0.8185691650309598,0.07366632556009937,Rapid,Rapid
Fig6a,K23227,Tomato-planted,70,7,0.897699832890255,0.897699832890255,0.8541251504181591,0.0851284947617306,Rapid,Rapid
Fig6a,K22552,Unplanted,70,20,0.629212538244286,0.629212538244286,0.5047626564081914,0.15177721989396784,Gradual/incomplete,Gradual/incomplete
Fig6a,K22552,Tomato-planted,70,20,1.15641649724146,1.15641649724146,0.627060380773944,0.17859523080965442,Gradual/incomplete,Gradual/incomplete
Fig6a,K16117,Unplanted,70,5,2.68375415951704,2.68375415951704,0.7883889569443314,0.08220614322567033,Persistent/strengthened,Persistent/strengthened
Fig6a,K16117,Tomato-planted,70,5,5.89272608058976,5.89272608058976,0.9064818779313012,0.06540352107366196,Persistent/strengthened,Persistent/strengthened
Fig6a,K18234,Unplanted,70,3,1.08341630019924,1.08341630019924,0.8326134473859843,0.19546945673044877,Gradual/incomplete,Gradual/incomplete
Fig6a,K18234,Tomato-planted,70,3,1.29460093436103,1.29460093436103,0.7475016878445302,0.09982804082625654,Gradual/incomplete,Gradual/incomplete
Fig6a,K18855,Unplanted,70,9,-0.623592619013054,0.623592619013054,0.8313458388143171,0.047613374593055736,Gradual/incomplete,Gradual/incomplete
Fig6a,K18855,Tomato-planted,70,9,-0.378380300724977,0.378380300724977,0.8336731173624173,0.05102145928595477,Gradual/incomplete,Gradual/incomplete
Fig6a,K16645,Unplanted,70,9,-1.1486542614438,1.1486542614438,0.8811790790152949,0.04481053298586789,Persistent/strengthened,Persistent/strengthened
Fig6a,K16645,Tomato-planted,70,9,-2.68712475283729,2.68712475283729,0.8782114174793609,0.0377680993888738,Persistent/strengthened,Persistent/strengthened
Fig6a,K01506,Unplanted,70,6,1.32287030061126,1.32287030061126,0.38168408906429474,0.33890375699198194,Gradual/incomplete,Gradual/incomplete
Fig6a,K01506,Tomato-planted,70,6,2.29958218290338,2.29958218290338,0.3375898122426023,0.28962274110704367,Gradual/incomplete,Gradual/incomplete
Fig6a,K19124,Unplanted,70,2,-0.0897440083909237,0.0897440083909237,0.1659573890280419,0.03664834383399812,Rapid,Gradual/incomplete
Fig6a,K19124,Tomato-planted,70,2,0.637358017145054,0.637358017145054,0.5038294358596387,0.00014695258263031086,Rapid,Gradual/incomplete
Fig6a,K14519,Unplanted,70,7,0.924941641083287,0.924941641083287,0.9326058007195213,0.2758805503706569,Gradual/incomplete,Gradual/incomplete
Fig6a,K14519,Tomato-planted,70,7,1.4050445181174,1.4050445181174,0.9465383769961109,0.2719961558187037,Gradual/incomplete,Gradual/incomplete
Fig6a,K16066,Unplanted,70,19,-0.888399572704909,0.888399572704909,0.8171017593211498,0.07809807086689122,Gradual/incomplete,Gradual/incomplete
Fig6a,K16066,Tomato-planted,70,19,-0.540721113697082,0.540721113697082,0.8339638867617355,0.06770413389277871,Gradual/incomplete,Gradual/incomplete
Fig6a,K04117,Unplanted,70,3,-0.700751867472821,0.700751867472821,0.016383086442052722,0.0422220564310214,Persistent/strengthened,Persistent/strengthened
Fig6a,K04117,Tomato-planted,70,3,-0.697379835423291,0.697379835423291,0.03867851210897291,0.008195063675489778,Persistent/strengthened,Persistent/strengthened
Fig6a,K23170,Unplanted,70,6,-0.281799404195956,0.281799404195956,0.14761242888679368,0.0570374948452794,Rapid,Gradual/incomplete
Fig6a,K23170,Tomato-planted,70,6,0.499545561988615,0.499545561988615,0.1131325265475953,0.0873185145732758,Rapid,Gradual/incomplete
Fig6a,K15582,Unplanted,70,17,0.342173979147628,0.342173979147628,0.4916318510751988,0.2556783023390721,Gradual/incomplete,Gradual/incomplete
Fig6a,K15582,Tomato-planted,70,17,0.496292447537556,0.496292447537556,0.5889661684545727,0.26750789716505563,Gradual/incomplete,Gradual/incomplete
Fig6a,K10680,Unplanted,70,12,0.483845469679422,0.483845469679422,0.49723031312449295,0.36666325863007904,Gradual/incomplete,Gradual/incomplete
Fig6a,K10680,Tomato-planted,70,12,0.706601396413324,0.706601396413324,0.4405868117407502,0.26347799909105923,Gradual/incomplete,Gradual/incomplete
Fig6a,K16559,Unplanted,70,5,-1.2619609651711,1.2619609651711,0.23513194866350617,0.16446591803055655,Persistent/strengthened,Persistent/strengthened
Fig6a,K16559,Tomato-planted,70,5,-3.07623183247398,3.07623183247398,0.38000929540610884,0.12638399034992012,Persistent/strengthened,Persistent/strengthened
Fig6a,K23359,Unplanted,70,13,-0.305760322004443,0.305760322004443,0.6471614914289865,0.14032303029671786,Gradual/incomplete,Persistent/strengthened
Fig6a,K23359,Tomato-planted,70,13,-0.815427437623579,0.815427437623579,0.6658833877340139,0.11099764982970758,Gradual/incomplete,Persistent/strengthened
Fig6a,K18587,Unplanted,70,3,0.441023829948964,0.441023829948964,0.09082597031746151,0.030532592297400435,Gradual/incomplete,Persistent/strengthened
Fig6a,K18587,Tomato-planted,70,3,1.07174731641519,1.07174731641519,0.1295576806991147,0.02094725722141559,Gradual/incomplete,Persistent/strengthened
Fig6a,K19181,Unplanted,70,7,0.474439901845292,0.474439901845292,0.28476006958503214,0.18982084353470632,Gradual/incomplete,Gradual/incomplete
Fig6a,K19181,Tomato-planted,70,7,0.97626711640579,0.97626711640579,0.4322923122071957,0.15969612697298938,Gradual/incomplete,Gradual/incomplete
Fig6a,K18013,Unplanted,70,19,-0.0409883876366081,0.0409883876366081,0.722333306774671,0.0992959974001049,Rapid,Rapid
Fig6a,K18013,Tomato-planted,70,19,0.260718899909609,0.260718899909609,0.733678431296952,0.07998751240492796,Rapid,Rapid
Fig6a,K21961,Unplanted,70,7,1.19028012075035,1.19028012075035,0.8665150398301342,0.09493401008625735,Gradual/incomplete,Persistent/strengthened
Fig6a,K21961,Tomato-planted,70,7,2.47878901315094,2.47878901315094,0.825782631769198,0.09754811425720625,Gradual/incomplete,Persistent/strengthened
Fig6a,K01230,Unplanted,70,6,1.98562336565116,1.98562336565116,0.22050707573529466,0.14173449271471036,Persistent/strengthened,Persistent/strengthened
Fig6a,K01230,Tomato-planted,70,6,3.14403429582864,3.14403429582864,0.20286584596028365,0.12790691367209023,Persistent/strengthened,Persistent/strengthened
Fig6a,K01202,Unplanted,70,2,-2.70298429937563,2.70298429937563,0.42106689049423063,0.37485306137382435,Persistent/strengthened,Persistent/strengthened
Fig6a,K01202,Tomato-planted,70,2,-1.89723192980599,1.89723192980599,0.42223799267114237,0.37637504384761067,Persistent/strengthened,Persistent/strengthened
Fig6a,K17329,Unplanted,70,12,-0.324856567634081,0.324856567634081,0.8817545608971571,0.05882413968800918,Overshoot/reversal,Gradual/incomplete
Fig6a,K17329,Tomato-planted,70,12,0.518395195974574,0.518395195974574,0.8902106925023068,0.040553720976648076,Overshoot/reversal,Gradual/incomplete
Fig6a,K00561,Unplanted,70,4,0.643249547110327,0.643249547110327,0.09932714674289692,0.15242558798895053,Gradual/incomplete,Persistent/strengthened
Fig6a,K00561,Tomato-planted,70,4,0.872057685960292,0.872057685960292,0.17997453156713838,0.1263770209784431,Gradual/incomplete,Persistent/strengthened
Fig6a,K07217,Unplanted,70,2,-0.0977448995809126,0.0977448995809126,0.08694563702872349,0.03907300508854328,Gradual/incomplete,Rapid
Fig6a,K07217,Tomato-planted,70,2,-0.178443246893143,0.178443246893143,0.0011504873902393464,0.021979481896902076,Gradual/incomplete,Rapid
Fig6a,K14187,Unplanted,70,2,-0.0602944793245163,0.0602944793245163,0.0291306240899952,0.017850247243773598,Gradual/incomplete,Persistent/strengthened
Fig6a,K14187,Tomato-planted,70,2,-0.998188238146413,0.998188238146413,0.028816864929871344,0.018674167524981716,Gradual/incomplete,Persistent/strengthened
Fig6a,K16436,Unplanted,70,4,0.0698453674362712,0.0698453674362712,0.17399666429273217,0.1427500169669524,Gradual/incomplete,Gradual/incomplete
Fig6a,K16436,Tomato-planted,70,4,0.44467100419317,0.44467100419317,0.28191422160099977,0.14173834551023168,Gradual/incomplete,Gradual/incomplete
Fig6a,K00216,Unplanted,70,4,-1.32748615659686,1.32748615659686,0.6627311492388723,0.1212020517913309,Persistent/strengthened,Gradual/incomplete
Fig6a,K00216,Tomato-planted,70,4,-0.112925993890079,0.112925993890079,0.699635883207121,0.09987372778653089,Persistent/strengthened,Gradual/incomplete
Fig6a,K13276,Unplanted,70,2,-0.0451329565470376,0.0451329565470376,0.03909766435433634,0.013189583074526251,Rapid,Overshoot/reversal
Fig6a,K13276,Tomato-planted,70,2,-0.0249351928024589,0.0249351928024589,0.03066158796955709,0.0162868795834534,Rapid,Overshoot/reversal
Fig6a,K04030,Unplanted,70,2,0.417646387353353,0.417646387353353,0.031858641885971734,0.007936703577155674,Overshoot/reversal,Rapid
Fig6a,K04030,Tomato-planted,70,2,0.322558749295133,0.322558749295133,0.011110743053162841,0.012191603431673555,Overshoot/reversal,Rapid
Fig6a,K19295,Unplanted,70,4,0.299071969140431,0.299071969140431,0.5160921258813225,0.13435044173732208,Gradual/incomplete,Gradual/incomplete
Fig6a,K19295,Tomato-planted,70,4,-0.342399053333485,0.342399053333485,0.6538718403794648,0.19658168252241923,Gradual/incomplete,Gradual/incomplete
Fig6a,K01387,Unplanted,70,5,1.86597001695523,1.86597001695523,0.12005397178927574,0.4075260890240868,Gradual/incomplete,Gradual/incomplete
Fig6a,K01387,Tomato-planted,70,5,0.683618406864762,0.683618406864762,0.13426022053624403,0.39771350697477764,Gradual/incomplete,Gradual/incomplete
Fig6a,K05822,Unplanted,70,2,1.34369611735788,1.34369611735788,0.02484711479347368,0.1045398985274266,Gradual/incomplete,Gradual/incomplete
Fig6a,K05822,Tomato-planted,70,2,-0.0911417449830776,0.0911417449830776,0.08520841398643483,0.09185873328619085,Gradual/incomplete,Gradual/incomplete
Fig6a,K04027,Unplanted,70,3,-0.135297055937675,0.135297055937675,0.09822001874541303,0.27130660557592,Rapid,Gradual/incomplete
Fig6a,K04027,Tomato-planted,70,3,-0.515753212404986,0.515753212404986,0.330786990740241,0.230376158014728,Rapid,Gradual/incomplete
Fig6a,K20866,Unplanted,70,4,-0.185612895301014,0.185612895301014,0.8064865791887565,0.08075694571916486,Overshoot/reversal,Rapid
Fig6a,K20866,Tomato-planted,70,4,-0.271646644044907,0.271646644044907,0.726315860784323,0.08304986812669835,Overshoot/reversal,Rapid
Fig6a,K16013,Unplanted,70,3,0.285852929466164,0.285852929466164,0.855218334876496,0.01007218452631055,Gradual/incomplete,Gradual/incomplete
Fig6a,K16013,Tomato-planted,70,3,0.820386244404688,0.820386244404688,0.7114306065072351,0.012487236467147972,Gradual/incomplete,Gradual/incomplete
Fig6a,K05567,Unplanted,70,5,0.930555165187853,0.930555165187853,0.6966537560344142,0.09318751925322802,Gradual/incomplete,Gradual/incomplete
Fig6a,K05567,Tomato-planted,70,5,0.863598186993398,0.863598186993398,0.7296298276818757,0.07353332938387824,Gradual/incomplete,Gradual/incomplete
Fig6a,K16213,Unplanted,70,2,0.10063576149807,0.10063576149807,0.0021171056511885837,0.04586842926979707,Rapid,Rapid
Fig6a,K16213,Tomato-planted,70,2,-0.171436390217779,0.171436390217779,0.07835454222890184,0.04270462499598185,Rapid,Rapid
Fig6a,K01494,Unplanted,70,20,0.299424101256419,0.299424101256419,0.48689884175930265,0.21494042634998495,Rapid,Rapid
Fig6a,K01494,Tomato-planted,70,20,0.146120286722408,0.146120286722408,0.5924758794157211,0.19750707220662367,Rapid,Rapid
Fig6a,K08976,Unplanted,70,5,-0.0803160961877387,0.0803160961877387,0.32922853763358517,0.0977812234970585,Rapid,Gradual/incomplete
Fig6a,K08976,Tomato-planted,70,5,-0.301437695758534,0.301437695758534,0.19855843213704577,0.08812388269124279,Rapid,Gradual/incomplete
Fig6a,K21119,Unplanted,70,6,0.290277128191139,0.290277128191139,0.5572488654351027,0.21946520858267773,Overshoot/reversal,Gradual/incomplete
Fig6a,K21119,Tomato-planted,70,6,-0.28552688587337,0.28552688587337,0.5968175823975627,0.23878884068886938,Overshoot/reversal,Gradual/incomplete
Fig6a,K05936,Unplanted,70,5,0.613013907255465,0.613013907255465,0.3339236406778953,0.3185567909710211,Gradual/incomplete,Gradual/incomplete
Fig6a,K05936,Tomato-planted,70,5,0.878514403082843,0.878514403082843,0.44341385423692853,0.3200237777069044,Gradual/incomplete,Gradual/incomplete
Fig6a,K07077,Unplanted,70,7,0.0854946633586752,0.0854946633586752,0.9429259076423869,0.07834245066685844,Rapid,Gradual/incomplete
Fig6a,K07077,Tomato-planted,70,7,0.455044192645646,0.455044192645646,0.9214256006641043,0.0686651007131589,Rapid,Gradual/incomplete
Fig6a,K23786,Unplanted,70,8,2.35502852808459,2.35502852808459,0.4934034033595063,0.23071516025499475,Rapid,Gradual/incomplete
Fig6a,K23786,Tomato-planted,70,8,3.58611176066208,3.58611176066208,0.4864573847081868,0.24527493175389364,Rapid,Gradual/incomplete
Fig6a,K01539,Unplanted,70,9,0.471751184184572,0.471751184184572,0.9451744725317398,0.037788649367296,Rapid,Rapid
Fig6a,K01539,Tomato-planted,70,9,-0.175111978069689,0.175111978069689,0.8979602251008618,0.02478883602867579,Rapid,Rapid
Fig6a,K07068,Unplanted,70,11,-0.561411911740146,0.561411911740146,0.7403178489788582,0.09801905902349667,Persistent/strengthened,Persistent/strengthened
Fig6a,K07068,Tomato-planted,70,11,-0.64420897966706,0.64420897966706,0.7738040804731109,0.1053085140792632,Persistent/strengthened,Persistent/strengthened
Fig6a,K06203,Unplanted,70,11,0.685611243825542,0.685611243825542,0.5034410024483977,0.21493975614184177,Gradual/incomplete,Gradual/incomplete
Fig6a,K06203,Tomato-planted,70,11,1.21097267056413,1.21097267056413,0.5863996866086868,0.23443273020783417,Gradual/incomplete,Gradual/incomplete
Fig6a,K18220,Unplanted,70,8,-0.15130748362828,0.15130748362828,0.8273179693947987,0.08178817957015481,Rapid,Gradual/incomplete
Fig6a,K18220,Tomato-planted,70,8,0.710799948042272,0.710799948042272,0.8800623115999457,0.08130457641742173,Rapid,Gradual/incomplete
Fig6a,K01617,Unplanted,70,6,1.04576569506807,1.04576569506807,0.8861188104873999,0.15545782648107545,Gradual/incomplete,Gradual/incomplete
Fig6a,K01617,Tomato-planted,70,6,1.52597738949789,1.52597738949789,0.8746842152108316,0.17517315835003194,Gradual/incomplete,Gradual/incomplete
Fig6a,K04093,Unplanted,70,4,0.221244207050188,0.221244207050188,0.8226344213337441,0.1090475499257008,Gradual/incomplete,Gradual/incomplete
Fig6a,K04093,Tomato-planted,70,4,1.33971757204031,1.33971757204031,0.8998866554078491,0.11937036296437112,Gradual/incomplete,Gradual/incomplete
Fig6a,K07454,Unplanted,70,5,0.015462354227501,0.015462354227501,0.32567562068226125,0.22828833283760802,Gradual/incomplete,Gradual/incomplete
Fig6a,K07454,Tomato-planted,70,5,0.68134160374406,0.68134160374406,0.5320320749630503,0.22250194606792395,Gradual/incomplete,Gradual/incomplete
Fig6a,K22822,Unplanted,70,6,-0.388468148138796,0.388468148138796,0.7845332225179302,0.09595605678694609,Gradual/incomplete,Gradual/incomplete
Fig6a,K22822,Tomato-planted,70,6,-0.254316373982029,0.254316373982029,0.7700990428447954,0.07773452263949096,Gradual/incomplete,Gradual/incomplete
Fig6a,K15922,Unplanted,70,4,1.57726865204614,1.57726865204614,0.12169622190930844,0.06129622827046888,Persistent/strengthened,Persistent/strengthened
Fig6a,K15922,Tomato-planted,70,4,0.365336909894479,0.365336909894479,0.11058034093138953,0.05959749130121447,Persistent/strengthened,Persistent/strengthened
Fig6a,K00887,Unplanted,70,2,0.50165962747557,0.50165962747557,0.2206064147103925,0.010903217550598893,Gradual/incomplete,Gradual/incomplete
Fig6a,K00887,Tomato-planted,70,2,-0.777882615477841,0.777882615477841,0.28315865443423016,0.01584543483331946,Gradual/incomplete,Gradual/incomplete
Fig6a,K01941,Unplanted,70,8,0.284278687541086,0.284278687541086,0.21768496472649265,0.3524629346463069,Gradual/incomplete,Gradual/incomplete
Fig6a,K01941,Tomato-planted,70,8,-0.313170198667076,0.313170198667076,0.2953219890169564,0.35793568534960385,Gradual/incomplete,Gradual/incomplete
Fig6a,K00273,Unplanted,70,14,-0.10324119160515,0.10324119160515,0.7566458613131143,0.13272031164316245,Rapid,Gradual/incomplete
Fig6a,K00273,Tomato-planted,70,14,0.443031787527393,0.443031787527393,0.7660443463996611,0.0998431231107687,Rapid,Gradual/incomplete
Fig6a,K07640,Unplanted,70,4,-0.886348137186227,0.886348137186227,0.36685344102787637,0.10380672363953934,Gradual/incomplete,Gradual/incomplete
Fig6a,K07640,Tomato-planted,70,4,-0.549336191073503,0.549336191073503,0.25434043824895297,0.04286403448464356,Gradual/incomplete,Gradual/incomplete
Fig6a,K03811,Unplanted,70,14,0.363430132510847,0.363430132510847,0.7879201065300588,0.08316922162962445,Rapid,Gradual/incomplete
Fig6a,K03811,Tomato-planted,70,14,0.347008638333903,0.347008638333903,0.807938645057406,0.07858623693431885,Rapid,Gradual/incomplete
Fig6a,K09801,Unplanted,70,3,-0.0722772789755978,0.0722772789755978,0.13385997106779027,0.019265506670404567,Gradual/incomplete,Gradual/incomplete
Fig6a,K09801,Tomato-planted,70,3,-0.52898336283217,0.52898336283217,0.1798732352841187,0.036135472649003214,Gradual/incomplete,Gradual/incomplete
Fig6a,K17840,Unplanted,70,3,-0.217211913241126,0.217211913241126,0.8786750852916533,0.05666508292816765,Gradual/incomplete,Rapid
Fig6a,K17840,Tomato-planted,70,3,-0.108473921464093,0.108473921464093,0.8908607401264352,0.011390419718514011,Gradual/incomplete,Rapid
Fig6a,K07693,Unplanted,70,15,0.250709652727167,0.250709652727167,0.624471463420647,0.1015589909777638,Rapid,Gradual/incomplete
Fig6a,K07693,Tomato-planted,70,15,0.518023983056402,0.518023983056402,0.7499597514596117,0.07525782782883872,Rapid,Gradual/incomplete
Fig6a,K17947,Unplanted,70,8,0.757209986114296,0.757209986114296,0.7690681933788548,0.08439190596275281,Gradual/incomplete,Persistent/strengthened
Fig6a,K17947,Tomato-planted,70,8,0.839251187471575,0.839251187471575,0.7974532045105952,0.07139052100560996,Gradual/incomplete,Persistent/strengthened
Fig6a,K20420,Unplanted,70,18,-0.0111456002772745,0.0111456002772745,0.8258160102916688,0.16954889350780838,Rapid,Gradual/incomplete
Fig6a,K20420,Tomato-planted,70,18,0.885992499820757,0.885992499820757,0.8309335825554909,0.16458431475983504,Rapid,Gradual/incomplete
Fig6a,K09744,Unplanted,70,6,0.225385875474056,0.225385875474056,0.14560486677238088,0.36601056046957225,Rapid,Rapid
Fig6a,K09744,Tomato-planted,70,6,0.0824384596274168,0.0824384596274168,0.1689883079764855,0.3595873938366625,Rapid,Rapid
Fig6a,K09681,Unplanted,70,18,2.68587238966256,2.68587238966256,0.7112696579416236,0.16105689977065307,Rapid,Rapid
Fig6a,K09681,Tomato-planted,70,18,1.52348005243528,1.52348005243528,0.7639240765259465,0.14262400268549671,Rapid,Rapid
Fig6a,K02071,Unplanted,70,2,0.249120037207136,0.249120037207136,0.7810357632779121,0.03730409711047215,Rapid,Gradual/incomplete
Fig6a,K02071,Tomato-planted,70,2,0.650875386403397,0.650875386403397,0.8020032380077267,0.054896975362235,Rapid,Gradual/incomplete
Fig6a,K12436,Unplanted,70,2,0.444737140983032,0.444737140983032,0.2166462027135162,0.07793962558581355,Gradual/incomplete,Gradual/incomplete
Fig6a,K12436,Tomato-planted,70,2,1.43129349281539,1.43129349281539,0.2385421893813505,0.016993747604781534,Gradual/incomplete,Gradual/incomplete
Fig6a,K19355,Unplanted,70,6,0.285141229448773,0.285141229448773,0.0704356813833964,0.2762737763743733,Gradual/incomplete,Gradual/incomplete
Fig6a,K19355,Tomato-planted,70,6,0.460726593996819,0.460726593996819,0.14331371699024506,0.2735010411281824,Gradual/incomplete,Gradual/incomplete
Fig6a,K09956,Unplanted,70,3,0.899521523192568,0.899521523192568,0.37048654920442076,0.31663179782883577,Gradual/incomplete,Gradual/incomplete
Fig6a,K09956,Tomato-planted,70,3,1.82944790306977,1.82944790306977,0.4031289579700503,0.24125735686600921,Gradual/incomplete,Gradual/incomplete
Fig6a,K15578,Unplanted,70,6,-0.204728748173874,0.204728748173874,0.0373772203964402,0.09778685425811444,Gradual/incomplete,Persistent/strengthened
Fig6a,K15578,Tomato-planted,70,6,-0.825869127843253,0.825869127843253,0.12009384795381738,0.09772344653451669,Gradual/incomplete,Persistent/strengthened
Fig6a,K07710,Unplanted,70,4,-0.405637596726921,0.405637596726921,0.2678453672795914,0.0563654737954417,Persistent/strengthened,Persistent/strengthened
Fig6a,K07710,Tomato-planted,70,4,-0.573365431729398,0.573365431729398,0.07169190078237811,0.07017940250433694,Persistent/strengthened,Persistent/strengthened
Fig6a,K06985,Unplanted,70,6,0.415305417652285,0.415305417652285,0.32684768991774293,0.15434810516660452,Persistent/strengthened,Persistent/strengthened
Fig6a,K06985,Tomato-planted,70,6,0.763096204015932,0.763096204015932,0.41605951594351787,0.07916147237114347,Persistent/strengthened,Persistent/strengthened
Fig6a,K07044,Unplanted,70,7,0.627686350971318,0.627686350971318,0.33758605219288523,0.05276490230655259,Persistent/strengthened,Persistent/strengthened
Fig6a,K07044,Tomato-planted,70,7,0.847472960261236,0.847472960261236,0.2704299188080192,0.04219091598665289,Persistent/strengthened,Persistent/strengthened
Fig6a,K07496,Unplanted,70,27,1.11063214181431,1.11063214181431,0.6080638780522726,0.2056942124583373,Gradual/incomplete,Gradual/incomplete
Fig6a,K07496,Tomato-planted,70,27,1.97687161433949,1.97687161433949,0.677276370036051,0.15986944517307886,Gradual/incomplete,Gradual/incomplete
Fig6a,K14340,Unplanted,70,9,2.37594853700545,2.37594853700545,0.3390567383240724,0.217539670128333,Gradual/incomplete,Gradual/incomplete
Fig6a,K14340,Tomato-planted,70,9,3.38607749596506,3.38607749596506,0.3935535452378711,0.14863530908746042,Gradual/incomplete,Gradual/incomplete
Fig6a,K14647,Unplanted,70,12,0.699148947724145,0.699148947724145,0.5254124224360055,0.1818948180566418,Rapid,Rapid
Fig6a,K14647,Tomato-planted,70,12,-0.419886185298602,0.419886185298602,0.5924793244274863,0.19285078969711142,Rapid,Rapid
Fig6a,K24017,Unplanted,70,10,0.463250437017962,0.463250437017962,0.8398815782278961,0.0688858783284297,Gradual/incomplete,Gradual/incomplete
Fig6a,K24017,Tomato-planted,70,10,1.88123767020116,1.88123767020116,0.8486327876259345,0.058214732803854925,Gradual/incomplete,Gradual/incomplete
Fig6a,K00869,Unplanted,70,9,0.720031646663808,0.720031646663808,0.34739779949829386,0.29610812947300313,Overshoot/reversal,Overshoot/reversal
Fig6a,K00869,Tomato-planted,70,9,0.252814115623718,0.252814115623718,0.3372544084856088,0.34525607163482747,Overshoot/reversal,Overshoot/reversal
Fig6a,K06560,Unplanted,70,8,0.0775884745515698,0.0775884745515698,0.24792907887594204,0.10037407719339186,Rapid,Rapid
Fig6a,K06560,Tomato-planted,70,8,0.170318015626788,0.170318015626788,0.1424880135239935,0.0938918318056617,Rapid,Rapid
Fig6a,K04065,Unplanted,70,12,-0.471177671841376,0.471177671841376,0.23212648428660113,0.2589411091906057,Gradual/incomplete,Persistent/strengthened
Fig6a,K04065,Tomato-planted,70,12,-0.68766767694121,0.68766767694121,0.28689028643549314,0.25238382721284586,Gradual/incomplete,Persistent/strengthened
Fig6a,K04095,Unplanted,70,14,-0.444694098587219,0.444694098587219,0.4982929454975536,0.38514199690986006,Gradual/incomplete,Gradual/incomplete
Fig6a,K04095,Tomato-planted,70,14,2.14535522938884,2.14535522938884,0.5643756627037533,0.3607038692967456,Gradual/incomplete,Gradual/incomplete
Fig6a,K10004,Unplanted,70,2,-0.312809145271877,0.312809145271877,0.11250024655339252,0.05458291787513305,Gradual/incomplete,Gradual/incomplete
Fig6a,K10004,Tomato-planted,70,2,-0.432605762889751,0.432605762889751,0.1269036468927405,0.04410109465668807,Gradual/incomplete,Gradual/incomplete
Fig6a,K16429,Unplanted,70,7,-3.13214294488216,3.13214294488216,0.8189603242580287,0.0567954854053865,Gradual/incomplete,Gradual/incomplete
Fig6a,K16429,Tomato-planted,70,7,-3.61698459654997,3.61698459654997,0.850393694037248,0.0649405897465468,Gradual/incomplete,Gradual/incomplete
Fig6a,K01197,Unplanted,70,8,0.100484155410938,0.100484155410938,0.7960723010012096,0.5461531602292763,Rapid,Rapid
Fig6a,K01197,Tomato-planted,70,8,0.652587529293301,0.652587529293301,0.90297104234521,0.5203183925342787,Rapid,Rapid
Fig6a,K21064,Unplanted,70,23,0.3557037142766,0.3557037142766,0.59947671199425,0.1913452070929691,Rapid,Rapid
Fig6a,K21064,Tomato-planted,70,23,-1.24117587568854,1.24117587568854,0.659478391027352,0.1662286697546587,Rapid,Rapid
Fig6a,K09879,Unplanted,70,9,1.08137990337887,1.08137990337887,0.4508253761199233,0.32929552993699046,Gradual/incomplete,Gradual/incomplete
Fig6a,K09879,Tomato-planted,70,9,1.45373959882881,1.45373959882881,0.5329727968554981,0.2982456230260678,Gradual/incomplete,Gradual/incomplete
Fig6a,K11741,Unplanted,70,14,0.585120949328849,0.585120949328849,0.5519323867071806,0.24419859822673592,Gradual/incomplete,Gradual/incomplete
Fig6a,K11741,Tomato-planted,70,14,1.18841148902393,1.18841148902393,0.5693632011029331,0.26585079204055767,Gradual/incomplete,Gradual/incomplete
Fig6a,K21159,Unplanted,70,13,0.43802431160081,0.43802431160081,0.6997368772648376,0.13141251623605155,Gradual/incomplete,Gradual/incomplete
Fig6a,K21159,Tomato-planted,70,13,1.27824787648223,1.27824787648223,0.7233879465042026,0.15283644598477622,Gradual/incomplete,Gradual/incomplete
Fig6a,K09153,Unplanted,70,3,-0.353590483465819,0.353590483465819,0.9451522025323597,0.018510349002531304,Persistent/strengthened,Persistent/strengthened
Fig6a,K09153,Tomato-planted,70,3,-1.45062128995985,1.45062128995985,0.7029065695402386,0.014067687970575738,Persistent/strengthened,Persistent/strengthened
Fig6a,K02659,Unplanted,70,7,-0.227457380042184,0.227457380042184,0.42972310533874175,0.11613166178571313,Gradual/incomplete,Gradual/incomplete
Fig6a,K02659,Tomato-planted,70,7,-0.58777348013316,0.58777348013316,0.4599830935391942,0.11416669625704964,Gradual/incomplete,Gradual/incomplete
Fig6a,K09966,Unplanted,70,2,-0.380207326445438,0.380207326445438,0.7576172529437264,0.13097457664035378,Gradual/incomplete,Persistent/strengthened
Fig6a,K09966,Tomato-planted,70,2,-0.951200287947107,0.951200287947107,0.7036367157704224,0.12517289189602562,Gradual/incomplete,Persistent/strengthened
Fig6a,K00938,Unplanted,70,7,0.596567374552557,0.596567374552557,0.3723428896439726,0.2691578337262744,Overshoot/reversal,Gradual/incomplete
Fig6a,K00938,Tomato-planted,70,7,-0.464230904706758,0.464230904706758,0.37362227191797065,0.2857037382214836,Overshoot/reversal,Gradual/incomplete
Fig6a,K00271,Unplanted,70,11,0.0737049878587977,0.0737049878587977,0.932394024823623,0.07629481289134743,Rapid,Gradual/incomplete
Fig6a,K00271,Tomato-planted,70,11,0.466683965815489,0.466683965815489,0.9215680440867576,0.058929333165188474,Rapid,Gradual/incomplete
Fig6a,K23555,Unplanted,70,11,0.272861792318588,0.272861792318588,0.3230542720409528,0.2927275547766025,Overshoot/reversal,Gradual/incomplete
Fig6a,K23555,Tomato-planted,70,11,-0.0965815785428223,0.0965815785428223,0.3123687591653062,0.3167417370853354,Overshoot/reversal,Gradual/incomplete
Fig6a,K07407,Unplanted,70,20,0.083179033618966,0.083179033618966,0.3816830365460931,0.2825002168899315,Rapid,Gradual/incomplete
Fig6a,K07407,Tomato-planted,70,20,0.520701131497942,0.520701131497942,0.5179552322722505,0.20085643765344519,Rapid,Gradual/incomplete
Fig6a,K02228,Unplanted,70,3,0.615725715773561,0.615725715773561,0.3981942542196904,0.3867076498011636,Gradual/incomplete,Gradual/incomplete
Fig6a,K02228,Tomato-planted,70,3,0.304812476158476,0.304812476158476,0.6743595229231534,0.3956186976209266,Gradual/incomplete,Gradual/incomplete
Fig6a,K02230,Unplanted,70,10,0.265718371105803,0.265718371105803,0.34617644810522324,0.32996043342810116,Rapid,Gradual/incomplete
Fig6a,K02230,Tomato-planted,70,10,0.507675191631705,0.507675191631705,0.3699088430804496,0.320414201280464,Rapid,Gradual/incomplete
Fig6a,K01631,Unplanted,70,3,0.393911422393401,0.393911422393401,0.2190482697482592,0.02173552878559455,Gradual/incomplete,Persistent/strengthened
Fig6a,K01631,Tomato-planted,70,3,0.373704783684021,0.373704783684021,0.2692134413933574,0.019105543950122345,Gradual/incomplete,Persistent/strengthened
Fig6a,K05364,Unplanted,70,26,-0.212850497836514,0.212850497836514,0.7380760482611878,0.12554604625029034,Rapid,Gradual/incomplete
Fig6a,K05364,Tomato-planted,70,26,0.46457729414542,0.46457729414542,0.7626250686756705,0.11224440759687984,Rapid,Gradual/incomplete
Fig6a,K02553,Unplanted,70,2,1.33610659947806,1.33610659947806,0.14528171770397785,0.11414225137695976,Gradual/incomplete,Gradual/incomplete
Fig6a,K02553,Tomato-planted,70,2,1.72324154507792,1.72324154507792,0.17773223449823644,0.2275367615273381,Gradual/incomplete,Gradual/incomplete
Fig6a,K02361,Unplanted,70,5,-0.507218266276116,0.507218266276116,0.7902400393682618,0.1012161055833145,Gradual/incomplete,Gradual/incomplete
Fig6a,K02361,Tomato-planted,70,5,-0.623282911259902,0.623282911259902,0.82183127622637,0.08208188771739937,Gradual/incomplete,Gradual/incomplete
Fig6a,K00114,Unplanted,70,5,-0.668624453180939,0.668624453180939,0.10210742919872927,0.11543857985792581,Persistent/strengthened,Persistent/strengthened
Fig6a,K00114,Tomato-planted,70,5,-0.973286669135571,0.973286669135571,0.08056753402251171,0.07915457327139269,Persistent/strengthened,Persistent/strengthened
Fig6a,K15983,Unplanted,70,10,-0.468129304257784,0.468129304257784,0.7636209957040101,0.09169209148735928,Gradual/incomplete,Gradual/incomplete
Fig6a,K15983,Tomato-planted,70,10,-0.911878534259546,0.911878534259546,0.8150158042237068,0.06538831875971463,Gradual/incomplete,Gradual/incomplete
Fig6a,K12955,Unplanted,70,19,0.0207063467912538,0.0207063467912538,0.6698938966109785,0.14279172379262603,Rapid,Gradual/incomplete
Fig6a,K12955,Tomato-planted,70,19,0.645563263719103,0.645563263719103,0.7088320086827572,0.14620554917657685,Rapid,Gradual/incomplete
Fig6a,K16074,Unplanted,70,3,0.390973048519283,0.390973048519283,0.10023405857678304,0.22613772749099273,Gradual/incomplete,Gradual/incomplete
Fig6a,K16074,Tomato-planted,70,3,0.302874120501495,0.302874120501495,0.05019170208573373,0.10515321588647356,Gradual/incomplete,Gradual/incomplete
Fig6a,K20483,Unplanted,70,11,0.403446822856636,0.403446822856636,0.8197651433179701,0.256364130162822,Rapid,Gradual/incomplete
Fig6a,K20483,Tomato-planted,70,11,0.563538330321254,0.563538330321254,0.8605377986302336,0.3143534916750859,Rapid,Gradual/incomplete
Fig6a,K14055,Unplanted,70,13,0.425416977307917,0.425416977307917,0.23815588455249975,0.18977966568971172,Gradual/incomplete,Persistent/strengthened
Fig6a,K14055,Tomato-planted,70,13,-1.19073827387246,1.19073827387246,0.1854866972865683,0.1830147511805036,Gradual/incomplete,Persistent/strengthened
Fig6a,K18586,Unplanted,70,4,1.08800844892316,1.08800844892316,0.12169622190930844,0.06129622827046888,Persistent/strengthened,Persistent/strengthened
Fig6a,K18586,Tomato-planted,70,4,0.769891936065025,0.769891936065025,0.11058034093138953,0.05959749130121447,Persistent/strengthened,Persistent/strengthened
Fig6a,K01661,Unplanted,70,15,-0.46072987735472,0.46072987735472,0.7602410108510748,0.07870318474265946,Gradual/incomplete,Gradual/incomplete
Fig6a,K01661,Tomato-planted,70,15,-0.381274219106564,0.381274219106564,0.7478827743651553,0.07759969319159735,Gradual/incomplete,Gradual/incomplete
Fig6a,K15982,Unplanted,70,9,0.0763511854935511,0.0763511854935511,0.7852577123977814,0.10658048752767878,Gradual/incomplete,Gradual/incomplete
Fig6a,K15982,Tomato-planted,70,9,-0.226312381435318,0.226312381435318,0.7895013896020527,0.09304641336528309,Gradual/incomplete,Gradual/incomplete
Fig6a,K18688,Unplanted,70,15,-0.391491390767068,0.391491390767068,0.739009857091974,0.10262795696791004,Gradual/incomplete,Gradual/incomplete
Fig6a,K18688,Tomato-planted,70,15,-0.48730688743536,0.48730688743536,0.7910434261688963,0.06718691898889094,Gradual/incomplete,Gradual/incomplete
Fig6a,K03822,Unplanted,70,4,1.15881732773493,1.15881732773493,0.10247565510373811,0.05228615046724294,Persistent/strengthened,Persistent/strengthened
Fig6a,K03822,Tomato-planted,70,4,0.64043391826415,0.64043391826415,0.09319476998432763,0.05046372894133934,Persistent/strengthened,Persistent/strengthened
Fig6a,K14987,Unplanted,70,6,0.365992382409613,0.365992382409613,0.25252145088750333,0.3179180186544375,Persistent/strengthened,Persistent/strengthened
Fig6a,K14987,Tomato-planted,70,6,0.951478854078368,0.951478854078368,0.3205673812757819,0.27906785701055076,Persistent/strengthened,Persistent/strengthened
Fig6a,K17675,Unplanted,70,4,0.205274104419871,0.205274104419871,0.13753512955275815,0.3033872797450561,Gradual/incomplete,Gradual/incomplete
Fig6a,K17675,Tomato-planted,70,4,0.540959793142367,0.540959793142367,0.1861152234248727,0.29750912956995945,Gradual/incomplete,Gradual/incomplete
Fig6a,K08100,Unplanted,70,2,0.226673036604171,0.226673036604171,0.2200094336139893,0.04822416471103558,Overshoot/reversal,Overshoot/reversal
Fig6a,K08100,Tomato-planted,70,2,0.071463455758585,0.071463455758585,0.2640179974072032,0.011423985776849279,Overshoot/reversal,Overshoot/reversal
Fig6a,K16567,Unplanted,70,4,-1.22063961537601,1.22063961537601,0.22185978236023363,0.21179961657061913,Persistent/strengthened,Persistent/strengthened
Fig6a,K16567,Tomato-planted,70,4,-2.40573116061646,2.40573116061646,0.28579439582500793,0.11220946255769493,Persistent/strengthened,Persistent/strengthened
Fig6a,K01493,Unplanted,70,9,1.41101835906374,1.41101835906374,0.4516498623529604,0.3951120409599089,Persistent/strengthened,Gradual/incomplete
Fig6a,K01493,Tomato-planted,70,9,0.931664438596105,0.931664438596105,0.5139441613001512,0.3957383291238853,Persistent/strengthened,Gradual/incomplete
Fig6a,K10202,Unplanted,70,8,1.30390429984648,1.30390429984648,0.4885719333924491,0.14212658533578842,Gradual/incomplete,Persistent/strengthened
Fig6a,K10202,Tomato-planted,70,8,2.60090523174629,2.60090523174629,0.5638892835720055,0.0927018788393196,Gradual/incomplete,Persistent/strengthened
Fig6a,K09986,Unplanted,70,10,0.3117138663908,0.3117138663908,0.300518424311416,0.28049453140888336,Persistent/strengthened,Persistent/strengthened
Fig6a,K09986,Tomato-planted,70,10,0.71466291394617,0.71466291394617,0.2967651938358902,0.24727418738076173,Persistent/strengthened,Persistent/strengthened
Fig6a,K13532,Unplanted,70,3,-0.0235241880975928,0.0235241880975928,0.24874764205087227,0.04729204560026036,Rapid,Gradual/incomplete
Fig6a,K13532,Tomato-planted,70,3,2.175286577471,2.175286577471,0.05616413442526619,0.0532202986042815,Rapid,Gradual/incomplete
Fig6a,K07074,Unplanted,70,14,0.888469924684227,0.888469924684227,0.4270577541095175,0.2369542958569918,Gradual/incomplete,Gradual/incomplete
Fig6a,K07074,Tomato-planted,70,14,1.13674041524293,1.13674041524293,0.43061036167665445,0.15193665497407138,Gradual/incomplete,Gradual/incomplete
Fig6a,K09932,Unplanted,70,4,-0.337659327797789,0.337659327797789,0.9347308730913354,0.012219748326412476,Rapid,Gradual/incomplete
Fig6a,K09932,Tomato-planted,70,4,0.776489487967416,0.776489487967416,0.890980861596916,0.01241142150250133,Rapid,Gradual/incomplete
Fig6a,K21065,Unplanted,70,4,0.113611390915288,0.113611390915288,0.13914602672616544,0.09708359932072373,Rapid,Overshoot/reversal
Fig6a,K21065,Tomato-planted,70,4,0.610370869315444,0.610370869315444,0.29048783814578494,0.07209320784903733,Rapid,Overshoot/reversal
Fig6a,K09146,Unplanted,70,3,-0.771364860253325,0.771364860253325,0.3524909868770885,0.07815452590157246,Persistent/strengthened,Persistent/strengthened
Fig6a,K09146,Tomato-planted,70,3,-2.5357015992526,2.5357015992526,0.4893615558358912,0.021595158460749747,Persistent/strengthened,Persistent/strengthened
Fig6a,K06974,Unplanted,70,2,-0.0354612341614324,0.0354612341614324,0.0021171056511885837,0.04586842926979707,Rapid,Gradual/incomplete
Fig6a,K06974,Tomato-planted,70,2,0.181710979127221,0.181710979127221,0.07835454222890184,0.04270462499598185,Rapid,Gradual/incomplete
Fig6a,K23366,Unplanted,70,2,2.5520174168484,2.5520174168484,0.2166462027135162,0.07793962558581355,Gradual/incomplete,Gradual/incomplete
Fig6a,K23366,Tomato-planted,70,2,3.09806021332772,3.09806021332772,0.2385421893813505,0.016993747604781534,Gradual/incomplete,Gradual/incomplete
Fig6a,K02497,Unplanted,70,5,1.92500787179255,1.92500787179255,0.9485410207768259,0.026000757041539806,Rapid,Gradual/incomplete
Fig6a,K02497,Tomato-planted,70,5,2.15479820796561,2.15479820796561,0.854438656596111,0.02504373741369309,Rapid,Gradual/incomplete
Fig6a,K15921,Unplanted,70,8,1.29218766389109,1.29218766389109,0.3279994865813574,0.25930707370967887,Gradual/incomplete,Gradual/incomplete
Fig6a,K15921,Tomato-planted,70,8,1.3370297407007,1.3370297407007,0.5265440330799199,0.23524060373847042,Gradual/incomplete,Gradual/incomplete
Fig6a,K18546,Unplanted,70,9,-0.131530855122814,0.131530855122814,0.9051304199017125,0.09610741770811264,Rapid,Rapid
Fig6a,K18546,Tomato-planted,70,9,0.243659259900355,0.243659259900355,0.9450114531014208,0.11322990365857069,Rapid,Rapid
Fig6a,K04127,Unplanted,70,16,0.152516407433772,0.152516407433772,0.6441701069862493,0.20995500343424486,Gradual/incomplete,Gradual/incomplete
Fig6a,K04127,Tomato-planted,70,16,0.402660910627463,0.402660910627463,0.6756815782871866,0.20695750294172668,Gradual/incomplete,Gradual/incomplete
Fig6a,K07651,Unplanted,70,6,0.23018441702172,0.23018441702172,0.37421092028992115,0.1139358968682107,Gradual/incomplete,Rapid
Fig6a,K07651,Tomato-planted,70,6,0.0658653618385122,0.0658653618385122,0.4173178244693355,0.06734374253216607,Gradual/incomplete,Rapid
Fig6a,K19511,Unplanted,70,2,-0.740022956254977,0.740022956254977,0.6588923521263337,0.06729806980876854,Persistent/strengthened,Persistent/strengthened
Fig6a,K19511,Tomato-planted,70,2,-1.46323578927256,1.46323578927256,0.79020777216462,0.07611763110632336,Persistent/strengthened,Persistent/strengthened
Fig6a,K00646,Tomato-planted,70,2,2.08622144402064,2.08622144402064,0.46264310458729696,0.4288510606745206,Gradual/incomplete,Gradual/incomplete
Fig6a,K12444,Unplanted,70,7,-1.46837651631151,1.46837651631151,0.6235889348502818,0.13721225137298249,Persistent/strengthened,Persistent/strengthened
Fig6a,K12444,Tomato-planted,70,7,-2.73618364751499,2.73618364751499,0.6675199612468513,0.11807479219860559,Persistent/strengthened,Persistent/strengthened
Fig6a,K14251,Unplanted,70,3,4.23466217839174,4.23466217839174,0.6964871762421705,0.6017918124423256,Gradual/incomplete,Gradual/incomplete
Fig6a,K14251,Tomato-planted,70,3,2.73937191662087,2.73937191662087,0.4868357551304313,0.38895778113411494,Gradual/incomplete,Gradual/incomplete
Fig6a,K06518,Unplanted,70,2,-0.407286604810743,0.407286604810743,0.8105513813161083,0.07857129416918784,Overshoot/reversal,Rapid
Fig6a,K06518,Tomato-planted,70,2,-0.122324554748965,0.122324554748965,0.8319503182121073,0.13057915330833347,Overshoot/reversal,Rapid
Fig6a,K03404,Unplanted,70,9,0.681136036010839,0.681136036010839,0.32999721239591295,0.3034592418276755,Gradual/incomplete,Gradual/incomplete
Fig6a,K03404,Tomato-planted,70,9,0.99864725934891,0.99864725934891,0.3815935563382178,0.28523131208792823,Gradual/incomplete,Gradual/incomplete
Fig6a,K14954,Unplanted,70,7,-0.308022285037283,0.308022285037283,0.7857189920068629,0.0722351928554033,Gradual/incomplete,Gradual/incomplete
Fig6a,K14954,Tomato-planted,70,7,-0.519618123988252,0.519618123988252,0.82221193618544,0.049566335371713156,Gradual/incomplete,Gradual/incomplete
Fig6a,K08152,Unplanted,70,6,-0.893941897753344,0.893941897753344,0.9717708170630054,0.04962828592004221,Gradual/incomplete,Gradual/incomplete
Fig6a,K08152,Tomato-planted,70,6,-4.69086304777477,4.69086304777477,0.9161193210165265,0.03857326742849985,Gradual/incomplete,Gradual/incomplete
Fig6a,K18297,Unplanted,70,7,1.22399890692858,1.22399890692858,0.4687616053471069,0.3825294947457389,Overshoot/reversal,Overshoot/reversal
Fig6a,K18297,Tomato-planted,70,7,0.736548488578264,0.736548488578264,0.28273032867687553,0.3729861001623298,Overshoot/reversal,Overshoot/reversal
Fig6a,K11472,Unplanted,70,11,-0.0304533473021192,0.0304533473021192,0.8612017034295029,0.043556663941951894,Rapid,Rapid
Fig6a,K11472,Tomato-planted,70,11,0.0327713827572028,0.0327713827572028,0.8449220618286525,0.04424533349049606,Rapid,Rapid
Fig6a,K11173,Unplanted,70,4,-0.774054090685948,0.774054090685948,0.7293510488404693,0.1236363011716598,Persistent/strengthened,Persistent/strengthened
Fig6a,K11173,Tomato-planted,70,4,-2.36321099782546,2.36321099782546,0.715799930864229,0.12819258700962174,Persistent/strengthened,Persistent/strengthened
Fig6a,K16937,Unplanted,70,7,0.132501437375784,0.132501437375784,0.7666226165998845,0.28518090961989073,Rapid,Gradual/incomplete
Fig6a,K16937,Tomato-planted,70,7,0.459820877783203,0.459820877783203,0.7784001504125342,0.2629591157016669,Rapid,Gradual/incomplete
Fig6a,K07720,Unplanted,70,12,0.957706065681888,0.957706065681888,0.23915750334628405,0.22826458363842356,Gradual/incomplete,Rapid
Fig6a,K07720,Tomato-planted,70,12,0.0253442620698974,0.0253442620698974,0.3271537859217065,0.17351544752725048,Gradual/incomplete,Rapid
Fig6a,K04074,Unplanted,70,11,-0.138711006045712,0.138711006045712,0.7946231177795723,0.056814413567816885,Rapid,Rapid
Fig6a,K04074,Tomato-planted,70,11,0.0343771751944134,0.0343771751944134,0.8242684085140024,0.06440984101643853,Rapid,Rapid
Fig6a,K00702,Unplanted,70,9,0.458134907653586,0.458134907653586,0.12340238792263886,0.3305860553741754,Overshoot/reversal,Gradual/incomplete
Fig6a,K00702,Tomato-planted,70,9,-0.112583072673952,0.112583072673952,0.19701676875265195,0.34947279668496567,Overshoot/reversal,Gradual/incomplete
Fig6a,K07048,Unplanted,70,6,-0.17690382316273,0.17690382316273,0.9365766459819509,0.4857928212987782,Rapid,Rapid
Fig6a,K07048,Tomato-planted,70,6,0.140910680590061,0.140910680590061,0.9070146050166696,0.4179810323187227,Rapid,Rapid
Fig6a,K05770,Unplanted,70,15,0.275750012840656,0.275750012840656,0.417630756702907,0.16632574674179407,Gradual/incomplete,Persistent/strengthened
Fig6a,K05770,Tomato-planted,70,15,0.425061692709913,0.425061692709913,0.48468273658111444,0.17627082765850666,Gradual/incomplete,Persistent/strengthened
Fig6a,K02491,Unplanted,70,4,0.165859129037993,0.165859129037993,0.4832479835970135,0.21102890118955342,Gradual/incomplete,Gradual/incomplete
Fig6a,K02491,Tomato-planted,70,4,0.364150409953396,0.364150409953396,0.4331858525436611,0.14785216114631838,Gradual/incomplete,Gradual/incomplete
Fig6a,K00018,Unplanted,70,4,-0.343849536413948,0.343849536413948,0.03089449898127531,0.13247797595436828,Gradual/incomplete,Gradual/incomplete
Fig6a,K00018,Tomato-planted,70,4,-0.61907294456583,0.61907294456583,0.14804557206581878,0.12142966964270883,Gradual/incomplete,Gradual/incomplete
Fig6a,K09794,Unplanted,70,6,-0.37097600563752,0.37097600563752,0.2770011592949825,0.13194252378382487,Rapid,Rapid
Fig6a,K09794,Tomato-planted,70,6,-0.534078944564969,0.534078944564969,0.39578582958346425,0.12878873314803296,Rapid,Rapid
Fig6a,K21284,Unplanted,70,5,1.00157352459561,1.00157352459561,0.8013916595558606,0.08699144792900368,Gradual/incomplete,Gradual/incomplete
Fig6a,K21284,Tomato-planted,70,5,2.86070786426957,2.86070786426957,0.8834704405367573,0.0626722003597218,Gradual/incomplete,Gradual/incomplete
Fig6a,K13639,Unplanted,70,16,-0.229476604292661,0.229476604292661,0.836137913142324,0.0924781965833414,Overshoot/reversal,Gradual/incomplete
Fig6a,K13639,Tomato-planted,70,16,0.506245272429709,0.506245272429709,0.8475158751739665,0.07598249172179436,Overshoot/reversal,Gradual/incomplete
Fig6a,K13541,Tomato-planted,70,4,2.20622323276095,2.20622323276095,0.8931377676451957,0.8143849243259478,Gradual/incomplete,Gradual/incomplete
Fig6a,K13963,Unplanted,70,9,0.406585197682669,0.406585197682669,0.6352560193553888,0.1624015826233313,Overshoot/reversal,Persistent/strengthened
Fig6a,K13963,Tomato-planted,70,9,-0.11090163892159,0.11090163892159,0.6550824551758153,0.10234134220789837,Overshoot/reversal,Persistent/strengthened
Fig6a,K16697,Unplanted,70,15,1.92089218021814,1.92089218021814,0.42468630398248214,0.1981986219910495,Gradual/incomplete,Gradual/incomplete
Fig6a,K16697,Tomato-planted,70,15,2.24088815458381,2.24088815458381,0.4753993251985032,0.1371209609921805,Gradual/incomplete,Gradual/incomplete
Fig6a,K16869,Unplanted,70,2,0.0,0.0,0.031051768828056135,0.022028033433039055,Rapid,Rapid
Fig6a,K16869,Tomato-planted,70,2,-0.28976887710164,0.28976887710164,0.06798776796974457,0.00475187935402796,Rapid,Rapid
Fig6a,K18352,Unplanted,70,9,0.628125228311927,0.628125228311927,0.8297427453603965,0.21277195143187885,Gradual/incomplete,Persistent/strengthened
Fig6a,K18352,Tomato-planted,70,9,0.566906280855026,0.566906280855026,0.8295678847765733,0.22802994613702046,Gradual/incomplete,Persistent/strengthened
Fig6a,K01321,Unplanted,70,3,1.4620769278744,1.4620769278744,0.01616456143005307,0.05109890822561119,Rapid,Rapid
Fig6a,K01321,Tomato-planted,70,3,0.945397959165697,0.945397959165697,0.06140718282601436,0.04862814559979389,Rapid,Rapid
Fig6a,K23086,Unplanted,70,5,-0.467819623512841,0.467819623512841,0.9292527531584109,0.09302276479266258,Gradual/incomplete,Gradual/incomplete
Fig6a,K23086,Tomato-planted,70,5,-0.831114207873208,0.831114207873208,0.9833102657380665,0.09704644488863193,Gradual/incomplete,Gradual/incomplete
Fig6a,K07396,Unplanted,70,3,-0.173035993525635,0.173035993525635,0.11783170005138742,0.21005761404258433,Rapid,Gradual/incomplete
Fig6a,K07396,Tomato-planted,70,3,-0.165530650561477,0.165530650561477,0.16431154960671546,0.17346756364121085,Rapid,Gradual/incomplete
Fig6a,K23778,Unplanted,70,11,-0.916313687361938,0.916313687361938,0.8293609581932311,0.07546270483139997,Rapid,Gradual/incomplete
Fig6a,K23778,Tomato-planted,70,11,2.73222748938964,2.73222748938964,0.8984513102290852,0.05562992382853124,Rapid,Gradual/incomplete
Fig6a,K03457,Unplanted,70,13,0.0183406750427783,0.0183406750427783,0.8428137844978233,0.05086861268798483,Rapid,Rapid
Fig6a,K03457,Tomato-planted,70,13,0.121648444965798,0.121648444965798,0.8440224045500607,0.054933140654127834,Rapid,Rapid
Fig6a,K16648,Unplanted,70,13,-0.269865242862318,0.269865242862318,0.7608004015873382,0.10199885076751578,Overshoot/reversal,Rapid
Fig6a,K16648,Tomato-planted,70,13,0.198994905460165,0.198994905460165,0.8160588779383585,0.07360454503956133,Overshoot/reversal,Rapid
Fig6a,K05570,Unplanted,70,5,0.752236853093384,0.752236853093384,0.5475767417581714,0.06812794655726069,Gradual/incomplete,Gradual/incomplete
Fig6a,K05570,Tomato-planted,70,5,0.430845037212936,0.430845037212936,0.5711475298358979,0.09232269388231307,Gradual/incomplete,Gradual/incomplete
Fig6a,K14669,Unplanted,70,4,1.91676471388225,1.91676471388225,0.7565842156707259,0.6718039027580882,Rapid,Gradual/incomplete
Fig6a,K14669,Tomato-planted,70,4,3.7343174446837,3.7343174446837,0.5928614940828072,0.4651284995609847,Rapid,Gradual/incomplete
Fig6a,K19668,Unplanted,70,13,0.256394181680737,0.256394181680737,0.8021022367537431,0.11239444999988521,Rapid,Rapid
Fig6a,K19668,Tomato-planted,70,13,0.238263991635154,0.238263991635154,0.8322349717726528,0.11990850601462048,Rapid,Rapid
Fig6a,K10253,Unplanted,70,2,0.31469685082286,0.31469685082286,0.07603654808748721,0.016150715742070026,Gradual/incomplete,Persistent/strengthened
Fig6a,K10253,Tomato-planted,70,2,0.891580626702777,0.891580626702777,0.10205487100524008,0.02365063144611912,Gradual/incomplete,Persistent/strengthened
Fig6a,K01457,Unplanted,70,6,0.190381223218267,0.190381223218267,0.24845437420643302,0.2891725048317617,Gradual/incomplete,Persistent/strengthened
Fig6a,K01457,Tomato-planted,70,6,-0.622319809048277,0.622319809048277,0.26823389968883266,0.2790012237601942,Gradual/incomplete,Persistent/strengthened
Fig6a,K00226,Unplanted,70,6,-0.221596578468577,0.221596578468577,0.18955290424745674,0.10484220508155646,Gradual/incomplete,Persistent/strengthened
Fig6a,K00226,Tomato-planted,70,6,-0.389894034551635,0.389894034551635,0.15052743848865813,0.09757277344221212,Gradual/incomplete,Persistent/strengthened
Fig6a,K07002,Unplanted,70,6,0.960055306948391,0.960055306948391,0.9002900532321619,0.0915892608905595,Gradual/incomplete,Persistent/strengthened
Fig6a,K07002,Tomato-planted,70,6,0.83786236966653,0.83786236966653,0.93415274927133,0.1145289241181726,Gradual/incomplete,Persistent/strengthened
Fig6a,K02529,Unplanted,70,32,0.379557843569057,0.379557843569057,0.6391074998715893,0.20605576507221177,Gradual/incomplete,Gradual/incomplete
Fig6a,K02529,Tomato-planted,70,32,0.749797368182939,0.749797368182939,0.7333124612073726,0.1852505248478968,Gradual/incomplete,Gradual/incomplete
Fig6a,K20500,Unplanted,70,3,2.34973660249732,2.34973660249732,0.16833802612429735,0.18052602525396025,Gradual/incomplete,Persistent/strengthened
Fig6a,K20500,Tomato-planted,70,3,4.63833010162718,4.63833010162718,0.08152859145574055,0.10589420521103711,Gradual/incomplete,Persistent/strengthened
Fig6a,K05337,Unplanted,70,20,0.330935040262989,0.330935040262989,0.6390051707319047,0.12498923947161468,Rapid,Gradual/incomplete
Fig6a,K05337,Tomato-planted,70,20,0.679430880983236,0.679430880983236,0.7208670414588685,0.10334213636528258,Rapid,Gradual/incomplete
Fig6a,K01846,Unplanted,70,2,-1.28659971260842,1.28659971260842,0.1659573890280419,0.03664834383399812,Gradual/incomplete,Gradual/incomplete
Fig6a,K01846,Tomato-planted,70,2,-0.585744821750248,0.585744821750248,0.5038294358596387,0.00014695258263031086,Gradual/incomplete,Gradual/incomplete
Fig6a,K10117,Unplanted,70,13,0.52186541863849,0.52186541863849,0.8727018424744363,0.13566176064755492,Gradual/incomplete,Persistent/strengthened
Fig6a,K10117,Tomato-planted,70,13,0.98818396704739,0.98818396704739,0.9030679939987235,0.13150411713649895,Gradual/incomplete,Persistent/strengthened
Fig6a,K16694,Unplanted,70,6,-0.0183580376748935,0.0183580376748935,0.14677622567535684,0.30880092337902704,Rapid,Rapid
Fig6a,K16694,Tomato-planted,70,6,0.455909352840293,0.455909352840293,0.2637702693584874,0.31051419968731875,Rapid,Rapid
Fig6a,K22902,Unplanted,70,2,-1.2046111252737,1.2046111252737,0.03605369005009618,0.04499994385642028,Persistent/strengthened,Persistent/strengthened
Fig6a,K22902,Tomato-planted,70,2,-1.51798250020614,1.51798250020614,0.5248375911291543,0.0003240616377717942,Persistent/strengthened,Persistent/strengthened
Fig6a,K07455,Unplanted,70,16,3.39299113670605,3.39299113670605,0.7647582117885545,0.1070842323411069,Gradual/incomplete,Gradual/incomplete
Fig6a,K07455,Tomato-planted,70,16,2.34900824553241,2.34900824553241,0.7672421470453328,0.07061343874385631,Gradual/incomplete,Gradual/incomplete
Fig6a,K19794,Unplanted,70,3,-1.32556315036074,1.32556315036074,0.8433475893170664,0.014907508886222878,Persistent/strengthened,Persistent/strengthened
Fig6a,K19794,Tomato-planted,70,3,-1.067521983014,1.067521983014,0.787799637713436,0.016479928359273508,Persistent/strengthened,Persistent/strengthened
Fig6a,K09786,Unplanted,70,8,-0.101123175452669,0.101123175452669,0.2711725784838231,0.3146825615562859,Gradual/incomplete,Gradual/incomplete
Fig6a,K09786,Tomato-planted,70,8,-0.736077444596969,0.736077444596969,0.20159031063523708,0.2998592553728975,Gradual/incomplete,Gradual/incomplete
Fig6a,K01194,Unplanted,70,17,0.238205143091459,0.238205143091459,0.4784857954292281,0.11535728084040535,Rapid,Rapid
Fig6a,K01194,Tomato-planted,70,17,-0.0836728272721822,0.0836728272721822,0.5745911372342714,0.1320529010016606,Rapid,Rapid
Fig6a,K00301,Unplanted,70,16,-0.00828964490223318,0.00828964490223318,0.6569769010408141,0.14993605018423842,Gradual/incomplete,Gradual/incomplete
Fig6a,K00301,Tomato-planted,70,16,-0.0379559243920763,0.0379559243920763,0.7033670727538238,0.10697906093861181,Gradual/incomplete,Gradual/incomplete
Fig6a,K20265,Unplanted,70,2,0.00210535710476109,0.00210535710476109,0.020177891795901126,0.024698882539841094,Rapid,Gradual/incomplete
Fig6a,K20265,Tomato-planted,70,2,-0.0882260444052672,0.0882260444052672,0.06576780061176032,0.023566065587909163,Rapid,Gradual/incomplete
Fig6a,K21885,Unplanted,70,10,-0.215092943196319,0.215092943196319,0.8566858433016846,0.042940691026347254,Overshoot/reversal,Rapid
Fig6a,K21885,Tomato-planted,70,10,0.176550337158537,0.176550337158537,0.8509185833941887,0.0415469549321498,Overshoot/reversal,Rapid
Fig6a,K01302,Unplanted,70,22,-0.857870623312453,0.857870623312453,0.4041448460427247,0.19168538022758286,Gradual/incomplete,Gradual/incomplete
Fig6a,K01302,Tomato-planted,70,22,-0.478322282369097,0.478322282369097,0.5012321804110391,0.18603780830453334,Gradual/incomplete,Gradual/incomplete
Fig6a,K19267,Unplanted,70,27,0.330280749625843,0.330280749625843,0.7014584903201501,0.1188869165272603,Gradual/incomplete,Gradual/incomplete
Fig6a,K19267,Tomato-planted,70,27,0.576656130234039,0.576656130234039,0.7244746212547515,0.09288201463155062,Gradual/incomplete,Gradual/incomplete
Fig6a,K17108,Unplanted,70,6,-0.777678616949453,0.777678616949453,0.8630441376662137,0.05494153958913683,Overshoot/reversal,Rapid
Fig6a,K17108,Tomato-planted,70,6,0.121421935937438,0.121421935937438,0.934214196488526,0.05723099903532422,Overshoot/reversal,Rapid
Fig6a,K07506,Unplanted,70,25,0.287557420241108,0.287557420241108,0.3791213182892777,0.17205254423345034,Rapid,Gradual/incomplete
Fig6a,K07506,Tomato-planted,70,25,-0.113934654617083,0.113934654617083,0.42314768531601527,0.1507659242014395,Rapid,Gradual/incomplete
Fig6a,K09922,Unplanted,70,8,0.151558471310742,0.151558471310742,0.24459318519270962,0.16090523209727964,Rapid,Rapid
Fig6a,K09922,Tomato-planted,70,8,-0.108110388479475,0.108110388479475,0.2784122241616119,0.16522467184912779,Rapid,Rapid
Fig6a,K21993,Unplanted,70,3,0.492833030208313,0.492833030208313,0.355408073834129,0.27506736374229135,Gradual/incomplete,Gradual/incomplete
Fig6a,K21993,Tomato-planted,70,3,3.2410217197304,3.2410217197304,0.38412476046910193,0.29743724889690937,Gradual/incomplete,Gradual/incomplete
Fig6a,K01312,Unplanted,70,14,-0.488967615035512,0.488967615035512,0.5934479938006759,0.17929943019734126,Gradual/incomplete,Gradual/incomplete
Fig6a,K01312,Tomato-planted,70,14,0.893156149974122,0.893156149974122,0.6350372939838677,0.19676261673891465,Gradual/incomplete,Gradual/incomplete
Fig6a,K03599,Unplanted,70,9,-0.0997832611614912,0.0997832611614912,0.2640349640002146,0.14233282721924242,Gradual/incomplete,Gradual/incomplete
Fig6a,K03599,Tomato-planted,70,9,-0.69414790288517,0.69414790288517,0.3009218615377318,0.18608438333737556,Gradual/incomplete,Gradual/incomplete
Fig6a,K21394,Unplanted,70,2,-0.0403224311510436,0.0403224311510436,0.22756993684889354,0.08806032718323814,Rapid,Rapid
Fig6a,K21394,Tomato-planted,70,2,-0.286930552563078,0.286930552563078,0.1950536587268503,0.060717446567136624,Rapid,Rapid
Fig6a,K03897,Unplanted,70,10,1.19046896658315,1.19046896658315,0.6221156889733833,0.1974835335661955,Gradual/incomplete,Gradual/incomplete
Fig6a,K03897,Tomato-planted,70,10,1.74232351489475,1.74232351489475,0.6242146032758161,0.19181168849766364,Gradual/incomplete,Gradual/incomplete
Fig6a,K23262,Unplanted,70,12,-0.252240527546425,0.252240527546425,0.6537484553708834,0.10060135242362672,Rapid,Gradual/incomplete
Fig6a,K23262,Tomato-planted,70,12,0.389659343278825,0.389659343278825,0.7331695170241989,0.06145730442488133,Rapid,Gradual/incomplete
Fig6a,K00468,Tomato-planted,70,4,2.63077827270152,2.63077827270152,0.8154128350628579,0.7263052806992607,Gradual/incomplete,Gradual/incomplete
Fig6a,K10800,Unplanted,70,6,0.499246990306139,0.499246990306139,0.1637050912475296,0.34892510986446656,Overshoot/reversal,Gradual/incomplete
Fig6a,K10800,Tomato-planted,70,6,-0.258062937221766,0.258062937221766,0.20491195520871036,0.3788415067833249,Overshoot/reversal,Gradual/incomplete
Fig6a,K07034,Unplanted,70,2,0.26593634357027,0.26593634357027,0.19630151365558846,0.1986012993477485,Rapid,Overshoot/reversal
Fig6a,K07034,Tomato-planted,70,2,0.451912372302725,0.451912372302725,0.4597125264932954,0.22300303725912368,Rapid,Overshoot/reversal
Fig6a,K01497,Unplanted,70,25,0.286869197728897,0.286869197728897,0.40611458705310205,0.28178157214413396,Gradual/incomplete,Persistent/strengthened
Fig6a,K01497,Tomato-planted,70,25,0.672158557364638,0.672158557364638,0.457370950319924,0.2591278225427372,Gradual/incomplete,Persistent/strengthened
Fig6a,K02405,Unplanted,70,20,-0.00992974420711753,0.00992974420711753,0.56246082856652,0.16609017566924278,Rapid,Rapid
Fig6a,K02405,Tomato-planted,70,20,0.115728887978986,0.115728887978986,0.5829026696144435,0.18191372880427167,Rapid,Rapid
Fig6a,K10006,Unplanted,70,13,-0.0851605375176582,0.0851605375176582,0.8680189925803452,0.0834173628374778,Rapid,Gradual/incomplete
Fig6a,K10006,Tomato-planted,70,13,0.50907214613451,0.50907214613451,0.8686324846210042,0.06090800264822218,Rapid,Gradual/incomplete
Fig6a,K17994,Unplanted,70,3,-0.0288833369154557,0.0288833369154557,0.03269995613463309,0.05098732327901002,Gradual/incomplete,Gradual/incomplete
Fig6a,K17994,Tomato-planted,70,3,-0.935969863313482,0.935969863313482,0.016069842505521403,0.014882683980796257,Gradual/incomplete,Gradual/incomplete
Fig6a,K21703,Unplanted,70,14,-0.909075748488118,0.909075748488118,0.6469040508486512,0.14707445431777852,Persistent/strengthened,Persistent/strengthened
Fig6a,K21703,Tomato-planted,70,14,-0.830752170854018,0.830752170854018,0.639608129019083,0.10779516735123547,Persistent/strengthened,Persistent/strengthened
Fig6a,K18844,Unplanted,70,5,1.13237132071644,1.13237132071644,0.6134623320730945,0.11760070391810949,Gradual/incomplete,Gradual/incomplete
Fig6a,K18844,Tomato-planted,70,5,1.53022274029425,1.53022274029425,0.6437000130639638,0.13651075054362743,Gradual/incomplete,Gradual/incomplete
Fig6a,K03824,Unplanted,70,11,0.062897798079305,0.062897798079305,0.5959793777255655,0.19003750445854456,Rapid,Gradual/incomplete
Fig6a,K03824,Tomato-planted,70,11,0.139653868654376,0.139653868654376,0.65530528097772,0.14595276433605667,Rapid,Gradual/incomplete
Fig6a,K12542,Unplanted,70,4,0.123679421827107,0.123679421827107,0.21570505693501454,0.0647080047611116,Persistent/strengthened,Persistent/strengthened
Fig6a,K12542,Tomato-planted,70,4,0.649164438984145,0.649164438984145,0.22683977487433435,0.028535468396318323,Persistent/strengthened,Persistent/strengthened
Fig6a,K04091,Unplanted,70,4,-0.347336430870721,0.347336430870721,0.2930115829091581,0.0670016775882755,Persistent/strengthened,Persistent/strengthened
Fig6a,K04091,Tomato-planted,70,4,-0.790555138924468,0.790555138924468,0.4751261893495978,0.030075791272386403,Persistent/strengthened,Persistent/strengthened
Fig6a,K15733,Unplanted,70,3,0.568936527774369,0.568936527774369,0.3630404196034903,0.34154712396699466,Gradual/incomplete,Persistent/strengthened
Fig6a,K15733,Tomato-planted,70,3,1.8580157774389,1.8580157774389,0.357062239464071,0.3406894147173952,Gradual/incomplete,Persistent/strengthened
Fig6a,K07150,Unplanted,70,3,-0.425192982113673,0.425192982113673,0.7386073437556785,0.02117936701058957,Gradual/incomplete,Gradual/incomplete
Fig6a,K07150,Tomato-planted,70,3,-0.564769835208736,0.564769835208736,0.2865571728860886,0.019768614557977373,Gradual/incomplete,Gradual/incomplete
Fig6a,K13584,Unplanted,70,4,0.155992129428364,0.155992129428364,0.20585737530422504,0.04022111086839101,Gradual/incomplete,Persistent/strengthened
Fig6a,K13584,Tomato-planted,70,4,0.583000494300084,0.583000494300084,0.2611997582950393,0.030427851226824232,Gradual/incomplete,Persistent/strengthened
Fig6a,K04044,Unplanted,70,16,-0.193299018568968,0.193299018568968,0.27302713862679423,0.3021583409154378,Gradual/incomplete,Gradual/incomplete
Fig6a,K04044,Tomato-planted,70,16,-0.81784650582595,0.81784650582595,0.2875501326885655,0.30428695682196244,Gradual/incomplete,Gradual/incomplete
Fig6a,K17993,Unplanted,70,4,-0.822700669214857,0.822700669214857,0.6453877989004337,0.04017054626477042,Persistent/strengthened,Persistent/strengthened
Fig6a,K17993,Tomato-planted,70,4,-0.689453942102041,0.689453942102041,0.4096273558649535,0.04342308814164504,Persistent/strengthened,Persistent/strengthened
Fig6a,K02015,Unplanted,70,9,0.379269735304811,0.379269735304811,0.28242904208732506,0.24598656049204232,Gradual/incomplete,Gradual/incomplete
Fig6a,K02015,Tomato-planted,70,9,0.670334287665899,0.670334287665899,0.4189956827619798,0.14612862680822644,Gradual/incomplete,Gradual/incomplete
Fig6a,K06720,Unplanted,70,11,0.0905971120116757,0.0905971120116757,0.7940114364412907,0.10759843756825928,Gradual/incomplete,Gradual/incomplete
Fig6a,K06720,Tomato-planted,70,11,0.26623833395089,0.26623833395089,0.8496994269743223,0.07874304466982533,Gradual/incomplete,Gradual/incomplete
Fig6a,K01630,Unplanted,70,2,-0.598225583523464,0.598225583523464,0.09458704264133244,0.050629171930973965,Gradual/incomplete,Persistent/strengthened
Fig6a,K01630,Tomato-planted,70,2,-0.881465585754746,0.881465585754746,0.09192104920578929,0.03858602160810769,Gradual/incomplete,Persistent/strengthened
Fig6a,K13634,Unplanted,70,2,0.0120900954167836,0.0120900954167836,0.03415861607183402,0.0017205537227819037,Gradual/incomplete,Persistent/strengthened
Fig6a,K13634,Tomato-planted,70,2,-0.956208930288362,0.956208930288362,0.07383661045390821,0.0012597729120910897,Gradual/incomplete,Persistent/strengthened
Fig6a,K21744,Unplanted,70,17,0.82056951496918,0.82056951496918,0.721345385214355,0.15843072819364332,Gradual/incomplete,Gradual/incomplete
Fig6a,K21744,Tomato-planted,70,17,1.08615503408021,1.08615503408021,0.7415786393727302,0.1617407752390811,Gradual/incomplete,Gradual/incomplete
Fig6a,K08168,Unplanted,70,2,1.65971180634516,1.65971180634516,0.8268287219211765,0.1062279576077301,Gradual/incomplete,Persistent/strengthened
Fig6a,K08168,Tomato-planted,70,2,1.89944145390848,1.89944145390848,0.8836013836701231,0.12942280179176002,Gradual/incomplete,Persistent/strengthened
Fig6a,K10561,Unplanted,70,8,0.787266447591113,0.787266447591113,0.8674075873024274,0.2509341715732202,Gradual/incomplete,Gradual/incomplete
Fig6a,K10561,Tomato-planted,70,8,0.686244096348908,0.686244096348908,0.8354564941841695,0.24154206587082197,Gradual/incomplete,Gradual/incomplete
Fig6a,K03336,Unplanted,70,9,-0.20063204874786,0.20063204874786,0.6639967415683468,0.09706048123480362,Rapid,Gradual/incomplete
Fig6a,K03336,Tomato-planted,70,9,0.244648390370134,0.244648390370134,0.8032275023789279,0.043225827756843714,Rapid,Gradual/incomplete
Fig6a,K13875,Unplanted,70,11,-0.357645155394224,0.357645155394224,0.7636280595209423,0.16456827952130984,Gradual/incomplete,Persistent/strengthened
Fig6a,K13875,Tomato-planted,70,11,-0.946674148908494,0.946674148908494,0.8002696349178436,0.1591516128375247,Gradual/incomplete,Persistent/strengthened
Fig6a,K21255,Unplanted,70,4,-2.32285623818071,2.32285623818071,0.7248620551617466,0.0395554756369188,Persistent/strengthened,Persistent/strengthened
Fig6a,K21255,Tomato-planted,70,4,-2.98950617877984,2.98950617877984,0.8207125781649287,0.022484940896691348,Persistent/strengthened,Persistent/strengthened
Fig6a,K01489,Unplanted,70,21,0.328483960009555,0.328483960009555,0.6573946306621264,0.16951798850446034,Gradual/incomplete,Gradual/incomplete
Fig6a,K01489,Tomato-planted,70,21,0.669106346667,0.669106346667,0.7271242409092709,0.13218227646358216,Gradual/incomplete,Gradual/incomplete
Fig6a,K05889,Unplanted,70,3,-0.605378270216097,0.605378270216097,0.7037808122425673,0.043047196618686466,Persistent/strengthened,Persistent/strengthened
Fig6a,K05889,Tomato-planted,70,3,-1.57526283348548,1.57526283348548,0.7193002765391311,0.08052412895103615,Persistent/strengthened,Persistent/strengthened
Fig6a,K04116,Unplanted,70,3,-1.21904794828856,1.21904794828856,0.03192714624941949,0.04203135998053972,Persistent/strengthened,Persistent/strengthened
Fig6a,K04116,Tomato-planted,70,3,-1.29480804574968,1.29480804574968,0.033359325691278086,0.013585111013584771,Persistent/strengthened,Persistent/strengthened
Fig6a,K11617,Unplanted,70,10,0.731558194615448,0.731558194615448,0.8334729393888067,0.09804907055329107,Gradual/incomplete,Gradual/incomplete
Fig6a,K11617,Tomato-planted,70,10,0.56039314657933,0.56039314657933,0.8715724280134272,0.07311407734624836,Gradual/incomplete,Gradual/incomplete
Fig6a,K08352,Unplanted,70,12,-0.906974623612811,0.906974623612811,0.7134806261836459,0.1106442579619838,Persistent/strengthened,Persistent/strengthened
Fig6a,K08352,Tomato-planted,70,12,-0.802138205742586,0.802138205742586,0.7199700974090318,0.08607905452424365,Persistent/strengthened,Persistent/strengthened
Fig6a,K01200,Unplanted,70,18,-0.701037660961364,0.701037660961364,0.681017656511683,0.13003679129202714,Overshoot/reversal,Overshoot/reversal
Fig6a,K01200,Tomato-planted,70,18,-0.802223609415202,0.802223609415202,0.7105062182671948,0.09328739434896603,Overshoot/reversal,Overshoot/reversal
Fig6a,K10003,Unplanted,70,2,-0.31095043563891,0.31095043563891,0.33644914942469717,0.18761065979264746,Gradual/incomplete,Gradual/incomplete
Fig6a,K10003,Tomato-planted,70,2,-0.673930011133904,0.673930011133904,0.23441133105580048,0.11745251219675734,Gradual/incomplete,Gradual/incomplete
Fig6a,K06169,Unplanted,70,8,0.560614454553936,0.560614454553936,0.3650827646696073,0.374948761284118,Overshoot/reversal,Rapid
Fig6a,K06169,Tomato-planted,70,8,-0.403768885888421,0.403768885888421,0.2256257923590944,0.3655749800476611,Overshoot/reversal,Rapid
Fig6a,K07116,Unplanted,70,9,0.103767093114182,0.103767093114182,0.5616119384705162,0.22600946503140656,Gradual/incomplete,Gradual/incomplete
Fig6a,K07116,Tomato-planted,70,9,0.49807523692399,0.49807523692399,0.6344177569453232,0.2382796819792973,Gradual/incomplete,Gradual/incomplete
Fig6a,K07816,Unplanted,70,6,-0.984237201252055,0.984237201252055,0.8131494519834949,0.09107887768886896,Persistent/strengthened,Gradual/incomplete
Fig6a,K07816,Tomato-planted,70,6,-0.307876802971012,0.307876802971012,0.8493090253484804,0.10706420949860915,Persistent/strengthened,Gradual/incomplete
Fig6a,K11250,Unplanted,70,6,2.39189924501642,2.39189924501642,0.6695765600772111,0.1980422697542063,Gradual/incomplete,Gradual/incomplete
Fig6a,K11250,Tomato-planted,70,6,2.65048244988272,2.65048244988272,0.6608652329943041,0.21323527806455128,Gradual/incomplete,Gradual/incomplete
Fig6a,K06306,Unplanted,70,4,0.99396920277201,0.99396920277201,0.10975534877012112,0.04131532519071912,Gradual/incomplete,Rapid
Fig6a,K06306,Tomato-planted,70,4,0.871466443941835,0.871466443941835,0.15219073966209612,0.04227140629167355,Gradual/incomplete,Rapid
Fig6a,K06937,Unplanted,70,9,0.135436268528315,0.135436268528315,0.13557818091293863,0.2525809939199282,Rapid,Gradual/incomplete
Fig6a,K06937,Tomato-planted,70,9,-0.130877894154268,0.130877894154268,0.24631704628673742,0.2540037329585609,Rapid,Gradual/incomplete
Fig6a,K08260,Unplanted,70,11,2.48310084549156,2.48310084549156,0.7899948508279592,0.09571641603874796,Gradual/incomplete,Gradual/incomplete
Fig6a,K08260,Tomato-planted,70,11,2.89348704694169,2.89348704694169,0.8098303553126974,0.04825667490381455,Gradual/incomplete,Gradual/incomplete
Fig6a,K03760,Unplanted,70,2,0.539008864567971,0.539008864567971,0.11250024655339252,0.05458291787513305,Overshoot/reversal,Gradual/incomplete
Fig6a,K03760,Tomato-planted,70,2,-0.305704730464929,0.305704730464929,0.1269036468927405,0.04410109465668807,Overshoot/reversal,Gradual/incomplete
Fig6a,K21832,Unplanted,70,5,-0.535925542892835,0.535925542892835,0.9232525845576243,0.019023958009574016,Persistent/strengthened,Persistent/strengthened
Fig6a,K21832,Tomato-planted,70,5,-0.852019323182524,0.852019323182524,0.8790643844782324,0.016132762424235655,Persistent/strengthened,Persistent/strengthened
Fig6a,K18382,Unplanted,70,7,-0.878860126995914,0.878860126995914,0.7396136800992983,0.03314231107097574,Persistent/strengthened,Persistent/strengthened
Fig6a,K18382,Tomato-planted,70,7,-1.06346634592714,1.06346634592714,0.7229951259022397,0.04979201253640063,Persistent/strengthened,Persistent/strengthened
Fig6a,K07695,Unplanted,70,19,0.248348261159677,0.248348261159677,0.8982663753642114,0.07146691137190028,Gradual/incomplete,Gradual/incomplete
Fig6a,K07695,Tomato-planted,70,19,0.631112864994952,0.631112864994952,0.8969250696876409,0.07249031168651301,Gradual/incomplete,Gradual/incomplete
Fig6a,K01414,Unplanted,70,6,-0.150908846098844,0.150908846098844,0.09754777721464634,0.10553609483472493,Gradual/incomplete,Persistent/strengthened
Fig6a,K01414,Tomato-planted,70,6,-1.01919366209286,1.01919366209286,0.1678034604236099,0.08594438596507314,Gradual/incomplete,Persistent/strengthened
Fig6a,K06177,Unplanted,70,10,0.315521194441328,0.315521194441328,0.5007894491817163,0.24694775759130466,Persistent/strengthened,Persistent/strengthened
Fig6a,K06177,Tomato-planted,70,10,0.546240939217741,0.546240939217741,0.5434666776455164,0.13762106281313324,Persistent/strengthened,Persistent/strengthened
Fig6a,K06218,Unplanted,70,10,0.199563383639253,0.199563383639253,0.6360262224925555,0.17635515198411655,Rapid,Rapid
Fig6a,K06218,Tomato-planted,70,10,-0.400220317489005,0.400220317489005,0.7124606347390066,0.11405085688438618,Rapid,Rapid
Fig6a,K09957,Unplanted,70,16,0.689461433152554,0.689461433152554,0.4264994755119076,0.19166468695289351,Gradual/incomplete,Gradual/incomplete
Fig6a,K09957,Tomato-planted,70,16,0.783005551580012,0.783005551580012,0.4925027164080831,0.11127885195660078,Gradual/incomplete,Gradual/incomplete
Fig6a,K14667,Unplanted,70,7,1.23701717895341,1.23701717895341,0.762114906179398,0.07350612099627267,Gradual/incomplete,Gradual/incomplete
Fig6a,K14667,Tomato-planted,70,7,2.17831997350324,2.17831997350324,0.88463639424258,0.05648537479101494,Gradual/incomplete,Gradual/incomplete
Fig6a,K17883,Unplanted,70,9,-1.18622386158444,1.18622386158444,0.6521903256110135,0.09251422858293948,Persistent/strengthened,Gradual/incomplete
Fig6a,K17883,Tomato-planted,70,9,-0.827344900461961,0.827344900461961,0.6775155598213318,0.04204456954524531,Persistent/strengthened,Gradual/incomplete
Fig6a,K17319,Unplanted,70,6,1.00102513764225,1.00102513764225,0.9218140371961228,0.8987028455879988,Gradual/incomplete,Gradual/incomplete
Fig6a,K17319,Tomato-planted,70,6,1.72036073972492,1.72036073972492,0.7125930937374405,0.6128854890744262,Gradual/incomplete,Gradual/incomplete
Fig6a,K04767,Unplanted,70,15,0.219305925157389,0.219305925157389,0.32083376507291445,0.14937523580159537,Rapid,Gradual/incomplete
Fig6a,K04767,Tomato-planted,70,15,-0.439109370269813,0.439109370269813,0.3080832439466086,0.11215450209549584,Rapid,Gradual/incomplete
Fig6a,K18545,Unplanted,70,5,1.59010467891498,1.59010467891498,0.4744275445330301,0.4324176612232635,Gradual/incomplete,Persistent/strengthened
Fig6a,K18545,Tomato-planted,70,5,1.92354889198858,1.92354889198858,0.40503895525278544,0.36103985845213843,Gradual/incomplete,Persistent/strengthened
Fig6a,K07285,Unplanted,70,3,-1.12613740017776,1.12613740017776,0.1409384944828267,0.12203599026549608,Gradual/incomplete,Gradual/incomplete
Fig6a,K07285,Tomato-planted,70,3,-1.01705437612302,1.01705437612302,0.18056716241734,0.1756723015279823,Gradual/incomplete,Gradual/incomplete
Fig6a,K07155,Unplanted,70,7,-1.5705300092313,1.5705300092313,0.7336584090572227,0.31787052746035865,Persistent/strengthened,Persistent/strengthened
Fig6a,K07155,Tomato-planted,70,7,-2.61144423137632,2.61144423137632,0.698604175728562,0.32149669554610344,Persistent/strengthened,Persistent/strengthened
Fig6a,K08221,Unplanted,70,9,0.297056023946292,0.297056023946292,0.8220805098257664,0.06946809691092029,Rapid,Gradual/incomplete
Fig6a,K08221,Tomato-planted,70,9,0.663860535273952,0.663860535273952,0.8633502466065167,0.0903241384570128,Rapid,Gradual/incomplete
Fig6a,K02475,Unplanted,70,8,3.75229452744885,3.75229452744885,0.8270280064141765,0.12144137365771385,Gradual/incomplete,Gradual/incomplete
Fig6a,K02475,Tomato-planted,70,8,3.3234067545932,3.3234067545932,0.862037293262324,0.14697233477404678,Gradual/incomplete,Gradual/incomplete
Fig6a,K05346,Tomato-planted,70,5,1.33597811786323,1.33597811786323,0.8771954642212324,0.8886372804883709,Gradual/incomplete,Gradual/incomplete
Fig6a,K23169,Unplanted,70,4,-0.321315221200362,0.321315221200362,0.16881068359725238,0.02943133183371079,Rapid,Gradual/incomplete
Fig6a,K23169,Tomato-planted,70,4,0.348356712996299,0.348356712996299,0.21904847754356804,0.033638741608964524,Rapid,Gradual/incomplete
Fig6a,K19746,Unplanted,70,9,0.273628986975711,0.273628986975711,0.3040296756672949,0.17421687040257108,Persistent/strengthened,Persistent/strengthened
Fig6a,K19746,Tomato-planted,70,9,0.878638804142231,0.878638804142231,0.3352299285700629,0.08440917275887577,Persistent/strengthened,Persistent/strengthened
Fig6a,K14252,Unplanted,70,6,2.73426893988198,2.73426893988198,0.5941851897493162,0.3073817196952357,Gradual/incomplete,Gradual/incomplete
Fig6a,K14252,Tomato-planted,70,6,2.85156571807785,2.85156571807785,0.6938502903077406,0.2492595593278982,Gradual/incomplete,Gradual/incomplete
Fig6a,K00867,Unplanted,70,10,-0.396930139196269,0.396930139196269,0.9062865936879227,0.05886946238824562,Gradual/incomplete,Persistent/strengthened
Fig6a,K00867,Tomato-planted,70,10,-0.344450523889888,0.344450523889888,0.8923370041524712,0.04532815236584218,Gradual/incomplete,Persistent/strengthened
Fig6a,K05589,Unplanted,70,12,-0.290093898324523,0.290093898324523,0.4046794881752543,0.16304323227262552,Gradual/incomplete,Gradual/incomplete
Fig6a,K05589,Tomato-planted,70,12,-0.590776530985888,0.590776530985888,0.42346153440184614,0.20571357867267032,Gradual/incomplete,Gradual/incomplete
Fig6a,K01286,Unplanted,70,33,0.0722390366881701,0.0722390366881701,0.4999171116856054,0.2321746439507016,Rapid,Gradual/incomplete
Fig6a,K01286,Tomato-planted,70,33,0.288312111861551,0.288312111861551,0.5990056250178253,0.18173857238416652,Rapid,Gradual/incomplete
Fig6a,K07228,Unplanted,70,12,0.426908829142234,0.426908829142234,0.7182013907315925,0.11817068088288164,Gradual/incomplete,Gradual/incomplete
Fig6a,K07228,Tomato-planted,70,12,1.30750469204648,1.30750469204648,0.7402919927544911,0.13405298177699332,Gradual/incomplete,Gradual/incomplete
Fig6a,K03222,Unplanted,70,5,-0.617628871517097,0.617628871517097,0.19942714010212698,0.43315510353248987,Gradual/incomplete,Gradual/incomplete
Fig6a,K03222,Tomato-planted,70,5,-0.256140692370558,0.256140692370558,0.18570890318446528,0.4353881492756986,Gradual/incomplete,Gradual/incomplete
Fig6a,K15408,Unplanted,70,8,0.572978748139505,0.572978748139505,0.23041697577087214,0.20043481847670624,Persistent/strengthened,Persistent/strengthened
Fig6a,K15408,Tomato-planted,70,8,0.654261398540933,0.654261398540933,0.23248143474580443,0.18657913691677658,Persistent/strengthened,Persistent/strengthened
Fig6a,K05970,Unplanted,70,12,0.218825645363109,0.218825645363109,0.27505690197459903,0.21241029559261407,Rapid,Gradual/incomplete
Fig6a,K05970,Tomato-planted,70,12,-0.143899406786854,0.143899406786854,0.3600346101877861,0.12573135418409812,Rapid,Gradual/incomplete
Fig6a,K21480,Unplanted,70,4,0.434958666002673,0.434958666002673,0.46809990814701874,0.4758714066057481,Gradual/incomplete,Gradual/incomplete
Fig6a,K21480,Tomato-planted,70,4,1.29774297314467,1.29774297314467,0.7368486634703452,0.4930474137453016,Gradual/incomplete,Gradual/incomplete
Fig6a,K06975,Unplanted,70,16,0.323782350245441,0.323782350245441,0.5289681208273801,0.2683759110608902,Gradual/incomplete,Persistent/strengthened
Fig6a,K06975,Tomato-planted,70,16,0.703524732364515,0.703524732364515,0.6077231535900838,0.2676068602001984,Gradual/incomplete,Persistent/strengthened
Fig6a,K05791,Unplanted,70,6,1.73138373034081,1.73138373034081,0.7059146551834503,0.6631442557507014,Gradual/incomplete,Gradual/incomplete
Fig6a,K05791,Tomato-planted,70,6,0.526930927140455,0.526930927140455,0.621774190334645,0.5316327782765388,Gradual/incomplete,Gradual/incomplete
Fig6a,K15311,Tomato-planted,70,2,2.78775427986301,2.78775427986301,0.3651680076584507,0.30256262499433817,Gradual/incomplete,Gradual/incomplete
Fig6a,K03651,Unplanted,70,27,0.0938897662172514,0.0938897662172514,0.32685034212666086,0.2145315230023146,Gradual/incomplete,Gradual/incomplete
Fig6a,K03651,Tomato-planted,70,27,0.538656585413822,0.538656585413822,0.43223479541928594,0.1914829835997194,Gradual/incomplete,Gradual/incomplete
Fig6a,K14629,Unplanted,70,4,1.56851127046527,1.56851127046527,0.663146233706031,0.5568661303515279,Gradual/incomplete,Persistent/strengthened
Fig6a,K14629,Tomato-planted,70,4,3.37997040987185,3.37997040987185,0.664696069561208,0.5468009580896334,Gradual/incomplete,Persistent/strengthened
Fig6a,K01809,Unplanted,70,18,0.258926999692544,0.258926999692544,0.25605074796871824,0.22434171334681988,Gradual/incomplete,Gradual/incomplete
Fig6a,K01809,Tomato-planted,70,18,0.648896401029879,0.648896401029879,0.3403412826162568,0.134888868975987,Gradual/incomplete,Gradual/incomplete
Fig6a,K00354,Unplanted,70,6,2.49944242837746,2.49944242837746,0.7822627992408495,0.3463238628294381,Rapid,Gradual/incomplete
Fig6a,K00354,Tomato-planted,70,6,1.40165219848007,1.40165219848007,0.8529134581063053,0.33863517255438824,Rapid,Gradual/incomplete
Fig6a,K12420,Unplanted,70,3,2.52497142919778,2.52497142919778,0.3997927354947948,0.37299478226749505,Gradual/incomplete,Gradual/incomplete
Fig6a,K12420,Tomato-planted,70,3,1.7680686428536,1.7680686428536,0.2621869872847393,0.26916265732495365,Gradual/incomplete,Gradual/incomplete
Fig6a,K14155,Unplanted,70,9,0.277050689377013,0.277050689377013,0.7717851384932816,0.2199900972935236,Gradual/incomplete,Gradual/incomplete
Fig6a,K14155,Tomato-planted,70,9,0.586573874139361,0.586573874139361,0.7786094742070093,0.24487359920485346,Gradual/incomplete,Gradual/incomplete
Fig6a,K01337,Unplanted,70,2,-1.10560391010768,1.10560391010768,0.009412042094440229,0.047690847835574174,Persistent/strengthened,Persistent/strengthened
Fig6a,K01337,Tomato-planted,70,2,-1.32609299374502,1.32609299374502,0.06504961100600852,0.04601971208672187,Persistent/strengthened,Persistent/strengthened
Fig6a,K02364,Unplanted,70,12,0.437648504391613,0.437648504391613,0.711137566753071,0.1425549495569266,Gradual/incomplete,Gradual/incomplete
Fig6a,K02364,Tomato-planted,70,12,1.5980894660642,1.5980894660642,0.7478455142182021,0.1653037743917118,Gradual/incomplete,Gradual/incomplete
Fig6a,K07393,Unplanted,70,6,0.229465162814788,0.229465162814788,0.8635214997770612,0.06649195130828074,Gradual/incomplete,Gradual/incomplete
Fig6a,K07393,Tomato-planted,70,6,0.697137681696871,0.697137681696871,0.8840519114068168,0.0803068039829944,Gradual/incomplete,Gradual/incomplete
Fig6a,K01082,Unplanted,70,18,0.26019295671285,0.26019295671285,0.356394981957351,0.22598170912259255,Gradual/incomplete,Gradual/incomplete
Fig6a,K01082,Tomato-planted,70,18,0.283792796080334,0.283792796080334,0.4369443524259965,0.22521921244929255,Gradual/incomplete,Gradual/incomplete
Fig6a,K06443,Unplanted,70,15,0.5043278261533,0.5043278261533,0.2991750792119061,0.2540240762684152,Gradual/incomplete,Gradual/incomplete
Fig6a,K06443,Tomato-planted,70,15,0.813878575606025,0.813878575606025,0.43205965575919664,0.18334279143151244,Gradual/incomplete,Gradual/incomplete
Fig6a,K16427,Unplanted,70,3,0.773580602299135,0.773580602299135,0.28913692069117725,0.29918034099512,Gradual/incomplete,Gradual/incomplete
Fig6a,K16427,Tomato-planted,70,3,1.34316615140645,1.34316615140645,0.12891319006570567,0.14522402463269843,Gradual/incomplete,Gradual/incomplete
Fig6a,K06415,Unplanted,70,7,-0.078239200514087,0.078239200514087,0.19111088756344086,0.315056972723143,Gradual/incomplete,Persistent/strengthened
Fig6a,K06415,Tomato-planted,70,7,-0.936601470318218,0.936601470318218,0.2034681830893837,0.29022934672126766,Gradual/incomplete,Persistent/strengthened
Fig6a,K02298,Unplanted,70,3,0.519187053767311,0.519187053767311,0.2190482697482592,0.02173552878559455,Persistent/strengthened,Persistent/strengthened
Fig6a,K02298,Tomato-planted,70,3,1.01033633660715,1.01033633660715,0.2692134413933574,0.019105543950122345,Persistent/strengthened,Persistent/strengthened
Fig6a,K18244,Unplanted,70,24,-0.731108468728989,0.731108468728989,0.8274522803576956,0.07161529742270911,Persistent/strengthened,Persistent/strengthened
Fig6a,K18244,Tomato-planted,70,24,-1.03298232670118,1.03298232670118,0.8259116917541645,0.07418898147062916,Persistent/strengthened,Persistent/strengthened
Fig6a,K22705,Unplanted,70,3,-1.12989087363828,1.12989087363828,0.6856849517860698,0.12458018566719305,Persistent/strengthened,Gradual/incomplete
Fig6a,K22705,Tomato-planted,70,3,-0.991476127508437,0.991476127508437,0.7638438631198983,0.10095884486367368,Persistent/strengthened,Gradual/incomplete
Fig6a,K04756,Unplanted,70,10,0.44551537690068,0.44551537690068,0.3321836504698977,0.109697164108703,Gradual/incomplete,Gradual/incomplete
Fig6a,K04756,Tomato-planted,70,10,0.853533639502032,0.853533639502032,0.32425542777659216,0.09525969973099423,Gradual/incomplete,Gradual/incomplete
Fig6a,K02476,Unplanted,70,11,1.15661576308126,1.15661576308126,0.8325442581183508,0.21963813583137942,Gradual/incomplete,Gradual/incomplete
Fig6a,K02476,Tomato-planted,70,11,2.16765791492594,2.16765791492594,0.8567185519123338,0.25074127507554145,Gradual/incomplete,Gradual/incomplete
Fig6a,K13409,Unplanted,70,3,-0.491467022507315,0.491467022507315,0.25052759985107065,0.47373607804426865,Gradual/incomplete,Persistent/strengthened
Fig6a,K13409,Tomato-planted,70,3,-1.01908130788897,1.01908130788897,0.0524402160331502,0.12799190602146543,Gradual/incomplete,Persistent/strengthened
Fig6a,K09386,Unplanted,70,11,-0.324092293552005,0.324092293552005,0.6615739072092105,0.1459957747764583,Gradual/incomplete,Gradual/incomplete
Fig6a,K09386,Tomato-planted,70,11,-0.428523739526136,0.428523739526136,0.7131390550376699,0.10565957288783136,Gradual/incomplete,Gradual/incomplete
Fig6a,K03426,Unplanted,70,22,-0.0184343387916626,0.0184343387916626,0.5794818739242794,0.13144736651981118,Gradual/incomplete,Gradual/incomplete
Fig6a,K03426,Tomato-planted,70,22,0.50063827469233,0.50063827469233,0.6722123839143329,0.10934410642061247,Gradual/incomplete,Gradual/incomplete
Fig6a,K22452,Unplanted,70,28,0.131753696999108,0.131753696999108,0.49704924754504276,0.1874242754704775,Rapid,Gradual/incomplete
Fig6a,K22452,Tomato-planted,70,28,-0.8899711316412,0.8899711316412,0.524657736710538,0.17557563975011392,Rapid,Gradual/incomplete
Fig6a,K00096,Unplanted,70,5,0.422951950254855,0.422951950254855,0.23418764471985826,0.27737447215038774,Gradual/incomplete,Gradual/incomplete
Fig6a,K00096,Tomato-planted,70,5,0.918618938534024,0.918618938534024,0.35516528671028047,0.27350219406857984,Gradual/incomplete,Gradual/incomplete
Fig6a,K21378,Unplanted,70,3,-1.74847702119886,1.74847702119886,0.8027695559828187,0.19842299234296729,Persistent/strengthened,Persistent/strengthened
Fig6a,K21378,Tomato-planted,70,3,-0.968851664577102,0.968851664577102,0.8278690807764952,0.20143452901660197,Persistent/strengthened,Persistent/strengthened
Fig6a,K02069,Unplanted,70,5,0.0209056138747281,0.0209056138747281,0.559134957373736,0.049377665287831836,Overshoot/reversal,Rapid
Fig6a,K02069,Tomato-planted,70,5,0.0699326302669921,0.0699326302669921,0.7079478579247367,0.015764934116049505,Overshoot/reversal,Rapid
Fig6a,K16384,Unplanted,70,8,-0.0389870961657696,0.0389870961657696,0.7566238915791135,0.06782656224747129,Rapid,Gradual/incomplete
Fig6a,K16384,Tomato-planted,70,8,1.39937745097614,1.39937745097614,0.887693703914615,0.040318876965162155,Rapid,Gradual/incomplete
Fig6a,K16051,Unplanted,70,7,-0.670741812469339,0.670741812469339,0.6866400154091848,0.07815097981659765,Persistent/strengthened,Persistent/strengthened
Fig6a,K16051,Tomato-planted,70,7,-0.95269546069178,0.95269546069178,0.7192729081478599,0.04266577355701118,Persistent/strengthened,Persistent/strengthened
Fig6a,K07586,Tomato-planted,70,2,0.665184397762878,0.665184397762878,0.46264310458729696,0.4288510606745206,Gradual/incomplete,Gradual/incomplete
Fig6a,K02839,Unplanted,70,4,3.09055472898936,3.09055472898936,0.7575082208766167,0.6641589632472047,Persistent/strengthened,Persistent/strengthened
Fig6a,K02839,Tomato-planted,70,4,6.90995209376597,6.90995209376597,0.7568100693210194,0.651366708822539,Persistent/strengthened,Persistent/strengthened
Fig6a,K07559,Unplanted,70,9,1.21032948539194,1.21032948539194,0.4582865347378462,0.3567611887710436,Gradual/incomplete,Gradual/incomplete
Fig6a,K07559,Tomato-planted,70,9,2.00911557016439,2.00911557016439,0.5619148049868957,0.3065802896479333,Gradual/incomplete,Gradual/incomplete
Fig6a,K07039,Unplanted,70,6,-0.867228327216957,0.867228327216957,0.8412296965040832,0.07170807758603001,Gradual/incomplete,Rapid
Fig6a,K07039,Tomato-planted,70,6,-0.26125935964468,0.26125935964468,0.8181291022078996,0.0857491392541303,Gradual/incomplete,Rapid
Fig6a,K07177,Unplanted,70,11,-0.486383212350897,0.486383212350897,0.8217494070421811,0.07070297638518813,Overshoot/reversal,Rapid
Fig6a,K07177,Tomato-planted,70,11,0.25307136425941,0.25307136425941,0.8533876806931439,0.06727623763763589,Overshoot/reversal,Rapid
Fig6a,K03802,Unplanted,70,15,-0.064212310879427,0.064212310879427,0.5151516438858398,0.14266274035517862,Rapid,Gradual/incomplete
Fig6a,K03802,Tomato-planted,70,15,-0.103278460188278,0.103278460188278,0.5847087514522802,0.10034701950217094,Rapid,Gradual/incomplete
Fig6a,K10548,Unplanted,70,11,0.98487272075179,0.98487272075179,0.6541796890805073,0.11416825527264528,Gradual/incomplete,Gradual/incomplete
Fig6a,K10548,Tomato-planted,70,11,1.31056221639443,1.31056221639443,0.6637113987612772,0.11429265352133053,Gradual/incomplete,Gradual/incomplete
Fig6a,K11159,Unplanted,70,2,-1.31312157672039,1.31312157672039,0.005520991232605105,0.0072185384837548106,Persistent/strengthened,Persistent/strengthened
Fig6a,K11159,Tomato-planted,70,2,-1.63981573848507,1.63981573848507,0.0023316791130717496,0.004929575051741963,Persistent/strengthened,Persistent/strengthened
Fig6a,K20628,Unplanted,70,7,0.931458930482645,0.931458930482645,0.2109548898082153,0.1686090944431721,Gradual/incomplete,Gradual/incomplete
Fig6a,K20628,Tomato-planted,70,7,1.35925958170869,1.35925958170869,0.3596556863656771,0.15386221437500114,Gradual/incomplete,Gradual/incomplete
Fig6a,K05888,Unplanted,70,17,0.439863715577822,0.439863715577822,0.5497667143002151,0.21532311603193666,Gradual/incomplete,Gradual/incomplete
Fig6a,K05888,Tomato-planted,70,17,0.70352930030422,0.70352930030422,0.6190082188113841,0.15197798497040454,Gradual/incomplete,Gradual/incomplete
Fig6a,K15314,Unplanted,70,15,0.0076570063565023,0.0076570063565023,0.5132206409776772,0.12041011477244552,Rapid,Gradual/incomplete
Fig6a,K15314,Tomato-planted,70,15,0.655646747741005,0.655646747741005,0.5787740723814525,0.14306833746549988,Rapid,Gradual/incomplete
Fig6a,K19221,Unplanted,70,8,0.405724009821382,0.405724009821382,0.46297433942782185,0.3365760685883697,Gradual/incomplete,Gradual/incomplete
Fig6a,K19221,Tomato-planted,70,8,0.469938819190346,0.469938819190346,0.48372710836808486,0.32044360614152434,Gradual/incomplete,Gradual/incomplete
Fig6a,K05898,Unplanted,70,13,-0.162610781989241,0.162610781989241,0.840252305572019,0.200905203306997,Gradual/incomplete,Gradual/incomplete
Fig6a,K05898,Tomato-planted,70,13,-0.275587973010417,0.275587973010417,0.8680315667184125,0.20536780875189528,Gradual/incomplete,Gradual/incomplete
Fig6a,K11031,Unplanted,70,5,1.38474706095278,1.38474706095278,0.11425204302311413,0.28919154199709335,Persistent/strengthened,Gradual/incomplete
Fig6a,K11031,Tomato-planted,70,5,0.449557279718815,0.449557279718815,0.17817484476902912,0.2683103697387117,Persistent/strengthened,Gradual/incomplete
Fig6a,K22297,Unplanted,70,12,-0.172484899735062,0.172484899735062,0.8316366505476563,0.16109697678454715,Overshoot/reversal,Gradual/incomplete
Fig6a,K22297,Tomato-planted,70,12,0.305433313084368,0.305433313084368,0.8661657715442601,0.16395656253080113,Overshoot/reversal,Gradual/incomplete
Fig6a,K00635,Unplanted,70,20,-0.49824167008459,0.49824167008459,0.7409343500045582,0.08009720059194408,Persistent/strengthened,Gradual/incomplete
Fig6a,K00635,Tomato-planted,70,20,-0.320490734802148,0.320490734802148,0.7342772528493647,0.0650817782840674,Persistent/strengthened,Gradual/incomplete
Fig6a,K14520,Unplanted,70,2,0.106961578979965,0.106961578979965,0.8105513813161083,0.07857129416918784,Gradual/incomplete,Gradual/incomplete
Fig6a,K14520,Tomato-planted,70,2,-0.489861179506223,0.489861179506223,0.8319503182121073,0.13057915330833347,Gradual/incomplete,Gradual/incomplete
Fig6a,K03790,Unplanted,70,26,0.176169278257932,0.176169278257932,0.7973188287595538,0.07447131450276213,Rapid,Gradual/incomplete
Fig6a,K03790,Tomato-planted,70,26,0.549360115400071,0.549360115400071,0.8141199022717857,0.07046937247106005,Rapid,Gradual/incomplete
Fig6a,K16421,Unplanted,70,10,0.774094042191363,0.774094042191363,0.7829256463388139,0.1019440090241803,Gradual/incomplete,Gradual/incomplete
Fig6a,K16421,Tomato-planted,70,10,1.51355328340147,1.51355328340147,0.8225451200692331,0.1231258451697629,Gradual/incomplete,Gradual/incomplete
Fig6a,K03762,Unplanted,70,21,0.173957455721599,0.173957455721599,0.3636753254366326,0.18601498514718048,Rapid,Rapid
Fig6a,K03762,Tomato-planted,70,21,0.242676785554027,0.242676785554027,0.4182072664982671,0.12093255235851764,Rapid,Rapid
Fig6a,K07778,Unplanted,70,21,0.108209373456293,0.108209373456293,0.7300582774603975,0.13758955727712446,Rapid,Gradual/incomplete
Fig6a,K07778,Tomato-planted,70,21,0.835039086711842,0.835039086711842,0.8056859523561125,0.11072449485167092,Rapid,Gradual/incomplete
Fig6a,K21023,Unplanted,70,35,-0.180353415358369,0.180353415358369,0.5641827653075165,0.15699796551271147,Gradual/incomplete,Gradual/incomplete
Fig6a,K21023,Tomato-planted,70,35,-0.400598027847469,0.400598027847469,0.6313025406845597,0.1420197453514877,Gradual/incomplete,Gradual/incomplete
Fig6a,K02362,Unplanted,70,2,0.762349688175311,0.762349688175311,0.03909766435433634,0.013189583074526251,Gradual/incomplete,Gradual/incomplete
Fig6a,K02362,Tomato-planted,70,2,1.63655105255615,1.63655105255615,0.03066158796955709,0.0162868795834534,Gradual/incomplete,Gradual/incomplete
Fig6a,K01796,Unplanted,70,20,0.133749816639912,0.133749816639912,0.8558723539763455,0.09307727183659384,Gradual/incomplete,Gradual/incomplete
Fig6a,K01796,Tomato-planted,70,20,0.524136737988531,0.524136737988531,0.8605702654464197,0.07714857381809592,Gradual/incomplete,Gradual/incomplete
Fig6a,K10546,Unplanted,70,7,0.64273706510065,0.64273706510065,0.7188991221397922,0.10375053605658016,Gradual/incomplete,Persistent/strengthened
Fig6a,K10546,Tomato-planted,70,7,1.07261703581082,1.07261703581082,0.7123575942580107,0.11846216051472531,Gradual/incomplete,Persistent/strengthened
Fig6a,K09733,Unplanted,70,9,0.472074801454925,0.472074801454925,0.3987682656191796,0.35521961283229836,Gradual/incomplete,Gradual/incomplete
Fig6a,K09733,Tomato-planted,70,9,0.528814925175915,0.528814925175915,0.369338152068069,0.31469629333381277,Gradual/incomplete,Gradual/incomplete
Fig6a,K05996,Unplanted,70,12,0.143071953209704,0.143071953209704,0.6572512903914122,0.127641809751184,Rapid,Gradual/incomplete
Fig6a,K05996,Tomato-planted,70,12,0.703669641495864,0.703669641495864,0.6669994375297674,0.12070710299370845,Rapid,Gradual/incomplete
Fig6a,K22704,Unplanted,70,6,-0.242498478856165,0.242498478856165,0.3364100453544643,0.5364428450044225,Rapid,Overshoot/reversal
Fig6a,K22704,Tomato-planted,70,6,-0.562153093186956,0.562153093186956,0.6949129978611557,0.5037672567906096,Rapid,Overshoot/reversal
Fig6a,K04082,Unplanted,70,8,-0.255846240188422,0.255846240188422,0.1932168755919317,0.3151208085191459,Gradual/incomplete,Gradual/incomplete
Fig6a,K04082,Tomato-planted,70,8,-0.670598763805061,0.670598763805061,0.19970676944515844,0.29050148392743336,Gradual/incomplete,Gradual/incomplete
Fig6a,K00594,Unplanted,70,7,0.637802512626139,0.637802512626139,0.8245910480278018,0.14956031576266585,Gradual/incomplete,Gradual/incomplete
Fig6a,K00594,Tomato-planted,70,7,1.22187457816503,1.22187457816503,0.8409458122327307,0.1725521225653118,Gradual/incomplete,Gradual/incomplete
Fig6a,K09936,Unplanted,70,9,0.366106494223946,0.366106494223946,0.41385262321210287,0.10565425559778212,Gradual/incomplete,Gradual/incomplete
Fig6a,K09936,Tomato-planted,70,9,0.806382001293536,0.806382001293536,0.5711902966729971,0.07150999979801441,Gradual/incomplete,Gradual/incomplete
Fig6a,K02319,Unplanted,70,4,-0.762229846957533,0.762229846957533,0.11917038314496058,0.23947486503590623,Gradual/incomplete,Gradual/incomplete
Fig6a,K02319,Tomato-planted,70,4,-0.750917699392346,0.750917699392346,0.2986262842268253,0.19801086991590344,Gradual/incomplete,Gradual/incomplete
Fig6a,K02663,Unplanted,70,23,-0.32281993043311,0.32281993043311,0.36376914716414005,0.17622029753401192,Gradual/incomplete,Gradual/incomplete
Fig6a,K02663,Tomato-planted,70,23,-0.820540029449621,0.820540029449621,0.38615512759323234,0.20466270722612812,Gradual/incomplete,Gradual/incomplete
Fig6a,K05834,Unplanted,70,7,-0.733159651213489,0.733159651213489,0.6292612495250881,0.20044129876823097,Gradual/incomplete,Persistent/strengthened
Fig6a,K05834,Tomato-planted,70,7,-1.31729924953638,1.31729924953638,0.6925239262056886,0.12927984509264354,Gradual/incomplete,Persistent/strengthened
Fig6a,K09703,Unplanted,70,5,-1.04812943444121,1.04812943444121,0.32943139581283826,0.08161796468550458,Persistent/strengthened,Persistent/strengthened
Fig6a,K09703,Tomato-planted,70,5,-0.683413131044881,0.683413131044881,0.41036169405314693,0.025304294631290636,Persistent/strengthened,Persistent/strengthened
Fig6a,K18072,Unplanted,70,2,-0.0964108360998013,0.0964108360998013,0.03357603558283473,0.02039762692582137,Gradual/incomplete,Persistent/strengthened
Fig6a,K18072,Tomato-planted,70,2,-0.831329649346584,0.831329649346584,0.032987315973727505,0.02121218738257663,Gradual/incomplete,Persistent/strengthened
Fig6a,K05552,Tomato-planted,70,3,3.13348448187452,3.13348448187452,0.6292079401067533,0.4644223390806272,Gradual/incomplete,Gradual/incomplete
Fig6a,K03606,Unplanted,70,10,0.182255385211832,0.182255385211832,0.37769792460755625,0.3510476612820271,Gradual/incomplete,Persistent/strengthened
Fig6a,K03606,Tomato-planted,70,10,-0.791904609925543,0.791904609925543,0.5286637595954745,0.36295538799838095,Gradual/incomplete,Persistent/strengthened
Fig6a,K09987,Unplanted,70,4,0.103069947272293,0.103069947272293,0.17064019208654496,0.03555773487834743,Gradual/incomplete,Persistent/strengthened
Fig6a,K09987,Tomato-planted,70,4,0.75341014623648,0.75341014623648,0.22395160963819605,0.02567767255233983,Gradual/incomplete,Persistent/strengthened
Fig6a,K09959,Unplanted,70,3,0.563062099867063,0.563062099867063,0.07591257233612592,0.21770637981260632,Gradual/incomplete,Gradual/incomplete
Fig6a,K09959,Tomato-planted,70,3,0.274432793170873,0.274432793170873,0.24402960296863144,0.1712477465819378,Gradual/incomplete,Gradual/incomplete
Fig6a,K03291,Unplanted,70,5,0.442931473836797,0.442931473836797,0.12768736713980083,0.3175674157974489,Gradual/incomplete,Gradual/incomplete
Fig6a,K03291,Tomato-planted,70,5,0.927479599960004,0.927479599960004,0.2241871517214085,0.34978035647711925,Gradual/incomplete,Gradual/incomplete
Fig6a,K09913,Unplanted,70,7,1.06092684236301,1.06092684236301,0.2313974795704709,0.3680672250157845,Overshoot/reversal,Overshoot/reversal
Fig6a,K09913,Tomato-planted,70,7,0.250228384410878,0.250228384410878,0.2573440696481353,0.36955559207462657,Overshoot/reversal,Overshoot/reversal
Fig6a,K02551,Unplanted,70,16,-0.0594514451441456,0.0594514451441456,0.7156036786234323,0.1059617629347169,Rapid,Overshoot/reversal
Fig6a,K02551,Tomato-planted,70,16,0.353894195935282,0.353894195935282,0.6954586505863798,0.09261847426283681,Rapid,Overshoot/reversal
Fig6a,K08776,Unplanted,70,7,-0.718090788602008,0.718090788602008,0.38613333169029906,0.058519725012021934,Persistent/strengthened,Persistent/strengthened
Fig6a,K08776,Tomato-planted,70,7,-1.0414761559947,1.0414761559947,0.2404693690324551,0.06343190306379848,Persistent/strengthened,Persistent/strengthened
Fig6a,K13787,Unplanted,70,25,0.190063625242965,0.190063625242965,0.655507541171409,0.13435578330695142,Rapid,Gradual/incomplete
Fig6a,K13787,Tomato-planted,70,25,0.763303734118266,0.763303734118266,0.6880689164200842,0.12911339066903793,Rapid,Gradual/incomplete
Fig6a,K22515,Unplanted,70,5,-0.378091926446205,0.378091926446205,0.6439926526718209,0.09213415942289858,Persistent/strengthened,Persistent/strengthened
Fig6a,K22515,Tomato-planted,70,5,-0.91525026205312,0.91525026205312,0.7279285265814232,0.14709504660849818,Persistent/strengthened,Persistent/strengthened
Fig6a,K21331,Unplanted,70,3,0.142225492944651,0.142225492944651,0.11946475655346817,0.04013736498917504,Gradual/incomplete,Gradual/incomplete
Fig6a,K21331,Tomato-planted,70,3,-0.855729354357989,0.855729354357989,0.41705754231170367,0.00025982484232213443,Gradual/incomplete,Gradual/incomplete
Fig6a,K01416,Unplanted,70,7,0.00713732110252172,0.00713732110252172,0.9644321915416633,0.14995192169992994,Rapid,Gradual/incomplete
Fig6a,K01416,Tomato-planted,70,7,0.996621163455534,0.996621163455534,0.9830470777118009,0.15373277703936553,Rapid,Gradual/incomplete
Fig6a,K13481,Unplanted,70,11,-0.24552615082728,0.24552615082728,0.8257004419327152,0.03296346080863041,Gradual/incomplete,Gradual/incomplete
Fig6a,K13481,Tomato-planted,70,11,-0.320993990093903,0.320993990093903,0.8063642014960233,0.030929225973653763,Gradual/incomplete,Gradual/incomplete
Fig6a,K00595,Unplanted,70,6,0.329939508403562,0.329939508403562,0.7911350982108769,0.18075873374991291,Gradual/incomplete,Gradual/incomplete
Fig6a,K00595,Tomato-planted,70,6,0.698587164556516,0.698587164556516,0.8241295978129077,0.19649070608180047,Gradual/incomplete,Gradual/incomplete
Fig6a,K13877,Unplanted,70,4,-0.3274336512438,0.3274336512438,0.6046439620110465,0.21564187326323958,Gradual/incomplete,Gradual/incomplete
Fig6a,K13877,Tomato-planted,70,4,-0.360517655907535,0.360517655907535,0.7199293454968191,0.29077346468610177,Gradual/incomplete,Gradual/incomplete
Fig6a,K06919,Unplanted,70,6,1.80250815328684,1.80250815328684,0.866792268302426,0.8106858964635839,Gradual/incomplete,Gradual/incomplete
Fig6a,K06919,Tomato-planted,70,6,1.93699429534353,1.93699429534353,0.8216714683477097,0.7343333030773982,Gradual/incomplete,Gradual/incomplete
Fig6a,K15891,Unplanted,70,4,0.0135244575224647,0.0135244575224647,0.25701080071056975,0.18264784912411453,Overshoot/reversal,Overshoot/reversal
Fig6a,K15891,Tomato-planted,70,4,0.259153630541758,0.259153630541758,0.39183037990342584,0.1589894765854064,Overshoot/reversal,Overshoot/reversal
Fig6a,K21687,Unplanted,70,22,-0.476678271151518,0.476678271151518,0.4565813980873673,0.10854306864766841,Overshoot/reversal,Rapid
Fig6a,K21687,Tomato-planted,70,22,0.289451641555624,0.289451641555624,0.5573960399994189,0.09710815147942456,Overshoot/reversal,Rapid
Fig6a,K13612,Unplanted,70,8,1.7456277390345,1.7456277390345,0.6475781611787841,0.24109680443258077,Gradual/incomplete,Gradual/incomplete
Fig6a,K13612,Tomato-planted,70,8,0.46295999150941,0.46295999150941,0.5977431574217558,0.2476421489682583,Gradual/incomplete,Gradual/incomplete
Fig6a,K23393,Unplanted,70,6,0.499475801786699,0.499475801786699,0.7258492606510791,0.6932656609203989,Gradual/incomplete,Gradual/incomplete
Fig6a,K23393,Tomato-planted,70,6,1.45380788108761,1.45380788108761,0.6589645119788776,0.5981970583637533,Gradual/incomplete,Gradual/incomplete
Fig6a,K06377,Unplanted,70,11,0.906411334004769,0.906411334004769,0.8313406661877766,0.11268381689691487,Gradual/incomplete,Gradual/incomplete
Fig6a,K06377,Tomato-planted,70,11,2.07451862816452,2.07451862816452,0.8638360682269154,0.10711717141884491,Gradual/incomplete,Gradual/incomplete
Fig6a,K00836,Unplanted,70,12,0.372522059580121,0.372522059580121,0.7976252155455774,0.11466566606264823,Gradual/incomplete,Gradual/incomplete
Fig6a,K00836,Tomato-planted,70,12,0.943254682503941,0.943254682503941,0.8686100440277196,0.08621686032869495,Gradual/incomplete,Gradual/incomplete
Fig6a,K07774,Unplanted,70,2,0.588823327829803,0.588823327829803,0.17890575258779295,0.07962708869110155,Overshoot/reversal,Overshoot/reversal
Fig6a,K07774,Tomato-planted,70,2,0.412722401210578,0.412722401210578,0.23354609836612053,0.06064617382595973,Overshoot/reversal,Overshoot/reversal
Fig6a,K21308,Unplanted,70,3,-0.440982234885861,0.440982234885861,0.16217561309897596,0.03742375664749402,Gradual/incomplete,Gradual/incomplete
Fig6a,K21308,Tomato-planted,70,3,-0.870179591556866,0.870179591556866,0.1753128209020212,0.0440018294448681,Gradual/incomplete,Gradual/incomplete
Fig6a,K16649,Unplanted,70,8,-0.824702255157464,0.824702255157464,0.737571484187928,0.08294791354282284,Gradual/incomplete,Gradual/incomplete
Fig6a,K16649,Tomato-planted,70,8,-1.03626228320055,1.03626228320055,0.7300034696319102,0.055524854706708204,Gradual/incomplete,Gradual/incomplete
Fig6a,K16047,Unplanted,70,16,-0.0632676964401852,0.0632676964401852,0.6485707662886748,0.13165747331781089,Gradual/incomplete,Persistent/strengthened
Fig6a,K16047,Tomato-planted,70,16,-0.699510296176486,0.699510296176486,0.6989488014698685,0.10119485729146534,Gradual/incomplete,Persistent/strengthened
Fig6a,K11735,Unplanted,70,6,-0.0735811801076354,0.0735811801076354,0.8730197404173299,0.042355678309558165,Overshoot/reversal,Overshoot/reversal
Fig6a,K11735,Tomato-planted,70,6,-0.458991010748089,0.458991010748089,0.8702384559985747,0.03488446956471352,Overshoot/reversal,Overshoot/reversal
Fig6a,K17713,Unplanted,70,26,-0.474208892967239,0.474208892967239,0.39476393240337876,0.21114695068181905,Persistent/strengthened,Persistent/strengthened
Fig6a,K17713,Tomato-planted,70,26,-0.84840057519818,0.84840057519818,0.4745680399814034,0.2196289234437329,Persistent/strengthened,Persistent/strengthened
Fig6a,K10189,Unplanted,70,7,0.924514511577497,0.924514511577497,0.17026890985676496,0.3484141508960936,Persistent/strengthened,Persistent/strengthened
Fig6a,K10189,Tomato-planted,70,7,2.05864408267333,2.05864408267333,0.1799460890344513,0.36134197640648585,Persistent/strengthened,Persistent/strengthened
Fig6a,K16029,Unplanted,70,3,-2.11028610682753,2.11028610682753,0.12924296793046428,0.031043817138008287,Persistent/strengthened,Persistent/strengthened
Fig6a,K16029,Tomato-planted,70,3,-5.26076248262141,5.26076248262141,0.263469806047636,0.00025140012758848035,Persistent/strengthened,Persistent/strengthened
Fig6a,K21686,Unplanted,70,7,0.648817695251376,0.648817695251376,0.8384682792406388,0.0979451257023272,Persistent/strengthened,Persistent/strengthened
Fig6a,K21686,Tomato-planted,70,7,1.0233656425762,1.0233656425762,0.8345578228163198,0.0972766079316055,Persistent/strengthened,Persistent/strengthened
Fig6a,K00853,Unplanted,70,16,0.0647173221083035,0.0647173221083035,0.5142076021140539,0.21139915405667994,Rapid,Gradual/incomplete
Fig6a,K00853,Tomato-planted,70,16,0.65311631592682,0.65311631592682,0.5670161441151695,0.20185222773126388,Rapid,Gradual/incomplete
Fig6a,K23117,Unplanted,70,8,-0.446983325741554,0.446983325741554,0.498459390493173,0.2777177423721015,Rapid,Rapid
Fig6a,K23117,Tomato-planted,70,8,0.782273421941056,0.782273421941056,0.6635816513227426,0.23551160796172044,Rapid,Rapid
Fig6a,K13018,Unplanted,70,21,0.41494616182261,0.41494616182261,0.6030259086304572,0.14916056669802688,Gradual/incomplete,Gradual/incomplete
Fig6a,K13018,Tomato-planted,70,21,0.37603265401444,0.37603265401444,0.6286458686878278,0.14404900157464015,Gradual/incomplete,Gradual/incomplete
Fig6a,K08691,Unplanted,70,4,-0.353044064851843,0.353044064851843,0.802319424561989,0.07362833138361828,Gradual/incomplete,Gradual/incomplete
Fig6a,K08691,Tomato-planted,70,4,-0.289345009811948,0.289345009811948,0.8415663118691211,0.11016743421907753,Gradual/incomplete,Gradual/incomplete
Fig6a,K01625,Unplanted,70,15,0.211868892224509,0.211868892224509,0.5780102008461885,0.3398770879180477,Gradual/incomplete,Persistent/strengthened
Fig6a,K01625,Tomato-planted,70,15,0.48829007831859,0.48829007831859,0.664956277059776,0.34939912503869347,Gradual/incomplete,Persistent/strengthened
Fig6a,K01182,Unplanted,70,4,0.123503304240996,0.123503304240996,0.7184410238826962,0.016644486433221653,Gradual/incomplete,Rapid
Fig6a,K01182,Tomato-planted,70,4,0.262884942220082,0.262884942220082,0.31557721656566107,0.024300153868541903,Gradual/incomplete,Rapid
Fig6a,K21214,Unplanted,70,4,0.962155383697965,0.962155383697965,0.7575082208766167,0.6641589632472047,Gradual/incomplete,Gradual/incomplete
Fig6a,K21214,Tomato-planted,70,4,1.62351989530177,1.62351989530177,0.7568100693210194,0.651366708822539,Gradual/incomplete,Gradual/incomplete
Fig6a,K06718,Unplanted,70,8,0.558364585088653,0.558364585088653,0.8502087298577052,0.1825976128820693,Rapid,Rapid
Fig6a,K06718,Tomato-planted,70,8,0.225188801956917,0.225188801956917,0.8697199384101113,0.1713771427323572,Rapid,Rapid
Fig6a,K16905,Unplanted,70,4,-1.77992690858874,1.77992690858874,0.36932620249986475,0.07806781996550619,Persistent/strengthened,Persistent/strengthened
Fig6a,K16905,Tomato-planted,70,4,-1.4932543437478,1.4932543437478,0.4732964009078774,0.02700890328102218,Persistent/strengthened,Persistent/strengthened
Fig6a,K04788,Unplanted,70,2,1.97920321022893,1.97920321022893,0.15705720585908492,0.19414180093518013,Gradual/incomplete,Gradual/incomplete
Fig6a,K04788,Tomato-planted,70,2,1.75841264276032,1.75841264276032,0.35305759711687834,0.21580041696273145,Gradual/incomplete,Gradual/incomplete
Fig6a,K02081,Unplanted,70,5,0.51230338214116,0.51230338214116,0.9083157914010582,0.065600346044161,Gradual/incomplete,Gradual/incomplete
Fig6a,K02081,Tomato-planted,70,5,0.973063582442012,0.973063582442012,0.9686725227018873,0.06986292123952324,Gradual/incomplete,Gradual/incomplete
Fig6a,K10621,Unplanted,70,4,1.02968502041237,1.02968502041237,0.7938640080707475,0.7204535566068766,Gradual/incomplete,Gradual/incomplete
Fig6a,K10621,Tomato-planted,70,4,0.988710065400656,0.988710065400656,0.7935091172825874,0.7119708880482,Gradual/incomplete,Gradual/incomplete
Fig6a,K10119,Unplanted,70,11,0.602092492018534,0.602092492018534,0.8814791125152407,0.18528730996311155,Gradual/incomplete,Persistent/strengthened
Fig6a,K10119,Tomato-planted,70,11,0.890115349462504,0.890115349462504,0.8891932651529253,0.19351819362771666,Gradual/incomplete,Persistent/strengthened
Fig6a,K11740,Unplanted,70,7,0.478650464987111,0.478650464987111,0.3460184611326869,0.10284660900004476,Persistent/strengthened,Persistent/strengthened
Fig6a,K11740,Tomato-planted,70,7,1.31595445068657,1.31595445068657,0.11152665129619639,0.06723455493779601,Persistent/strengthened,Persistent/strengthened
Fig6a,K05916,Unplanted,70,11,0.745511354613748,0.745511354613748,0.8898541895727782,0.10148471658573646,Gradual/incomplete,Gradual/incomplete
Fig6a,K05916,Tomato-planted,70,11,1.19768938031094,1.19768938031094,0.8857016957620101,0.0865433762497067,Gradual/incomplete,Gradual/incomplete
Fig6a,K00138,Unplanted,70,6,0.180055605651879,0.180055605651879,0.4354974695916153,0.15309041503991744,Rapid,Gradual/incomplete
Fig6a,K00138,Tomato-planted,70,6,0.54319145238781,0.54319145238781,0.4846798723777196,0.23650205546477887,Rapid,Gradual/incomplete
Fig6a,K22907,Unplanted,70,12,-0.377725684426522,0.377725684426522,0.39638130707745506,0.0991245066333136,Gradual/incomplete,Gradual/incomplete
Fig6a,K22907,Tomato-planted,70,12,-0.910631205535341,0.910631205535341,0.4236691778066127,0.06955219961980741,Gradual/incomplete,Gradual/incomplete
Fig6a,K23777,Unplanted,70,16,1.26724527338806,1.26724527338806,0.5855845608511245,0.11421944047872801,Gradual/incomplete,Gradual/incomplete
Fig6a,K23777,Tomato-planted,70,16,0.624496321076477,0.624496321076477,0.6914189438123596,0.09224659842353866,Gradual/incomplete,Gradual/incomplete
Fig6a,K16149,Unplanted,70,5,-0.139603791594574,0.139603791594574,0.6260382600456047,0.05850462390614884,Gradual/incomplete,Gradual/incomplete
Fig6a,K16149,Tomato-planted,70,5,-0.463052953508016,0.463052953508016,0.4096343244703966,0.06749036374322984,Gradual/incomplete,Gradual/incomplete
Fig6a,K06898,Unplanted,70,14,-0.0757077875471915,0.0757077875471915,0.7248326849237127,0.10401940760603569,Gradual/incomplete,Gradual/incomplete
Fig6a,K06898,Tomato-planted,70,14,-0.165853170126777,0.165853170126777,0.7088230081836354,0.08041520413772783,Gradual/incomplete,Gradual/incomplete
Fig6a,K18675,Unplanted,70,4,-1.75098974202852,1.75098974202852,0.02972900749159882,0.12085232426950948,Persistent/strengthened,Gradual/incomplete
Fig6a,K18675,Tomato-planted,70,4,-1.49713404871931,1.49713404871931,0.13976973024153866,0.11228177545915821,Persistent/strengthened,Gradual/incomplete
Fig6a,K14253,Unplanted,70,7,1.96679951745248,1.96679951745248,0.1951420126384246,0.2969656521252494,Gradual/incomplete,Gradual/incomplete
Fig6a,K14253,Tomato-planted,70,7,3.61201179919513,3.61201179919513,0.4012828793991918,0.23608364289900313,Gradual/incomplete,Gradual/incomplete
Fig6a,K09967,Unplanted,70,5,-0.0143557754304622,0.0143557754304622,0.1119385205723501,0.3689707763404205,Gradual/incomplete,Persistent/strengthened
Fig6a,K09967,Tomato-planted,70,5,-0.534538053688107,0.534538053688107,0.17294403818022136,0.3619153205300818,Gradual/incomplete,Persistent/strengthened
Fig6a,K03690,Unplanted,70,5,-0.353561809628117,0.353561809628117,0.1627078422450299,0.1227701372158954,Gradual/incomplete,Persistent/strengthened
Fig6a,K03690,Tomato-planted,70,5,-0.672759891923428,0.672759891923428,0.20013000615503726,0.17965930788082934,Gradual/incomplete,Persistent/strengthened
Fig6a,K19670,Unplanted,70,13,-0.625279698818909,0.625279698818909,0.4438124651844834,0.20604248150958882,Persistent/strengthened,Persistent/strengthened
Fig6a,K19670,Tomato-planted,70,13,-1.01367637136549,1.01367637136549,0.5146388806660739,0.11409585259016991,Persistent/strengthened,Persistent/strengthened
Fig6a,K08086,Unplanted,70,5,-0.0982862179525202,0.0982862179525202,0.19399981984047515,0.12160805620432537,Gradual/incomplete,Persistent/strengthened
Fig6a,K08086,Tomato-planted,70,5,-0.863285779379195,0.863285779379195,0.22305969893985939,0.1734510772847905,Gradual/incomplete,Persistent/strengthened
Fig6a,K00219,Unplanted,70,14,-0.593949789568953,0.593949789568953,0.5794443845829969,0.15241035356155824,Persistent/strengthened,Persistent/strengthened
Fig6a,K00219,Tomato-planted,70,14,-1.05314472977223,1.05314472977223,0.6732471634402526,0.1680989173394084,Persistent/strengthened,Persistent/strengthened
Fig6a,K03746,Unplanted,70,3,-0.295022968437657,0.295022968437657,0.14776255267223598,0.033068091275278044,Overshoot/reversal,Overshoot/reversal
Fig6a,K03746,Tomato-planted,70,3,0.168863067249994,0.168863067249994,0.15925856535787683,0.04408599333179775,Overshoot/reversal,Overshoot/reversal
Fig6a,K02457,Unplanted,70,7,-0.137499703701878,0.137499703701878,0.28020494683909664,0.11830086528238747,Gradual/incomplete,Gradual/incomplete
Fig6a,K02457,Tomato-planted,70,7,-0.193951138931566,0.193951138931566,0.3002380671859813,0.1675413960871231,Gradual/incomplete,Gradual/incomplete
Fig6a,K02363,Unplanted,70,2,-0.586944446183341,0.586944446183341,0.26244471934448177,0.2506510643324025,Persistent/strengthened,Persistent/strengthened
Fig6a,K02363,Tomato-planted,70,2,-0.997837686517226,0.997837686517226,0.13174664587015972,0.1487371740405306,Persistent/strengthened,Persistent/strengthened
Fig6a,K07644,Unplanted,70,2,-0.705116101837753,0.705116101837753,0.1459893266956846,0.0624154233326321,Gradual/incomplete,Gradual/incomplete
Fig6a,K07644,Tomato-planted,70,2,-0.695174857012002,0.695174857012002,0.09567302606544854,0.0016417734358655234,Gradual/incomplete,Gradual/incomplete
Fig6a,K13995,Unplanted,70,4,0.612884360044971,0.612884360044971,0.5431739134984095,0.18414380210294984,Gradual/incomplete,Gradual/incomplete
Fig6a,K13995,Tomato-planted,70,4,-0.314488954236315,0.314488954236315,0.5604825315454456,0.20315403591935682,Gradual/incomplete,Gradual/incomplete
Fig6a,K21684,Unplanted,70,3,1.55773355113484,1.55773355113484,0.40475545197218404,0.08599102449932555,Persistent/strengthened,Persistent/strengthened
Fig6a,K21684,Tomato-planted,70,3,2.27859463409195,2.27859463409195,0.5312979070203407,0.03147322336448727,Persistent/strengthened,Persistent/strengthened
Fig6a,K02224,Unplanted,70,8,0.424857049905058,0.424857049905058,0.32092537167902135,0.25447446047966993,Gradual/incomplete,Gradual/incomplete
Fig6a,K02224,Tomato-planted,70,8,0.728133876898955,0.728133876898955,0.34707096629155254,0.2839210327710808,Gradual/incomplete,Gradual/incomplete
Fig6a,K22757,Unplanted,70,8,-0.258392765106449,0.258392765106449,0.4444389483510652,0.18926190491131725,Gradual/incomplete,Gradual/incomplete
Fig6a,K22757,Tomato-planted,70,8,-0.0432079253440378,0.0432079253440378,0.4529722037257424,0.17801629647597564,Gradual/incomplete,Gradual/incomplete
Fig6a,K12543,Unplanted,70,5,0.242749654426665,0.242749654426665,0.19493708873843227,0.05163358297578528,Gradual/incomplete,Persistent/strengthened
Fig6a,K12543,Tomato-planted,70,5,0.538773670215137,0.538773670215137,0.23817423872382598,0.02348747868517881,Gradual/incomplete,Persistent/strengthened
Fig6a,K03271,Unplanted,70,20,0.0711411239584412,0.0711411239584412,0.6586981738306887,0.13936428039654616,Gradual/incomplete,Gradual/incomplete
Fig6a,K03271,Tomato-planted,70,20,0.3026383747346,0.3026383747346,0.6960077116861854,0.13232983658821582,Gradual/incomplete,Gradual/incomplete
Fig6a,K11783,Unplanted,70,4,0.390972000264815,0.390972000264815,0.3025391371910008,0.2840282530737154,Gradual/incomplete,Gradual/incomplete
Fig6a,K11783,Tomato-planted,70,4,0.721491178726767,0.721491178726767,0.2180268745519443,0.20901670981528578,Gradual/incomplete,Gradual/incomplete
Fig6a,K18351,Unplanted,70,8,0.14782021793469,0.14782021793469,0.7995764659178388,0.2300390212797307,Rapid,Gradual/incomplete
Fig6a,K18351,Tomato-planted,70,8,0.703990189113091,0.703990189113091,0.8101545249558644,0.2527396937753621,Rapid,Gradual/incomplete
Fig6a,K19200,Unplanted,70,13,0.0459018191535237,0.0459018191535237,0.37033404857836383,0.2501610276621661,Overshoot/reversal,Rapid
Fig6a,K19200,Tomato-planted,70,13,-0.11290420672973,0.11290420672973,0.27885370325615233,0.26163085273882486,Overshoot/reversal,Rapid
Fig6a,K01436,Unplanted,70,7,0.477396409259834,0.477396409259834,0.6324933927917015,0.3416679474289707,Gradual/incomplete,Gradual/incomplete
Fig6a,K01436,Tomato-planted,70,7,0.614426466723935,0.614426466723935,0.7236491949582682,0.3275532072233135,Gradual/incomplete,Gradual/incomplete
Fig6a,K15531,Unplanted,70,7,0.424640234789941,0.424640234789941,0.13898253321458764,0.3691859116185699,Rapid,Gradual/incomplete
Fig6a,K15531,Tomato-planted,70,7,0.0651328423990319,0.0651328423990319,0.1804349375432802,0.37165629125310584,Rapid,Gradual/incomplete
Fig6a,K17662,Unplanted,70,4,0.395456015154518,0.395456015154518,0.20675432444724962,0.05498707471411656,Persistent/strengthened,Persistent/strengthened
Fig6a,K17662,Tomato-planted,70,4,0.946725901901078,0.946725901901078,0.3192912490054566,0.05913780072784189,Persistent/strengthened,Persistent/strengthened
Fig6a,K02073,Tomato-planted,70,2,2.59613637645223,2.59613637645223,0.516373980481713,0.6354826649861073,Gradual/incomplete,Gradual/incomplete
Fig6a,K01183,Unplanted,70,22,0.346597996532821,0.346597996532821,0.6701834114962576,0.15025732372618467,Gradual/incomplete,Gradual/incomplete
Fig6a,K01183,Tomato-planted,70,22,0.688443687109739,0.688443687109739,0.7377920852512776,0.12427711200838973,Gradual/incomplete,Gradual/incomplete
Fig6a,K14670,Unplanted,70,8,0.749715271459184,0.749715271459184,0.7807889841164134,0.11162568528635171,Rapid,Gradual/incomplete
Fig6a,K14670,Tomato-planted,70,8,1.26851395442778,1.26851395442778,0.856697295953872,0.06965540802851068,Rapid,Gradual/incomplete
Fig6a,K07652,Unplanted,70,13,0.0923876039943045,0.0923876039943045,0.646342779046335,0.2164180857830313,Gradual/incomplete,Gradual/incomplete
Fig6a,K07652,Tomato-planted,70,13,0.438050914560586,0.438050914560586,0.6851161054060656,0.19706326201643623,Gradual/incomplete,Gradual/incomplete
Fig6a,K01192,Unplanted,70,15,0.526129143063679,0.526129143063679,0.6263007072903026,0.184882176278573,Gradual/incomplete,Gradual/incomplete
Fig6a,K01192,Tomato-planted,70,15,0.670340817650755,0.670340817650755,0.6869154892696226,0.14909026758724186,Gradual/incomplete,Gradual/incomplete
Fig6a,K00248,Unplanted,70,32,0.175387220458958,0.175387220458958,0.6006242930386081,0.15705286442848215,Gradual/incomplete,Gradual/incomplete
Fig6a,K00248,Tomato-planted,70,32,0.589232544712562,0.589232544712562,0.6157840522624679,0.13852558711535773,Gradual/incomplete,Gradual/incomplete
Fig6a,K23465,Unplanted,70,8,-0.459632789044709,0.459632789044709,0.6794446092879894,0.3135096081817913,Gradual/incomplete,Rapid
Fig6a,K23465,Tomato-planted,70,8,-0.454426648082879,0.454426648082879,0.7374802038957412,0.31177601590696136,Gradual/incomplete,Rapid
Fig6a,K01666,Unplanted,70,11,0.682132619798599,0.682132619798599,0.7003235573587347,0.14175289105871242,Gradual/incomplete,Gradual/incomplete
Fig6a,K01666,Tomato-planted,70,11,1.01703173122275,1.01703173122275,0.7272578227052543,0.13652062126075543,Gradual/incomplete,Gradual/incomplete
Fig6a,K15576,Unplanted,70,5,-0.15188632811401,0.15188632811401,0.11173513950884811,0.06934912304474908,Gradual/incomplete,Persistent/strengthened
Fig6a,K15576,Tomato-planted,70,5,-0.800994632445027,0.800994632445027,0.0842551521878123,0.06611940312224136,Gradual/incomplete,Persistent/strengthened
Fig6a,K19126,Unplanted,70,2,0.385693155984339,0.385693155984339,0.1659573890280419,0.03664834383399812,Rapid,Gradual/incomplete
Fig6a,K19126,Tomato-planted,70,2,1.83950941526347,1.83950941526347,0.5038294358596387,0.00014695258263031086,Rapid,Gradual/incomplete
Fig6a,K11939,Unplanted,70,20,0.0368536132817245,0.0368536132817245,0.7393681944375317,0.14784423041983433,Rapid,Gradual/incomplete
Fig6a,K11939,Tomato-planted,70,20,0.542291913895802,0.542291913895802,0.7898277155598136,0.09818308566905444,Rapid,Gradual/incomplete
Fig6a,K15019,Unplanted,70,6,-0.704560827866728,0.704560827866728,0.44130178175495366,0.16517595515469571,Overshoot/reversal,Overshoot/reversal
Fig6a,K15019,Tomato-planted,70,6,-1.0105588380692,1.0105588380692,0.4022611932882758,0.048173289563520565,Overshoot/reversal,Overshoot/reversal
Fig6a,K06926,Unplanted,70,3,1.12410499856515,1.12410499856515,0.29051232297553303,0.07217971027278638,Gradual/incomplete,Gradual/incomplete
Fig6a,K06926,Tomato-planted,70,3,1.9293065872781,1.9293065872781,0.47936595040543534,0.033858130155536424,Gradual/incomplete,Gradual/incomplete
Fig6a,K00076,Unplanted,70,13,-0.823315422449792,0.823315422449792,0.7769978143975711,0.11814060344253796,Gradual/incomplete,Gradual/incomplete
Fig6a,K00076,Tomato-planted,70,13,-0.997890373849465,0.997890373849465,0.8013615932809584,0.09603618412381985,Gradual/incomplete,Gradual/incomplete
Fig6a,K05895,Unplanted,70,3,0.168399205712369,0.168399205712369,0.9737671343510403,0.18281965792586538,Rapid,Gradual/incomplete
Fig6a,K05895,Tomato-planted,70,3,0.608203333231349,0.608203333231349,1.0,0.17584172563415224,Rapid,Gradual/incomplete
Fig6a,K19551,Unplanted,70,7,0.885904751735531,0.885904751735531,0.0687374420673523,0.20912241515980495,Overshoot/reversal,Gradual/incomplete
Fig6a,K19551,Tomato-planted,70,7,0.314593979374533,0.314593979374533,0.16850056971582203,0.22125777912212,Overshoot/reversal,Gradual/incomplete
Fig6a,K06194,Unplanted,70,17,-0.439925280830367,0.439925280830367,0.3363450822522186,0.10888577948462295,Gradual/incomplete,Gradual/incomplete
Fig6a,K06194,Tomato-planted,70,17,-0.817158013352707,0.817158013352707,0.46225882092164294,0.1055822041112304,Gradual/incomplete,Gradual/incomplete
Fig6a,K11893,Unplanted,70,2,-0.0143754984728437,0.0143754984728437,0.41231215833155177,0.03438871429206804,Rapid,Rapid
Fig6a,K11893,Tomato-planted,70,2,0.00955790162723215,0.00955790162723215,0.44026495645426367,0.15816327951043427,Rapid,Rapid
Fig6a,K23356,Unplanted,70,6,0.33533710896533,0.33533710896533,0.914813086370854,0.14633141775303327,Gradual/incomplete,Gradual/incomplete
Fig6a,K23356,Tomato-planted,70,6,0.729196800177709,0.729196800177709,0.9367864823711116,0.16291608654940945,Gradual/incomplete,Gradual/incomplete
Fig6a,K09978,Unplanted,70,5,0.403681458085752,0.403681458085752,0.23777812755187153,0.158696493078555,Persistent/strengthened,Persistent/strengthened
Fig6a,K09978,Tomato-planted,70,5,1.45589738752896,1.45589738752896,0.3654937059505288,0.1973995261496278,Persistent/strengthened,Persistent/strengthened
Fig6a,K01707,Unplanted,70,7,0.297072820984904,0.297072820984904,0.8765354822683464,0.3376480838340582,Gradual/incomplete,Gradual/incomplete
Fig6a,K01707,Tomato-planted,70,7,0.967403798552122,0.967403798552122,0.8066656214999584,0.30398148949835063,Gradual/incomplete,Gradual/incomplete
Fig6a,K07517,Unplanted,70,5,0.667454876758721,0.667454876758721,0.9441514568665685,0.1258471269234667,Rapid,Rapid
Fig6a,K07517,Tomato-planted,70,5,-0.131002055975819,0.131002055975819,0.9822806909200961,0.13388720927933997,Rapid,Rapid
Fig6a,K21193,Unplanted,70,7,-2.81618335772621,2.81618335772621,0.8653118013637585,0.08519671169111762,Persistent/strengthened,Persistent/strengthened
Fig6a,K21193,Tomato-planted,70,7,-2.48871504370153,2.48871504370153,0.8824684483761946,0.09711762508455911,Persistent/strengthened,Persistent/strengthened
Fig6a,K03737,Unplanted,70,13,-0.456763431168366,0.456763431168366,0.5728072133781176,0.1676679774993614,Gradual/incomplete,Gradual/incomplete
Fig6a,K03737,Tomato-planted,70,13,-0.357339240886603,0.357339240886603,0.6047782016668706,0.13026962959616797,Gradual/incomplete,Gradual/incomplete
Fig6a,K07789,Unplanted,70,3,-0.516098843914098,0.516098843914098,0.18986194377607524,0.09001339487293433,Persistent/strengthened,Persistent/strengthened
Fig6a,K07789,Tomato-planted,70,3,-0.817458454893182,0.817458454893182,0.21357398395408356,0.06756960060236196,Persistent/strengthened,Persistent/strengthened
Fig6a,K05832,Unplanted,70,4,1.00903785053327,1.00903785053327,0.1464899679899764,0.1947546132221188,Persistent/strengthened,Persistent/strengthened
Fig6a,K05832,Tomato-planted,70,4,0.116002754179609,0.116002754179609,0.14227249903403438,0.18015359918660187,Persistent/strengthened,Persistent/strengthened
Fig6a,K00360,Unplanted,70,12,-0.219176650241413,0.219176650241413,0.5377100578438805,0.1847965053993881,Rapid,Gradual/incomplete
Fig6a,K00360,Tomato-planted,70,12,0.973661154030373,0.973661154030373,0.605489936927825,0.1252233919734656,Rapid,Gradual/incomplete
Fig6a,K08153,Unplanted,70,18,0.821122944577052,0.821122944577052,0.6908002855246848,0.1516028257119835,Gradual/incomplete,Gradual/incomplete
Fig6a,K08153,Tomato-planted,70,18,-0.103673977331005,0.103673977331005,0.7286754850727868,0.09593135416344,Gradual/incomplete,Gradual/incomplete
Fig6a,K01429,Unplanted,70,9,-0.0388528610093013,0.0388528610093013,0.5301473999147577,0.2557172841094397,Rapid,Gradual/incomplete
Fig6a,K01429,Tomato-planted,70,9,0.309167797994473,0.309167797994473,0.5795275183881138,0.16180132850638826,Rapid,Gradual/incomplete
Fig6a,K07000,Unplanted,70,3,0.327247004016575,0.327247004016575,0.20784019471002563,0.20918645479973816,Overshoot/reversal,Rapid
Fig6a,K07000,Tomato-planted,70,3,-0.264975173035944,0.264975173035944,0.15229328133370795,0.08266603950690882,Overshoot/reversal,Rapid
Fig6a,K23509,Unplanted,70,9,0.564689994547827,0.564689994547827,0.7824504009155582,0.08808867724963301,Gradual/incomplete,Gradual/incomplete
Fig6a,K23509,Tomato-planted,70,9,0.467294381187208,0.467294381187208,0.8201123912505053,0.04700566326526196,Gradual/incomplete,Gradual/incomplete
Fig6a,K05979,Unplanted,70,11,0.196690767315963,0.196690767315963,0.8361984717876427,0.05631853041886596,Gradual/incomplete,Gradual/incomplete
Fig6a,K05979,Tomato-planted,70,11,0.349410034396007,0.349410034396007,0.8443679906533187,0.06021384172310663,Gradual/incomplete,Gradual/incomplete
Fig6a,K03090,Unplanted,70,16,0.276364329580349,0.276364329580349,0.8855462653029911,0.13421607687469306,Gradual/incomplete,Gradual/incomplete
Fig6a,K03090,Tomato-planted,70,16,1.12299167810142,1.12299167810142,0.8910930001832242,0.12522908462601542,Gradual/incomplete,Gradual/incomplete
Fig6a,K18230,Unplanted,70,14,0.0410343534118974,0.0410343534118974,0.842019857864989,0.07679162511002181,Rapid,Gradual/incomplete
Fig6a,K18230,Tomato-planted,70,14,0.595085851118601,0.595085851118601,0.8686945119690521,0.0649008321865003,Rapid,Gradual/incomplete
Fig6a,K07258,Unplanted,70,17,0.0749766476590091,0.0749766476590091,0.5906248083392859,0.16247381122954602,Rapid,Gradual/incomplete
Fig6a,K07258,Tomato-planted,70,17,0.374089584820064,0.374089584820064,0.7127938857609535,0.16388963616992291,Rapid,Gradual/incomplete
Fig6a,K03710,Unplanted,70,15,0.320349325998947,0.320349325998947,0.7963383906818547,0.2917764174596976,Gradual/incomplete,Gradual/incomplete
Fig6a,K03710,Tomato-planted,70,15,0.413074216991139,0.413074216991139,0.7983675916571655,0.28111113380422437,Gradual/incomplete,Gradual/incomplete
Fig6a,K01210,Unplanted,70,2,2.06879941307405,2.06879941307405,0.03605369005009618,0.04499994385642028,Gradual/incomplete,Gradual/incomplete
Fig6a,K01210,Tomato-planted,70,2,2.11097282731633,2.11097282731633,0.5248375911291543,0.0003240616377717942,Gradual/incomplete,Gradual/incomplete
Fig6a,K06042,Unplanted,70,5,0.254847528789646,0.254847528789646,0.5282127940809411,0.5429266649654836,Rapid,Gradual/incomplete
Fig6a,K06042,Tomato-planted,70,5,1.08936509254561,1.08936509254561,0.6413504497877136,0.4079530754774787,Rapid,Gradual/incomplete
Fig6a,K21962,Unplanted,70,13,0.355937847859115,0.355937847859115,0.8115583935863437,0.10463776996826495,Overshoot/reversal,Gradual/incomplete
Fig6a,K21962,Tomato-planted,70,13,0.647696094314121,0.647696094314121,0.8482194404915803,0.09546871300078434,Overshoot/reversal,Gradual/incomplete
Fig6a,K03891,Unplanted,70,16,-0.0810041842128738,0.0810041842128738,0.8372118320683187,0.07193183053556333,Rapid,Gradual/incomplete
Fig6a,K03891,Tomato-planted,70,16,0.65673652571664,0.65673652571664,0.866112951001402,0.06393719516802875,Rapid,Gradual/incomplete
Fig6a,K15629,Unplanted,70,10,1.99227941973751,1.99227941973751,0.7210294266732397,0.19809715460090824,Gradual/incomplete,Gradual/incomplete
Fig6a,K15629,Tomato-planted,70,10,2.45733855091937,2.45733855091937,0.721335655476422,0.24985953495886393,Gradual/incomplete,Gradual/incomplete
Fig6a,K02381,Unplanted,70,3,0.453877480655222,0.453877480655222,0.235281059976675,0.07627510066696443,Overshoot/reversal,Rapid
Fig6a,K02381,Tomato-planted,70,3,0.0773317308927957,0.0773317308927957,0.2726171155055014,0.022750444063422304,Overshoot/reversal,Rapid
Fig6a,K23775,Unplanted,70,31,0.0553672694554071,0.0553672694554071,0.6745912719446449,0.1310126558860099,Gradual/incomplete,Gradual/incomplete
Fig6a,K23775,Tomato-planted,70,31,1.068932340121,1.068932340121,0.7220946302541775,0.10739567165780269,Gradual/incomplete,Gradual/incomplete
Fig6a,K16650,Unplanted,70,8,-0.677263430591018,0.677263430591018,0.7566989888834925,0.08043829434348393,Persistent/strengthened,Persistent/strengthened
Fig6a,K16650,Tomato-planted,70,8,-0.729096039095831,0.729096039095831,0.7865290325021197,0.05201134237319783,Persistent/strengthened,Persistent/strengthened
Fig6a,K02558,Unplanted,70,17,-0.101546025448446,0.101546025448446,0.3107649957514656,0.12450523348800158,Gradual/incomplete,Gradual/incomplete
Fig6a,K02558,Tomato-planted,70,17,-0.437358319332717,0.437358319332717,0.2911565351559131,0.1611363033874109,Gradual/incomplete,Gradual/incomplete
Fig6a,K16048,Unplanted,70,14,-0.430319485322914,0.430319485322914,0.6632228342072262,0.1698419632084563,Gradual/incomplete,Gradual/incomplete
Fig6a,K16048,Tomato-planted,70,14,-0.387343124866675,0.387343124866675,0.7202171243345165,0.14367831224436248,Gradual/incomplete,Gradual/incomplete
Fig6a,K02063,Unplanted,70,7,-0.007018459573894,0.007018459573894,0.7246111020310015,0.1142275984073414,Gradual/incomplete,Rapid
Fig6a,K02063,Tomato-planted,70,7,0.171169569466496,0.171169569466496,0.683974413180704,0.06207786463065346,Gradual/incomplete,Rapid
Fig6a,K01060,Unplanted,70,13,0.900986875498498,0.900986875498498,0.5184326981054738,0.3231939609120613,Gradual/incomplete,Gradual/incomplete
Fig6a,K01060,Tomato-planted,70,13,1.19959053881723,1.19959053881723,0.6227418454205401,0.33254471456447177,Gradual/incomplete,Gradual/incomplete
Fig6a,K09516,Unplanted,70,6,-0.0813282190681905,0.0813282190681905,0.7641291037065966,0.08969259396416608,Gradual/incomplete,Gradual/incomplete
Fig6a,K09516,Tomato-planted,70,6,-0.613007554277686,0.613007554277686,0.7236141800943584,0.062323477912214736,Gradual/incomplete,Gradual/incomplete
Fig6a,K03557,Unplanted,70,5,-0.440679687272802,0.440679687272802,0.1281637183987591,0.12672583070571827,Gradual/incomplete,Persistent/strengthened
Fig6a,K03557,Tomato-planted,70,5,-1.03911073716659,1.03911073716659,0.18650294510241672,0.18685469336135824,Gradual/incomplete,Persistent/strengthened
Fig6a,K10215,Unplanted,70,15,0.995457731995193,0.995457731995193,0.625123477531954,0.16858388537916277,Gradual/incomplete,Gradual/incomplete
Fig6a,K10215,Tomato-planted,70,15,1.792313992243,1.792313992243,0.6719401798403078,0.08914859934968213,Gradual/incomplete,Gradual/incomplete
Fig6a,K18828,Unplanted,70,9,0.229864948632588,0.229864948632588,0.2801582382710052,0.16532136341999465,Overshoot/reversal,Rapid
Fig6a,K18828,Tomato-planted,70,9,-0.0693468743320765,0.0693468743320765,0.39377294601985224,0.12319985068683896,Overshoot/reversal,Rapid
Fig6a,K21393,Unplanted,70,5,-0.154935946409927,0.154935946409927,0.34328756740140637,0.18753825060318036,Overshoot/reversal,Overshoot/reversal
Fig6a,K21393,Tomato-planted,70,5,0.368225372273154,0.368225372273154,0.43081394048765287,0.12576236158268328,Overshoot/reversal,Overshoot/reversal
Fig6a,K03152,Unplanted,70,7,0.241956351315396,0.241956351315396,0.16544041726836034,0.1555956136956285,Overshoot/reversal,Gradual/incomplete
Fig6a,K03152,Tomato-planted,70,7,-0.102485302268806,0.102485302268806,0.24922049757579517,0.12183977250582192,Overshoot/reversal,Gradual/incomplete
Fig6a,K16428,Unplanted,70,2,-4.30470901153471,4.30470901153471,0.9637471856323174,0.19183961221687873,Persistent/strengthened,Persistent/strengthened
Fig6a,K16428,Tomato-planted,70,2,-1.99606013821156,1.99606013821156,0.9830147043092595,0.20063773693523335,Persistent/strengthened,Persistent/strengthened
Fig6a,K00038,Unplanted,70,12,-0.196841250845391,0.196841250845391,0.6578203858999434,0.10920835541684352,Gradual/incomplete,Gradual/incomplete
Fig6a,K00038,Tomato-planted,70,12,-0.0954942357511457,0.0954942357511457,0.689436608056472,0.050283763572741814,Gradual/incomplete,Gradual/incomplete
Fig6a,K00768,Unplanted,70,14,0.381704728475797,0.381704728475797,0.8765955154923556,0.09079920729753513,Gradual/incomplete,Gradual/incomplete
Fig6a,K00768,Tomato-planted,70,14,0.484637222991128,0.484637222991128,0.8724710840048817,0.07828072757826218,Gradual/incomplete,Gradual/incomplete
Fig6a,K07274,Unplanted,70,4,0.118186622519805,0.118186622519805,0.12303184572772106,0.05162431149535666,Gradual/incomplete,Persistent/strengthened
Fig6a,K07274,Tomato-planted,70,4,-1.40753330279512,1.40753330279512,0.14638540628105534,0.031640055287086924,Gradual/incomplete,Persistent/strengthened
Fig6a,K18232,Unplanted,70,7,1.03535760387197,1.03535760387197,0.8089004268893435,0.07008213947241944,Gradual/incomplete,Gradual/incomplete
Fig6a,K18232,Tomato-planted,70,7,1.43645071028741,1.43645071028741,0.8945654587908292,0.04556596655477676,Gradual/incomplete,Gradual/incomplete
Fig6a,K21025,Unplanted,70,5,-0.101382578486859,0.101382578486859,0.15212379195295858,0.12242501185987782,Gradual/incomplete,Persistent/strengthened
Fig6a,K21025,Tomato-planted,70,5,-1.05816617438941,1.05816617438941,0.18396894789368445,0.17834869052907795,Gradual/incomplete,Persistent/strengthened
Fig6a,K18476,Unplanted,70,18,0.0357558439525458,0.0357558439525458,0.7049142673837135,0.12886236268080356,Rapid,Gradual/incomplete
Fig6a,K18476,Tomato-planted,70,18,0.681196628304492,0.681196628304492,0.7553760874446938,0.158812257371452,Rapid,Gradual/incomplete
Fig6a,K16050,Unplanted,70,10,0.0579875547434578,0.0579875547434578,0.8239678456841054,0.081421347000404,Gradual/incomplete,Gradual/incomplete
Fig6a,K16050,Tomato-planted,70,10,-0.0712193101256985,0.0712193101256985,0.8507188730029622,0.057574649046010166,Gradual/incomplete,Gradual/incomplete
Fig6a,K06714,Unplanted,70,2,1.32038489828824,1.32038489828824,0.3920742673393559,0.06312954030130702,Rapid,Gradual/incomplete
Fig6a,K06714,Tomato-planted,70,2,2.70673959592152,2.70673959592152,0.23957784386860412,0.05859273976931381,Rapid,Gradual/incomplete
Fig6a,K07641,Unplanted,70,12,-0.241956493974517,0.241956493974517,0.42652300790220277,0.17792749245647682,Gradual/incomplete,Gradual/incomplete
Fig6a,K07641,Tomato-planted,70,12,-0.889468572975298,0.889468572975298,0.32694722603008386,0.2047818537944567,Gradual/incomplete,Gradual/incomplete
Fig6a,K01449,Unplanted,70,5,-1.20816634286113,1.20816634286113,0.17346259707059022,0.18654421546654126,Overshoot/reversal,Overshoot/reversal
Fig6a,K01449,Tomato-planted,70,5,-0.752195091230922,0.752195091230922,0.2160551686392058,0.11757847564876642,Overshoot/reversal,Overshoot/reversal
Fig6a,K03332,Unplanted,70,2,0.0182124411896666,0.0182124411896666,0.15613774707851136,0.0775780391245988,Overshoot/reversal,Overshoot/reversal
Fig6a,K03332,Tomato-planted,70,2,0.728427748398677,0.728427748398677,0.14417760354746287,0.07544206349521784,Overshoot/reversal,Overshoot/reversal
Fig6a,K05793,Tomato-planted,70,2,2.65531772255399,2.65531772255399,0.7064086022742253,0.5086497506162182,Gradual/incomplete,Gradual/incomplete
Fig6a,K05365,Unplanted,70,4,-0.510470015637405,0.510470015637405,0.20293021371659475,0.1192616405416099,Persistent/strengthened,Persistent/strengthened
Fig6a,K05365,Tomato-planted,70,4,-0.751041278057599,0.751041278057599,0.22312000555664727,0.16676208140136922,Persistent/strengthened,Persistent/strengthened
Fig6a,K05565,Unplanted,70,7,0.571478031301399,0.571478031301399,0.14973250297792123,0.1781047542807907,Persistent/strengthened,Persistent/strengthened
Fig6a,K05565,Tomato-planted,70,7,0.924268287979292,0.924268287979292,0.22310387060664813,0.15231562818176297,Persistent/strengthened,Persistent/strengthened
Fig6a,K14259,Unplanted,70,6,-0.414782676759214,0.414782676759214,0.5870212236953168,0.17677498087666754,Gradual/incomplete,Gradual/incomplete
Fig6a,K14259,Tomato-planted,70,6,-0.0350161496324493,0.0350161496324493,0.6582027337569539,0.198313602709615,Gradual/incomplete,Gradual/incomplete
Fig6a,K01788,Unplanted,70,8,1.87801070149154,1.87801070149154,0.5774931127311435,0.2206630313607379,Gradual/incomplete,Gradual/incomplete
Fig6a,K01788,Tomato-planted,70,8,2.76104847351401,2.76104847351401,0.6112586063668124,0.2618818872889754,Gradual/incomplete,Gradual/incomplete
Fig6a,K18968,Unplanted,70,12,-0.93496857514318,0.93496857514318,0.7545895177292129,0.1857266054495181,Persistent/strengthened,Persistent/strengthened
Fig6a,K18968,Tomato-planted,70,12,-1.85691966673683,1.85691966673683,0.7567017582480066,0.17133724616296145,Persistent/strengthened,Persistent/strengthened
Fig6a,K00046,Unplanted,70,10,-0.410907782989602,0.410907782989602,0.6222224598857891,0.1732691965735633,Gradual/incomplete,Persistent/strengthened
Fig6a,K00046,Tomato-planted,70,10,-0.542416998327569,0.542416998327569,0.6875827162907312,0.18150379433494213,Gradual/incomplete,Persistent/strengthened
Fig6a,K21567,Unplanted,70,9,0.5572514523937,0.5572514523937,0.5765028108818654,0.16702671086577872,Gradual/incomplete,Persistent/strengthened
Fig6a,K21567,Tomato-planted,70,9,0.62677905979234,0.62677905979234,0.6252887086155883,0.09817734185207898,Gradual/incomplete,Persistent/strengthened
Fig6a,K03367,Unplanted,70,8,1.44293641863898,1.44293641863898,0.576546900332235,0.1952625176402149,Persistent/strengthened,Persistent/strengthened
Fig6a,K03367,Tomato-planted,70,8,1.04226070434104,1.04226070434104,0.6098221860543607,0.15224022104605076,Persistent/strengthened,Persistent/strengthened
Fig6a,K20238,Unplanted,70,4,0.537054691752708,0.537054691752708,0.016976653735786412,0.06792722671083498,Rapid,Gradual/incomplete
Fig6a,K20238,Tomato-planted,70,4,-0.527205437931727,0.527205437931727,0.09235085706949234,0.06431926813939007,Rapid,Gradual/incomplete
Fig6a,K03230,Unplanted,70,9,0.0338743095444879,0.0338743095444879,0.2493016470890041,0.27228051781077506,Gradual/incomplete,Gradual/incomplete
Fig6a,K03230,Tomato-planted,70,9,-0.594485685548156,0.594485685548156,0.2080676098657363,0.2574385544964702,Gradual/incomplete,Gradual/incomplete
Fig6a,K16033,Unplanted,70,11,-0.244630289103302,0.244630289103302,0.5329228370383905,0.18949283729153155,Overshoot/reversal,Overshoot/reversal
Fig6a,K16033,Tomato-planted,70,11,-0.440529421432228,0.440529421432228,0.5726760123475202,0.20176786354449922,Overshoot/reversal,Overshoot/reversal
Fig6a,K23825,Unplanted,70,11,0.936881888456198,0.936881888456198,0.9228841004486837,0.1101233807814717,Gradual/incomplete,Persistent/strengthened
Fig6a,K23825,Tomato-planted,70,11,1.30338590715899,1.30338590715899,0.9178416018961941,0.09941740586400805,Gradual/incomplete,Persistent/strengthened
Fig6a,K00156,Unplanted,70,17,0.406510098965356,0.406510098965356,0.7865819223613162,0.1211560808595296,Gradual/incomplete,Gradual/incomplete
Fig6a,K00156,Tomato-planted,70,17,0.819899687155809,0.819899687155809,0.7976314472457252,0.11076709496750375,Gradual/incomplete,Gradual/incomplete
Fig6a,K08988,Unplanted,70,15,0.452280593752634,0.452280593752634,0.28590074608583776,0.1544912670516818,Persistent/strengthened,Persistent/strengthened
Fig6a,K08988,Tomato-planted,70,15,0.759274256099029,0.759274256099029,0.32685682258762533,0.16054980054926288,Persistent/strengthened,Persistent/strengthened
Fig6a,K10125,Unplanted,70,6,0.367367016292771,0.367367016292771,0.13110545905316529,0.31802059311428027,Gradual/incomplete,Persistent/strengthened
Fig6a,K10125,Tomato-planted,70,6,0.91569826002212,0.91569826002212,0.24568208404728029,0.2934018301252153,Gradual/incomplete,Persistent/strengthened
Fig6a,K07319,Unplanted,70,2,2.97610694125909,2.97610694125909,0.5732632703988763,0.06487913292432425,Gradual/incomplete,Gradual/incomplete
Fig6a,K07319,Tomato-planted,70,2,3.30599205689757,3.30599205689757,0.7389111313555088,0.055336718973507656,Gradual/incomplete,Gradual/incomplete
Fig6a,K18240,Unplanted,70,3,-0.352803240366909,0.352803240366909,0.1295731434289175,0.12278576633084184,Gradual/incomplete,Gradual/incomplete
Fig6a,K18240,Tomato-planted,70,3,-0.864751847007542,0.864751847007542,0.1936206715898669,0.18307144605935954,Gradual/incomplete,Gradual/incomplete
Fig6a,K04782,Unplanted,70,3,1.08446697257037,1.08446697257037,0.09345568807060553,0.02470746678581842,Persistent/strengthened,Persistent/strengthened
Fig6a,K04782,Tomato-planted,70,3,1.86416766822292,1.86416766822292,0.13149460154066725,0.023389396058288464,Persistent/strengthened,Persistent/strengthened
Fig6a,K00433,Unplanted,70,27,0.431344818422566,0.431344818422566,0.5972253828321638,0.19575373501817017,Gradual/incomplete,Gradual/incomplete
Fig6a,K00433,Tomato-planted,70,27,0.484205958917424,0.484205958917424,0.644805100284068,0.11770627488759891,Gradual/incomplete,Gradual/incomplete
Fig6a,K06189,Unplanted,70,9,-0.263018175352619,0.263018175352619,0.24901155581353748,0.12233050410239726,Gradual/incomplete,Persistent/strengthened
Fig6a,K06189,Tomato-planted,70,9,-0.750418989027734,0.750418989027734,0.3660578947630491,0.14862088311131472,Gradual/incomplete,Persistent/strengthened
Fig6a,K16907,Unplanted,70,3,-1.07495933257356,1.07495933257356,0.14920948069596612,0.035629105118212795,Gradual/incomplete,Gradual/incomplete
Fig6a,K16907,Tomato-planted,70,3,-1.42091704199883,1.42091704199883,0.34600280176758075,0.0002168226875310653,Gradual/incomplete,Gradual/incomplete
Fig6a,K03299,Unplanted,70,8,0.148794540067314,0.148794540067314,0.86423630227369,0.2623018740870264,Gradual/incomplete,Gradual/incomplete
Fig6a,K03299,Tomato-planted,70,8,0.695906007103998,0.695906007103998,0.849691941901656,0.2657571935795259,Gradual/incomplete,Gradual/incomplete
Fig6a,K05562,Unplanted,70,3,0.559096992318045,0.559096992318045,0.031572025275223854,0.014846116063885586,Overshoot/reversal,Overshoot/reversal
Fig6a,K05562,Tomato-planted,70,3,0.127593695149966,0.127593695149966,0.027813555885749658,0.016535578390578287,Overshoot/reversal,Overshoot/reversal
Fig6a,K03775,Unplanted,70,9,-0.0360423244310664,0.0360423244310664,0.34062742258557555,0.15699150983773752,Rapid,Gradual/incomplete
Fig6a,K03775,Tomato-planted,70,9,-0.319149575395773,0.319149575395773,0.29556413900729755,0.21036794745584453,Rapid,Gradual/incomplete
Fig6a,K07014,Unplanted,70,4,-0.68399443215447,0.68399443215447,0.2312182663702573,0.29561885172009744,Persistent/strengthened,Persistent/strengthened
Fig6a,K07014,Tomato-planted,70,4,-1.2619051260398,1.2619051260398,0.16732938013352877,0.2945149563738829,Persistent/strengthened,Persistent/strengthened
Fig6a,K01186,Unplanted,70,8,0.352351628158087,0.352351628158087,0.9036822931672559,0.15185827635930332,Gradual/incomplete,Gradual/incomplete
Fig6a,K01186,Tomato-planted,70,8,1.10342244369105,1.10342244369105,0.911996881296229,0.1546774272334357,Gradual/incomplete,Gradual/incomplete
Fig6a,K09136,Unplanted,70,4,0.27977626670436,0.27977626670436,0.6976332306854416,0.8580218436912137,Gradual/incomplete,Gradual/incomplete
Fig6a,K09136,Tomato-planted,70,4,0.655360240659843,0.655360240659843,0.914120269082901,0.8325965833285203,Gradual/incomplete,Gradual/incomplete
Fig6a,K11407,Unplanted,70,9,-2.60654789702753,2.60654789702753,0.2866962658959734,0.12625285147173498,Gradual/incomplete,Gradual/incomplete
Fig6a,K11407,Tomato-planted,70,9,-1.14134910316715,1.14134910316715,0.3951104091743013,0.1326232996297906,Gradual/incomplete,Gradual/incomplete
Fig6a,K09667,Unplanted,70,14,-0.234068895741468,0.234068895741468,0.2923586990825122,0.13155999848980376,Gradual/incomplete,Persistent/strengthened
Fig6a,K09667,Tomato-planted,70,14,-0.729093983234077,0.729093983234077,0.40414447833863215,0.12256954463938152,Gradual/incomplete,Persistent/strengthened
Fig6a,K00986,Unplanted,70,13,-1.13578438241799,1.13578438241799,0.5141621280360354,0.3277163331585718,Persistent/strengthened,Persistent/strengthened
Fig6a,K00986,Tomato-planted,70,13,-1.10577468193008,1.10577468193008,0.48116781118764695,0.3067521176519783,Persistent/strengthened,Persistent/strengthened
Fig6a,K19338,Unplanted,70,11,0.382303252903376,0.382303252903376,0.7730004222964818,0.1485806440190081,Overshoot/reversal,Rapid
Fig6a,K19338,Tomato-planted,70,11,-0.121774823163531,0.121774823163531,0.8226543168864408,0.14348239447958802,Overshoot/reversal,Rapid
Fig6a,K07794,Unplanted,70,5,-0.016896753532619,0.016896753532619,0.47890117028948315,0.30816464709317226,Rapid,Gradual/incomplete
Fig6a,K07794,Tomato-planted,70,5,0.00729657203543424,0.00729657203543424,0.4895361427444221,0.25747188780312885,Rapid,Gradual/incomplete
Fig6a,K05829,Unplanted,70,11,0.0753894242905073,0.0753894242905073,0.5773512662823429,0.14127295071811843,Rapid,Rapid
Fig6a,K05829,Tomato-planted,70,11,0.0553817468615147,0.0553817468615147,0.6155337475930895,0.06261676090773864,Rapid,Rapid
Fig6a,K10118,Unplanted,70,13,0.734187554584859,0.734187554584859,0.8597691617627788,0.1657371540891723,Gradual/incomplete,Persistent/strengthened
Fig6a,K10118,Tomato-planted,70,13,0.874102223217556,0.874102223217556,0.8718294148085247,0.16014484545930868,Gradual/incomplete,Persistent/strengthened
Fig6a,K00661,Unplanted,70,17,0.801899176936482,0.801899176936482,0.36936156099890777,0.24037375273000045,Persistent/strengthened,Persistent/strengthened
Fig6a,K00661,Tomato-planted,70,17,1.06792263148915,1.06792263148915,0.3133126028407288,0.21103399389586802,Persistent/strengthened,Persistent/strengthened
Fig6a,K09749,Unplanted,70,2,0.0737241833140368,0.0737241833140368,0.02674208459767266,0.0031275135802572573,Overshoot/reversal,Gradual/incomplete
Fig6a,K09749,Tomato-planted,70,2,0.110197261866091,0.110197261866091,0.05275213178629337,0.007550124055251239,Overshoot/reversal,Gradual/incomplete
Fig6a,K03826,Unplanted,70,6,2.35502852808459,2.35502852808459,0.7456576872547697,0.1539729649818635,Overshoot/reversal,Gradual/incomplete
Fig6a,K03826,Tomato-planted,70,6,0.720808313007463,0.720808313007463,0.8489350617252274,0.09069667206207091,Overshoot/reversal,Gradual/incomplete
Fig6a,K12506,Unplanted,70,3,0.082138884565883,0.082138884565883,0.23848217447352496,0.04083952313255374,Gradual/incomplete,Gradual/incomplete
Fig6a,K12506,Tomato-planted,70,3,0.563477436425914,0.563477436425914,0.30244528029189255,0.035073153250858746,Gradual/incomplete,Gradual/incomplete
Fig6a,K16647,Unplanted,70,5,1.34754035292197,1.34754035292197,0.36081084139742253,0.2629841561825311,Gradual/incomplete,Gradual/incomplete
Fig6a,K16647,Tomato-planted,70,5,1.39169879831275,1.39169879831275,0.45596052908154805,0.23834608076558267,Gradual/incomplete,Gradual/incomplete
Fig6a,K09985,Unplanted,70,4,0.0623490259559614,0.0623490259559614,0.21907588424630978,0.041365960204484374,Persistent/strengthened,Persistent/strengthened
Fig6a,K09985,Tomato-planted,70,4,0.615485618564005,0.615485618564005,0.3011963670327992,0.03249162982453665,Persistent/strengthened,Persistent/strengthened
Fig6a,K09780,Unplanted,70,21,-0.283191798909154,0.283191798909154,0.4070102767615017,0.1422191389282609,Overshoot/reversal,Overshoot/reversal
Fig6a,K09780,Tomato-planted,70,21,0.1831342047051,0.1831342047051,0.463771694423752,0.10683921380428474,Overshoot/reversal,Overshoot/reversal
Fig6a,K13525,Unplanted,70,13,0.16819413811799,0.16819413811799,0.5605704528584501,0.2097890452461185,Gradual/incomplete,Gradual/incomplete
Fig6a,K13525,Tomato-planted,70,13,0.58264661802842,0.58264661802842,0.6077495038724154,0.12951467406283643,Gradual/incomplete,Gradual/incomplete
Fig6a,K22502,Unplanted,70,2,1.35761916559236,1.35761916559236,0.9211556841003088,0.020114881932490482,Gradual/incomplete,Gradual/incomplete
Fig6a,K22502,Tomato-planted,70,2,1.82468417539153,1.82468417539153,0.7938903975587028,0.015421765441472696,Gradual/incomplete,Gradual/incomplete
Fig6a,K16652,Unplanted,70,10,-1.75594220573307,1.75594220573307,0.8090979370748654,0.08543620004470565,Persistent/strengthened,Persistent/strengthened
Fig6a,K16652,Tomato-planted,70,10,-1.55510624921582,1.55510624921582,0.8076366294153053,0.0736057048118102,Persistent/strengthened,Persistent/strengthened
Fig6a,K18030,Unplanted,70,4,-0.968367414295299,0.968367414295299,0.19922332742497084,0.10570077693518799,Persistent/strengthened,Persistent/strengthened
Fig6a,K18030,Tomato-planted,70,4,-1.11902531601597,1.11902531601597,0.18915296768671072,0.08218236268300783,Persistent/strengthened,Persistent/strengthened
Fig6a,K08169,Unplanted,70,6,0.505918574582617,0.505918574582617,0.3248411253141242,0.3176303218355845,Persistent/strengthened,Persistent/strengthened
Fig6a,K08169,Tomato-planted,70,6,0.676192363044213,0.676192363044213,0.3440565439094346,0.18733510238294449,Persistent/strengthened,Persistent/strengthened
Fig6a,K12308,Unplanted,70,19,0.425043406719421,0.425043406719421,0.549428461534797,0.2888099374922888,Gradual/incomplete,Gradual/incomplete
Fig6a,K12308,Tomato-planted,70,19,0.967352768697175,0.967352768697175,0.648497491460404,0.2920712164640702,Gradual/incomplete,Gradual/incomplete
Fig6a,K23228,Unplanted,70,8,0.583095788811016,0.583095788811016,0.8778656181219064,0.11208298514041334,Gradual/incomplete,Gradual/incomplete
Fig6a,K23228,Tomato-planted,70,8,1.03582532630799,1.03582532630799,0.9113207075615792,0.13976029831126657,Gradual/incomplete,Gradual/incomplete
Fig6a,K07485,Unplanted,70,15,1.7955036661568,1.7955036661568,0.49361790543111084,0.2289423436946679,Gradual/incomplete,Gradual/incomplete
Fig6a,K07485,Tomato-planted,70,15,2.24327567659465,2.24327567659465,0.5370866845537616,0.20627768316772205,Gradual/incomplete,Gradual/incomplete
Fig6a,K03223,Unplanted,70,4,-0.825694892511537,0.825694892511537,0.1067447722362904,0.33579017300236186,Gradual/incomplete,Gradual/incomplete
Fig6a,K03223,Tomato-planted,70,4,-1.48431046886002,1.48431046886002,0.1860044300361246,0.33122730951315893,Gradual/incomplete,Gradual/incomplete
Fig6a,K21575,Unplanted,70,6,-0.0885664949295113,0.0885664949295113,0.3800756778808819,0.14870776776408537,Rapid,Rapid
Fig6a,K21575,Tomato-planted,70,6,0.197572936422411,0.197572936422411,0.17304112041826167,0.11042047920445149,Rapid,Rapid
Fig6a,K09771,Unplanted,70,8,0.714059982020488,0.714059982020488,0.6530808103921766,0.1349688384181238,Gradual/incomplete,Gradual/incomplete
Fig6a,K09771,Tomato-planted,70,8,1.74546514350799,1.74546514350799,0.6483041304889151,0.14533826712021575,Gradual/incomplete,Gradual/incomplete
Fig6a,K07110,Unplanted,70,5,0.359503910156462,0.359503910156462,0.15834341920531175,0.06051944317767727,Persistent/strengthened,Persistent/strengthened
Fig6a,K07110,Tomato-planted,70,5,0.963808119960599,0.963808119960599,0.22856608569546957,0.04519233769238561,Persistent/strengthened,Persistent/strengthened
Fig6a,K07665,Unplanted,70,10,-0.527726582997521,0.527726582997521,0.7839798306516794,0.058313103179217896,Gradual/incomplete,Gradual/incomplete
Fig6a,K07665,Tomato-planted,70,10,-0.321398742594248,0.321398742594248,0.768814123400564,0.05543369802599408,Gradual/incomplete,Gradual/incomplete
Fig6a,K21337,Unplanted,70,2,-3.37231456806872,3.37231456806872,0.13159888239030565,0.008300470341728733,Persistent/strengthened,Persistent/strengthened
Fig6a,K21337,Tomato-planted,70,2,-4.36199675883968,4.36199675883968,0.1648772035166214,0.00017758032638931498,Persistent/strengthened,Persistent/strengthened
Fig6a,K09859,Unplanted,70,4,0.110530019310423,0.110530019310423,0.10426972126969464,0.30727657272043074,Rapid,Gradual/incomplete
Fig6a,K09859,Tomato-planted,70,4,-0.537445360687521,0.537445360687521,0.12757253060943438,0.30497881091255075,Rapid,Gradual/incomplete
Fig6a,K21162,Unplanted,70,8,0.839876673834018,0.839876673834018,0.3792398462577702,0.21776987529730718,Gradual/incomplete,Persistent/strengthened
Fig6a,K21162,Tomato-planted,70,8,1.1520109939574,1.1520109939574,0.4595053677094222,0.14517357646698995,Gradual/incomplete,Persistent/strengthened
Fig6a,K21163,Unplanted,70,3,0.171446901003425,0.171446901003425,0.6269798170586742,0.09770039761733364,Rapid,Gradual/incomplete
Fig6a,K21163,Tomato-planted,70,3,0.648313700912426,0.648313700912426,0.7844434853940873,0.051723035786488375,Rapid,Gradual/incomplete
Fig6a,K07536,Unplanted,70,4,-0.191589955834628,0.191589955834628,0.7939074232857228,0.14791527300112267,Rapid,Gradual/incomplete
Fig6a,K07536,Tomato-planted,70,4,0.486978082745385,0.486978082745385,0.8601051949488141,0.08600659406403544,Rapid,Gradual/incomplete
Fig6a,K14673,Unplanted,70,4,1.59034821477521,1.59034821477521,0.12161493638362816,0.0538956987162996,Gradual/incomplete,Gradual/incomplete
Fig6a,K14673,Tomato-planted,70,4,5.46761089040456,5.46761089040456,0.22878880418719394,0.01762947095691165,Gradual/incomplete,Gradual/incomplete
Fig6a,K21681,Unplanted,70,8,0.474594817440774,0.474594817440774,0.7344177007083884,0.1796728021577809,Gradual/incomplete,Gradual/incomplete
Fig6a,K21681,Tomato-planted,70,8,1.37033702602752,1.37033702602752,0.7189981209032206,0.1510600794381864,Gradual/incomplete,Gradual/incomplete
Fig6a,K13745,Unplanted,70,16,0.945982025232171,0.945982025232171,0.7920428787341303,0.07454661553723069,Persistent/strengthened,Persistent/strengthened
Fig6a,K13745,Tomato-planted,70,16,1.16155065682461,1.16155065682461,0.7987309641020386,0.06549322935626813,Persistent/strengthened,Persistent/strengthened
Fig6a,K08082,Unplanted,70,5,-0.217185542875914,0.217185542875914,0.1472157707705202,0.08851601512046096,Gradual/incomplete,Persistent/strengthened
Fig6a,K08082,Tomato-planted,70,5,-0.703138849768226,0.703138849768226,0.17176487382863403,0.0743215859611486,Gradual/incomplete,Persistent/strengthened
Fig6a,K15315,Unplanted,70,2,-0.109632313358322,0.109632313358322,0.1659573890280419,0.03664834383399812,Rapid,Gradual/incomplete
Fig6a,K15315,Tomato-planted,70,2,1.66545581431579,1.66545581431579,0.5038294358596387,0.00014695258263031086,Rapid,Gradual/incomplete
Fig6a,K03893,Unplanted,70,7,0.530473099808433,0.530473099808433,0.13726366596016332,0.3083544461291181,Gradual/incomplete,Gradual/incomplete
Fig6a,K03893,Tomato-planted,70,7,1.52112096304374,1.52112096304374,0.38013589858164626,0.26513775540981444,Gradual/incomplete,Gradual/incomplete
Fig6a,K08225,Unplanted,70,19,1.43728420929428,1.43728420929428,0.5689322258179519,0.107047924159493,Gradual/incomplete,Gradual/incomplete
Fig6a,K08225,Tomato-planted,70,19,-0.156125016469268,0.156125016469268,0.6705960778190477,0.07175569643827287,Gradual/incomplete,Gradual/incomplete
Fig6a,K05825,Unplanted,70,20,0.242578093909226,0.242578093909226,0.699859249559075,0.15122489042516984,Gradual/incomplete,Gradual/incomplete
Fig6a,K05825,Tomato-planted,70,20,0.545196377628816,0.545196377628816,0.7392737811383103,0.1369076338904233,Gradual/incomplete,Gradual/incomplete
Fig6a,K15876,Unplanted,70,10,0.274955012597065,0.274955012597065,0.29369321715887997,0.25577281979929634,Overshoot/reversal,Rapid
Fig6a,K15876,Tomato-planted,70,10,0.268344027126947,0.268344027126947,0.18365611998028716,0.290743168491955,Overshoot/reversal,Rapid
Fig6a,K02770,Unplanted,70,15,0.329284768888308,0.329284768888308,0.44418529945587903,0.1567841345584576,Rapid,Rapid
Fig6a,K02770,Tomato-planted,70,15,0.407705094523269,0.407705094523269,0.4630158525932947,0.10891512402717386,Rapid,Rapid
Fig6a,K11004,Unplanted,70,2,0.0915360480708609,0.0915360480708609,0.48573756222118936,0.38680976552587404,Gradual/incomplete,Gradual/incomplete
Fig6a,K11004,Tomato-planted,70,2,-0.588839946288067,0.588839946288067,0.2910421398226043,0.06202840947849045,Gradual/incomplete,Gradual/incomplete
Fig6a,K23301,Unplanted,70,6,-1.45012390358959,1.45012390358959,0.374443192421825,0.28774188840034526,Persistent/strengthened,Persistent/strengthened
Fig6a,K23301,Tomato-planted,70,6,-1.28368484461347,1.28368484461347,0.43123976320904334,0.2964141622998567,Persistent/strengthened,Persistent/strengthened
Fig6a,K18912,Unplanted,70,23,0.046966226837388,0.046966226837388,0.5646266862074705,0.23369802440363704,Rapid,Gradual/incomplete
Fig6a,K18912,Tomato-planted,70,23,0.138275460203601,0.138275460203601,0.6398469696331271,0.19237025476261416,Rapid,Gradual/incomplete
Fig6a,K12255,Unplanted,70,2,-0.416045750431733,0.416045750431733,0.08823935737966215,0.1817619082053194,Gradual/incomplete,Gradual/incomplete
Fig6a,K12255,Tomato-planted,70,2,0.311435486224264,0.311435486224264,0.20077568613023494,0.15277218557903777,Gradual/incomplete,Gradual/incomplete
Fig6a,K00571,Unplanted,70,14,0.535884767494618,0.535884767494618,0.30132480073125145,0.15345862284465098,Gradual/incomplete,Gradual/incomplete
Fig6a,K00571,Tomato-planted,70,14,0.245587121815321,0.245587121815321,0.22499814318441178,0.16687539672389162,Gradual/incomplete,Gradual/incomplete
Fig6a,K16044,Unplanted,70,16,0.994518271768187,0.994518271768187,0.7714119906890098,0.1477297318853089,Gradual/incomplete,Gradual/incomplete
Fig6a,K16044,Tomato-planted,70,16,1.56757915654549,1.56757915654549,0.8054628881797792,0.15554945848483412,Gradual/incomplete,Gradual/incomplete
Fig6a,K14671,Unplanted,70,10,0.778040170216543,0.778040170216543,0.7456855201692143,0.200958374198945,Gradual/incomplete,Gradual/incomplete
Fig6a,K14671,Tomato-planted,70,10,2.20156332859435,2.20156332859435,0.7585007202957861,0.1999170934276619,Gradual/incomplete,Gradual/incomplete
Fig6a,K18547,Unplanted,70,7,1.59796263639701,1.59796263639701,0.9034096888527945,0.21620698048817866,Gradual/incomplete,Gradual/incomplete
Fig6a,K18547,Tomato-planted,70,7,1.98121612198099,1.98121612198099,0.9108268801731549,0.24733345533736795,Gradual/incomplete,Gradual/incomplete
Fig6a,K09962,Tomato-planted,70,5,1.6227708057109,1.6227708057109,0.9101278734389284,0.9121514860357756,Gradual/incomplete,Gradual/incomplete
Fig6a,K06330,Unplanted,70,9,1.75766465404348,1.75766465404348,0.11186161550059173,0.30580831171639744,Persistent/strengthened,Gradual/incomplete
Fig6a,K06330,Tomato-planted,70,9,0.118098359291786,0.118098359291786,0.1778024012644496,0.32499552386460884,Persistent/strengthened,Gradual/incomplete
Fig6a,K23107,Unplanted,70,29,0.121005452579488,0.121005452579488,0.6521495051427294,0.136901873554752,Rapid,Gradual/incomplete
Fig6a,K23107,Tomato-planted,70,29,0.353062853907627,0.353062853907627,0.6729268134819666,0.10806793947780483,Rapid,Gradual/incomplete
Fig6a,K06903,Unplanted,70,18,0.33450916069404,0.33450916069404,0.5020210890187301,0.26238432342536416,Gradual/incomplete,Gradual/incomplete
Fig6a,K06903,Tomato-planted,70,18,0.593604939869844,0.593604939869844,0.5201364496950132,0.26165422844600394,Gradual/incomplete,Gradual/incomplete
Fig6a,K09702,Unplanted,70,7,0.417308850421422,0.417308850421422,0.3875411681322383,0.24931299272177146,Gradual/incomplete,Gradual/incomplete
Fig6a,K09702,Tomato-planted,70,7,0.968278543798613,0.968278543798613,0.542613503688061,0.28513010099271435,Gradual/incomplete,Gradual/incomplete
Fig6a,K01178,Unplanted,70,4,-0.32898055166722,0.32898055166722,0.3028463628820624,0.060959815433864806,Gradual/incomplete,Gradual/incomplete
Fig6a,K01178,Tomato-planted,70,4,-0.220056778643074,0.220056778643074,0.40479000597489345,0.012638226851075032,Gradual/incomplete,Gradual/incomplete
Fig6a,K01659,Unplanted,70,4,-0.359153980844277,0.359153980844277,0.17141468555423017,0.030062651593387116,Gradual/incomplete,Persistent/strengthened
Fig6a,K01659,Tomato-planted,70,4,-1.11033293625063,1.11033293625063,0.2136283078663835,0.04656738981957201,Gradual/incomplete,Persistent/strengthened
Fig6a,K22293,Unplanted,70,3,0.329889099025716,0.329889099025716,0.4790226384742717,0.3228324310178553,Gradual/incomplete,Gradual/incomplete
Fig6a,K22293,Tomato-planted,70,3,0.736005678308064,0.736005678308064,0.6418573832690101,0.30321889512909456,Gradual/incomplete,Gradual/incomplete
Fig6a,K14735,Unplanted,70,3,-0.293332166173955,0.293332166173955,0.6158245595572847,0.12593071722286905,Rapid,Rapid
Fig6a,K14735,Tomato-planted,70,3,-0.588490022493585,0.588490022493585,0.6587786178479313,0.11633463680157323,Rapid,Rapid
Fig6a,K15270,Unplanted,70,7,-0.487998071800506,0.487998071800506,0.2151726406750473,0.16565615854251142,Overshoot/reversal,Overshoot/reversal
Fig6a,K15270,Tomato-planted,70,7,-0.984193120686467,0.984193120686467,0.2621018698124275,0.21786302217183118,Overshoot/reversal,Overshoot/reversal
Fig6a,K18336,Unplanted,70,20,0.463636883176906,0.463636883176906,0.4234871681815624,0.2521747909004433,Rapid,Rapid
Fig6a,K18336,Tomato-planted,70,20,-0.312285524179748,0.312285524179748,0.5017221723082353,0.2385804728941352,Rapid,Rapid
Fig6a,K01616,Unplanted,70,15,-1.66523756405749,1.66523756405749,0.8744608290899637,0.06602225318700798,Persistent/strengthened,Persistent/strengthened
Fig6a,K01616,Tomato-planted,70,15,-1.79780441993352,1.79780441993352,0.8792469578317994,0.05167093845019835,Persistent/strengthened,Persistent/strengthened
Fig6a,K15642,Unplanted,70,2,0.0224305115459194,0.0224305115459194,0.024330574048745834,0.0385737994085697,Gradual/incomplete,Gradual/incomplete
Fig6a,K15642,Tomato-planted,70,2,-0.834287748632922,0.834287748632922,0.011162986593817455,0.003563559306090369,Gradual/incomplete,Gradual/incomplete
Fig6a,K19005,Unplanted,70,5,-0.293861579815378,0.293861579815378,0.24796341267074565,0.0748616911242146,Rapid,Rapid
Fig6a,K19005,Tomato-planted,70,5,0.0832591551062396,0.0832591551062396,0.3130612156279085,0.022763576152635814,Rapid,Rapid
Fig6a,K01761,Unplanted,70,11,0.237781001475469,0.237781001475469,0.5912734272653535,0.1928524910424046,Gradual/incomplete,Gradual/incomplete
Fig6a,K01761,Tomato-planted,70,11,0.674698355536155,0.674698355536155,0.6626713499613947,0.11249901107577631,Gradual/incomplete,Gradual/incomplete
Fig6a,K22693,Unplanted,70,2,-0.704208442078732,0.704208442078732,0.13258645698898303,0.031740630188406865,Gradual/incomplete,Gradual/incomplete
Fig6a,K22693,Tomato-planted,70,2,-1.40982934160874,1.40982934160874,0.3367459886828601,0.00013128114398333612,Gradual/incomplete,Gradual/incomplete
Fig6a,K00563,Unplanted,70,4,-0.182276347137112,0.182276347137112,0.6451908266304228,0.10103696410360459,Rapid,Gradual/incomplete
Fig6a,K00563,Tomato-planted,70,4,0.708601404843219,0.708601404843219,0.6746955156745527,0.12137593241996411,Rapid,Gradual/incomplete
Fig6a,K18233,Unplanted,70,7,1.14416321523048,1.14416321523048,0.8278134599408382,0.08361610133946122,Gradual/incomplete,Gradual/incomplete
Fig6a,K18233,Tomato-planted,70,7,2.09277924488501,2.09277924488501,0.9008659257604591,0.05596217071177349,Gradual/incomplete,Gradual/incomplete
Fig6a,K01134,Unplanted,70,11,-0.012348374264237,0.012348374264237,0.623323690272916,0.13262950383516883,Rapid,Overshoot/reversal
Fig6a,K01134,Tomato-planted,70,11,-0.0301841952955241,0.0301841952955241,0.6376990308467863,0.09914712173539601,Rapid,Overshoot/reversal
Fig6a,K16432,Unplanted,70,3,-4.51577878216716,4.51577878216716,0.9604550096335475,0.1440102966594862,Gradual/incomplete,Gradual/incomplete
Fig6a,K16432,Tomato-planted,70,3,-1.58035581165781,1.58035581165781,0.9849544763106822,0.17866333985720217,Gradual/incomplete,Gradual/incomplete
Fig6a,K22694,Unplanted,70,3,0.0308094184758893,0.0308094184758893,0.695864511539263,0.11689892883398166,Gradual/incomplete,Gradual/incomplete
Fig6a,K22694,Tomato-planted,70,3,-0.50469191696759,0.50469191696759,0.7947731146760276,0.07231337209974462,Gradual/incomplete,Gradual/incomplete
Fig6a,K21251,Unplanted,70,5,2.03923876899158,2.03923876899158,0.8136030053341001,0.7511920565477392,Gradual/incomplete,Gradual/incomplete
Fig6a,K21251,Tomato-planted,70,5,2.84714865930997,2.84714865930997,0.8079088580887417,0.744437022785957,Gradual/incomplete,Gradual/incomplete
Fig6a,K03465,Unplanted,70,16,0.472965086877661,0.472965086877661,0.4470371689744858,0.24662682849370118,Gradual/incomplete,Gradual/incomplete
Fig6a,K03465,Tomato-planted,70,16,0.410274890197355,0.410274890197355,0.5704895052249457,0.1733267607757308,Gradual/incomplete,Gradual/incomplete
Fig6a,K07008,Unplanted,70,10,-0.244324277189634,0.244324277189634,0.7425640984706414,0.1030303336424556,Rapid,Gradual/incomplete
Fig6a,K07008,Tomato-planted,70,10,1.07473053036706,1.07473053036706,0.829939845511841,0.08746068749325532,Rapid,Gradual/incomplete
Fig6a,K02227,Unplanted,70,14,0.141838244062237,0.141838244062237,0.6449719482949811,0.13222813477898418,Rapid,Gradual/incomplete
Fig6a,K02227,Tomato-planted,70,14,0.0559496110921437,0.0559496110921437,0.6978359872465766,0.11896280697259773,Rapid,Gradual/incomplete
Fig6a,K04772,Unplanted,70,12,-0.211245030235296,0.211245030235296,0.37153681067687816,0.1506296238448804,Gradual/incomplete,Gradual/incomplete
Fig6a,K04772,Tomato-planted,70,12,-0.806962948705879,0.806962948705879,0.35005500924645433,0.1904398126721802,Gradual/incomplete,Gradual/incomplete
Fig6a,K04073,Unplanted,70,9,0.0123874014924557,0.0123874014924557,0.6798183272428276,0.13853419247044915,Rapid,Gradual/incomplete
Fig6a,K04073,Tomato-planted,70,9,0.41434104137548,0.41434104137548,0.7008005608977159,0.13828289943773844,Rapid,Gradual/incomplete
Fig6a,K00351,Unplanted,70,4,-1.32355756172411,1.32355756172411,0.2759153265252705,0.1143040588618956,Persistent/strengthened,Persistent/strengthened
Fig6a,K00351,Tomato-planted,70,4,-0.578797130697319,0.578797130697319,0.3787144487650498,0.21588419852657004,Persistent/strengthened,Persistent/strengthened
Fig6a,K18214,Unplanted,70,6,1.87708168524701,1.87708168524701,0.4784934878781364,0.7228712654626953,Gradual/incomplete,Gradual/incomplete
Fig6a,K18214,Tomato-planted,70,6,0.988516099405304,0.988516099405304,0.8069997052258819,0.6948061152833866,Gradual/incomplete,Gradual/incomplete
Fig6a,K08992,Unplanted,70,8,-0.155387346540661,0.155387346540661,0.2838640049950246,0.12491203886665331,Rapid,Gradual/incomplete
Fig6a,K08992,Tomato-planted,70,8,-1.17763860523731,1.17763860523731,0.4060328827901314,0.12310214721235888,Rapid,Gradual/incomplete
Fig6a,K10234,Unplanted,70,5,0.337945007827818,0.337945007827818,0.5997032573622116,0.5393133131333859,Gradual/incomplete,Persistent/strengthened
Fig6a,K10234,Tomato-planted,70,5,0.59193855315224,0.59193855315224,0.6078078117018793,0.5405135909692984,Gradual/incomplete,Persistent/strengthened
Fig6a,K00016,Unplanted,70,3,0.237518844669957,0.237518844669957,0.20660170795814214,0.35146753773970213,Overshoot/reversal,Rapid
Fig6a,K00016,Tomato-planted,70,3,0.222894086019574,0.222894086019574,0.20701748289679192,0.3430600311036258,Overshoot/reversal,Rapid
Fig6a,K16425,Unplanted,70,3,1.50071314115889,1.50071314115889,0.13943596452279883,0.09512188275668118,Gradual/incomplete,Gradual/incomplete
Fig6a,K16425,Tomato-planted,70,3,1.71001314982327,1.71001314982327,0.06259351632732764,0.10228121115389684,Gradual/incomplete,Gradual/incomplete
Fig6a,K06298,Unplanted,70,5,1.45636497166965,1.45636497166965,0.7620213681872315,0.10302387887877691,Gradual/incomplete,Rapid
Fig6a,K06298,Tomato-planted,70,5,0.869594630051429,0.869594630051429,0.7330150687622398,0.07595699485075921,Gradual/incomplete,Rapid
Fig6a,K05882,Unplanted,70,15,0.108722738188718,0.108722738188718,0.6296009372841836,0.1713145897458681,Rapid,Gradual/incomplete
Fig6a,K05882,Tomato-planted,70,15,1.63043609423409,1.63043609423409,0.7066579551898057,0.09615311895308157,Rapid,Gradual/incomplete
Fig6a,K21949,Unplanted,70,4,0.590608840623941,0.590608840623941,0.7894463894507648,0.7304943297031681,Gradual/incomplete,Gradual/incomplete
Fig6a,K21949,Tomato-planted,70,4,1.23412972469757,1.23412972469757,0.6464595050223859,0.531957361802087,Gradual/incomplete,Gradual/incomplete
Fig6a,K18851,Unplanted,70,8,0.50103629802529,0.50103629802529,0.7501599917652582,0.17551399997208011,Gradual/incomplete,Gradual/incomplete
Fig6a,K18851,Tomato-planted,70,8,0.432442326983661,0.432442326983661,0.7930186929272547,0.16012531254150555,Gradual/incomplete,Gradual/incomplete
Fig6a,K06864,Unplanted,70,15,0.0763553585738964,0.0763553585738964,0.6492599981633115,0.12243017769151235,Rapid,Gradual/incomplete
Fig6a,K06864,Tomato-planted,70,15,-0.0497662639448212,0.0497662639448212,0.6610372651070648,0.09602925547042133,Rapid,Gradual/incomplete
Fig6a,K15579,Unplanted,70,6,-0.0707455122117197,0.0707455122117197,0.08347313508625276,0.3053955694408392,Rapid,Gradual/incomplete
Fig6a,K15579,Tomato-planted,70,6,-0.719256132910065,0.719256132910065,0.15803105933475453,0.3018511511740327,Rapid,Gradual/incomplete
Fig6a,K07079,Unplanted,70,4,-0.0329557087561826,0.0329557087561826,0.840504689678373,0.05120963152586288,Gradual/incomplete,Gradual/incomplete
Fig6a,K07079,Tomato-planted,70,4,-0.332729839590333,0.332729839590333,0.8150445335236937,0.04682119830384941,Gradual/incomplete,Gradual/incomplete
Fig6a,K09158,Unplanted,70,5,-0.107650697816137,0.107650697816137,0.20569414454353355,0.17553697134994192,Gradual/incomplete,Gradual/incomplete
Fig6a,K09158,Tomato-planted,70,5,-0.398738747804386,0.398738747804386,0.2847943037191526,0.2525253805472061,Gradual/incomplete,Gradual/incomplete
Fig6a,K09861,Unplanted,70,11,0.482719298358513,0.482719298358513,0.7646501553130839,0.07165502329916346,Gradual/incomplete,Persistent/strengthened
Fig6a,K09861,Tomato-planted,70,11,0.893731407899147,0.893731407899147,0.7691008754665934,0.06481500558309364,Gradual/incomplete,Persistent/strengthened
Fig6a,K00537,Unplanted,70,23,0.0375470152673082,0.0375470152673082,0.3720917328336768,0.13765003509524193,Gradual/incomplete,Persistent/strengthened
Fig6a,K00537,Tomato-planted,70,23,0.543755879812281,0.543755879812281,0.4679039591562363,0.13356134033230696,Gradual/incomplete,Persistent/strengthened
Fig6a,K10008,Unplanted,70,9,-0.111620096503055,0.111620096503055,0.9232036174355491,0.08454831475403903,Rapid,Gradual/incomplete
Fig6a,K10008,Tomato-planted,70,9,0.527132788116318,0.527132788116318,0.9070452479367265,0.07456268692413584,Rapid,Gradual/incomplete
Fig6a,K17061,Unplanted,70,2,2.35502852808459,2.35502852808459,0.46827741117423205,0.03356040425198495,Gradual/incomplete,Gradual/incomplete
Fig6a,K17061,Tomato-planted,70,2,2.14925272130305,2.14925272130305,0.437204970844832,0.17029478657634675,Gradual/incomplete,Gradual/incomplete
Fig6a,K03528,Unplanted,70,3,-0.249205027727953,0.249205027727953,0.21484754206828788,0.19191261114006838,Gradual/incomplete,Gradual/incomplete
Fig6a,K03528,Tomato-planted,70,3,-0.887970366901965,0.887970366901965,0.30568100155178163,0.2777074593877327,Gradual/incomplete,Gradual/incomplete
Fig6a,K07662,Unplanted,70,2,-0.429182619590021,0.429182619590021,0.23069640249724355,0.314710454713893,Persistent/strengthened,Persistent/strengthened
Fig6a,K07662,Tomato-planted,70,2,-0.367134405185985,0.367134405185985,0.17777648401323523,0.3255856746020993,Persistent/strengthened,Persistent/strengthened
Fig6a,K02496,Unplanted,70,2,-0.450616635434641,0.450616635434641,0.1328586748479184,0.1230477087613996,Gradual/incomplete,Persistent/strengthened
Fig6a,K02496,Tomato-planted,70,2,-0.930796750467096,0.930796750467096,0.19929289077470844,0.18787988480062864,Gradual/incomplete,Persistent/strengthened
Fig6a,K22336,Unplanted,70,3,-0.351796596596933,0.351796596596933,0.8022965343896746,0.09953647531872883,Gradual/incomplete,Gradual/incomplete
Fig6a,K22336,Tomato-planted,70,3,0.0210088503383288,0.0210088503383288,0.7701940351811806,0.08354173605270009,Gradual/incomplete,Gradual/incomplete
Fig6a,K05551,Tomato-planted,70,2,2.76371918743395,2.76371918743395,0.7064086022742253,0.5086497506162182,Gradual/incomplete,Gradual/incomplete
Fig6a,K08714,Unplanted,70,8,0.358026909109485,0.358026909109485,0.7230098436527275,0.10102885973879024,Rapid,Gradual/incomplete
Fig6a,K08714,Tomato-planted,70,8,0.569505810049945,0.569505810049945,0.7684444488842126,0.055280951502029614,Rapid,Gradual/incomplete
Fig6a,K21273,Unplanted,70,3,-0.0882932134688414,0.0882932134688414,0.9328049198959758,0.019340051184830804,Rapid,Gradual/incomplete
Fig6a,K21273,Tomato-planted,70,3,0.803145831841465,0.803145831841465,0.8800932267015806,0.01104873290052293,Rapid,Gradual/incomplete
Fig6a,K19270,Unplanted,70,17,0.41192392928693,0.41192392928693,0.7184227906133954,0.12396826440348233,Gradual/incomplete,Gradual/incomplete
Fig6a,K19270,Tomato-planted,70,17,0.645283762653923,0.645283762653923,0.7352927593623307,0.09041913932679561,Gradual/incomplete,Gradual/incomplete
Fig6a,K08162,Unplanted,70,5,1.33242789562443,1.33242789562443,0.24775953308787005,0.28168051308427094,Persistent/strengthened,Persistent/strengthened
Fig6a,K08162,Tomato-planted,70,5,1.92426840436507,1.92426840436507,0.3437829693503778,0.2947263803270951,Persistent/strengthened,Persistent/strengthened
Fig6a,K01400,Unplanted,70,9,0.363058278673588,0.363058278673588,0.8636548802047802,0.0511385406259448,Overshoot/reversal,Rapid
Fig6a,K01400,Tomato-planted,70,9,0.118777797606346,0.118777797606346,0.8396470901657938,0.04457991200056026,Overshoot/reversal,Rapid
Fig6a,K05555,Unplanted,70,19,0.0249251045118682,0.0249251045118682,0.5904977112088993,0.1534151643035322,Overshoot/reversal,Rapid
Fig6a,K05555,Tomato-planted,70,19,0.307778556710038,0.307778556710038,0.6513799848298061,0.07913776167534112,Overshoot/reversal,Rapid
Fig6a,K06409,Unplanted,70,8,0.386011024775743,0.386011024775743,0.3693637830100327,0.351534198799278,Gradual/incomplete,Gradual/incomplete
Fig6a,K06409,Tomato-planted,70,8,-0.211733738552318,0.211733738552318,0.4357050673217818,0.35641019149594744,Gradual/incomplete,Gradual/incomplete
Fig6a,K19068,Unplanted,70,4,0.510685976803853,0.510685976803853,0.2933423610784755,0.21433372590755073,Gradual/incomplete,Persistent/strengthened
Fig6a,K19068,Tomato-planted,70,4,2.38739962497447,2.38739962497447,0.3453197315919553,0.29504685519942325,Gradual/incomplete,Persistent/strengthened
Fig6a,K17330,Unplanted,70,10,0.0509468052467743,0.0509468052467743,0.9186693962213965,0.059753158700606164,Rapid,Gradual/incomplete
Fig6a,K17330,Tomato-planted,70,10,0.684197413845414,0.684197413845414,0.9219308815564132,0.042193273031506766,Rapid,Gradual/incomplete
Fig6a,K12454,Unplanted,70,7,0.407296139262588,0.407296139262588,0.2657261210448302,0.06715234229673799,Persistent/strengthened,Persistent/strengthened
Fig6a,K12454,Tomato-planted,70,7,0.733972295915714,0.733972295915714,0.0869331786335755,0.07228272964352786,Persistent/strengthened,Persistent/strengthened
Fig6a,K23624,Unplanted,70,3,0.703087351510331,0.703087351510331,0.007667733884694938,0.03183302488272585,Rapid,Rapid
Fig6a,K23624,Tomato-planted,70,3,0.775553184413504,0.775553184413504,0.06045613576508461,0.030269492864091946,Rapid,Rapid
Fig6a,K01725,Unplanted,70,3,-0.128434453476228,0.128434453476228,0.016232712479034045,0.07349188353446616,Gradual/incomplete,Persistent/strengthened
Fig6a,K01725,Tomato-planted,70,3,-0.666660061325147,0.666660061325147,0.09825146567449346,0.06966412162925316,Gradual/incomplete,Persistent/strengthened
Fig6a,K06202,Unplanted,70,3,0.0810103279419198,0.0810103279419198,0.5449493724793437,0.07689126849204758,Rapid,Gradual/incomplete
Fig6a,K06202,Tomato-planted,70,3,-0.346412038463947,0.346412038463947,0.3188466113536312,0.08006665873794305,Rapid,Gradual/incomplete
Fig6a,K17876,Unplanted,70,10,2.56305914185989,2.56305914185989,0.6577289015604646,0.1498986804600818,Gradual/incomplete,Gradual/incomplete
Fig6a,K17876,Tomato-planted,70,10,3.11955147075675,3.11955147075675,0.7890219127193652,0.12865857128899677,Gradual/incomplete,Gradual/incomplete
Fig6a,K10201,Unplanted,70,9,0.759244042901377,0.759244042901377,0.5510726903272354,0.1320831632305131,Gradual/incomplete,Gradual/incomplete
Fig6a,K10201,Tomato-planted,70,9,2.44721019215721,2.44721019215721,0.6225098374593087,0.10050399258383695,Gradual/incomplete,Gradual/incomplete
Fig6a,K21685,Unplanted,70,9,2.78761625455857,2.78761625455857,0.3052929678364921,0.25069943042893833,Gradual/incomplete,Gradual/incomplete
Fig6a,K21685,Tomato-planted,70,9,3.5371702951597,3.5371702951597,0.28116480071940075,0.2444341913296757,Gradual/incomplete,Gradual/incomplete
Fig6a,K06904,Unplanted,70,10,2.87510654832884,2.87510654832884,0.572618956238937,0.3854782266846996,Gradual/incomplete,Gradual/incomplete
Fig6a,K06904,Tomato-planted,70,10,2.33286785894844,2.33286785894844,0.5914198044618351,0.39632894848345385,Gradual/incomplete,Gradual/incomplete
Fig6a,K01406,Unplanted,70,22,0.573644582424297,0.573644582424297,0.4575489178854978,0.15411606809534112,Gradual/incomplete,Persistent/strengthened
Fig6a,K01406,Tomato-planted,70,22,1.62342310198868,1.62342310198868,0.45923573714358507,0.14102243590057267,Gradual/incomplete,Persistent/strengthened
Fig6a,K05712,Unplanted,70,21,-0.0153833999531151,0.0153833999531151,0.5937275024391948,0.24865272310614808,Rapid,Gradual/incomplete
Fig6a,K05712,Tomato-planted,70,21,0.0736417604277461,0.0736417604277461,0.6804381270851118,0.2217788539440749,Rapid,Gradual/incomplete
Fig6a,K22818,Unplanted,70,6,-0.629954860686782,0.629954860686782,0.7906442938041003,0.0791280873775679,Gradual/incomplete,Persistent/strengthened
Fig6a,K22818,Tomato-planted,70,6,-0.96262543801652,0.96262543801652,0.7978337150183421,0.04543721852677142,Gradual/incomplete,Persistent/strengthened
Fig6a,K18429,Unplanted,70,3,-0.0174009249778263,0.0174009249778263,0.19656897578853372,0.030510595803633078,Overshoot/reversal,Rapid
Fig6a,K18429,Tomato-planted,70,3,0.362016035985439,0.362016035985439,0.08962496693002661,0.051165186708604676,Overshoot/reversal,Rapid
Fig6a,K13283,Unplanted,70,13,0.388589642946452,0.388589642946452,0.25863939617300297,0.2243160262026666,Persistent/strengthened,Persistent/strengthened
Fig6a,K13283,Tomato-planted,70,13,1.03420152113984,1.03420152113984,0.3767414761048168,0.12723184648002206,Persistent/strengthened,Persistent/strengthened
Fig6a,K16417,Unplanted,70,4,-1.00998808160824,1.00998808160824,0.34626785978638175,0.421150141377488,Persistent/strengthened,Persistent/strengthened
Fig6a,K16417,Tomato-planted,70,4,-0.835463316861346,0.835463316861346,0.4567063298177375,0.5000802723995023,Persistent/strengthened,Persistent/strengthened
Fig6a,K15329,Unplanted,70,3,0.963559340402091,0.963559340402091,0.7246670302279951,0.21300351623110478,Gradual/incomplete,Gradual/incomplete
Fig6a,K15329,Tomato-planted,70,3,3.30152781746095,3.30152781746095,0.818895323703025,0.29973888139922,Gradual/incomplete,Gradual/incomplete
Fig6a,K15792,Unplanted,70,3,0.584592473243833,0.584592473243833,0.027042839712336095,0.011608805724696887,Persistent/strengthened,Gradual/incomplete
Fig6a,K15792,Tomato-planted,70,3,0.0307754535110758,0.0307754535110758,0.022993487072701588,0.013293650106094956,Persistent/strengthened,Gradual/incomplete
Fig6a,K00643,Unplanted,70,2,0.511573011957486,0.511573011957486,0.22352227026174826,0.021865509111485215,Persistent/strengthened,Persistent/strengthened
Fig6a,K00643,Tomato-planted,70,2,0.695173761090033,0.695173761090033,0.3149053037598813,0.014429544649119358,Persistent/strengthened,Persistent/strengthened
Fig6a,K13058,Unplanted,70,3,1.23979092988826,1.23979092988826,0.016232712479034045,0.07349188353446616,Overshoot/reversal,Overshoot/reversal
Fig6a,K13058,Tomato-planted,70,3,1.31651954906913,1.31651954906913,0.09825146567449346,0.06966412162925316,Overshoot/reversal,Overshoot/reversal
Fig6a,K07673,Unplanted,70,4,-1.29227685122443,1.29227685122443,0.28508120683562865,0.38912750052679707,Persistent/strengthened,Persistent/strengthened
Fig6a,K07673,Tomato-planted,70,4,-1.04674969936311,1.04674969936311,0.24050263334214905,0.29963587739485925,Persistent/strengthened,Persistent/strengthened
Fig6a,K08989,Unplanted,70,11,0.549961831901724,0.549961831901724,0.7067508621723508,0.15461741411317098,Gradual/incomplete,Gradual/incomplete
Fig6a,K08989,Tomato-planted,70,11,1.15430920973618,1.15430920973618,0.7287989682514969,0.10115765124022781,Gradual/incomplete,Gradual/incomplete
Fig6a,K00387,Unplanted,70,19,1.57279148403344,1.57279148403344,0.7676089367366427,0.10962656954361077,Gradual/incomplete,Gradual/incomplete
Fig6a,K00387,Tomato-planted,70,19,0.738586194095523,0.738586194095523,0.8076867173977711,0.08633899255632761,Gradual/incomplete,Gradual/incomplete
Fig6a,K07465,Unplanted,70,15,-0.156270323634053,0.156270323634053,0.8600608675106876,0.03975021971379853,Overshoot/reversal,Rapid
Fig6a,K07465,Tomato-planted,70,15,0.135911184915242,0.135911184915242,0.8618818317859142,0.043217090427360334,Overshoot/reversal,Rapid
Fig6a,K00148,Unplanted,70,7,0.299000516122392,0.299000516122392,0.7049715082882184,0.18439121629907007,Gradual/incomplete,Gradual/incomplete
Fig6a,K00148,Tomato-planted,70,7,0.619127222569813,0.619127222569813,0.693322193655515,0.17521110615240898,Gradual/incomplete,Gradual/incomplete
Fig6a,K22553,Unplanted,70,5,-0.240954378285802,0.240954378285802,0.8599617888167654,0.7949288785162685,Rapid,Gradual/incomplete
Fig6a,K22553,Tomato-planted,70,5,0.274317330676355,0.274317330676355,0.8579572314286429,0.7851980928611069,Rapid,Gradual/incomplete
Fig6a,K02484,Unplanted,70,36,-0.0396460032640797,0.0396460032640797,0.6116916579490985,0.13946050754723163,Rapid,Gradual/incomplete
Fig6a,K02484,Tomato-planted,70,36,0.477899857034381,0.477899857034381,0.6569516709767202,0.11940384181895912,Rapid,Gradual/incomplete
Fig6a,K03761,Unplanted,70,3,0.645422006355635,0.645422006355635,0.2190482697482592,0.02173552878559455,Persistent/strengthened,Persistent/strengthened
Fig6a,K03761,Tomato-planted,70,3,1.15281343102902,1.15281343102902,0.2692134413933574,0.019105543950122345,Persistent/strengthened,Persistent/strengthened
Fig6a,K16438,Unplanted,70,5,1.31974748519103,1.31974748519103,0.7437943729764686,0.09914420616949672,Gradual/incomplete,Gradual/incomplete
Fig6a,K16438,Tomato-planted,70,5,2.00692610733083,2.00692610733083,0.8091394974816086,0.04451938260698943,Gradual/incomplete,Gradual/incomplete
Fig6a,K14339,Unplanted,70,6,-0.876027851879693,0.876027851879693,0.7812215807789927,0.08594865523426692,Persistent/strengthened,Gradual/incomplete
Fig6a,K14339,Tomato-planted,70,6,-0.630151200149138,0.630151200149138,0.8052772660342973,0.10857115310610267,Persistent/strengthened,Gradual/incomplete
Fig6a,K00262,Unplanted,70,8,0.376157334009359,0.376157334009359,0.8415072873532942,0.06770222485592761,Gradual/incomplete,Gradual/incomplete
Fig6a,K00262,Tomato-planted,70,8,0.591127273514086,0.591127273514086,0.8382724697117301,0.06071257487558037,Gradual/incomplete,Gradual/incomplete
Fig6a,K07216,Tomato-planted,70,2,-1.44960104469693,1.44960104469693,0.5879192413608236,0.6682706376557423,Persistent/strengthened,Persistent/strengthened
Fig6a,K15764,Unplanted,70,4,0.085577531597819,0.085577531597819,0.029057858470408447,0.11507751689347236,Gradual/incomplete,Gradual/incomplete
Fig6a,K15764,Tomato-planted,70,4,-0.539821687599622,0.539821687599622,0.13138886115960785,0.10712620797895386,Gradual/incomplete,Gradual/incomplete
Fig6a,K02599,Unplanted,70,9,-0.441809017490108,0.441809017490108,0.3442098537451257,0.09075491127484625,Gradual/incomplete,Persistent/strengthened
Fig6a,K02599,Tomato-planted,70,9,-0.904701442016431,0.904701442016431,0.18257333068152662,0.08448639717605058,Gradual/incomplete,Persistent/strengthened
Fig6a,K15894,Unplanted,70,7,0.827852233485886,0.827852233485886,0.8087234537875095,0.19532191724531545,Gradual/incomplete,Gradual/incomplete
Fig6a,K15894,Tomato-planted,70,7,0.499086636161924,0.499086636161924,0.8267518055795195,0.18423210769914292,Gradual/incomplete,Gradual/incomplete
Fig6a,K02554,Unplanted,70,9,0.117082206371659,0.117082206371659,0.6749266197441516,0.20638359272917722,Rapid,Rapid
Fig6a,K02554,Tomato-planted,70,9,0.127042463567012,0.127042463567012,0.7047760491423533,0.22179527676402727,Rapid,Rapid
Fig6a,K01176,Unplanted,70,16,0.249337746193877,0.249337746193877,0.8683910194469884,0.052932031513765014,Gradual/incomplete,Gradual/incomplete
Fig6a,K01176,Tomato-planted,70,16,0.527590949748555,0.527590949748555,0.864696871779593,0.056187427650516764,Gradual/incomplete,Gradual/incomplete
Fig6a,K00657,Unplanted,70,16,0.843434244579248,0.843434244579248,0.5276582774139384,0.09063210128338231,Gradual/incomplete,Gradual/incomplete
Fig6a,K00657,Tomato-planted,70,16,1.25121897496294,1.25121897496294,0.6151241237496098,0.052601441403392894,Gradual/incomplete,Gradual/incomplete
Fig6a,K14682,Unplanted,70,2,-0.297069349483873,0.297069349483873,0.11250024655339252,0.05458291787513305,Gradual/incomplete,Persistent/strengthened
Fig6a,K14682,Tomato-planted,70,2,-0.86949582946313,0.86949582946313,0.1269036468927405,0.04410109465668807,Gradual/incomplete,Persistent/strengthened
Fig6a,K03577,Unplanted,70,14,0.515115454728103,0.515115454728103,0.3748199975392176,0.07161845406936297,Overshoot/reversal,Overshoot/reversal
Fig6a,K03577,Tomato-planted,70,14,0.517323671544238,0.517323671544238,0.452914690632692,0.07298319359743131,Overshoot/reversal,Overshoot/reversal
Fig6a,K05714,Unplanted,70,18,0.367698306652924,0.367698306652924,0.6912767771658864,0.17911526572308462,Gradual/incomplete,Gradual/incomplete
Fig6a,K05714,Tomato-planted,70,18,-0.00697504662090605,0.00697504662090605,0.7436126676090806,0.18265692526966434,Gradual/incomplete,Gradual/incomplete
Fig6a,K23508,Unplanted,70,12,0.613943396209535,0.613943396209535,0.6455466154710243,0.15716032089980664,Gradual/incomplete,Gradual/incomplete
Fig6a,K23508,Tomato-planted,70,12,0.359851797650856,0.359851797650856,0.670576405105899,0.09551305921991876,Gradual/incomplete,Gradual/incomplete
Fig6a,K22539,Unplanted,70,7,0.983277362158888,0.983277362158888,0.2830203283406102,0.20029801681267298,Gradual/incomplete,Gradual/incomplete
Fig6a,K22539,Tomato-planted,70,7,1.11049222191737,1.11049222191737,0.44120503002943623,0.15901261510441095,Gradual/incomplete,Gradual/incomplete
Fig6a,K11632,Unplanted,70,3,0.811760058181721,0.811760058181721,0.14920948069596612,0.035629105118212795,Rapid,Gradual/incomplete
Fig6a,K11632,Tomato-planted,70,3,2.76446688949398,2.76446688949398,0.34600280176758075,0.0002168226875310653,Rapid,Gradual/incomplete
Fig6a,K20273,Unplanted,70,14,0.0665202269016638,0.0665202269016638,0.5919187866041751,0.10426843185343479,Gradual/incomplete,Gradual/incomplete
Fig6a,K20273,Tomato-planted,70,14,0.733123809210095,0.733123809210095,0.697456502977026,0.05761125484701145,Gradual/incomplete,Gradual/incomplete
Fig6a,K03748,Unplanted,70,8,0.566256578739519,0.566256578739519,0.2147689697585631,0.22440632620749046,Rapid,Rapid
Fig6a,K03748,Tomato-planted,70,8,-0.468913478881664,0.468913478881664,0.19684188086564675,0.19455808129567748,Rapid,Rapid
Fig6a,K22130,Unplanted,70,2,0.264655816160009,0.264655816160009,0.30266721423132026,0.20114322575723004,Gradual/incomplete,Gradual/incomplete
Fig6a,K22130,Tomato-planted,70,2,0.549595590376549,0.549595590376549,0.45268646804542634,0.18614987977156705,Gradual/incomplete,Gradual/incomplete
Fig6a,K15973,Unplanted,70,18,1.05069056966646,1.05069056966646,0.8588838796092187,0.08830580537066932,Persistent/strengthened,Persistent/strengthened
Fig6a,K15973,Tomato-planted,70,18,0.866638826656028,0.866638826656028,0.8751727043655868,0.07500198620662492,Persistent/strengthened,Persistent/strengthened
Fig6a,K01153,Unplanted,70,10,0.504182115333826,0.504182115333826,0.4886438237411627,0.12497008844127931,Gradual/incomplete,Gradual/incomplete
Fig6a,K01153,Tomato-planted,70,10,0.45234732301213,0.45234732301213,0.5481185888510081,0.1048538062543072,Gradual/incomplete,Gradual/incomplete
Fig6a,K16014,Unplanted,70,9,-0.693779960688693,0.693779960688693,0.8602577333318457,0.11379504501931009,Persistent/strengthened,Persistent/strengthened
Fig6a,K16014,Tomato-planted,70,9,-0.731898631237959,0.731898631237959,0.8950921177810347,0.11349578292619822,Persistent/strengthened,Persistent/strengthened
Fig6a,K01496,Unplanted,70,11,-0.00699215043108229,0.00699215043108229,0.8560813897980292,0.06107842671498188,Rapid,Gradual/incomplete
Fig6a,K01496,Tomato-planted,70,11,0.190748608897087,0.190748608897087,0.8644837623632059,0.04952307813100648,Rapid,Gradual/incomplete
Fig6a,K00040,Unplanted,70,3,0.161737266074193,0.161737266074193,0.7549930681901384,0.6942519764120761,Rapid,Rapid
Fig6a,K00040,Tomato-planted,70,3,0.082805356234227,0.082805356234227,0.7600240166420762,0.6966491503781325,Rapid,Rapid
Fig6a,K08224,Unplanted,70,11,0.113073153687239,0.113073153687239,0.634913833013738,0.1708720491157761,Gradual/incomplete,Gradual/incomplete
Fig6a,K08224,Tomato-planted,70,11,0.974216570443163,0.974216570443163,0.687766667031755,0.10152888926136108,Gradual/incomplete,Gradual/incomplete
Fig6a,K03795,Unplanted,70,13,0.262792559148269,0.262792559148269,0.6595960142093683,0.1407678976204054,Gradual/incomplete,Gradual/incomplete
Fig6a,K03795,Tomato-planted,70,13,0.773000903270375,0.773000903270375,0.725666086524724,0.11437996350136093,Gradual/incomplete,Gradual/incomplete
Fig6a,K15583,Unplanted,70,17,0.0731306779065237,0.0731306779065237,0.5736235614148261,0.20292553531180113,Rapid,Gradual/incomplete
Fig6a,K15583,Tomato-planted,70,17,0.292671482438398,0.292671482438398,0.6383454837392232,0.21923228490708552,Rapid,Gradual/incomplete
Fig6a,K13533,Unplanted,70,10,-0.0192771903382466,0.0192771903382466,0.5424960243263257,0.19134234632348035,Rapid,Rapid
Fig6a,K13533,Tomato-planted,70,10,0.216370049189421,0.216370049189421,0.5825351867025386,0.10106056765049193,Rapid,Rapid
Fig6a,K04618,Unplanted,70,8,0.555222118733883,0.555222118733883,0.1000958840104465,0.25054747349534684,Persistent/strengthened,Persistent/strengthened
Fig6a,K04618,Tomato-planted,70,8,-1.58747140576883,1.58747140576883,0.2222732703563457,0.27842994777757935,Persistent/strengthened,Persistent/strengthened
Fig6a,K06921,Unplanted,70,6,0.517292435662004,0.517292435662004,0.7001684162451727,0.13044370453280768,Gradual/incomplete,Gradual/incomplete
Fig6a,K06921,Tomato-planted,70,6,1.19914236119933,1.19914236119933,0.7691000835168594,0.2231384031369466,Gradual/incomplete,Gradual/incomplete
Fig6a,K17331,Unplanted,70,9,-0.451650592094061,0.451650592094061,0.9209402339168946,0.05867889427694779,Overshoot/reversal,Rapid
Fig6a,K17331,Tomato-planted,70,9,0.393094954276582,0.393094954276582,0.9220028405751844,0.04195316039242704,Overshoot/reversal,Rapid
Fig6a,K16784,Unplanted,70,2,-0.255256392745437,0.255256392745437,0.7632170972948153,0.13678188430561805,Gradual/incomplete,Gradual/incomplete
Fig6a,K16784,Tomato-planted,70,2,-0.635163110278312,0.635163110278312,0.7526887851850066,0.1440552039683358,Gradual/incomplete,Gradual/incomplete
Fig6a,K02297,Unplanted,70,3,0.666791227964354,0.666791227964354,0.23848217447352496,0.04083952313255374,Persistent/strengthened,Persistent/strengthened
Fig6a,K02297,Tomato-planted,70,3,1.08492131101472,1.08492131101472,0.30244528029189255,0.035073153250858746,Persistent/strengthened,Persistent/strengthened
Fig6a,K05571,Unplanted,70,4,0.68966780449522,0.68966780449522,0.5876591450207745,0.043415760281405716,Gradual/incomplete,Persistent/strengthened
Fig6a,K05571,Tomato-planted,70,4,1.25975866037154,1.25975866037154,0.6126864670541933,0.09052451075102311,Gradual/incomplete,Persistent/strengthened
Fig6a,K13063,Unplanted,70,8,0.0625907098444873,0.0625907098444873,0.6865467385195939,0.17501404393554568,Rapid,Gradual/incomplete
Fig6a,K13063,Tomato-planted,70,8,0.643225706105774,0.643225706105774,0.7038582348636075,0.1690927382582509,Rapid,Gradual/incomplete
Fig6a,K10241,Unplanted,70,13,1.20457862198108,1.20457862198108,0.8598879010736169,0.12636913849383477,Gradual/incomplete,Gradual/incomplete
Fig6a,K10241,Tomato-planted,70,13,1.91149722704322,1.91149722704322,0.8779123865040821,0.1295797594688647,Gradual/incomplete,Gradual/incomplete
Fig6a,K01055,Unplanted,70,39,-0.0890491131958815,0.0890491131958815,0.5965393402729252,0.1373929610036056,Rapid,Rapid
Fig6a,K01055,Tomato-planted,70,39,-0.144679377194961,0.144679377194961,0.6389752182694981,0.11032329320570103,Rapid,Rapid
Fig6a,K16434,Unplanted,70,3,-3.81621151064893,3.81621151064893,0.1582444442131987,0.0967538599114137,Gradual/incomplete,Gradual/incomplete
Fig6a,K16434,Tomato-planted,70,3,-0.771978139196694,0.771978139196694,0.06402596210347908,0.12756488908938038,Gradual/incomplete,Gradual/incomplete
Fig6a,K12339,Unplanted,70,9,-0.141862205439447,0.141862205439447,0.16399788322909412,0.3543687861809719,Gradual/incomplete,Gradual/incomplete
Fig6a,K12339,Tomato-planted,70,9,-0.534129072648189,0.534129072648189,0.20466575714720414,0.3563980167213217,Gradual/incomplete,Gradual/incomplete
Fig6a,K03973,Unplanted,70,24,0.117494811100884,0.117494811100884,0.5938133233825034,0.16686405514187735,Persistent/strengthened,Persistent/strengthened
Fig6a,K03973,Tomato-planted,70,24,0.586280656832385,0.586280656832385,0.6753960738026217,0.12925023805898186,Persistent/strengthened,Persistent/strengthened
Fig6a,K09684,Unplanted,70,18,0.249935354741536,0.249935354741536,0.8729877166718131,0.10499515692386183,Gradual/incomplete,Gradual/incomplete
Fig6a,K09684,Tomato-planted,70,18,0.979216271428708,0.979216271428708,0.8971905936768715,0.09924327406206843,Gradual/incomplete,Gradual/incomplete
Fig6a,K21966,Unplanted,70,2,0.77071971662082,0.77071971662082,0.04081150714029633,0.02284756718717393,Persistent/strengthened,Persistent/strengthened
Fig6a,K21966,Tomato-planted,70,2,1.44674883341239,1.44674883341239,0.05989700834205533,0.0059056081267028215,Persistent/strengthened,Persistent/strengthened
Fig6a,K21332,Unplanted,70,2,-3.84426111132757,3.84426111132757,0.1659573890280419,0.03664834383399812,Persistent/strengthened,Persistent/strengthened
Fig6a,K21332,Tomato-planted,70,2,-4.99883062371791,4.99883062371791,0.5038294358596387,0.00014695258263031086,Persistent/strengthened,Persistent/strengthened
Fig6a,K05303,Unplanted,70,6,-0.312153806954414,0.312153806954414,0.21871213108876342,0.11797073576900872,Rapid,Rapid
Fig6a,K05303,Tomato-planted,70,6,-0.0898322448876655,0.0898322448876655,0.26707388812330585,0.09790920878754614,Rapid,Rapid
Fig6a,K16698,Unplanted,70,16,-1.2451646600131,1.2451646600131,0.49786258417834306,0.25778128254127175,Rapid,Overshoot/reversal
Fig6a,K16698,Tomato-planted,70,16,3.66398137326451,3.66398137326451,0.5907423503186138,0.2316768887156721,Rapid,Overshoot/reversal
Fig6a,K10217,Unplanted,70,8,-0.162073958127024,0.162073958127024,0.29298145930919417,0.17582361866455629,Rapid,Gradual/incomplete
Fig6a,K10217,Tomato-planted,70,8,0.377108581019055,0.377108581019055,0.42451637613922877,0.23944477343053566,Rapid,Gradual/incomplete
Fig6a,K07697,Unplanted,70,5,2.30387726782464,2.30387726782464,0.23966732924726195,0.056816608193521766,Gradual/incomplete,Gradual/incomplete
Fig6a,K07697,Tomato-planted,70,5,1.15195949225339,1.15195949225339,0.07079207220022313,0.054993220981095534,Gradual/incomplete,Gradual/incomplete
Fig6a,K07096,Unplanted,70,10,0.590088527011189,0.590088527011189,0.49404683625897494,0.23073075041305646,Overshoot/reversal,Overshoot/reversal
Fig6a,K07096,Tomato-planted,70,10,0.544235155790389,0.544235155790389,0.5544724541422835,0.12879487031069145,Overshoot/reversal,Overshoot/reversal
Fig6a,K01281,Unplanted,70,12,0.398661058040485,0.398661058040485,0.7543131276916172,0.0988992975331599,Gradual/incomplete,Gradual/incomplete
Fig6a,K01281,Tomato-planted,70,12,0.958498353302007,0.958498353302007,0.7929559329016626,0.09752066142592873,Gradual/incomplete,Gradual/incomplete
Fig6a,K03739,Unplanted,70,3,1.88397995641549,1.88397995641549,0.0844841639405674,0.03247068929859018,Gradual/incomplete,Persistent/strengthened
Fig6a,K03739,Tomato-planted,70,3,1.84122862909173,1.84122862909173,0.0496320096676951,0.020825411422855798,Gradual/incomplete,Persistent/strengthened
Fig6a,K21209,Unplanted,70,15,3.40723665425422,3.40723665425422,0.7272382861604862,0.16474885015798912,Persistent/strengthened,Persistent/strengthened
Fig6a,K21209,Tomato-planted,70,15,2.53684830291984,2.53684830291984,0.725388493220575,0.18872199630168426,Persistent/strengthened,Persistent/strengthened
Fig6a,K08321,Unplanted,70,3,-0.680839839106739,0.680839839106739,0.7055823822201613,0.5794741796959981,Overshoot/reversal,Rapid
Fig6a,K08321,Tomato-planted,70,3,-0.309712768388257,0.309712768388257,0.7042466528140243,0.5584629352156509,Overshoot/reversal,Rapid
Fig6a,K17318,Unplanted,70,6,0.947591625363902,0.947591625363902,0.8043697898822465,0.753596818939335,Gradual/incomplete,Persistent/strengthened
Fig6a,K17318,Tomato-planted,70,6,1.30523259229868,1.30523259229868,0.7129013007772774,0.6349080851781834,Gradual/incomplete,Persistent/strengthened
Fig6a,K00172,Unplanted,70,7,-1.15150878682205,1.15150878682205,0.5101545412090807,0.06632387120628754,Persistent/strengthened,Persistent/strengthened
Fig6a,K00172,Tomato-planted,70,7,-0.917904162015182,0.917904162015182,0.42700485586353676,0.06942430178952573,Persistent/strengthened,Persistent/strengthened
Fig6a,K11689,Unplanted,70,3,-1.04006741180002,1.04006741180002,0.1860637611923269,0.08626277993670987,Gradual/incomplete,Persistent/strengthened
Fig6a,K11689,Tomato-planted,70,3,-1.02792277642936,1.02792277642936,0.22068223459714303,0.06509462071335109,Gradual/incomplete,Persistent/strengthened
Fig6a,K21645,Unplanted,70,2,2.01568712938986,2.01568712938986,0.20224758943097143,0.10351564955197944,Persistent/strengthened,Persistent/strengthened
Fig6a,K21645,Tomato-planted,70,2,2.12395705180663,2.12395705180663,0.1887703261151582,0.0762469081002594,Persistent/strengthened,Persistent/strengthened
Fig6a,K09799,Unplanted,70,5,-0.248755522657966,0.248755522657966,0.5975644553913546,0.5178646711704867,Rapid,Gradual/incomplete
Fig6a,K09799,Tomato-planted,70,5,0.6086247244005,0.6086247244005,0.5870073130159317,0.4970925747292325,Rapid,Gradual/incomplete
Fig6a,K22820,Unplanted,70,7,-0.851837265036543,0.851837265036543,0.7582961167682624,0.13300152825825617,Gradual/incomplete,Gradual/incomplete
Fig6a,K22820,Tomato-planted,70,7,-1.05603183765814,1.05603183765814,0.8058588319755869,0.1915546094661777,Gradual/incomplete,Gradual/incomplete
Fig6a,K01727,Unplanted,70,4,0.311638169622169,0.311638169622169,0.5394137552688137,0.024233767806041064,Gradual/incomplete,Persistent/strengthened
Fig6a,K01727,Tomato-planted,70,4,0.824754148346912,0.824754148346912,0.10341695916864625,0.02354032079624216,Gradual/incomplete,Persistent/strengthened
Fig6a,K07051,Unplanted,70,12,0.168015740695389,0.168015740695389,0.39464193435101524,0.24005428959170108,Gradual/incomplete,Gradual/incomplete
Fig6a,K07051,Tomato-planted,70,12,0.533483506856505,0.533483506856505,0.49772816915597723,0.21595492937243033,Gradual/incomplete,Gradual/incomplete
Fig6a,K02300,Unplanted,70,2,0.775670567363644,0.775670567363644,0.07603654808748721,0.016150715742070026,Persistent/strengthened,Persistent/strengthened
Fig6a,K02300,Tomato-planted,70,2,1.40486566679768,1.40486566679768,0.10205487100524008,0.02365063144611912,Persistent/strengthened,Persistent/strengthened
Fig6a,K00290,Unplanted,70,18,0.156524484705701,0.156524484705701,0.8179638332533381,0.05313002410961801,Rapid,Gradual/incomplete
Fig6a,K00290,Tomato-planted,70,18,0.35069803350784,0.35069803350784,0.8254259083162052,0.05648287763039965,Rapid,Gradual/incomplete
Fig6a,K01421,Unplanted,70,10,-0.569669413837762,0.569669413837762,0.796471069094144,0.09456272317932429,Overshoot/reversal,Rapid
Fig6a,K01421,Tomato-planted,70,10,0.172301316277906,0.172301316277906,0.8492580217588358,0.08737023882307801,Overshoot/reversal,Rapid
Fig6a,K16416,Unplanted,70,12,0.198033130727997,0.198033130727997,0.8207723500438721,0.09093586226593532,Gradual/incomplete,Gradual/incomplete
Fig6a,K16416,Tomato-planted,70,12,-0.281504810975546,0.281504810975546,0.8533389854935678,0.07093347097177882,Gradual/incomplete,Gradual/incomplete
Fig6a,K22900,Unplanted,70,9,0.302870980374063,0.302870980374063,0.33913487255611857,0.2734369187416046,Gradual/incomplete,Persistent/strengthened
Fig6a,K22900,Tomato-planted,70,9,-1.02687397576931,1.02687397576931,0.3323891845863704,0.2611810831088542,Gradual/incomplete,Persistent/strengthened
Fig6a,K02001,Tomato-planted,70,5,0.427306508135706,0.427306508135706,0.9230832517879508,0.8735119571167913,Rapid,Gradual/incomplete
Fig6a,K00558,Unplanted,70,8,1.83092714955,1.83092714955,0.6171606597269879,0.522420471557916,Gradual/incomplete,Gradual/incomplete
Fig6a,K00558,Tomato-planted,70,8,1.83475896355758,1.83475896355758,0.6542447515733869,0.5052031504671106,Gradual/incomplete,Gradual/incomplete
Fig6a,K14338,Unplanted,70,4,-0.730907176129849,0.730907176129849,0.7569402055775831,0.237402847494908,Overshoot/reversal,Overshoot/reversal
Fig6a,K14338,Tomato-planted,70,4,0.164496876452827,0.164496876452827,0.7638385743413774,0.20799928467367784,Overshoot/reversal,Overshoot/reversal
Fig6a,K00968,Unplanted,70,3,-1.93032416666061,1.93032416666061,0.7671600168783415,0.058655808681933846,Persistent/strengthened,Persistent/strengthened
Fig6a,K00968,Tomato-planted,70,3,-1.41225673976704,1.41225673976704,0.8709925868649564,0.05473983503982509,Persistent/strengthened,Persistent/strengthened
Fig6a,K07518,Unplanted,70,4,-1.13346476347832,1.13346476347832,0.07278941061553254,0.07347439251746181,Persistent/strengthened,Persistent/strengthened
Fig6a,K07518,Tomato-planted,70,4,-1.34680443105019,1.34680443105019,0.11196152850219754,0.11457398032066304,Persistent/strengthened,Persistent/strengthened
Fig6a,K15786,Unplanted,70,2,0.379234548880881,0.379234548880881,0.7899380949976409,0.07255272592943923,Gradual/incomplete,Persistent/strengthened
Fig6a,K15786,Tomato-planted,70,2,0.239751389975558,0.239751389975558,0.8278690807764951,0.08658409459503391,Gradual/incomplete,Persistent/strengthened
Fig6a,K07029,Unplanted,70,35,0.205222882506786,0.205222882506786,0.6486379172429686,0.12526916647981984,Rapid,Gradual/incomplete
Fig6a,K07029,Tomato-planted,70,35,0.455769073378905,0.455769073378905,0.6936991666079897,0.0894978895928992,Rapid,Gradual/incomplete
Fig6a,K00066,Unplanted,70,5,-0.253523446396791,0.253523446396791,0.5295247390671792,0.1991020341658164,Persistent/strengthened,Persistent/strengthened
Fig6a,K00066,Tomato-planted,70,5,-0.799132592388846,0.799132592388846,0.634114386479508,0.08758470717456347,Persistent/strengthened,Persistent/strengthened
Fig6a,K14164,Unplanted,70,7,0.426759188485763,0.426759188485763,0.6113188134787721,0.129250267149375,Overshoot/reversal,Gradual/incomplete
Fig6a,K14164,Tomato-planted,70,7,0.2225933277415,0.2225933277415,0.7372471071116586,0.048146935061663995,Overshoot/reversal,Gradual/incomplete
Fig6a,K00045,Unplanted,70,2,-0.74256755750938,0.74256755750938,0.008611378186780067,0.04674468950087837,Persistent/strengthened,Gradual/incomplete
Fig6a,K00045,Tomato-planted,70,2,-0.263622131410082,0.263622131410082,0.011247367082159843,0.009050237962078655,Persistent/strengthened,Gradual/incomplete
Fig6a,K07654,Unplanted,70,23,0.0302012276368744,0.0302012276368744,0.8043909058352782,0.09826208865684417,Rapid,Gradual/incomplete
Fig6a,K07654,Tomato-planted,70,23,0.77959797961614,0.77959797961614,0.8285058437255381,0.08627521648101716,Rapid,Gradual/incomplete
Fig6a,K21166,Unplanted,70,6,-1.11005723830111,1.11005723830111,0.5611993660288676,0.039742969815561455,Persistent/strengthened,Persistent/strengthened
Fig6a,K21166,Tomato-planted,70,6,-0.505238339576553,0.505238339576553,0.3738479162012312,0.04075528710691264,Persistent/strengthened,Persistent/strengthened
Fig6a,K02672,Unplanted,70,7,0.064839128863778,0.064839128863778,0.12311042024155767,0.05232455155302275,Rapid,Gradual/incomplete
Fig6a,K02672,Tomato-planted,70,7,-0.672448269508227,0.672448269508227,0.10502738529036088,0.05688116514977799,Rapid,Gradual/incomplete
Fig6a,K21471,Unplanted,70,23,0.108568148521916,0.108568148521916,0.7172785373228954,0.11158069434482,Rapid,Gradual/incomplete
Fig6a,K21471,Tomato-planted,70,23,0.739094721582855,0.739094721582855,0.7723803078748617,0.09140768370585586,Rapid,Gradual/incomplete
Fig6a,K09815,Unplanted,70,9,0.0167195911259688,0.0167195911259688,0.8007564065651057,0.16140729907005813,Rapid,Rapid
Fig6a,K09815,Tomato-planted,70,9,0.240333200179648,0.240333200179648,0.8233370075582231,0.15717933655011315,Rapid,Rapid
Fig6a,K15781,Unplanted,70,25,-0.720491308324616,0.720491308324616,0.7757637405917918,0.0836369246112245,Gradual/incomplete,Gradual/incomplete
Fig6a,K15781,Tomato-planted,70,25,-0.227639837201762,0.227639837201762,0.7679819681344681,0.08056021426688328,Gradual/incomplete,Gradual/incomplete
Fig6a,K09607,Unplanted,70,17,-0.0530319929805877,0.0530319929805877,0.701541198735143,0.10619653355847067,Rapid,Gradual/incomplete
Fig6a,K09607,Tomato-planted,70,17,0.647522092055836,0.647522092055836,0.7635404081511127,0.06839909407482553,Rapid,Gradual/incomplete
Fig6a,K02647,Unplanted,70,4,3.28391516250737,3.28391516250737,0.4792904204095838,0.10041238542287416,Gradual/incomplete,Gradual/incomplete
Fig6a,K02647,Tomato-planted,70,4,2.21623116808555,2.21623116808555,0.5206081831662934,0.17084073187877832,Gradual/incomplete,Gradual/incomplete
Fig6a,K14743,Unplanted,70,9,-0.328141116858411,0.328141116858411,0.77371000914909,0.1556278136439103,Gradual/incomplete,Gradual/incomplete
Fig6a,K14743,Tomato-planted,70,9,-1.2322202137286,1.2322202137286,0.8073289639415913,0.19256405465484078,Gradual/incomplete,Gradual/incomplete
Fig6a,K07131,Unplanted,70,21,0.0847986060639493,0.0847986060639493,0.848819514711335,0.1196237071117917,Rapid,Gradual/incomplete
Fig6a,K07131,Tomato-planted,70,21,0.737758503263691,0.737758503263691,0.8683319456223513,0.11851720356949227,Rapid,Gradual/incomplete
Fig6a,K11782,Unplanted,70,7,0.214821886035108,0.214821886035108,0.2913225966994391,0.26578241808928343,Gradual/incomplete,Gradual/incomplete
Fig6a,K11782,Tomato-planted,70,7,0.274943687080288,0.274943687080288,0.2608397095233964,0.22614842185211603,Gradual/incomplete,Gradual/incomplete
Fig6a,K05913,Unplanted,70,3,-0.0318965718622663,0.0318965718622663,0.4452118933286419,0.0017137766238073673,Overshoot/reversal,Gradual/incomplete
Fig6a,K05913,Tomato-planted,70,3,0.204201047192797,0.204201047192797,0.2592092673951872,0.014897474474983095,Overshoot/reversal,Gradual/incomplete
Fig6a,K00479,Unplanted,70,4,-0.037272207002331,0.037272207002331,0.3560856324395555,0.06181286668162579,Rapid,Gradual/incomplete
Fig6a,K00479,Tomato-planted,70,4,-0.303561197565001,0.303561197565001,0.23451974634145878,0.06418462423338699,Rapid,Gradual/incomplete
Fig6a,K23980,Unplanted,70,25,-0.85902218795381,0.85902218795381,0.5863610820539413,0.1345969099650773,Overshoot/reversal,Gradual/incomplete
Fig6a,K23980,Tomato-planted,70,25,0.944385981941799,0.944385981941799,0.6415087963168057,0.1213430993743102,Overshoot/reversal,Gradual/incomplete
Fig6a,K13507,Unplanted,70,5,0.863270738287356,0.863270738287356,0.17771651337542307,0.040735409077549564,Persistent/strengthened,Persistent/strengthened
Fig6a,K13507,Tomato-planted,70,5,0.833015094960969,0.833015094960969,0.10114831831480588,0.03338346176642121,Persistent/strengthened,Persistent/strengthened
Fig6a,K21449,Unplanted,70,36,-0.259639085736956,0.259639085736956,0.4973844234044673,0.19473952947938852,Rapid,Gradual/incomplete
Fig6a,K21449,Tomato-planted,70,36,0.0698093554290812,0.0698093554290812,0.5580462328154129,0.16442009186003237,Rapid,Gradual/incomplete
Fig6a,K16431,Unplanted,70,6,-0.10133559512491,0.10133559512491,0.2118213439260781,0.06472901328396678,Overshoot/reversal,Rapid
Fig6a,K16431,Tomato-planted,70,6,0.354558075316684,0.354558075316684,0.2550500595231145,0.05543555812608166,Overshoot/reversal,Rapid
Fig6a,K15312,Tomato-planted,70,2,-0.292124944460009,0.292124944460009,0.5349788533131397,0.4645651874061001,Gradual/incomplete,Gradual/incomplete
Fig6a,K18286,Unplanted,70,6,0.0667315870808153,0.0667315870808153,0.9086041297084775,0.1085157868816947,Rapid,Gradual/incomplete
Fig6a,K18286,Tomato-planted,70,6,0.563043423730254,0.563043423730254,0.9489630194926352,0.13075815044637407,Rapid,Gradual/incomplete
Fig6a,K11532,Unplanted,70,7,0.183415971774057,0.183415971774057,0.28308354028131266,0.04238104736961065,Persistent/strengthened,Persistent/strengthened
Fig6a,K11532,Tomato-planted,70,7,0.787496210985957,0.787496210985957,0.28536515479139096,0.032135691010746884,Persistent/strengthened,Persistent/strengthened
Fig6a,K18353,Unplanted,70,18,2.27977544525026,2.27977544525026,0.59602467334554,0.24025437281503814,Gradual/incomplete,Gradual/incomplete
Fig6a,K18353,Tomato-planted,70,18,2.98569551048942,2.98569551048942,0.6354910558282328,0.2383235370256618,Gradual/incomplete,Gradual/incomplete
Fig6a,K16423,Unplanted,70,4,0.608273005577908,0.608273005577908,0.762359735893122,0.11694804248239427,Gradual/incomplete,Gradual/incomplete
Fig6a,K16423,Tomato-planted,70,4,2.12606325044864,2.12606325044864,0.7333349423429807,0.11063054239953182,Gradual/incomplete,Gradual/incomplete
Fig6a,K00485,Unplanted,70,19,-1.43829336189112,1.43829336189112,0.5553415881103524,0.17630698824764876,Gradual/incomplete,Gradual/incomplete
Fig6a,K00485,Tomato-planted,70,19,-1.77367048690616,1.77367048690616,0.5999847310917061,0.15502843737955305,Gradual/incomplete,Gradual/incomplete
Fig6a,K19545,Unplanted,70,3,0.497407403694165,0.497407403694165,0.6064167587345141,0.5316890884540006,Gradual/incomplete,Gradual/incomplete
Fig6a,K19545,Tomato-planted,70,3,1.00093589091283,1.00093589091283,0.6129344655401219,0.5345062310583881,Gradual/incomplete,Gradual/incomplete
Fig6a,K01392,Unplanted,70,8,-0.125385089169721,0.125385089169721,0.6562956529395216,0.10356492163518434,Rapid,Gradual/incomplete
Fig6a,K01392,Tomato-planted,70,8,-0.397867640049859,0.397867640049859,0.6105837815037742,0.06653525867054916,Rapid,Gradual/incomplete
Fig6a,K08642,Unplanted,70,12,-1.18768282007939,1.18768282007939,0.7532597089173313,0.13580248963183117,Gradual/incomplete,Gradual/incomplete
Fig6a,K08642,Tomato-planted,70,12,-1.15021849129383,1.15021849129383,0.784164548197423,0.08521549348339272,Gradual/incomplete,Gradual/incomplete
Fig6a,K15269,Unplanted,70,22,-0.039150819670732,0.039150819670732,0.6122911415007671,0.11620620346603547,Rapid,Rapid
Fig6a,K15269,Tomato-planted,70,22,0.492013613098898,0.492013613098898,0.6971508038145114,0.08014265006818806,Rapid,Rapid
Fig6a,K07123,Unplanted,70,5,0.451487506806518,0.451487506806518,0.02878052718904489,0.12477474563185617,Rapid,Rapid
Fig6a,K07123,Tomato-planted,70,5,0.816266728183472,0.816266728183472,0.14285380107297785,0.11477360574969214,Rapid,Rapid
Fig6a,K12953,Unplanted,70,2,-0.663092085051731,0.663092085051731,0.5496788762491726,0.2244206928503541,Gradual/incomplete,Gradual/incomplete
Fig6a,K12953,Tomato-planted,70,2,-0.966679673809755,0.966679673809755,0.6918610279203673,0.27950018967066803,Gradual/incomplete,Gradual/incomplete
Fig6a,K16163,Unplanted,70,11,-0.120613800641246,0.120613800641246,0.9086239421842853,0.08152718366671413,Overshoot/reversal,Rapid
Fig6a,K16163,Tomato-planted,70,11,0.549794113901171,0.549794113901171,0.9098695666387451,0.06460904948231898,Overshoot/reversal,Rapid
Fig6a,K05375,Unplanted,70,12,0.0460328174455005,0.0460328174455005,0.8236299933982174,0.07744446171355648,Rapid,Rapid
Fig6a,K05375,Tomato-planted,70,12,0.398986288808561,0.398986288808561,0.8843665386816032,0.04670743132729372,Rapid,Rapid
Fig6a,K02009,Unplanted,70,12,0.534510435245787,0.534510435245787,0.8017405723201423,0.1039506370347486,Rapid,Rapid
Fig6a,K02009,Tomato-planted,70,12,0.299769343211801,0.299769343211801,0.8550755814851377,0.08328217597341285,Rapid,Rapid
Fig6a,K09166,Unplanted,70,8,0.162435838129979,0.162435838129979,0.335747854803105,0.38352362524959915,Gradual/incomplete,Gradual/incomplete
Fig6a,K09166,Tomato-planted,70,8,0.282593812362485,0.282593812362485,0.46975912929908326,0.3747787984194801,Gradual/incomplete,Gradual/incomplete
Fig6a,K06399,Unplanted,70,4,0.0,0.0,0.17222631319238868,0.1270959889728902,Rapid,Gradual/incomplete
Fig6a,K06399,Tomato-planted,70,4,3.38115990395501,3.38115990395501,0.15974793128996786,0.11777766173335386,Rapid,Gradual/incomplete
Fig6a,K22719,Unplanted,70,23,-0.130765875615503,0.130765875615503,0.5736449184560206,0.1209485451874362,Gradual/incomplete,Gradual/incomplete
Fig6a,K22719,Tomato-planted,70,23,-0.152013708080744,0.152013708080744,0.6219156825730277,0.08712874001424299,Gradual/incomplete,Gradual/incomplete
Fig6a,K18676,Unplanted,70,3,0.767233935092955,0.767233935092955,0.9462626057465273,0.11552228456719751,Gradual/incomplete,Persistent/strengthened
Fig6a,K18676,Tomato-planted,70,3,0.892209302763441,0.892209302763441,0.8969055128575353,0.07860137069279323,Gradual/incomplete,Persistent/strengthened
Fig6a,K03778,Unplanted,70,5,1.06335375745216,1.06335375745216,0.3601047574224685,0.6531205106964016,Persistent/strengthened,Persistent/strengthened
Fig6a,K03778,Tomato-planted,70,5,1.15733826867318,1.15733826867318,0.5761846854135668,0.49979819341031273,Persistent/strengthened,Persistent/strengthened
Fig6a,K23424,Unplanted,70,13,0.0175332464931841,0.0175332464931841,0.23815862308246255,0.23443172475537774,Rapid,Gradual/incomplete
Fig6a,K23424,Tomato-planted,70,13,-0.303519448276006,0.303519448276006,0.28045203278613534,0.21819534121391615,Rapid,Gradual/incomplete
Fig6a,K09141,Unplanted,70,3,-0.232519460984721,0.232519460984721,0.031572025275223854,0.014846116063885586,Rapid,Rapid
Fig6a,K09141,Tomato-planted,70,3,0.242644527276872,0.242644527276872,0.027813555885749658,0.016535578390578287,Rapid,Rapid
Fig6a,K16435,Unplanted,70,2,0.574261818578603,0.574261818578603,0.7899380949976409,0.07255272592943923,Gradual/incomplete,Gradual/incomplete
Fig6a,K16435,Tomato-planted,70,2,1.28691737740586,1.28691737740586,0.8278690807764951,0.08658409459503391,Gradual/incomplete,Gradual/incomplete
Fig6a,K21178,Unplanted,70,3,-3.27889989443147,3.27889989443147,0.2566378920985801,0.05688392263670819,Persistent/strengthened,Persistent/strengthened
Fig6a,K21178,Tomato-planted,70,3,-2.07865580975102,2.07865580975102,0.3356329448560007,0.012424894969151168,Persistent/strengthened,Persistent/strengthened
Fig6a,K01932,Unplanted,70,6,0.711005868410563,0.711005868410563,0.3084640140162032,0.23412425143280946,Gradual/incomplete,Gradual/incomplete
Fig6a,K01932,Tomato-planted,70,6,0.587826235593054,0.587826235593054,0.4689554844859131,0.1996471158597901,Gradual/incomplete,Gradual/incomplete
Fig6a,K17752,Unplanted,70,17,0.507033120621105,0.507033120621105,0.3638511633176428,0.19973862289546987,Gradual/incomplete,Gradual/incomplete
Fig6a,K17752,Tomato-planted,70,17,0.309721559982928,0.309721559982928,0.47319087859609243,0.13506110458305262,Gradual/incomplete,Gradual/incomplete
Fig6a,K07009,Unplanted,70,5,0.378068660952908,0.378068660952908,0.6265359316085106,0.6284818366769578,Gradual/incomplete,Gradual/incomplete
Fig6a,K07009,Tomato-planted,70,5,1.16144723981375,1.16144723981375,0.5192500172770026,0.5117370640507416,Gradual/incomplete,Gradual/incomplete
Fig6a,K16049,Unplanted,70,5,-0.567483172491753,0.567483172491753,0.7771972118115318,0.10069724113559911,Gradual/incomplete,Gradual/incomplete
Fig6a,K16049,Tomato-planted,70,5,-0.667457871320443,0.667457871320443,0.7965169936447472,0.09853280011306184,Gradual/incomplete,Gradual/incomplete
Fig6a,K18911,Unplanted,70,18,0.296692902842804,0.296692902842804,0.4135714907436479,0.25549133684873704,Gradual/incomplete,Gradual/incomplete
Fig6a,K18911,Tomato-planted,70,18,0.657007448634068,0.657007448634068,0.49806930502560703,0.22382904731905667,Gradual/incomplete,Gradual/incomplete
Fig6a,K06726,Unplanted,70,4,1.27886366346433,1.27886366346433,0.6013599194741914,0.487016096959799,Gradual/incomplete,Gradual/incomplete
Fig6a,K06726,Tomato-planted,70,4,1.46011581297743,1.46011581297743,0.5941657896384049,0.47189264069398573,Gradual/incomplete,Gradual/incomplete
Fig6a,K03890,Unplanted,70,10,-0.0601091189228526,0.0601091189228526,0.8147797186862902,0.03137955046818913,Overshoot/reversal,Gradual/incomplete
Fig6a,K03890,Tomato-planted,70,10,0.657282377629304,0.657282377629304,0.8115536761046526,0.034760892672631244,Overshoot/reversal,Gradual/incomplete
Fig6a,K22886,Unplanted,70,2,-0.930784391475513,0.930784391475513,0.26329030709115364,0.00016078564905533388,Persistent/strengthened,Persistent/strengthened
Fig6a,K22886,Tomato-planted,70,2,-0.9273310106388,0.9273310106388,0.055938531889476166,0.006412795551456252,Persistent/strengthened,Persistent/strengthened
Fig6a,K05501,Unplanted,70,4,-0.406075924830634,0.406075924830634,0.41961215455789275,0.11475517128968948,Gradual/incomplete,Gradual/incomplete
Fig6a,K05501,Tomato-planted,70,4,-0.903265448832483,0.903265448832483,0.26057463096922434,0.10218560339388481,Gradual/incomplete,Gradual/incomplete
Fig6a,K00464,Unplanted,70,3,0.71605101668121,0.71605101668121,0.027042839712336095,0.011608805724696887,Gradual/incomplete,Gradual/incomplete
Fig6a,K00464,Tomato-planted,70,3,0.712510927314127,0.712510927314127,0.022993487072701588,0.013293650106094956,Gradual/incomplete,Gradual/incomplete
Fig6a,K18369,Unplanted,70,18,-0.447753533100178,0.447753533100178,0.6784778814851031,0.13731342248253336,Overshoot/reversal,Rapid
Fig6a,K18369,Tomato-planted,70,18,0.200828290271537,0.200828290271537,0.7157477596673293,0.1196955304821069,Overshoot/reversal,Rapid
Fig6a,K18692,Unplanted,70,5,2.77957572646704,2.77957572646704,0.10771887767601118,0.11213629601345382,Gradual/incomplete,Gradual/incomplete
Fig6a,K18692,Tomato-planted,70,5,3.00774003731621,3.00774003731621,0.12805478676447735,0.10494195749733254,Gradual/incomplete,Gradual/incomplete
Fig6a,K13653,Unplanted,70,10,0.900908436813691,0.900908436813691,0.3254395148887328,0.24940543182437858,Gradual/incomplete,Gradual/incomplete
Fig6a,K13653,Tomato-planted,70,10,1.08190151688249,1.08190151688249,0.5377741763822677,0.18341674891927884,Gradual/incomplete,Gradual/incomplete
Fig6a,K18197,Unplanted,70,8,-0.147761534553581,0.147761534553581,0.12144683938109857,0.1070263364243151,Rapid,Rapid
Fig6a,K18197,Tomato-planted,70,8,-0.025368671409337,0.025368671409337,0.22475457094404416,0.09769861641121658,Rapid,Rapid
Fig6a,K10547,Unplanted,70,7,0.855754573583162,0.855754573583162,0.555706746051359,0.13884301883579325,Gradual/incomplete,Persistent/strengthened
Fig6a,K10547,Tomato-planted,70,7,1.55931293309093,1.55931293309093,0.6476070360025156,0.09468469035031735,Gradual/incomplete,Persistent/strengthened
Fig6a,K07451,Unplanted,70,22,0.441871103340865,0.441871103340865,0.4821735076886515,0.13612322958957068,Gradual/incomplete,Gradual/incomplete
Fig6a,K07451,Tomato-planted,70,22,1.03302963287113,1.03302963287113,0.5379774438505227,0.11896039690130772,Gradual/incomplete,Gradual/incomplete
Fig6a,K02027,Unplanted,70,25,0.139209315746428,0.139209315746428,0.7252692240718687,0.16753057110502656,Gradual/incomplete,Gradual/incomplete
Fig6a,K02027,Tomato-planted,70,25,0.506318676505062,0.506318676505062,0.7906981444386747,0.16370515301286778,Gradual/incomplete,Gradual/incomplete
Fig6a,K19203,Unplanted,70,5,-0.256540986396065,0.256540986396065,0.5564457541316199,0.1789714778411783,Overshoot/reversal,Gradual/incomplete
Fig6a,K19203,Tomato-planted,70,5,0.499932090861033,0.499932090861033,0.6958563321735051,0.24375678128661055,Overshoot/reversal,Gradual/incomplete
Fig6a,K15760,Unplanted,70,5,0.581292067792348,0.581292067792348,0.1320046090159242,0.11350156861951814,Rapid,Gradual/incomplete
Fig6a,K15760,Tomato-planted,70,5,-0.581511461407101,0.581511461407101,0.1502124360858634,0.10529036431326921,Rapid,Gradual/incomplete
Fig6a,K08738,Unplanted,70,32,0.383767683420792,0.383767683420792,0.6480209260333567,0.1389884406709997,Gradual/incomplete,Persistent/strengthened
Fig6a,K08738,Tomato-planted,70,32,0.648236642455135,0.648236642455135,0.7238290436244393,0.08676251204298453,Gradual/incomplete,Persistent/strengthened
Fig6a,K06950,Tomato-planted,70,4,0.603307884359234,0.603307884359234,0.8511087834442947,0.8564282848755036,Gradual/incomplete,Gradual/incomplete
Fig6a,K02521,Unplanted,70,5,0.337621387937645,0.337621387937645,0.2164575550673181,0.34513178198280997,Rapid,Gradual/incomplete
Fig6a,K02521,Tomato-planted,70,5,0.075098196360825,0.075098196360825,0.26244531074982935,0.35330652483663816,Rapid,Gradual/incomplete
Fig6a,K03381,Unplanted,70,5,-0.0219932515580167,0.0219932515580167,0.7635286036575543,0.0775458109164464,Gradual/incomplete,Gradual/incomplete
Fig6a,K03381,Tomato-planted,70,5,-0.706901270634637,0.706901270634637,0.799918814585217,0.10609046795599142,Gradual/incomplete,Gradual/incomplete
Fig6a,K04691,Unplanted,70,2,0.596391273485243,0.596391273485243,0.005520991232605105,0.0072185384837548106,Overshoot/reversal,Persistent/strengthened
Fig6a,K04691,Tomato-planted,70,2,-0.584313348817634,0.584313348817634,0.0023316791130717496,0.004929575051741963,Overshoot/reversal,Persistent/strengthened
Fig6a,K01095,Unplanted,70,10,-0.127927357740465,0.127927357740465,0.27873361123218465,0.3411764042621995,Gradual/incomplete,Gradual/incomplete
Fig6a,K01095,Tomato-planted,70,10,-0.225502796866125,0.225502796866125,0.22858283474035218,0.3551103592123326,Gradual/incomplete,Gradual/incomplete
Fig6a,K13652,Unplanted,70,6,0.161699420969574,0.161699420969574,0.5097857159609791,0.1604464090979371,Gradual/incomplete,Persistent/strengthened
Fig6a,K13652,Tomato-planted,70,6,-0.683075391593392,0.683075391593392,0.6710034136210806,0.12402440975522304,Gradual/incomplete,Persistent/strengthened
Fig6a,K02351,Unplanted,70,19,-0.0358943829669097,0.0358943829669097,0.7759987177169956,0.08492969872490697,Rapid,Gradual/incomplete
Fig6a,K02351,Tomato-planted,70,19,0.379645564647559,0.379645564647559,0.8088095171448971,0.07967200609949428,Rapid,Gradual/incomplete
Fig6a,K17320,Unplanted,70,6,1.26951529307649,1.26951529307649,0.788744396810456,0.732440130025465,Gradual/incomplete,Gradual/incomplete
Fig6a,K17320,Tomato-planted,70,6,1.49668193651742,1.49668193651742,0.6941935925314402,0.603120041415715,Gradual/incomplete,Gradual/incomplete
Fig6a,K00852,Unplanted,70,22,0.199870515104703,0.199870515104703,0.6676935261780325,0.1005238508411085,Gradual/incomplete,Gradual/incomplete
Fig6a,K00852,Tomato-planted,70,22,0.554661366231482,0.554661366231482,0.7219682876674958,0.0842582297435962,Gradual/incomplete,Gradual/incomplete
Fig6a,K16925,Unplanted,70,2,-0.131551173672193,0.131551173672193,0.5779057929902941,0.05492974744996416,Overshoot/reversal,Gradual/incomplete
Fig6a,K16925,Tomato-planted,70,2,0.451331415736233,0.451331415736233,0.6914018601164161,0.03213833261654526,Overshoot/reversal,Gradual/incomplete
Fig6a,K19123,Unplanted,70,5,-0.0760052796998935,0.0760052796998935,0.5665047333216084,0.06306508077244195,Rapid,Gradual/incomplete
Fig6a,K19123,Tomato-planted,70,5,0.851933753791675,0.851933753791675,0.7645915204027944,0.021107517632195053,Rapid,Gradual/incomplete
Fig6a,K15719,Unplanted,70,5,-0.174144950321916,0.174144950321916,0.7809609921640215,0.0767557360771435,Overshoot/reversal,Overshoot/reversal
Fig6a,K15719,Tomato-planted,70,5,1.62358515803563,1.62358515803563,0.841531816675692,0.04607944765575983,Overshoot/reversal,Overshoot/reversal
Fig6a,K02418,Unplanted,70,5,0.252961704256912,0.252961704256912,0.24602941446952697,0.3846929175081344,Overshoot/reversal,Overshoot/reversal
Fig6a,K02418,Tomato-planted,70,5,0.314718646305496,0.314718646305496,0.20779944532669403,0.4104843670433724,Overshoot/reversal,Overshoot/reversal
Fig6a,K13727,Unplanted,70,3,1.02789062262063,1.02789062262063,0.01711586963684653,0.10439652299777943,Overshoot/reversal,Overshoot/reversal
Fig6a,K13727,Tomato-planted,70,3,0.732703203429775,0.732703203429775,0.1015123420717796,0.0945162067323797,Overshoot/reversal,Overshoot/reversal
Fig6a,K02385,Unplanted,70,4,1.02783138517942,1.02783138517942,0.4231278097752433,0.21368022689059485,Overshoot/reversal,Overshoot/reversal
Fig6a,K02385,Tomato-planted,70,4,1.16053968924044,1.16053968924044,0.3652313016889628,0.2306917828894711,Overshoot/reversal,Overshoot/reversal
Fig6a,K16446,Unplanted,70,4,-1.1601205728887,1.1601205728887,0.7653181221326626,0.06902301741127947,Gradual/incomplete,Gradual/incomplete
Fig6a,K16446,Tomato-planted,70,4,-2.95475043873803,2.95475043873803,0.8560472659481039,0.04185099530945997,Gradual/incomplete,Gradual/incomplete
Fig6a,K19224,Unplanted,70,5,1.97205783510235,1.97205783510235,0.6876390169358818,0.10746683844248472,Gradual/incomplete,Gradual/incomplete
Fig6a,K19224,Tomato-planted,70,5,1.26482561502826,1.26482561502826,0.724493866021513,0.06675386111696124,Gradual/incomplete,Gradual/incomplete
Fig6a,K13315,Unplanted,70,14,1.28670536746506,1.28670536746506,0.6692555496513084,0.12801358364384355,Gradual/incomplete,Gradual/incomplete
Fig6a,K13315,Tomato-planted,70,14,2.72069416874417,2.72069416874417,0.6860910260429445,0.12564838433110312,Gradual/incomplete,Gradual/incomplete
Fig6a,K01222,Unplanted,70,4,0.204014030561982,0.204014030561982,0.7728244213557213,0.6723498486546488,Gradual/incomplete,Gradual/incomplete
Fig6a,K01222,Tomato-planted,70,4,0.574106626100025,0.574106626100025,0.7655880077736681,0.6521482526587465,Gradual/incomplete,Gradual/incomplete
Fig6a,K07156,Unplanted,70,6,0.35209577761507,0.35209577761507,0.5726912235105052,0.14056313966271086,Gradual/incomplete,Gradual/incomplete
Fig6a,K07156,Tomato-planted,70,6,0.468197895661377,0.468197895661377,0.6793491856872904,0.0673504790193729,Gradual/incomplete,Gradual/incomplete
Fig6a,K00232,Unplanted,70,16,-0.315049377339286,0.315049377339286,0.757873306985104,0.08302462456948187,Persistent/strengthened,Gradual/incomplete
Fig6a,K00232,Tomato-planted,70,16,-0.063480219209652,0.063480219209652,0.7606319841067298,0.07175451758763454,Persistent/strengthened,Gradual/incomplete
Fig6a,K19231,Unplanted,70,13,-1.15522943372235,1.15522943372235,0.4463507782688862,0.14882297100944694,Persistent/strengthened,Gradual/incomplete
Fig6a,K19231,Tomato-planted,70,13,-0.467985257665707,0.467985257665707,0.5433478855200912,0.1433006524670853,Persistent/strengthened,Gradual/incomplete
Fig6a,K10798,Unplanted,70,4,1.76290252730769,1.76290252730769,0.14120520306374734,0.07049021337953434,Persistent/strengthened,Gradual/incomplete
Fig6a,K10798,Tomato-planted,70,4,1.02775614620464,1.02775614620464,0.12890920227083635,0.06864135437502757,Persistent/strengthened,Gradual/incomplete
Fig6a,K08365,Unplanted,70,8,0.0748507518075006,0.0748507518075006,0.772760720675711,0.1962508055368592,Persistent/strengthened,Persistent/strengthened
Fig6a,K08365,Tomato-planted,70,8,0.847071051803945,0.847071051803945,0.8008513078345765,0.18688460285172828,Persistent/strengthened,Persistent/strengthened
Fig6a,K02026,Unplanted,70,25,0.118897028215143,0.118897028215143,0.7592702349792398,0.16511616440170146,Rapid,Gradual/incomplete
Fig6a,K02026,Tomato-planted,70,25,0.553315160030551,0.553315160030551,0.8086514162817786,0.1824547260630444,Rapid,Gradual/incomplete
Fig6a,K22723,Unplanted,70,4,0.454678196415704,0.454678196415704,0.1690191414432865,0.38366634369537633,Overshoot/reversal,Gradual/incomplete
Fig6a,K22723,Tomato-planted,70,4,0.182831823114049,0.182831823114049,0.20674392011557502,0.3750384772136588,Overshoot/reversal,Gradual/incomplete
Fig6a,K23988,Unplanted,70,15,0.249516379385542,0.249516379385542,0.513990809838796,0.1598185149971452,Gradual/incomplete,Gradual/incomplete
Fig6a,K23988,Tomato-planted,70,15,-0.105223504955105,0.105223504955105,0.6115605290122842,0.10331515159081645,Gradual/incomplete,Gradual/incomplete
Fig6a,K02008,Unplanted,70,11,0.242054930133678,0.242054930133678,0.8520749150692284,0.12842090736431105,Rapid,Gradual/incomplete
Fig6a,K02008,Tomato-planted,70,11,0.616245194655289,0.616245194655289,0.8901725098912683,0.1276102162506194,Rapid,Gradual/incomplete
Fig6a,K01184,Unplanted,70,6,0.249876791725931,0.249876791725931,0.03682642489379776,0.0998072123043166,Rapid,Overshoot/reversal
Fig6a,K01184,Tomato-planted,70,6,1.27137593116833,1.27137593116833,0.11844981849803951,0.09230574808214567,Rapid,Overshoot/reversal
Fig6a,K02657,Unplanted,70,6,-0.384439750804095,0.384439750804095,0.24662591255630373,0.11774873977955556,Gradual/incomplete,Persistent/strengthened
Fig6a,K02657,Tomato-planted,70,6,-0.821593616068116,0.821593616068116,0.28816876708149225,0.16761716462680853,Gradual/incomplete,Persistent/strengthened
Fig6a,K16870,Unplanted,70,18,-0.117222662706594,0.117222662706594,0.6144165499547397,0.10341767025506811,Persistent/strengthened,Persistent/strengthened
Fig6a,K16870,Tomato-planted,70,18,-0.0883335165504064,0.0883335165504064,0.7177479473514369,0.07104363252192235,Persistent/strengthened,Persistent/strengthened
Fig6a,K02025,Unplanted,70,24,0.0228658751036413,0.0228658751036413,0.7315723374230105,0.1449472674416928,Rapid,Gradual/incomplete
Fig6a,K02025,Tomato-planted,70,24,0.498443586530139,0.498443586530139,0.792753965511018,0.12455966673783511,Rapid,Gradual/incomplete
Fig6a,K00556,Unplanted,70,10,0.982288492258742,0.982288492258742,0.2986793894013917,0.26386332181349004,Overshoot/reversal,Overshoot/reversal
Fig6a,K00556,Tomato-planted,70,10,-0.0597909634020487,0.0597909634020487,0.32462504513195056,0.25404689079228054,Overshoot/reversal,Overshoot/reversal
Fig6a,K06876,Tomato-planted,70,2,2.58543283697827,2.58543283697827,0.5879192413608236,0.6682706376557423,Gradual/incomplete,Gradual/incomplete
Fig6a,K16899,Unplanted,70,8,0.132246537059423,0.132246537059423,0.16786631425620213,0.3935127450837674,Gradual/incomplete,Persistent/strengthened
Fig6a,K16899,Tomato-planted,70,8,0.525037656285588,0.525037656285588,0.20405421018810949,0.3580054017524141,Gradual/incomplete,Persistent/strengthened
Fig6a,K13010,Unplanted,70,23,0.213133947640789,0.213133947640789,0.6527934341109684,0.15064012723537024,Rapid,Rapid
Fig6a,K13010,Tomato-planted,70,23,-0.259374858223032,0.259374858223032,0.7026478235926183,0.13567834134222853,Rapid,Rapid
Fig6a,K14054,Unplanted,70,7,-0.877950927574294,0.877950927574294,0.7317259642061944,0.12363258529875062,Gradual/incomplete,Gradual/incomplete
Fig6a,K14054,Tomato-planted,70,7,-0.578542116228554,0.578542116228554,0.7067802832589362,0.04725516667253386,Gradual/incomplete,Gradual/incomplete
Fig6a,K22298,Unplanted,70,13,-0.154986145532566,0.154986145532566,0.5799852377580854,0.16919650670796785,Gradual/incomplete,Gradual/incomplete
Fig6a,K22298,Tomato-planted,70,13,1.22380336497574,1.22380336497574,0.6246534139708384,0.08941091430327619,Gradual/incomplete,Gradual/incomplete
Fig6a,K07224,Unplanted,70,11,0.191746686166363,0.191746686166363,0.7598860004161232,0.06107910304257226,Rapid,Gradual/incomplete
Fig6a,K07224,Tomato-planted,70,11,0.68158741761048,0.68158741761048,0.7511589664547161,0.053697031367287845,Rapid,Gradual/incomplete
Fig6a,K01066,Unplanted,70,2,0.0962045361143876,0.0962045361143876,0.7576172529437264,0.13097457664035378,Gradual/incomplete,Gradual/incomplete
Fig6a,K01066,Tomato-planted,70,2,0.260783679486249,0.260783679486249,0.7036367157704224,0.12517289189602562,Gradual/incomplete,Gradual/incomplete
Fig6a,K06945,Unplanted,70,16,-0.548902807804112,0.548902807804112,0.8867635280059079,0.10426092771853901,Overshoot/reversal,Rapid
Fig6a,K06945,Tomato-planted,70,16,0.383304943148206,0.383304943148206,0.9012763895036127,0.09462969611986943,Overshoot/reversal,Rapid
Fig6a,K22322,Unplanted,70,3,0.180136227644991,0.180136227644991,0.43032509242924777,0.4619326590025534,Gradual/incomplete,Gradual/incomplete
Fig6a,K22322,Tomato-planted,70,3,3.363790451205,3.363790451205,0.695051382822236,0.4399027289695247,Gradual/incomplete,Gradual/incomplete
Fig6a,K06136,Unplanted,70,5,-0.196591612825325,0.196591612825325,0.4872300872072932,0.21293254185940497,Gradual/incomplete,Persistent/strengthened
Fig6a,K06136,Tomato-planted,70,5,-0.774062521039587,0.774062521039587,0.5499728905157386,0.29497264074427526,Gradual/incomplete,Persistent/strengthened
Fig6a,K00116,Unplanted,70,9,1.03013587196292,1.03013587196292,0.3168507447503624,0.19599650289732115,Gradual/incomplete,Gradual/incomplete
Fig6a,K00116,Tomato-planted,70,9,1.07268086551533,1.07268086551533,0.3797128994645543,0.140459411471688,Gradual/incomplete,Gradual/incomplete
Fig6a,K06027,Unplanted,70,5,0.358898537650452,0.358898537650452,0.4871122141080336,0.17599751135006236,Gradual/incomplete,Gradual/incomplete
Fig6a,K06027,Tomato-planted,70,5,0.836530426739878,0.836530426739878,0.378295904750259,0.11083540950002915,Gradual/incomplete,Gradual/incomplete
Fig6a,K07226,Unplanted,70,3,-0.0547102319449925,0.0547102319449925,0.252801934094067,0.019077341255583344,Rapid,Rapid
Fig6a,K07226,Tomato-planted,70,3,-0.163842469919909,0.163842469919909,0.17838243493674993,0.029593332401670024,Rapid,Rapid
Fig6a,K03617,Unplanted,70,2,0.383495495044186,0.383495495044186,0.02674208459767266,0.0031275135802572573,Overshoot/reversal,Overshoot/reversal
Fig6a,K03617,Tomato-planted,70,2,0.545767390707736,0.545767390707736,0.05275213178629337,0.007550124055251239,Overshoot/reversal,Overshoot/reversal
Fig6a,K03573,Unplanted,70,5,0.643824807279525,0.643824807279525,0.025778487556702076,0.10546302223896677,Rapid,Gradual/incomplete
Fig6a,K03573,Tomato-planted,70,5,-0.655635309203081,0.655635309203081,0.12667783207942734,0.09854369041778184,Rapid,Gradual/incomplete
Fig6a,K09880,Unplanted,70,3,-0.249737321266412,0.249737321266412,0.12712380459460193,0.08680729089955225,Gradual/incomplete,Gradual/incomplete
Fig6a,K09880,Tomato-planted,70,3,-0.493411941200608,0.493411941200608,0.15707893204578777,0.0975921940200178,Gradual/incomplete,Gradual/incomplete
Fig6a,K03791,Unplanted,70,2,-0.0185927917697859,0.0185927917697859,0.04186344783269896,0.05986408571840582,Rapid,Rapid
Fig6a,K03791,Tomato-planted,70,2,-0.363329967228914,0.363329967228914,0.024163457361739665,0.022522084265952536,Rapid,Rapid
Fig6a,K20469,Unplanted,70,22,-1.18818425950267,1.18818425950267,0.7862308853243771,0.08666469743611042,Persistent/strengthened,Gradual/incomplete
Fig6a,K20469,Tomato-planted,70,22,-1.43335022279745,1.43335022279745,0.7984619983786049,0.07502750451727096,Persistent/strengthened,Gradual/incomplete
Fig6a,K05782,Unplanted,70,5,0.305371604476122,0.305371604476122,0.17623965632512512,0.10892379144663694,Rapid,Rapid
Fig6a,K05782,Tomato-planted,70,5,0.0821090318355943,0.0821090318355943,0.09628237279114374,0.16751534114753686,Rapid,Rapid
Fig6a,K05554,Unplanted,70,5,0.385458401768543,0.385458401768543,0.8562676870923842,0.06687941157819267,Gradual/incomplete,Gradual/incomplete
Fig6a,K05554,Tomato-planted,70,5,1.81205658719555,1.81205658719555,0.9207292088002705,0.062828043984567,Gradual/incomplete,Gradual/incomplete
Fig6a,K01664,Unplanted,70,6,0.020127285119737,0.020127285119737,0.878638302486151,0.03691305986989195,Rapid,Gradual/incomplete
Fig6a,K01664,Tomato-planted,70,6,0.287845610763015,0.287845610763015,0.8746431761327765,0.026001743472457536,Rapid,Gradual/incomplete
Fig6a,K21165,Unplanted,70,5,-1.67261528194523,1.67261528194523,0.5500223643005,0.03445241869476618,Persistent/strengthened,Persistent/strengthened
Fig6a,K21165,Tomato-planted,70,5,-1.43261061430246,1.43261061430246,0.30394603967987377,0.0341899950400156,Persistent/strengthened,Persistent/strengthened
Fig6a,K02315,Unplanted,70,9,0.169291873365282,0.169291873365282,0.5197720970086936,0.3268490003151594,Gradual/incomplete,Gradual/incomplete
Fig6a,K02315,Tomato-planted,70,9,0.393825161198171,0.393825161198171,0.6232867034097356,0.3039170805774461,Gradual/incomplete,Gradual/incomplete
Fig6a,K05795,Unplanted,70,6,1.58271126613104,1.58271126613104,0.9218790389362643,0.8957298304470581,Gradual/incomplete,Gradual/incomplete
Fig6a,K05795,Tomato-planted,70,6,1.23386095511071,1.23386095511071,0.8176255570577906,0.7468711543507566,Gradual/incomplete,Gradual/incomplete
Fig6a,K14668,Unplanted,70,8,0.973825221301606,0.973825221301606,0.8998114213925107,0.1415940418838531,Gradual/incomplete,Gradual/incomplete
Fig6a,K14668,Tomato-planted,70,8,2.68470468489485,2.68470468489485,0.9377426909197997,0.1463723436032469,Gradual/incomplete,Gradual/incomplete
Fig6a,K03804,Unplanted,70,3,0.558148277905485,0.558148277905485,0.028163328161751974,0.12311904777325072,Overshoot/reversal,Gradual/incomplete
Fig6a,K03804,Tomato-planted,70,3,-0.1606764668422,0.1606764668422,0.13952956949796672,0.11515863139442231,Overshoot/reversal,Gradual/incomplete
Fig6a,K14136,Unplanted,70,13,-1.59296674641608,1.59296674641608,0.6334645470306326,0.16055973323773792,Persistent/strengthened,Persistent/strengthened
Fig6a,K14136,Tomato-planted,70,13,-1.27597417361833,1.27597417361833,0.6202419046713346,0.139297824800707,Persistent/strengthened,Persistent/strengthened
Fig6a,K10005,Unplanted,70,12,0.34830170859663,0.34830170859663,0.8592924838941458,0.07460227183833382,Rapid,Gradual/incomplete
Fig6a,K10005,Tomato-planted,70,12,0.697172560794796,0.697172560794796,0.8660235096979478,0.06088565922395562,Rapid,Gradual/incomplete
Fig6a,K14631,Unplanted,70,5,-1.23510431679868,1.23510431679868,0.7417847634269692,0.09305293634547351,Overshoot/reversal,Overshoot/reversal
Fig6a,K14631,Tomato-planted,70,5,-0.452966022082469,0.452966022082469,0.7791912553704698,0.07100016437919815,Overshoot/reversal,Overshoot/reversal
Fig6a,K23176,Unplanted,70,6,0.465097909880659,0.465097909880659,0.7652588231802635,0.3658616672247069,Gradual/incomplete,Gradual/incomplete
Fig6a,K23176,Tomato-planted,70,6,1.50071881281339,1.50071881281339,0.7847879205254241,0.3686562325978842,Gradual/incomplete,Gradual/incomplete
Fig6a,K05342,Unplanted,70,13,0.445628426017661,0.445628426017661,0.7234107746621014,0.1271501642281524,Gradual/incomplete,Gradual/incomplete
Fig6a,K05342,Tomato-planted,70,13,1.0098057931397,1.0098057931397,0.7559363270723626,0.15758069546728187,Gradual/incomplete,Gradual/incomplete
Fig6a,K03716,Unplanted,70,3,-0.316497989012611,0.316497989012611,0.3488417465863487,0.3548769647685035,Rapid,Gradual/incomplete
Fig6a,K03716,Tomato-planted,70,3,1.15970820679379,1.15970820679379,0.3364250896119751,0.35283922599165585,Rapid,Gradual/incomplete
Fig6a,K03466,Unplanted,70,37,0.0803234735962817,0.0803234735962817,0.6263722103162114,0.1498541356684905,Rapid,Gradual/incomplete
Fig6a,K03466,Tomato-planted,70,37,0.296611530845302,0.296611530845302,0.6994802105498009,0.12290275440983883,Rapid,Gradual/incomplete
Fig6a,K11410,Unplanted,70,13,0.0427722558256765,0.0427722558256765,0.8431073128184824,0.06686435884381324,Rapid,Gradual/incomplete
Fig6a,K11410,Tomato-planted,70,13,0.746764546685939,0.746764546685939,0.8635467053379511,0.05744185126190606,Rapid,Gradual/incomplete
Fig6a,K11962,Unplanted,70,7,0.203342023278803,0.203342023278803,0.2259129022099748,0.37457338178227084,Rapid,Gradual/incomplete
Fig6a,K11962,Tomato-planted,70,7,-0.26738065517829,0.26738065517829,0.2995865608650665,0.3781848707954773,Rapid,Gradual/incomplete
Fig6a,K03749,Unplanted,70,8,0.104386960800813,0.104386960800813,0.3259352004078926,0.06043385602610278,Rapid,Rapid
Fig6a,K03749,Tomato-planted,70,8,-0.371335637737351,0.371335637737351,0.2898807207825193,0.0803798833025462,Rapid,Rapid
Fig6a,K03298,Unplanted,70,25,0.576268368177627,0.576268368177627,0.4797597199723598,0.1378670296395426,Gradual/incomplete,Persistent/strengthened
Fig6a,K03298,Tomato-planted,70,25,1.25769644345569,1.25769644345569,0.5512307195662428,0.11451458779259373,Gradual/incomplete,Persistent/strengthened
Fig6a,K10240,Unplanted,70,10,0.781638894006345,0.781638894006345,0.9177761429702231,0.18491861562997766,Gradual/incomplete,Gradual/incomplete
Fig6a,K10240,Tomato-planted,70,10,1.84672804610279,1.84672804610279,0.9207789099170046,0.17142872983671043,Gradual/incomplete,Gradual/incomplete
Fig6a,K15924,Unplanted,70,11,1.04007415265032,1.04007415265032,0.17327471948290835,0.2565314878959189,Overshoot/reversal,Gradual/incomplete
Fig6a,K15924,Tomato-planted,70,11,0.595393812569157,0.595393812569157,0.3072817971979521,0.2313049748001449,Overshoot/reversal,Gradual/incomplete
Fig6a,K09912,Unplanted,70,2,-0.0725720682938782,0.0725720682938782,0.043958817934049495,0.007418264612572683,Gradual/incomplete,Gradual/incomplete
Fig6a,K09912,Tomato-planted,70,2,-0.537255413208098,0.537255413208098,0.05345198368889479,0.008801075802247108,Gradual/incomplete,Gradual/incomplete
Fig6a,K10232,Unplanted,70,7,0.197372474952624,0.197372474952624,0.9061437706755059,0.19853601672405466,Gradual/incomplete,Gradual/incomplete
Fig6a,K10232,Tomato-planted,70,7,0.678140981367121,0.678140981367121,0.8896574318174171,0.1891388091068771,Gradual/incomplete,Gradual/incomplete
Fig6a,K14166,Unplanted,70,10,0.598875397947678,0.598875397947678,0.6121479984797334,0.5511330238083658,Gradual/incomplete,Gradual/incomplete
Fig6a,K14166,Tomato-planted,70,10,1.01051223318498,1.01051223318498,0.6464124643152735,0.5292930412503564,Gradual/incomplete,Gradual/incomplete
Fig6a,K16396,Unplanted,70,7,0.582463977317029,0.582463977317029,0.8067207571640405,0.06877609199617314,Gradual/incomplete,Gradual/incomplete
Fig6a,K16396,Tomato-planted,70,7,1.43000002006249,1.43000002006249,0.824476828852476,0.09023054926695306,Gradual/incomplete,Gradual/incomplete
Fig6a,K15581,Unplanted,70,17,0.0652065556571354,0.0652065556571354,0.5904654028342291,0.17122218997282984,Rapid,Gradual/incomplete
Fig6a,K15581,Tomato-planted,70,17,0.285696112682428,0.285696112682428,0.6422315849137441,0.20339727808968935,Rapid,Gradual/incomplete
Fig6a,K13687,Unplanted,70,12,-0.184024702759683,0.184024702759683,0.821456643442939,0.06578038875574585,Gradual/incomplete,Gradual/incomplete
Fig6a,K13687,Tomato-planted,70,12,0.0623071750027582,0.0623071750027582,0.7198277108562614,0.0635773428346954,Gradual/incomplete,Gradual/incomplete
Fig6a,K08640,Unplanted,70,6,0.617107558838201,0.617107558838201,0.5124491183664006,0.2696739727896698,Gradual/incomplete,Gradual/incomplete
Fig6a,K08640,Tomato-planted,70,6,1.24200542417275,1.24200542417275,0.5931629713863702,0.1759452271006486,Gradual/incomplete,Gradual/incomplete
Fig6a,K00851,Unplanted,70,11,0.133086357620749,0.133086357620749,0.7023641614397256,0.20306912192767052,Gradual/incomplete,Gradual/incomplete
Fig6a,K00851,Tomato-planted,70,11,0.831436258360714,0.831436258360714,0.756215922527131,0.1656946951443369,Gradual/incomplete,Gradual/incomplete
Fig6a,K19268,Unplanted,70,2,-1.27540840750915,1.27540840750915,0.1659573890280419,0.03664834383399812,Persistent/strengthened,Persistent/strengthened
Fig6a,K19268,Tomato-planted,70,2,-1.08919427592631,1.08919427592631,0.5038294358596387,0.00014695258263031086,Persistent/strengthened,Persistent/strengthened
Fig6a,K02458,Unplanted,70,12,-0.321203034412565,0.321203034412565,0.2988199577794297,0.16688155204204402,Gradual/incomplete,Gradual/incomplete
Fig6a,K02458,Tomato-planted,70,12,-0.438887327561204,0.438887327561204,0.25841924790788456,0.20972143173721836,Gradual/incomplete,Gradual/incomplete
Fig6a,K13498,Unplanted,70,8,0.385527178084256,0.385527178084256,0.4461654429242054,0.10940255265177698,Persistent/strengthened,Persistent/strengthened
Fig6a,K13498,Tomato-planted,70,8,1.02809760947634,1.02809760947634,0.3025074477406652,0.06889733678568188,Persistent/strengthened,Persistent/strengthened
Fig6a,K22819,Unplanted,70,6,-0.560357991136463,0.560357991136463,0.8116985905999614,0.07679251777663214,Gradual/incomplete,Persistent/strengthened
Fig6a,K22819,Tomato-planted,70,6,-1.21782590684396,1.21782590684396,0.8429225726521015,0.04246713101575172,Gradual/incomplete,Persistent/strengthened
Fig6a,K21336,Unplanted,70,5,-2.83953226946272,2.83953226946272,0.7043420119921107,0.05882127653336076,Persistent/strengthened,Persistent/strengthened
Fig6a,K21336,Tomato-planted,70,5,-4.50210206284728,4.50210206284728,0.8166540072873514,0.036647417310454955,Persistent/strengthened,Persistent/strengthened
Fig6a,K15653,Unplanted,70,4,-0.431515411000642,0.431515411000642,0.6413559756759344,0.12824725885110572,Gradual/incomplete,Gradual/incomplete
Fig6a,K15653,Tomato-planted,70,4,-2.41144244451503,2.41144244451503,0.7864714973159828,0.17525890015826395,Gradual/incomplete,Gradual/incomplete
Fig6a,K03784,Unplanted,70,7,-0.343872980589917,0.343872980589917,0.3416383566044179,0.048902095960396116,Overshoot/reversal,Gradual/incomplete
Fig6a,K03784,Tomato-planted,70,7,0.447333360544432,0.447333360544432,0.4147945164483781,0.053004605926743734,Overshoot/reversal,Gradual/incomplete
Fig6a,K02841,Unplanted,70,2,-0.707783735154303,0.707783735154303,0.0748726448880861,0.041574547279998486,Persistent/strengthened,Persistent/strengthened
Fig6a,K02841,Tomato-planted,70,2,-0.600664640621789,0.600664640621789,0.11756078316530055,0.08530846051502788,Persistent/strengthened,Persistent/strengthened
Fig6a,K07448,Unplanted,70,9,0.520265815541603,0.520265815541603,0.3662705698619532,0.08950103327320869,Gradual/incomplete,Gradual/incomplete
Fig6a,K07448,Tomato-planted,70,9,0.782289871603273,0.782289871603273,0.5080107834745211,0.07075353851044656,Gradual/incomplete,Gradual/incomplete
Fig6a,K15836,Unplanted,70,11,-0.739628197149143,0.739628197149143,0.10274543783474802,0.21056000798359403,Gradual/incomplete,Persistent/strengthened
Fig6a,K15836,Tomato-planted,70,11,-0.931168381985959,0.931168381985959,0.19902431347236332,0.21599146948286996,Gradual/incomplete,Persistent/strengthened
Fig6a,K10187,Unplanted,70,7,0.52920079103641,0.52920079103641,0.9473683485594904,0.1420359391354664,Rapid,Gradual/incomplete
Fig6a,K10187,Tomato-planted,70,7,1.24309724744389,1.24309724744389,0.9570094701698705,0.1367873685912563,Rapid,Gradual/incomplete
Fig6a,K10007,Unplanted,70,14,-0.0829093129166951,0.0829093129166951,0.8432208733341144,0.08078616051821386,Rapid,Gradual/incomplete
Fig6a,K10007,Tomato-planted,70,14,0.926716411001452,0.926716411001452,0.8623253668796955,0.06502308831523616,Rapid,Gradual/incomplete
Fig6a,K18955,Unplanted,70,17,0.371726426579858,0.371726426579858,0.8733188420752511,0.07947709345401649,Rapid,Gradual/incomplete
Fig6a,K18955,Tomato-planted,70,17,0.864435973363126,0.864435973363126,0.8865971030500217,0.05933667747599439,Rapid,Gradual/incomplete
Fig6a,K02422,Unplanted,70,3,0.55724999490094,0.55724999490094,0.20254766974846358,0.1218644025078247,Overshoot/reversal,Overshoot/reversal
Fig6a,K02422,Tomato-planted,70,3,0.477869324312573,0.477869324312573,0.08784434052639596,0.259420609935491,Overshoot/reversal,Overshoot/reversal
Fig6a,K20274,Unplanted,70,3,0.69467554974768,0.69467554974768,0.9517859305323226,0.018773799637746096,Gradual/incomplete,Gradual/incomplete
Fig6a,K20274,Tomato-planted,70,3,1.68641547683102,1.68641547683102,0.900303615538022,0.01600166827317602,Gradual/incomplete,Gradual/incomplete
Fig6a,K08167,Unplanted,70,18,0.327402071827871,0.327402071827871,0.8763656897480158,0.09799182908578155,Rapid,Gradual/incomplete
Fig6a,K08167,Tomato-planted,70,18,0.398352929786076,0.398352929786076,0.8921490760811843,0.08431342899164974,Rapid,Gradual/incomplete
Fig6a,K13771,Unplanted,70,10,0.251298901274779,0.251298901274779,0.3189258894825718,0.24873289548372257,Gradual/incomplete,Gradual/incomplete
Fig6a,K13771,Tomato-planted,70,10,0.394807606004723,0.394807606004723,0.4835652748867069,0.21313868800149782,Gradual/incomplete,Gradual/incomplete
Fig6a,K13633,Unplanted,70,26,0.513564647144183,0.513564647144183,0.7474082563707264,0.16792004155055038,Gradual/incomplete,Gradual/incomplete
Fig6a,K13633,Tomato-planted,70,26,1.48756557330508,1.48756557330508,0.788399187419631,0.1885301506473771,Gradual/incomplete,Gradual/incomplete
Fig6a,K03974,Unplanted,70,5,0.136000190578893,0.136000190578893,0.2022849166939432,0.03757996832537955,Persistent/strengthened,Persistent/strengthened
Fig6a,K03974,Tomato-planted,70,5,0.64767831758327,0.64767831758327,0.22129484316820572,0.02635685735414425,Persistent/strengthened,Persistent/strengthened
Fig6a,K10820,Unplanted,70,14,0.658355806208164,0.658355806208164,0.6433181876180947,0.152381502754178,Gradual/incomplete,Gradual/incomplete
Fig6a,K10820,Tomato-planted,70,14,0.636862985012852,0.636862985012852,0.7318303042183664,0.16225072669138726,Gradual/incomplete,Gradual/incomplete
Fig6a,K13275,Unplanted,70,2,2.99686872070592,2.99686872070592,0.8722839464918526,0.070191512165829,Gradual/incomplete,Rapid
Fig6a,K13275,Tomato-planted,70,2,0.317804803096356,0.317804803096356,0.9416702856656046,0.08670521221757149,Gradual/incomplete,Rapid
Fig6a,K15532,Unplanted,70,13,-0.330081964587014,0.330081964587014,0.35098481114068697,0.23001111727457113,Gradual/incomplete,Persistent/strengthened
Fig6a,K15532,Tomato-planted,70,13,-0.75860903656925,0.75860903656925,0.43417920852546754,0.19060449748619535,Gradual/incomplete,Persistent/strengthened
Fig6a,K02013,Unplanted,70,24,0.217390113203587,0.217390113203587,0.6605626014341658,0.14396388234692206,Gradual/incomplete,Gradual/incomplete
Fig6a,K02013,Tomato-planted,70,24,0.531467359405376,0.531467359405376,0.7038192975920157,0.10730159029690961,Gradual/incomplete,Gradual/incomplete
Fig6a,K09692,Unplanted,70,9,0.865112316715762,0.865112316715762,0.8256188955752044,0.2349775522559362,Gradual/incomplete,Gradual/incomplete
Fig6a,K09692,Tomato-planted,70,9,1.61149811423932,1.61149811423932,0.7343536151953521,0.23976452507785195,Gradual/incomplete,Gradual/incomplete
Fig6a,K15524,Unplanted,70,5,0.230613176746349,0.230613176746349,0.1996541112397173,0.2727087745216102,Gradual/incomplete,Gradual/incomplete
Fig6a,K15524,Tomato-planted,70,5,0.364286732962093,0.364286732962093,0.21792086188119467,0.23745282606196538,Gradual/incomplete,Gradual/incomplete
Fig6a,K16301,Unplanted,70,9,0.253524042171921,0.253524042171921,0.5436640734086972,0.10693784753680853,Rapid,Gradual/incomplete
Fig6a,K16301,Tomato-planted,70,9,0.702407017695055,0.702407017695055,0.5823006085530334,0.04326524303132674,Rapid,Gradual/incomplete
Fig6a,K06211,Unplanted,70,9,1.42370201221313,1.42370201221313,0.7085878844584039,0.11532362479525854,Gradual/incomplete,Gradual/incomplete
Fig6a,K06211,Tomato-planted,70,9,2.21479882560637,2.21479882560637,0.7590029240338049,0.1113816002760462,Gradual/incomplete,Gradual/incomplete
Fig6a,K05275,Unplanted,70,28,0.243684864975428,0.243684864975428,0.7913061336902852,0.08427825793354791,Gradual/incomplete,Gradual/incomplete
Fig6a,K05275,Tomato-planted,70,28,0.732428467188535,0.732428467188535,0.8016593968112282,0.075772378935053,Gradual/incomplete,Gradual/incomplete
Fig6a,K19696,Unplanted,70,3,-0.622365433706275,0.622365433706275,0.19614382202411546,0.035739663267243614,Gradual/incomplete,Gradual/incomplete
Fig6a,K19696,Tomato-planted,70,3,-0.825311488090526,0.825311488090526,0.250683222398529,0.04181358967179094,Gradual/incomplete,Gradual/incomplete
Fig6a,K15771,Unplanted,70,9,-0.469120813309201,0.469120813309201,0.8483481273934286,0.05487415333028744,Overshoot/reversal,Rapid
Fig6a,K15771,Tomato-planted,70,9,0.225646463269414,0.225646463269414,0.8479525110182041,0.045075620100629175,Overshoot/reversal,Rapid
Fig6a,K14291,Unplanted,70,6,-0.0120131222314555,0.0120131222314555,0.1650220101036121,0.34766037082019846,Overshoot/reversal,Gradual/incomplete
Fig6a,K14291,Tomato-planted,70,6,0.589443617413927,0.589443617413927,0.1802870348468132,0.359811362086306,Overshoot/reversal,Gradual/incomplete
Fig6a,K12240,Unplanted,70,7,0.638128114821645,0.638128114821645,0.5456812099466779,0.08453583643819014,Gradual/incomplete,Gradual/incomplete
Fig6a,K12240,Tomato-planted,70,7,1.50517172547225,1.50517172547225,0.7339766637919263,0.029707469168490003,Gradual/incomplete,Gradual/incomplete
Fig6a,K01046,Unplanted,70,25,0.643472300138808,0.643472300138808,0.6347421626209704,0.13242676047252666,Gradual/incomplete,Gradual/incomplete
Fig6a,K01046,Tomato-planted,70,25,0.513541087908735,0.513541087908735,0.6325152346596411,0.10946256782844029,Gradual/incomplete,Gradual/incomplete
Fig6a,K06447,Unplanted,70,2,0.498491355189879,0.498491355189879,0.11633135123308944,0.032807305479625626,Persistent/strengthened,Persistent/strengthened
Fig6a,K06447,Tomato-planted,70,2,0.969798655950712,0.969798655950712,0.16599789255759434,0.02467484044152532,Persistent/strengthened,Persistent/strengthened
Fig6a,K16150,Unplanted,70,23,0.810056930948236,0.810056930948236,0.47751628796133,0.22998752593046412,Gradual/incomplete,Gradual/incomplete
Fig6a,K16150,Tomato-planted,70,23,1.7169123556684,1.7169123556684,0.5433871160077097,0.1529385882054082,Gradual/incomplete,Gradual/incomplete
Fig6a,K09759,Unplanted,70,4,0.446664703691266,0.446664703691266,0.6533851760191969,0.1657182797008328,Gradual/incomplete,Gradual/incomplete
Fig6a,K09759,Tomato-planted,70,4,1.06003173037767,1.06003173037767,0.6667318796005771,0.14395694577728912,Gradual/incomplete,Gradual/incomplete
Fig6a,K12583,Unplanted,70,24,-0.25622778128571,0.25622778128571,0.6204696903250961,0.11418327156226979,Gradual/incomplete,Gradual/incomplete
Fig6a,K12583,Tomato-planted,70,24,-0.506969941740866,0.506969941740866,0.6802025728309096,0.08230796057330358,Gradual/incomplete,Gradual/incomplete
Fig6a,K05878,Unplanted,70,7,0.0550882610158904,0.0550882610158904,0.9326751569605702,0.15681257851479544,Rapid,Overshoot/reversal
Fig6a,K05878,Tomato-planted,70,7,0.439330076174277,0.439330076174277,0.9752000733007316,0.16065151510334577,Rapid,Overshoot/reversal
Fig6a,K17641,Unplanted,70,10,0.683707059202443,0.683707059202443,0.8016331617459331,0.16900615137324282,Gradual/incomplete,Gradual/incomplete
Fig6a,K17641,Tomato-planted,70,10,1.07162603476273,1.07162603476273,0.8157446707241127,0.19184456489320928,Gradual/incomplete,Gradual/incomplete
Fig6a,K07663,Unplanted,70,9,-0.167920295619876,0.167920295619876,0.3009681715105794,0.15511488647646565,Gradual/incomplete,Gradual/incomplete
Fig6a,K07663,Tomato-planted,70,9,-0.287666172815887,0.287666172815887,0.35591663146570524,0.19073658194136883,Gradual/incomplete,Gradual/incomplete
Fig6a,K14287,Unplanted,70,7,-0.15068752053855,0.15068752053855,0.23164483665914332,0.1398488586593096,Gradual/incomplete,Gradual/incomplete
Fig6a,K14287,Tomato-planted,70,7,-0.488428126643358,0.488428126643358,0.23667886982806396,0.18697902096757119,Gradual/incomplete,Gradual/incomplete
Fig6a,K22462,Unplanted,70,17,-0.637817405401662,0.637817405401662,0.4910871451665895,0.17358285880091753,Rapid,Gradual/incomplete
Fig6a,K22462,Tomato-planted,70,17,2.01384560712528,2.01384560712528,0.5520117972289644,0.09061775179443551,Rapid,Gradual/incomplete
Fig6a,K01218,Unplanted,70,13,0.654678342919401,0.654678342919401,0.38237034618799537,0.2678481539293987,Gradual/incomplete,Gradual/incomplete
Fig6a,K01218,Tomato-planted,70,13,1.20691912373006,1.20691912373006,0.5555033827514737,0.2164033841606483,Gradual/incomplete,Gradual/incomplete
Fig6a,K16397,Unplanted,70,3,-0.680531884384829,0.680531884384829,0.09162699592174407,0.0726309971511686,Gradual/incomplete,Gradual/incomplete
Fig6a,K16397,Tomato-planted,70,3,-1.57261653721694,1.57261653721694,0.17675872864359843,0.06283035367096636,Gradual/incomplete,Gradual/incomplete
Fig6a,K13832,Unplanted,70,2,-0.658509206699236,0.658509206699236,0.15613774707851136,0.0775780391245988,Gradual/incomplete,Gradual/incomplete
Fig6a,K13832,Tomato-planted,70,2,-0.553285124286895,0.553285124286895,0.14417760354746287,0.07544206349521784,Gradual/incomplete,Gradual/incomplete
Fig6a,K10242,Unplanted,70,13,1.14552280172574,1.14552280172574,0.8185778648946047,0.13840747908077125,Gradual/incomplete,Gradual/incomplete
Fig6a,K10242,Tomato-planted,70,13,1.80805993844985,1.80805993844985,0.7999014556580528,0.13941103679738698,Gradual/incomplete,Gradual/incomplete
Fig6a,K15981,Unplanted,70,13,-0.739159299744727,0.739159299744727,0.7800803468295765,0.09152515706314486,Persistent/strengthened,Persistent/strengthened
Fig6a,K15981,Tomato-planted,70,13,-0.687786853352483,0.687786853352483,0.8047314329128504,0.057681543509236,Persistent/strengthened,Persistent/strengthened
Fig6a,K09946,Unplanted,70,5,0.407523210877613,0.407523210877613,0.3502046885522188,0.23976927735292158,Persistent/strengthened,Persistent/strengthened
Fig6a,K09946,Tomato-planted,70,5,0.735908153097558,0.735908153097558,0.3811124203780873,0.13323838511264283,Persistent/strengthened,Persistent/strengthened
Fig6a,K06384,Unplanted,70,3,0.674643664029461,0.674643664029461,0.9286672496072836,0.024866649386629545,Rapid,Rapid
Fig6a,K06384,Tomato-planted,70,3,-0.663765228576849,0.663765228576849,0.8397647686142352,0.019725045061614318,Rapid,Rapid
Fig6a,K03831,Unplanted,70,8,-0.21153867487246,0.21153867487246,0.38720115715725867,0.173926379428119,Gradual/incomplete,Gradual/incomplete
Fig6a,K03831,Tomato-planted,70,8,-0.592952338149969,0.592952338149969,0.44105542421404054,0.12130697531116118,Gradual/incomplete,Gradual/incomplete
Fig6a,K22476,Unplanted,70,15,0.150959885099001,0.150959885099001,0.8407184030903602,0.05847438464837602,Rapid,Gradual/incomplete
Fig6a,K22476,Tomato-planted,70,15,0.642733618826346,0.642733618826346,0.8399263631410289,0.055795963909240874,Rapid,Gradual/incomplete
Fig6a,K13671,Unplanted,70,11,0.60548089567007,0.60548089567007,0.7993944882777283,0.11010265596018329,Gradual/incomplete,Gradual/incomplete
Fig6a,K13671,Tomato-planted,70,11,1.13609806351851,1.13609806351851,0.8252005663362895,0.13394329055020124,Gradual/incomplete,Gradual/incomplete
Fig6a,K12429,Unplanted,70,5,1.61009353457559,1.61009353457559,0.7744199451465761,0.5441598025786015,Gradual/incomplete,Persistent/strengthened
Fig6a,K12429,Tomato-planted,70,5,2.93582755957364,2.93582755957364,0.8340454402248549,0.5486940099854244,Gradual/incomplete,Persistent/strengthened
Fig6a,K16653,Unplanted,70,13,-1.53809307073345,1.53809307073345,0.8414825597408342,0.0625601754832607,Persistent/strengthened,Persistent/strengthened
Fig6a,K16653,Tomato-planted,70,13,-1.48665512309035,1.48665512309035,0.8077500853586301,0.04988419293692836,Persistent/strengthened,Persistent/strengthened
Fig6a,K06995,Unplanted,70,2,-0.0152526570038853,0.0152526570038853,0.024330574048745834,0.0385737994085697,Gradual/incomplete,Gradual/incomplete
Fig6a,K06995,Tomato-planted,70,2,-0.202076070577114,0.202076070577114,0.011162986593817455,0.003563559306090369,Gradual/incomplete,Gradual/incomplete
Fig6a,K10002,Unplanted,70,2,-0.332119982812902,0.332119982812902,0.33644914942469717,0.18761065979264746,Gradual/incomplete,Persistent/strengthened
Fig6a,K10002,Tomato-planted,70,2,-1.14678699622063,1.14678699622063,0.23441133105580048,0.11745251219675734,Gradual/incomplete,Persistent/strengthened
Fig6a,K16164,Unplanted,70,9,0.68380405146127,0.68380405146127,0.5436547525495004,0.2670317936190311,Gradual/incomplete,Gradual/incomplete
Fig6a,K16164,Tomato-planted,70,9,0.621656180677626,0.621656180677626,0.5286618205238622,0.2913675306936872,Gradual/incomplete,Gradual/incomplete
Fig6a,K09883,Unplanted,70,4,0.239108880787735,0.239108880787735,0.18312761720608778,0.038256188260620445,Gradual/incomplete,Persistent/strengthened
Fig6a,K09883,Tomato-planted,70,4,0.461409334655212,0.461409334655212,0.22902335709460359,0.026805062679253464,Gradual/incomplete,Persistent/strengthened
Fig6a,K03272,Unplanted,70,12,0.543655148948907,0.543655148948907,0.6394732933494176,0.1935183771772786,Gradual/incomplete,Gradual/incomplete
Fig6a,K03272,Tomato-planted,70,12,0.832247308235488,0.832247308235488,0.6987484125307641,0.2596837050216809,Gradual/incomplete,Gradual/incomplete
Fig6a,K03810,Unplanted,70,3,1.73488182076485,1.73488182076485,0.25773771596615463,0.2546996383194071,Gradual/incomplete,Persistent/strengthened
Fig6a,K03810,Tomato-planted,70,3,2.17069676717228,2.17069676717228,0.2984715440146121,0.22882138564672863,Gradual/incomplete,Persistent/strengthened
Fig6a,K18800,Unplanted,70,2,0.166237261212315,0.166237261212315,0.11250024655339252,0.05458291787513305,Gradual/incomplete,Gradual/incomplete
Fig6a,K18800,Tomato-planted,70,2,-1.01554908602253,1.01554908602253,0.1269036468927405,0.04410109465668807,Gradual/incomplete,Gradual/incomplete
Fig6a,K05350,Unplanted,70,30,0.348493869964407,0.348493869964407,0.6005776201865232,0.1858462449826871,Gradual/incomplete,Gradual/incomplete
Fig6a,K05350,Tomato-planted,70,30,0.712190533325271,0.712190533325271,0.6652211978739638,0.16190295978157027,Gradual/incomplete,Gradual/incomplete
Fig6a,K06378,Unplanted,70,7,-0.21172151228557,0.21172151228557,0.9124470464366919,0.07614961735949766,Overshoot/reversal,Rapid
Fig6a,K06378,Tomato-planted,70,7,0.527360445528459,0.527360445528459,0.8934363452977745,0.06502009840257239,Overshoot/reversal,Rapid
Fig6a,K17734,Unplanted,70,20,-0.520575208405928,0.520575208405928,0.6630114117497811,0.14178109130873137,Gradual/incomplete,Gradual/incomplete
Fig6a,K17734,Tomato-planted,70,20,-0.382784669132701,0.382784669132701,0.7593848761478585,0.12644258515414,Gradual/incomplete,Gradual/incomplete
Fig6a,K06413,Unplanted,70,6,1.62872765204931,1.62872765204931,0.5492597797444199,0.17644150952608378,Gradual/incomplete,Rapid
Fig6a,K06413,Tomato-planted,70,6,2.98608524926969,2.98608524926969,0.5455396022425899,0.16033600790809474,Gradual/incomplete,Rapid
Fig6a,K03583,Unplanted,70,18,-0.33712100361416,0.33712100361416,0.27918155897723135,0.07370042097414285,Gradual/incomplete,Gradual/incomplete
Fig6a,K03583,Tomato-planted,70,18,-0.545354168362778,0.545354168362778,0.24795958319167719,0.10974077242698765,Gradual/incomplete,Gradual/incomplete
Fig6a,K10219,Unplanted,70,2,-0.206323211222029,0.206323211222029,0.17890575258779295,0.07962708869110155,Gradual/incomplete,Persistent/strengthened
Fig6a,K10219,Tomato-planted,70,2,-0.887269676536676,0.887269676536676,0.23354609836612053,0.06064617382595973,Gradual/incomplete,Persistent/strengthened
Fig6a,K19580,Unplanted,70,4,-2.47097800467277,2.47097800467277,0.5770583774018277,0.2796010608032756,Persistent/strengthened,Persistent/strengthened
Fig6a,K19580,Tomato-planted,70,4,-2.75873648367332,2.75873648367332,0.687331560001523,0.19622428121742302,Persistent/strengthened,Persistent/strengthened
Fig6a,K21802,Unplanted,70,5,-0.125765881501162,0.125765881501162,0.3335884520461748,0.07740955901281785,Gradual/incomplete,Gradual/incomplete
Fig6a,K21802,Tomato-planted,70,5,-0.560532173182233,0.560532173182233,0.40853249016238347,0.021870866395023822,Gradual/incomplete,Gradual/incomplete
Fig6a,K06221,Unplanted,70,9,0.767269431440295,0.767269431440295,0.437923731208386,0.28082950381244465,Gradual/incomplete,Gradual/incomplete
Fig6a,K06221,Tomato-planted,70,9,1.96150113037416,1.96150113037416,0.5391102329396278,0.29731593868548617,Gradual/incomplete,Gradual/incomplete
Fig6a,K01753,Unplanted,70,8,-1.11822566668124,1.11822566668124,0.9081810540627686,0.08879123827544395,Overshoot/reversal,Rapid
Fig6a,K01753,Tomato-planted,70,8,0.27745018411981,0.27745018411981,0.9382942940039372,0.08809664474623263,Overshoot/reversal,Rapid
Fig6a,K02462,Unplanted,70,10,-0.122672322058805,0.122672322058805,0.3028596343578423,0.10403079596792338,Gradual/incomplete,Gradual/incomplete
Fig6a,K02462,Tomato-planted,70,10,-0.444525819473022,0.444525819473022,0.25847847115666295,0.1234515079709914,Gradual/incomplete,Gradual/incomplete
Fig6a,K07645,Unplanted,70,5,-0.16444670957363,0.16444670957363,0.17156045707942733,0.08029948976727636,Rapid,Gradual/incomplete
Fig6a,K07645,Tomato-planted,70,5,-0.316854240583317,0.316854240583317,0.17306016807374605,0.07095162454074246,Rapid,Gradual/incomplete
Fig6a,K03430,Unplanted,70,6,-0.657148666015473,0.657148666015473,0.39579490893358776,0.34158413888121686,Gradual/incomplete,Gradual/incomplete
Fig6a,K03430,Tomato-planted,70,6,-1.08777373593646,1.08777373593646,0.25504050744483614,0.34729607410812374,Gradual/incomplete,Gradual/incomplete
Fig6a,K02232,Unplanted,70,12,0.452369063227131,0.452369063227131,0.6818493075362828,0.1603145351962129,Gradual/incomplete,Gradual/incomplete
Fig6a,K02232,Tomato-planted,70,12,0.619188155921462,0.619188155921462,0.7143106434489878,0.1433145004589514,Gradual/incomplete,Gradual/incomplete
Fig6a,K16868,Unplanted,70,16,-0.247036387061418,0.247036387061418,0.7173521906581464,0.10912079830128188,Gradual/incomplete,Persistent/strengthened
Fig6a,K16868,Tomato-planted,70,16,-2.25210116670449,2.25210116670449,0.7051669236961653,0.08584428140003472,Gradual/incomplete,Persistent/strengthened
Fig6a,K06905,Unplanted,70,13,-1.08259233170174,1.08259233170174,0.5907999654279047,0.2359432645106243,Persistent/strengthened,Persistent/strengthened
Fig6a,K06905,Tomato-planted,70,13,-1.39030442868773,1.39030442868773,0.5728224173018093,0.25408001001639413,Persistent/strengthened,Persistent/strengthened
Fig6a,K11746,Unplanted,70,4,0.713063691562779,0.713063691562779,0.0601786761356745,0.1608598391066569,Overshoot/reversal,Rapid
Fig6a,K11746,Tomato-planted,70,4,0.185078924068427,0.185078924068427,0.16346906034376354,0.15062328320869856,Overshoot/reversal,Rapid
Fig6a,K03087,Unplanted,70,7,-0.450703936862195,0.450703936862195,0.7971040107949651,0.04165149267750384,Overshoot/reversal,Rapid
Fig6a,K03087,Tomato-planted,70,7,3.15727856713466e-05,3.15727856713466e-05,0.7937059170810193,0.04207213319713294,Overshoot/reversal,Rapid
Fig6a,K03921,Unplanted,70,14,0.220356649268215,0.220356649268215,0.7690199778286131,0.08664301752313905,Gradual/incomplete,Gradual/incomplete
Fig6a,K03921,Tomato-planted,70,14,0.625724900048734,0.625724900048734,0.799786951752349,0.07576708379034573,Gradual/incomplete,Gradual/incomplete
Fig6a,K17836,Unplanted,70,22,0.360989706331801,0.360989706331801,0.4550844446211692,0.2999010412545182,Gradual/incomplete,Persistent/strengthened
Fig6a,K17836,Tomato-planted,70,22,0.777881667616562,0.777881667616562,0.5089067881553989,0.21018081441523415,Gradual/incomplete,Persistent/strengthened
Fig6a,K03297,Unplanted,70,9,0.216534976108332,0.216534976108332,0.7976508957022571,0.12220703343469401,Gradual/incomplete,Gradual/incomplete
Fig6a,K03297,Tomato-planted,70,9,0.855970596859365,0.855970596859365,0.8411669912282858,0.10806244766691933,Gradual/incomplete,Gradual/incomplete
Fig6a,K14534,Unplanted,70,6,0.0913057421016011,0.0913057421016011,0.3929339040095254,0.13133155490093326,Rapid,Gradual/incomplete
Fig6a,K14534,Tomato-planted,70,6,-0.377160666289292,0.377160666289292,0.2474744013595633,0.1324399539490969,Rapid,Gradual/incomplete
Fig6a,K11325,Unplanted,70,3,-1.0827074064,1.0827074064,0.9737671343510403,0.18281965792586538,Gradual/incomplete,Gradual/incomplete
Fig6a,K11325,Tomato-planted,70,3,0.0276551435063362,0.0276551435063362,1.0,0.17584172563415224,Gradual/incomplete,Gradual/incomplete
Fig6a,K18334,Unplanted,70,6,-0.214809364257782,0.214809364257782,0.9056896078423823,0.20789714254905764,Rapid,Gradual/incomplete
Fig6a,K18334,Tomato-planted,70,6,0.844084790208432,0.844084790208432,0.867400247310685,0.22080232958428062,Rapid,Gradual/incomplete
Fig6a,K10233,Unplanted,70,9,0.278873542647005,0.278873542647005,0.8672389206322754,0.09746657732658638,Gradual/incomplete,Gradual/incomplete
Fig6a,K10233,Tomato-planted,70,9,0.762108504215466,0.762108504215466,0.8891127756859222,0.11595466555742097,Gradual/incomplete,Gradual/incomplete
Fig6a,K02441,Unplanted,70,3,1.01991581787923,1.01991581787923,0.41213864559658125,0.1434584584714237,Persistent/strengthened,Gradual/incomplete
Fig6a,K02441,Tomato-planted,70,3,0.079887127841135,0.079887127841135,0.312081803592207,0.13060688317049848,Persistent/strengthened,Gradual/incomplete
Fig6a,K03632,Unplanted,70,5,0.26057298797292,0.26057298797292,0.10109286018278729,0.3249844744318159,Rapid,Gradual/incomplete
Fig6a,K03632,Tomato-planted,70,5,-0.0274673209616944,0.0274673209616944,0.16231302003215187,0.32101912470883887,Rapid,Gradual/incomplete
Fig6a,K16118,Unplanted,70,13,2.07306728985998,2.07306728985998,0.824755563885947,0.0845009028948082,Gradual/incomplete,Gradual/incomplete
Fig6a,K16118,Tomato-planted,70,13,1.9347812268073,1.9347812268073,0.8966771348326809,0.06460865240577325,Gradual/incomplete,Gradual/incomplete
Fig6a,K06977,Unplanted,70,8,-0.127284418504407,0.127284418504407,0.26275530868567004,0.11322820061448291,Gradual/incomplete,Persistent/strengthened
Fig6a,K06977,Tomato-planted,70,8,-1.05963830126751,1.05963830126751,0.31107500339040206,0.15651465371948645,Gradual/incomplete,Persistent/strengthened
Fig6a,K04068,Unplanted,70,4,0.937193257547818,0.937193257547818,0.09584636636990335,0.27005876800540013,Persistent/strengthened,Gradual/incomplete
Fig6a,K04068,Tomato-planted,70,4,0.266935244565043,0.266935244565043,0.3018537144591701,0.2528746881965991,Persistent/strengthened,Gradual/incomplete
Fig6a,K17234,Unplanted,70,5,0.701991631701901,0.701991631701901,0.13665140430249925,0.3177864618406933,Overshoot/reversal,Rapid
Fig6a,K17234,Tomato-planted,70,5,0.24258767580822,0.24258767580822,0.14449112050146404,0.3145529279422747,Overshoot/reversal,Rapid
Fig6a,K02919,Unplanted,70,17,0.259834763313197,0.259834763313197,0.47722802860323166,0.13293483250271204,Gradual/incomplete,Persistent/strengthened
Fig6a,K02919,Tomato-planted,70,17,0.666541885492701,0.666541885492701,0.5392399431788701,0.10944674976818397,Gradual/incomplete,Persistent/strengthened
Fig6a,K10829,Unplanted,70,8,0.163200023566716,0.163200023566716,0.7697494073321185,0.09630402589333911,Rapid,Rapid
Fig6a,K10829,Tomato-planted,70,8,0.0596220834490536,0.0596220834490536,0.7820578662155219,0.06888231658315308,Rapid,Rapid
Fig6a,K12685,Unplanted,70,4,-0.672133520258526,0.672133520258526,0.11654754124560544,0.11513899406534114,Rapid,Gradual/incomplete
Fig6a,K12685,Tomato-planted,70,4,0.0572356378552782,0.0572356378552782,0.16655993575968273,0.06987763754598983,Rapid,Gradual/incomplete
Fig6a,K20754,Unplanted,70,17,0.390362980602823,0.390362980602823,0.7000562330965805,0.13835711971417963,Overshoot/reversal,Overshoot/reversal
Fig6a,K20754,Tomato-planted,70,17,0.490531666261647,0.490531666261647,0.7378379618437358,0.11879964646959898,Overshoot/reversal,Overshoot/reversal
Fig6a,K22390,Unplanted,70,19,1.24119699828419,1.24119699828419,0.7773256915682202,0.08329011111941617,Gradual/incomplete,Persistent/strengthened
Fig6a,K22390,Tomato-planted,70,19,0.307213768440037,0.307213768440037,0.7456829621371062,0.06783400878721657,Gradual/incomplete,Persistent/strengthened
Fig6a,K14274,Unplanted,70,7,0.287591865355987,0.287591865355987,0.7163706871122362,0.1445527520773863,Gradual/incomplete,Gradual/incomplete
Fig6a,K14274,Tomato-planted,70,7,0.515146483424382,0.515146483424382,0.7893428832951097,0.11622353008558864,Gradual/incomplete,Gradual/incomplete
Fig6a,K08484,Unplanted,70,18,0.279746791494665,0.279746791494665,0.5975174085190341,0.1685439865150529,Persistent/strengthened,Persistent/strengthened
Fig6a,K08484,Tomato-planted,70,18,0.355574554049858,0.355574554049858,0.629644392622984,0.12335619901267394,Persistent/strengthened,Persistent/strengthened
Fig6a,K06617,Unplanted,70,5,0.669920581115987,0.669920581115987,0.025778487556702076,0.10546302223896677,Rapid,Gradual/incomplete
Fig6a,K06617,Tomato-planted,70,5,0.610701105679028,0.610701105679028,0.12667783207942734,0.09854369041778184,Rapid,Gradual/incomplete
Fig6a,K05569,Unplanted,70,5,0.627191684782471,0.627191684782471,0.5475767417581714,0.06812794655726069,Gradual/incomplete,Gradual/incomplete
Fig6a,K05569,Tomato-planted,70,5,0.566286428733835,0.566286428733835,0.5711475298358979,0.09232269388231307,Gradual/incomplete,Gradual/incomplete
Fig6a,K06223,Unplanted,70,12,0.640639935174763,0.640639935174763,0.44986336778932207,0.3672416684142027,Gradual/incomplete,Gradual/incomplete
Fig6a,K06223,Tomato-planted,70,12,0.15234333064229,0.15234333064229,0.3895899476831774,0.3762158299250323,Gradual/incomplete,Gradual/incomplete
Fig6a,K07504,Unplanted,70,3,-0.752674867593057,0.752674867593057,0.3478581807381967,0.08191446858530008,Gradual/incomplete,Gradual/incomplete
Fig6a,K07504,Tomato-planted,70,3,-1.10667917717306,1.10667917717306,0.45291019190059634,0.031036879558070773,Gradual/incomplete,Gradual/incomplete
Fig6a,K14337,Unplanted,70,7,-0.328520483228285,0.328520483228285,0.7619690177002957,0.09036333023981483,Gradual/incomplete,Gradual/incomplete
Fig6a,K14337,Tomato-planted,70,7,-0.755223603887005,0.755223603887005,0.812777993217518,0.04583955643899995,Gradual/incomplete,Gradual/incomplete
Fig6a,K13049,Unplanted,70,21,0.0725689564008116,0.0725689564008116,0.669807429555602,0.14920572201755408,Gradual/incomplete,Persistent/strengthened
Fig6a,K13049,Tomato-planted,70,21,0.400242555849031,0.400242555849031,0.7075662205932877,0.09443606690465225,Gradual/incomplete,Persistent/strengthened
Fig6a,K09935,Unplanted,70,3,0.932465209270361,0.932465209270361,0.20546446160287696,0.3675963613835538,Gradual/incomplete,Gradual/incomplete
Fig6a,K09935,Tomato-planted,70,3,1.49364646437316,1.49364646437316,0.5376952306827647,0.3131046020197227,Gradual/incomplete,Gradual/incomplete
Fig6a,K19702,Unplanted,70,16,0.00983832941352451,0.00983832941352451,0.5728383004759159,0.17970613949810826,Rapid,Gradual/incomplete
Fig6a,K19702,Tomato-planted,70,16,1.12350295131809,1.12350295131809,0.6164816757741685,0.09766203722644093,Rapid,Gradual/incomplete
Fig6a,K00435,Unplanted,70,7,0.75871544249683,0.75871544249683,0.8330694934977853,0.03525593282758858,Persistent/strengthened,Persistent/strengthened
Fig6a,K00435,Tomato-planted,70,7,1.0611615752795,1.0611615752795,0.8048378771130337,0.043234439664887575,Persistent/strengthened,Persistent/strengthened
Fig6a,K17763,Unplanted,70,21,0.470189625444401,0.470189625444401,0.529862081395835,0.20355343321287842,Persistent/strengthened,Gradual/incomplete
Fig6a,K17763,Tomato-planted,70,21,0.63045725938741,0.63045725938741,0.5522058720133912,0.17651974386597755,Persistent/strengthened,Gradual/incomplete
Fig6a,K03740,Unplanted,70,2,1.00522041430012,1.00522041430012,0.02674208459767266,0.0031275135802572573,Gradual/incomplete,Gradual/incomplete
Fig6a,K03740,Tomato-planted,70,2,0.942492039910951,0.942492039910951,0.05275213178629337,0.007550124055251239,Gradual/incomplete,Gradual/incomplete
Fig6a,K19125,Unplanted,70,2,0.010092377704665,0.010092377704665,0.1659573890280419,0.03664834383399812,Rapid,Rapid
Fig6a,K19125,Tomato-planted,70,2,0.853970422859554,0.853970422859554,0.5038294358596387,0.00014695258263031086,Rapid,Rapid
Fig6a,K03563,Unplanted,70,3,-0.0563381555515955,0.0563381555515955,0.22187428639827708,0.12250394578711507,Rapid,Rapid
Fig6a,K03563,Tomato-planted,70,3,-0.0909617103382566,0.0909617103382566,0.2029055771508102,0.1864995497299451,Rapid,Rapid
Fig6a,K21014,Unplanted,70,3,0.590201892397957,0.590201892397957,0.6064167587345141,0.5316890884540006,Gradual/incomplete,Gradual/incomplete
Fig6a,K21014,Tomato-planted,70,3,1.01079437373225,1.01079437373225,0.6129344655401219,0.5345062310583881,Gradual/incomplete,Gradual/incomplete
Fig6a,K22033,Unplanted,70,6,0.281448060725093,0.281448060725093,0.7938186893464444,0.07898112065389971,Gradual/incomplete,Gradual/incomplete
Fig6a,K22033,Tomato-planted,70,6,1.41314825099288,1.41314825099288,0.8864780194830392,0.04940287101644424,Gradual/incomplete,Gradual/incomplete
Fig6a,K02671,Unplanted,70,3,-0.235322954715486,0.235322954715486,0.27986025704499384,0.00210363421640606,Gradual/incomplete,Gradual/incomplete
Fig6a,K02671,Tomato-planted,70,3,-0.7952407603691,0.7952407603691,0.12999466525965264,0.005628104031723813,Gradual/incomplete,Gradual/incomplete
Fig6a,K00313,Unplanted,70,2,0.082243165341735,0.082243165341735,0.6128671430918553,0.45719011676564436,Rapid,Overshoot/reversal
Fig6a,K00313,Tomato-planted,70,2,0.684640371820132,0.684640371820132,0.604503991566747,0.41863403466236193,Rapid,Overshoot/reversal
Fig6a,K07494,Unplanted,70,9,-1.04927932655515,1.04927932655515,0.7457505710605954,0.11748901695217452,Persistent/strengthened,Persistent/strengthened
Fig6a,K07494,Tomato-planted,70,9,-0.627275601111301,0.627275601111301,0.8211606282515634,0.14794932441010128,Persistent/strengthened,Persistent/strengthened
Fig6a,K17623,Unplanted,70,2,0.0224711265050215,0.0224711265050215,0.24487812194973457,0.35003003434959457,Rapid,Gradual/incomplete
Fig6a,K17623,Tomato-planted,70,2,0.254963282780003,0.254963282780003,0.16565080056593876,0.3370167466448884,Rapid,Gradual/incomplete
Fig6a,K14052,Unplanted,70,8,4.45046463024348,4.45046463024348,0.4324481985705828,0.185075637044417,Gradual/incomplete,Gradual/incomplete
Fig6a,K14052,Tomato-planted,70,8,2.98445271774166,2.98445271774166,0.4498558313440282,0.2126928451725119,Gradual/incomplete,Gradual/incomplete
Fig6a,K00122,Unplanted,70,16,-0.122282922163676,0.122282922163676,0.4597667029559577,0.2816811325705818,Gradual/incomplete,Persistent/strengthened
Fig6a,K00122,Tomato-planted,70,16,0.86320755574135,0.86320755574135,0.400076208693262,0.15343201911801468,Gradual/incomplete,Persistent/strengthened
Fig6a,K10622,Unplanted,70,3,-0.161757156861769,0.161757156861769,0.6064167587345141,0.5316890884540006,Rapid,Gradual/incomplete
Fig6a,K10622,Tomato-planted,70,3,-0.0301166193871451,0.0301166193871451,0.6129344655401219,0.5345062310583881,Rapid,Gradual/incomplete
Fig6a,K00477,Unplanted,70,15,-1.27402777638118,1.27402777638118,0.4502822521598244,0.24157127046811439,Persistent/strengthened,Persistent/strengthened
Fig6a,K00477,Tomato-planted,70,15,-1.61658324401845,1.61658324401845,0.5922412708715138,0.19957554372683747,Persistent/strengthened,Persistent/strengthened
Fig6a,K00257,Unplanted,70,11,0.817593878721221,0.817593878721221,0.8656012837972483,0.06767697539803913,Gradual/incomplete,Gradual/incomplete
Fig6a,K00257,Tomato-planted,70,11,0.357615731253334,0.357615731253334,0.8710469313748771,0.05333168528132835,Gradual/incomplete,Gradual/incomplete
Fig6a,K09693,Tomato-planted,70,4,1.7069737931927,1.7069737931927,0.5438658848659378,0.5977278813879147,Gradual/incomplete,Gradual/incomplete
Fig6a,K09822,Unplanted,70,6,-0.0527312209197494,0.0527312209197494,0.16850950203337722,0.2754007692489896,Rapid,Rapid
Fig6a,K09822,Tomato-planted,70,6,-0.0726558344290836,0.0726558344290836,0.31640650456445324,0.22090005069887667,Rapid,Rapid
Fig6a,K12434,Unplanted,70,6,-0.447521125690677,0.447521125690677,0.8699635328651766,0.3297709184689565,Rapid,Rapid
Fig6a,K12434,Tomato-planted,70,6,0.0189733380434407,0.0189733380434407,0.8650376838970286,0.35303978959341403,Rapid,Rapid
Fig6a,K08372,Unplanted,70,16,0.0988933485744087,0.0988933485744087,0.8838588717353232,0.07511205688315371,Rapid,Gradual/incomplete
Fig6a,K08372,Tomato-planted,70,16,0.654614908251923,0.654614908251923,0.8924444684380645,0.05692836244601689,Rapid,Gradual/incomplete
Fig6a,K20938,Unplanted,70,2,0.513018491639849,0.513018491639849,0.6406420455562294,0.07747149308216203,Overshoot/reversal,Gradual/incomplete
Fig6a,K20938,Tomato-planted,70,2,0.522941149939978,0.522941149939978,0.6476255647400273,0.07237922551567791,Overshoot/reversal,Gradual/incomplete
Fig6a,K07118,Unplanted,70,8,0.674734582838717,0.674734582838717,0.8285204802156001,0.06575208541585312,Gradual/incomplete,Gradual/incomplete
Fig6a,K07118,Tomato-planted,70,8,0.803130127731471,0.803130127731471,0.8832727153731349,0.032825533948010965,Gradual/incomplete,Gradual/incomplete
