KO,Initial_disturbance_magnitude,Initial_direction,Initial_direction_binary,CK0_baseline_KO_abundance,Provider_richness,Effective_provider_diversity,Provider_phylogenetic_breadth,Weighted_KO_copy,Weighted_completeness,Weighted_contamination,Weighted_GC_percent,Genome_size_Mb,Weighted_Gene_density,Weighted_tRNA_per_Mb,Weighted_rrn_copy,Weighted_CAZyme_density,Weighted_Transporter_density,Weighted_OxStress_density,Weighted_DNArepair_density,Weighted_Motility_density,Weighted_Dormancy_density,Unplanted_residual,Tomato_planted_residual
K02613,0.512806289272176,Enriched,1,895.3677599681205,19,8.391997047799599,1.1255140872233917,1.330420523925511,68.18469353191473,4.282768184581266,69.98239795467587,2.6344795546985513,1.2566039267736222,10.751689567446988,2.630877402524092,31.84682438365853,59.593976639149155,2.932334046040348,20.064631617575902,4.560751708038853,1.239676113134416,0.436312640893633,0.937483759998901
K09929,0.676215453373609,Suppressed,0,143.89414750393476,2,1.9907459180420952,0.3797405067,1.0,55.364267144043566,5.592466204681781,70.52930443385787,1.7174452151057538,1.2942258893096787,11.051936532194208,2.09,22.194784937298053,59.99966207390497,3.312450085715253,22.91900399298307,10.084874563845517,0.0,0.908681678875055,0.852386032698283
K04719,1.50729523121343,Enriched,1,65.72926428127221,2,1.9640693885487575,0.2862931441,2.0,68.06543555106286,8.778385427410784,72.49567075883559,3.458370902648951,1.2473393299615747,9.274206201374106,2.67,27.259768559463403,72.59387294420691,3.472091209268623,15.317077557555235,6.313391401727644,0.6400849008683654,0.37279006257913,0.439161777552611
K02651,0.540403361517783,Enriched,1,164.57458268439285,3,2.5903992748367664,0.08726498180000002,2.7945864013143864,53.2312584670906,6.726094543938498,63.82974166993313,1.4586951411987772,1.3377168915923714,19.66801461912947,1.98,26.12143413251564,41.3464597077118,2.5917441967561614,20.88583618708036,4.196693543888056,0.0,1.00724623943079,1.59034751023335
K09160,0.699745467132748,Enriched,1,170.94123123179273,3,2.926158941911469,0.2068153438666667,1.0,52.6571600190608,6.405058453054598,64.11542467687258,1.3560710475905267,1.3397576998041916,18.054829873854377,1.98,25.3973565417199,39.649765657222105,1.8620099249050472,22.119041319898344,6.633651146651923,0.0,0.645108835658744,1.29004835523692
K06959,0.538998002644415,Enriched,1,1348.3610529180255,19,10.091544579981063,1.2007341241976608,1.642800862929139,56.254335678257554,6.1336353085665065,69.9518647714313,3.866146623901412,1.2450925906098478,5.490041600870354,3.630199580934273,39.027278097575824,64.10284626429457,2.3877807316806856,14.930470761780416,8.30350547460582,1.1647033917431444,1.46977660935746,1.5345428793146
K05341,1.30208937793677,Suppressed,0,381.5654671487003,3,2.9809273254101347,0.2794970141333333,1.0,55.033706440855894,5.254423750589371,70.4767168388293,3.452438436825595,1.2731046962030645,4.710779006637939,3.1054872911264475,38.03913163208395,80.44762397972218,2.86359263454976,16.92195193010042,1.4381760302192723,0.9315027747139033,0.493452148369396,0.46458860405842
K07394,1.22221081802168,Suppressed,0,135.80423736236082,5,2.496311392340653,1.23880692078,1.0771920281797491,78.15649857789309,2.6956956713994984,69.33984923549147,2.395180732679228,1.1020602978014282,15.649360956795315,2.1918147301804516,25.00080184984313,51.24445419845051,3.8604198238179306,21.71101506677949,6.389002810395731,0.09739019425630938,0.498551249829346,0.860722316878911
K21138,1.47885177617547,Enriched,1,7.871016543111971,2,1.9998448688565038,0.0477178215,1.0,62.740793207696385,4.150293479481869,67.6876357226528,6.1636290990983955,1.17,2.6051388112188762,2.0,30.564870289839355,33.81851671322035,1.9440411267419173,10.83630380552709,8.67440709012703,1.5257217093088946,1.03896752080765,0.904337058804658
K12979,0.776952568853715,Suppressed,0,118.07324960290856,1,1.0,0.0,1.0,56.02,9.91,70.71920343,3.249915,1.18,3.6924042628807214,3.0,32.283259567820885,79.14605571465765,2.6034886748242645,13.798489976568602,18.745118458734705,1.0413954699297059,1.30175168553647,1.20034339580762
K15067,0.533668243474169,Enriched,1,184.51082664709497,5,2.0409812067265456,0.86201248668,1.0791109433886836,79.47074465031183,2.974309927236691,70.22081293020031,2.2687299570634947,1.0926384519311987,15.31890252913599,2.123867730372888,23.51328672525763,52.465555776247356,3.9586841399986517,22.875255832255483,7.58682507639108,0.03208765159298125,0.393716431049486,0.453719270441929
K01821,0.721949955927262,Enriched,1,117.39446680059821,9,6.7506050762226915,1.196998915588889,1.2810511528534214,56.199433252394385,7.2417441792685,67.95514253810906,2.8044102278293255,1.3191289088435494,12.079372005065466,3.3129072165331,29.49763315500769,58.67464060866965,2.9756482902853456,17.477304565031424,6.750001285416509,0.3585202474325244,0.660231425450247,1.02684580707684
K23257,1.17344353005255,Enriched,1,39.86426121826756,1,1.0,0.0,1.0,65.8,7.18,67.73954034,5.594663,1.15,6.255962155361279,3.67,45.99129894344313,32.93971410814171,2.3306401491609696,11.808576755748913,11.497824735860782,1.3983840894965818,0.223847537175745,0.291097942152317
K00055,0.73992502510397,Enriched,1,272.3216060206169,5,4.338788122885945,0.66545399316,1.5940357822098166,67.18824000322493,7.605486361939689,72.08679603015801,4.250249424270273,1.2484215169355517,7.480080494708053,4.109516226759495,32.30521874932648,72.07839933733582,3.28275151126364,13.717188713933925,5.154898032756979,1.3012121719973977,0.23313898424368,0.32149825777272
K23725,2.46381721763664,Enriched,1,35.971154021612236,4,2.82468453866342,0.4925287922499999,1.0,61.22912363167957,4.04864527380802,71.51798848971845,5.232198228453094,1.2323338819721803,4.8942279901331105,4.056764736426372,42.77023859914278,76.19612605350511,2.791282633208982,11.723435114278942,2.1394587406424854,1.154731827551568,0.508296932651435,0.716883377651398
K21700,1.09126206194267,Suppressed,0,44.05906294955319,2,1.6054398142680744,0.7329861044,1.0,51.86547802055756,7.986169538442433,70.54513563109236,2.694641017284165,1.3263734862639067,4.918633742886646,3.3988910110012927,37.304911158796074,83.50086846429217,1.4047908285377593,18.138685043972433,2.3191223610247333,1.7709619713209146,0.346498593404285,0.343410065082108
K22617,0.529705398106581,Enriched,1,365.1904093841356,6,3.8308680258257306,0.9495421184199998,1.0498238259715271,54.68153868416121,6.031505385550524,64.36988327083523,1.7898713707867824,1.3188144587161008,17.175894361589062,1.9818074707564797,25.57297877709799,41.13521485649204,2.3045756705150042,20.45272440533276,7.0446159394192405,0.11869369759786967,0.906219386081387,1.18972536650326
K00365,0.53849751230191,Suppressed,0,496.5426038942008,11,3.775745348128521,0.48766567371272723,1.0000000000000002,74.51095469126535,2.2974954356590915,72.1250366219198,3.097049742543169,1.2091298128298367,8.416377344896668,3.4226266261827467,35.09132257836121,67.0173610523242,3.2407033118113806,19.6139033758954,3.381965917663119,1.770467102253527,1.70465294588554,1.59280147032209
K02650,0.546036995034737,Suppressed,0,706.9639491251045,13,7.751500242281065,1.068023816074359,1.5921519086798543,56.88226698309854,6.424086843361804,68.81440171608058,3.830814784022094,1.221409451269536,5.654626086653141,3.0448336988696294,37.65668474450901,50.74689264501741,2.5994734790003657,15.418917248578268,11.57354306279164,1.177141947401116,0.631397685716437,1.11465992541322
K03226,0.724393409588543,Suppressed,0,146.84582138948124,6,3.086224246243645,0.48018019688666663,1.0,59.279580057696045,8.905299010031227,68.08011109759907,3.4519506198004732,1.2134802497072832,4.658602632529145,3.6154445067389878,41.06958502656195,39.28432633629565,2.658415416383183,12.748098409841646,13.87923460514503,1.394130680386977,0.38507977083866,0.498285183999056
K13592,0.863567848059107,Enriched,1,215.48324524912894,3,2.8446284769871655,1.1886132598,1.0,53.77726402947253,7.104749384875673,66.44416629630345,1.8121810291801537,1.3386538657827898,11.383268754223531,2.070825541218112,29.35122454107315,55.28665533085396,2.5898598031126716,20.543000747565262,6.1518909018565475,0.46207540302254835,0.724742124337692,1.02067982464041
K00956,0.642549353189728,Suppressed,0,784.5981219423815,12,4.488355834933411,0.9722140647909091,1.1066197047641244,73.78756022001625,2.8832526766698887,71.88070971840004,3.1992294560030805,1.2122037993305317,8.246471428530873,3.677144840617164,35.938068725061,64.51878726185781,3.091351999848619,18.73702696700309,4.5220350480240965,1.802147964165526,0.656441348858561,0.827969019512799
K18199,0.702274230065893,Enriched,1,113.21836230038444,15,9.648828184548208,1.0811240950780954,1.3467204354121916,55.33208547929978,5.925763078689227,70.06238098855023,3.543459839030342,1.2787271021654512,5.84060699705616,3.5755341116312755,37.06056280389032,73.01151114705375,2.424081299172906,16.489914997130782,2.3683943577516122,1.0431586083438098,0.794977213235025,0.994085739664023
K17677,5.28014806022938,Enriched,1,6.5891929231829485,5,3.903785309165198,1.30681941072,1.0,66.366155760098,8.612042275781398,70.84500502890238,3.5950641211375522,1.2781662865568348,9.593184964052217,2.255300246958149,27.10419817818961,64.41979494945383,3.3888719123191224,17.146526361131627,9.27265774439626,0.517595842909251,0.781895683826324,0.884432502273445
K03933,3.16315899190389,Enriched,1,49.12025251053981,7,5.538137158892723,0.6522329264761905,1.3387574979032075,58.172975835962795,5.935816638826934,71.78286252706566,4.313573799516356,1.2742051506477063,6.122549712086018,4.382908910661235,37.18042678663779,79.24484470196391,3.2055037363428247,13.690793972969509,2.1527034638122586,1.3650033734386346,0.76111999412956,0.854032380267964
K18785,0.681181649210216,Suppressed,0,183.13854888641058,9,3.910150899492345,0.6456759418777778,2.281835255589675,56.268823191678905,8.24581903921848,68.42372015933758,3.2333934154802897,1.2278056247496238,4.96162916841045,3.6620130024400996,39.52550418223183,43.467110967664674,2.449581945158036,13.11527115557189,14.850287023192026,1.2255407438030117,0.412622811455815,0.413850219860418
K23054,0.718656831193438,Suppressed,0,100.70006202525705,3,2.144490369492632,0.6787808651999999,0.9999999999999999,65.09253928799237,4.737507592488718,67.79301787080024,5.699445160950779,1.1056949502533941,5.085753388483719,3.5148509864236503,45.645186544269976,34.72726668790816,2.4475789806858472,12.76611771585289,12.00632636026271,2.13100606104023,1.33239472614176,1.7422224719451
K07714,0.594848337487982,Suppressed,0,1271.342754861532,18,7.715757069530451,1.1527531385202616,11.54849591990126,57.2783060683813,7.051024959786054,68.32803475446538,4.023347392394904,1.2001984123635083,4.822930873256275,3.481689890767593,39.98490789197092,42.40344729785236,2.3120670661099454,13.041678836689563,13.723539209484999,1.3211954770822396,0.201648904899086,0.508441360892945
K18301,2.71172240596813,Suppressed,0,22.267241906741692,27,7.325965874974437,1.2140733121316238,2.049606333870017,75.83144827908107,2.7210234126130763,71.64369065544224,3.1168906863980346,1.1718676632794958,10.342692406036699,3.1505011130180414,32.383581393698414,61.41277967944547,3.4375478669338277,19.600234268970905,4.994000709088984,1.3344297493465318,0.81878274317262,0.536529750595699
K13327,2.86297688719815,Enriched,1,23.128220348654143,4,2.498820667676854,1.4004126628666664,1.0,60.045025196871094,4.018696017046389,70.74788822531174,5.1412136949954945,1.2182005293752443,4.763883826290233,3.3736738861217774,43.08545793389335,70.07056827427759,2.39883555774281,11.943519834093543,3.601661803041991,1.2853092418988812,0.387308667544618,0.522287735110698
K18148,3.68932964558885,Enriched,1,22.80664687333709,2,1.6758116005112191,0.6762568184,1.0,54.27692971372987,8.120588698576483,72.75867590167945,3.751830490989291,1.2936467808541103,8.34686847781437,3.415444379784391,32.69851503862295,75.95347213335381,3.6361510819480745,13.446138612982256,3.3521173834603255,0.6325811750261743,0.629573277969824,0.825781078254038
K02451,0.568209036074062,Suppressed,0,216.02077200282557,2,1.2069890637163756,0.3463670443,1.0,83.74473096190387,2.2516632972076134,70.15269256281758,2.326974704966728,1.054885411209916,16.071170565753608,2.09,23.09223110418804,50.16965191378645,4.107638483566893,22.976270146133587,7.2033112423671835,0.0,0.587160545138153,0.951598313908478
K18567,6.21472757176942,Enriched,1,0.0,2,1.9999852100160076,0.0639598291,1.0,63.057538702596254,2.7921733537628834,71.06404517490682,5.032754801679274,1.2299230844561329,4.072766844007704,3.66,42.468505381074536,78.13817090545493,2.5871021615520506,13.423739409341582,1.464685804743986,1.3756854104432938,0.198655802400659,0.407952829521165
K18225,0.724676905396083,Suppressed,0,67.4319330792178,3,2.256311680147975,0.5984999728666667,1.0,58.48151259807129,8.226899746699047,70.51797717778665,2.7119397921074873,1.2923018145320884,5.726811748435446,3.307722061835223,28.028137364557438,68.90577421259634,2.3139600853464164,20.981102493731292,2.742684347914647,1.0263962489095861,0.513529835114384,0.323450724454195
K13788,0.748486932304718,Enriched,1,651.646877617675,9,7.48040061536856,0.6366619993611111,1.32910536750687,58.34321566319076,7.518201635405032,71.33869113973063,3.4049754995905452,1.2851327017806735,5.7852264215904805,3.344978444145635,34.31013188101315,76.99382135148777,2.872712340477382,16.25408790913726,3.4709671400931494,1.319635955556558,0.190123160171702,0.663377043718139
K20975,0.619046593590831,Suppressed,0,134.20531054845392,11,2.4679595587311356,1.1682825791672728,1.0963624135111152,78.63405683287958,3.008283688359002,69.89653148610151,2.612128445105513,1.0810246751042176,13.821517382996339,2.4177007815756033,25.526154732805526,50.71297465151475,3.692339032377506,21.850838723811915,6.969336153439296,0.28029998203786327,0.760276777254363,1.11877295391355
K01446,1.48652303764019,Enriched,1,71.3899634849877,14,4.478742178227896,0.8842653145725273,1.3122282274640955,73.32229601590369,3.08570878542998,72.21541456585454,3.1218011748152885,1.219035669785978,8.70105488448736,3.363835784392148,33.825376349434286,66.74868828199557,3.3601857875101113,19.222869652357417,3.623046652748766,1.6615686149491133,0.671379671219367,0.87004927209433
K15313,4.43322023117341,Enriched,1,4.5233145556480485,2,1.9988667286305366,0.2789311994,1.0,56.12913433331201,6.021895609694826,71.37358197596467,3.986097352171832,1.2538217010083272,6.929472338397385,6.190000000000001,33.617243224856054,92.54705442002863,3.7773157263465613,13.16029684674788,2.3149389069007746,0.7846366090555831,0.694980552688656,0.685180133251093
K12710,1.84550663925221,Enriched,1,7.359368972698074,5,2.7458232577384534,0.5025201654,1.6121271236554968,59.55897221155455,4.420479096286178,71.15092857091318,4.678016333348337,1.251606280273893,4.160815826501323,3.9265601185682604,41.77680790347359,79.66205377925057,2.9300095305386016,14.301346716801117,1.000245175358521,1.3072399498256972,0.615370063536366,0.362010976333373
K16862,1.53021740129423,Enriched,1,6.575314225092197,3,2.8664700747781318,0.12813971926666667,1.477880597195685,60.76160392204143,5.2446939559988905,67.69886103485732,5.576149937415062,1.1838575956873747,3.1677048990838754,2.0,32.47439053139016,34.84230004369088,2.0237309093219267,10.655941331076804,8.434580824223135,1.811177844130654,1.57437232703957,1.23054871081078
K06940,0.541618329779438,Suppressed,0,398.8857320024293,12,3.609381905874003,0.9771070806909091,1.2640455784896774,72.97295657599737,3.839585261374504,69.5496623747416,2.8390589765491128,1.1108037182601227,12.275534732119166,2.586810945636119,28.386701538107523,47.89123953853946,3.3980509356984787,19.806015070592448,9.977740813117736,0.3508947468685658,0.906326514114197,0.991151765353
K15916,0.597941107578984,Enriched,1,478.4204065658123,7,3.067929409206742,0.5102090350761904,1.0259006510262625,75.65836885224763,2.2790808583261786,72.13684319508877,2.9730795834720385,1.209962398825339,8.826697141576757,3.255679075763041,33.795707070433195,65.29985860471561,3.141012714722101,20.28413304955651,3.504076785401265,1.796164041804016,0.407173799406249,0.784576678516147
K03633,1.38126738449125,Suppressed,0,105.71608431708161,4,2.659374020010516,0.2170037316,1.362465839101303,57.654759350689126,6.131088312898524,68.17946011395041,4.4033657605532115,1.1747851144447612,5.179639945511198,3.6700000000000004,41.448926249384144,40.63367667023448,2.2158473627462802,13.049535292525697,14.924977976329451,1.3672471194009783,0.550442662870415,0.288938171223524
K16046,1.40957470252285,Suppressed,0,163.14595667337247,2,1.9998225022861944,0.0828185456,1.0,62.30403590763118,7.5650627116232325,67.70025983438998,5.833420627680523,1.15,5.8426711996255305,3.67,45.93130008045168,32.71656361997423,2.2426795519074543,12.601512672611875,12.083911742425647,1.4913257244324067,0.72116010283648,0.759848086304769
K10200,2.26984402834674,Enriched,1,226.50976886854372,7,5.4190585446160275,0.565051032495238,1.1271388177222557,56.601973395310196,5.329370450205796,71.62503050525206,4.4864986634884945,1.2534677739144788,5.39234655116471,3.723667166899819,41.58611051190937,77.5115262575577,2.9231262401597573,12.788134478960915,2.0939800631725625,1.006006697698499,0.560943824940758,0.858724921109433
K06219,2.06283390082368,Suppressed,0,100.4677609810805,12,4.702257672285321,0.5721898204393939,1.1316748650563067,72.1426708134358,2.7561363643648806,72.04412099827785,3.1283605774422525,1.2185136768638654,8.238056202772611,3.5978044899496595,35.16128539959731,67.41939029667901,3.09834049446651,19.246171838781112,3.203561205792414,1.7205332225303096,1.18312346417993,1.49503075457154
K10111,0.502787673678003,Enriched,1,229.6411693259861,2,1.995650457191462,1.4338499218,2.0659630080508657,57.40237474808472,6.949102735521244,69.20183460852968,3.785464724110867,1.165989445120763,4.092408603338705,3.31290239230296,39.033117282481925,63.54964117120495,2.2164747416405612,13.524767712692437,15.700749516517071,1.29181201897689,1.57038212597007,2.25180778307909
K20370,0.587212379854878,Suppressed,0,282.0059726947586,9,6.459836116839755,0.6176189173222223,1.3150410393368883,56.5576391278278,7.484351758852012,68.42919881135207,3.8298517719028826,1.210252762877677,5.221152863681992,3.645529801620504,40.62047215314614,43.060283791611226,2.337932111934229,13.01808828635831,13.769091529131131,1.4087870564353069,1.14219540983525,0.458645928902658
K20484,2.25695669961079,Enriched,1,117.89705420590246,6,3.851811545252792,1.2068866626866668,2.0616926826407314,65.88949656079514,6.324690128379379,71.34445940858923,5.077072775931715,1.2107420284069939,5.8955619020155146,4.845321916189575,35.30887112050715,65.37131426189765,3.4410701031005124,12.579002277504244,5.1313565519860465,1.0577805040039905,0.525221968278278,0.651007430637565
K19978,1.95438129850895,Enriched,1,77.03937605905287,3,2.4127117614153013,0.5295835301333333,1.6464826451546593,80.20949981775892,9.569486696730058,72.0128433255855,4.579907093340623,1.214390638243151,8.591041260668844,3.0172699902628675,28.937739118562565,71.73238545084526,3.357417929334481,14.83250036074111,7.464959507252799,0.8187855934677355,0.7452918115102,0.906944349593276
K01118,0.64607538942301,Enriched,1,673.0884460347964,13,4.7325642324512796,1.3027700840051282,1.0625792407056125,74.44606377146798,3.6942494760699973,69.25237828803502,2.4227251926471824,1.1420838923821905,14.87375476892781,2.2804471184897923,25.397189013663244,52.78256729652256,3.6197351695832687,21.443138824230203,6.725295486941836,0.1716504403044311,0.649433744989491,1.0538709971913
K02281,1.00440669432221,Enriched,1,213.24117148458797,4,3.2129982328027458,0.8338173144666666,2.2559982921784423,54.979283016577796,8.214194093166167,64.18622029641666,1.552703565341005,1.3690007898621586,16.76966795188946,2.0250990016260983,27.08752431375745,40.13053249338121,2.2774945882830937,19.906286125457314,7.676599277238681,0.03731699782610441,0.876811900638567,1.16754260886062
K18687,1.00092907919723,Suppressed,0,578.1318701954683,6,4.865329710741681,0.5481889593533334,1.0,56.977685157168835,6.44183142157762,70.84717929338483,3.1525961356141945,1.2786349259792726,5.417576692729929,3.5421435604701648,34.54529539556259,75.8806496385476,2.1386507779242114,17.945413862085534,2.4066470123149157,1.3081164101295786,0.663694685387565,0.766671954401547
K16424,1.94864072566492,Enriched,1,60.43824274381523,3,2.9559931947806986,0.7426160323333333,1.0,61.42031281786059,7.661247631165463,72.33961794457929,3.1390562781935687,1.281862822431564,8.683353072313405,2.6700000000000004,29.60098891951251,73.31943908601072,3.0330010049504974,14.737488842893647,5.456595776661627,1.3629605952506099,0.176968871967538,0.463562691696901
K01181,0.768286272864209,Enriched,1,2085.372338498155,24,14.168245563883422,1.046969323798913,5.3550605180398865,62.889599161726096,4.9954697044116605,70.36044568700237,4.109385578840026,1.214990832727846,5.902823620958518,3.7732582953896117,39.645437044640424,60.705576214386774,2.723186946147255,15.037518513843898,6.959991524970414,1.4401379003921235,0.322735113521991,0.481141426329762
K22969,1.01086170207095,Enriched,1,661.2753812478118,8,6.3912368703715305,0.6480991952071428,2.1323960642082755,58.245731500274466,6.735661241751304,71.99235983989148,4.02779907619003,1.2869464329396534,6.8604133279292325,3.5806948477810234,35.26190243896001,75.40489261273348,3.069001677692569,13.583483944315187,3.317350995912024,1.3907118733928319,0.329116122023181,0.539624084716618
K06402,2.12616940873824,Enriched,1,11.631094398290271,20,6.060136310825519,1.1790115366115788,1.3038423209618422,71.91803678041543,2.885514252778703,71.60286496835695,3.3552322050363004,1.2086721076627636,7.868898368250176,3.6229472941514604,36.0836999505498,63.48247507153062,2.782927799025703,18.70325525087268,4.381873638387158,1.9431171835526904,0.184849237249104,0.17565844848139
K14414,1.0439506597993,Suppressed,0,43.81441316854271,3,2.5960389210528185,0.7575416625333333,1.8964663302438738,58.805733257773085,5.671003939031459,67.5763905936585,5.341447184633716,1.1520706733951223,4.821915660834024,3.497098771507268,44.79536867385175,38.50804142288811,1.9670482699292833,13.082738292089857,12.018929111602649,1.5599717116810965,0.461153309727671,0.565631569949438
K14727,0.566478758470016,Enriched,1,165.27700085318745,9,6.850998845584596,0.49474669457777765,1.300810941031778,55.10598669473405,6.361089421096118,70.6719987636181,3.466442115447079,1.2852085262953905,5.052312952207106,3.8383140780364813,35.63059550339301,76.91717526930606,2.5386031650377956,17.256356937226414,1.8020266697496556,1.1128391465131346,0.469340081670384,0.376126096689852
K23227,1.04258795846166,Enriched,1,67.87300544956305,7,5.898434114428,0.5148740903047619,1.0,58.39435438080161,5.320122719931026,71.03851763992648,3.842526859384124,1.2591371593645766,5.005192594920512,3.576642505325681,37.233857916581876,75.55683754773554,2.600886436029923,16.250245357353588,1.9145097134750877,1.145823161424581,0.317361123595607,0.217560777940928
K22552,1.22813056135871,Enriched,1,328.7933490483601,20,7.636513887118409,1.1825977961210525,1.3578050301411952,70.6729067342861,4.459201360138694,70.5468218165082,2.7885321884365974,1.1563999586254805,11.71683619271733,2.6863969381096475,28.259288358595796,59.88677739431779,3.5320966415547197,20.303444668468895,5.938958132002833,0.454112216912277,0.401457041987644,0.762931727107148
K16117,3.54520810645461,Enriched,1,8.21340806556515,5,3.5677672685539714,0.49543789458000004,1.5191228208513297,59.86622333105484,4.1376641259881675,70.99964809806119,4.416061996564435,1.2483214887635996,4.43158906483034,3.8511217691143353,41.86836808826533,80.01500749312473,2.277573021946446,14.383434819630818,1.6958867374471285,1.496502859330512,0.965303322530064,1.09766446332195
K18234,1.63317214425354,Enriched,1,49.75198983078936,3,2.070661215176441,1.2718831222666667,1.079151206206271,53.670592384672766,6.584715161810973,70.56639644660278,3.1311074287363527,1.2798610594969364,2.9434080346499405,2.9858039268491487,35.56904165508545,77.46093353135163,3.409126413504268,17.98895523615226,3.173470154349119,1.1668848347688234,0.635809781500316,0.773177092372354
K18855,1.1402611842947,Suppressed,0,48.16847167623004,9,3.222721921193302,0.9460713800777777,1.0415231299150414,76.08764497092609,2.079593659316571,72.2893142150392,3.184966832660593,1.203068458941312,8.625158060327367,3.2708237813228855,35.546930922325565,65.47496100814922,3.2193349975316994,19.5114538240988,3.5982509100851856,1.8716037316914695,0.49248953325471,0.408284478920734
K16645,3.01511151082518,Suppressed,0,43.93991230616691,9,3.124247542629822,0.6504490575388888,1.0,76.97175068158239,2.194829650964805,72.36797334485011,3.068662770963702,1.2060075759146216,9.053961718705015,3.6318853761768497,33.78983574138992,64.35951574556418,3.149363709780515,19.96316911244892,3.718356753611151,1.8981544460811353,0.964638780251708,1.04575976428731
K01506,2.647856248527,Enriched,1,53.645097027444685,6,4.682833841775166,0.5857641525266667,1.5402806243093194,53.93771483954514,6.525123425445113,72.22113728584772,3.6844216159458085,1.3005292935623027,7.338480301320358,4.883017177816312,34.32693404062315,76.94123892533875,3.13736021283697,13.04194723208549,3.2194147752292714,1.5508247267400808,0.655687264351862,0.841866161805489
K19124,1.17116718534587,Enriched,1,55.76708104215004,2,1.9999852100160076,0.0639598291,1.0,63.057538702596254,2.7921733537628834,71.06404517490682,5.032754801679274,1.2299230844561329,4.072766844007704,3.66,42.468505381074536,78.13817090545493,2.5871021615520506,13.423739409341582,1.464685804743986,1.3756854104432938,0.190601493093505,0.531217038372942
K14519,1.49981255204035,Enriched,1,109.42758672894229,7,5.0476041689655435,0.410546237952381,1.2826209201408976,53.784922402498765,6.307342476370673,70.91385540452062,3.612295657731342,1.2707170190564048,5.436764271618349,4.048350978465164,37.646858881235595,80.5765470693469,3.240964939206065,15.695429872544786,1.7067317897582417,0.8174925830521333,0.371239418947412,0.724370939000303
K07722,0.96066316710324,Suppressed,0,70.51957662632368,1,1.0,0.0,1.0,50.45,7.6,68.45121749,3.25998,1.24,5.214755918747968,3.67,37.689065212001,45.87155963302752,1.983635011157947,13.389536325316143,17.108851971237293,0.7438631291842301,0.982380047286729,1.07033157960754
K16066,1.0521299188411,Suppressed,0,55.059359134043284,19,5.450505258377925,1.0319056552666668,2.0080897313329293,73.55188958621211,2.7831193397422695,72.058495951007,3.2128005019434114,1.2128863296905388,8.389887390237767,3.4921625562017407,35.55252344807536,65.97883175867392,3.127440580378803,18.818035288243735,4.184930954891099,1.7671294275817284,0.656988611978021,0.489628642445613
K16016,3.89745528409827,Enriched,1,4.600238249954624,1,1.0,0.0,1.0,59.5,5.33,72.29501901,5.67638,1.24,4.932721206120802,6.19,37.70631758679568,70.00569151963575,3.9840637450199203,10.813887307911212,1.8497438816163916,0.9960159362549801,0.603865344593053,0.858353689131823
K04117,0.615778101565107,Suppressed,0,216.96396052609893,3,2.767716379981225,0.3252686408,1.5243657310939034,50.8261685731782,7.427935782582905,69.88531701476167,2.0519961801285587,1.3194138180552792,4.882858843932956,3.2753382263677118,30.287565553078483,75.20177822523027,2.016346707022404,22.01568512739467,1.4256832938894477,1.1224943938535517,1.03101658931414,1.07174180312962
K23170,0.763674224197402,Enriched,1,542.6175628074487,6,1.3515205250770208,0.9778056198866668,2.9113532302963603,83.1568569087972,2.2803026871873873,70.14427852197184,2.3206658708961383,1.0568559056572726,15.858847314136158,2.091250566310477,23.313614987146074,50.42244281976668,4.02095006246325,22.999838261092652,7.209836195100891,0.021626304065548836,0.348432404330779,0.696903336491874
K15582,0.944579974659929,Enriched,1,762.5939983985114,17,12.65405013911866,1.0327667499485296,1.2073256564603625,58.65396241171703,6.454599815522716,70.0248635846836,3.8676207904212396,1.2309756503646265,5.189209826562301,3.5906735477329916,38.80467891528152,62.58998954549344,2.7932740320952707,14.131842729844767,7.871077064740194,1.1556184413577841,0.349521079832792,0.511361949999619
K10680,0.61130482635015,Enriched,1,325.230632888966,12,8.68721642173289,1.2702787436242424,1.9236017691820118,57.095997015340245,7.973449622982315,69.12433261517938,3.392307540478723,1.3137602672978668,10.481504050551422,3.4458568532634986,31.22214961154751,62.83048964201056,3.4229495090012296,15.720591703936254,5.97965350008249,0.4703631286913194,0.767538854876225,0.837736906413226
K16559,1.46964800513309,Suppressed,0,28.800329182754194,5,4.4451946674076925,1.09771900646,1.564067249103465,57.699422461508625,6.329716633761779,68.9200231562621,5.306560344197468,1.1757396719027748,4.9598221717490265,4.228593878926352,42.90395159811037,47.26446969830345,2.5192812761484573,12.457609324102716,10.214658689954291,1.4687330951381068,1.27367249164284,1.64897332173593
K23359,0.803806715236051,Suppressed,0,205.75606077110015,13,4.804908868374832,1.1223715917487183,1.0263849171522208,72.42859450688978,3.3078438398478927,71.24620443490333,2.9334538652279445,1.2136772299743963,8.995575669465612,3.2413476668919015,33.52697373525673,58.471874005653845,2.970708086522802,19.749390982716864,6.00207672552776,1.6447852383345165,0.824094761543637,1.03264563763885
K18587,1.08732141408838,Enriched,1,147.95804070980762,3,2.913575298703949,0.08726498180000002,1.7570665192569643,54.73156188158721,8.154542416515566,63.81221050628203,1.5236966850749414,1.3652415375120548,18.874272457327287,1.98,27.041452963180014,41.77036336614908,2.890149738936261,19.3806256282069,4.907583573888151,0.0,0.80924416421128,1.10825241710945
K19181,1.01233070435158,Enriched,1,29.633550228485138,7,6.097126428679207,1.1693533049809524,1.1176033221286557,61.73862834627419,6.6889014884633795,69.85302978482207,4.854371593029266,1.2217859542076555,7.180080016163628,3.751738297751496,38.60944331523118,55.333163120746015,3.222359914814584,14.29614828008619,8.766111092209044,1.1274884480311471,0.617338329601822,0.610837739868803
K18013,0.913343561275297,Enriched,1,233.89054674318538,19,6.295449935692854,1.0845300142105263,1.063106918368107,71.76687221073337,3.22587606890704,71.77306108488311,3.1731777171666753,1.2159320709247212,8.166891941165192,3.3141054886051866,34.92131284755065,65.53636149384708,2.9958785194542146,19.144188540134174,3.9135782891072686,1.7147103394401517,0.151529516097553,0.209749229475241
K21961,2.29345873751794,Enriched,1,58.245335277399306,7,2.5673208238845056,1.173994787095238,1.0393121311351043,77.85989101164282,2.4321603784740993,72.12478981724941,3.044960591208497,1.195128788074268,9.310622110915766,3.3493552155302724,33.698381840945785,60.21863740734443,3.167652152781795,19.574516736967514,5.876840015335252,1.8314680282466962,0.719149297544496,1.04248029484486
K01230,1.24012217917611,Enriched,1,12.39433109876002,6,2.4903549529641285,0.60980720282,1.2660941380974164,74.75535837354943,3.598030068899097,69.53283607780524,2.8286289324284337,1.0955446451042512,12.638098879006929,2.605644921181833,28.44923665081503,47.36923434736512,3.4505968440598878,19.821784667856495,9.898368833183184,0.34287973305840563,1.16504840534259,2.15070896868303
K01202,1.31399965104641,Suppressed,0,40.51587747920386,2,1.9358616808539917,0.47891406559999994,1.0,58.63179860590357,9.29774744691872,71.82231367887826,5.263854232770562,1.302539249241696,6.537786724412066,3.7009590255233453,39.26318145593612,76.83052172564446,3.4697519700052175,11.615554270092925,2.960341940223663,0.684436557277881,1.67057064963081,1.69922870965535
K17329,0.879958867797659,Enriched,1,445.5945316997331,12,3.330836861649836,0.4911360761863635,1.9206943462936796,76.13359224155371,2.044298601041768,72.3071950078424,3.0923861516852122,1.2028528386058772,8.898049612698143,3.8805280870068506,34.79813700739122,65.50937048516302,3.2029071494677255,19.75337150476352,3.5061807316758724,1.835896640522674,0.265243188606597,0.324619688408296
K00561,0.947355487979899,Enriched,1,105.1051650439682,4,2.843662722264373,1.2223792852833333,1.0,52.563600388088865,6.622526023055281,71.91571958087086,3.1088773250748303,1.3047501751907236,7.613593504995764,2.5332863344869145,31.53098199668465,69.89290974601523,2.801472637115408,13.66940539203021,4.487569992883156,1.5077972202571464,0.523591728256614,0.952508926435482
K07217,0.522406163812711,Suppressed,0,123.66749563625267,2,1.999718585719076,0.1402942075,1.0,56.97261549786484,8.861276686065517,71.5192565972568,2.7331120445583466,1.2096644879255969,5.567974636205776,1.6700000000000002,41.914343255367655,59.186410450320835,1.8502569532325537,19.217876630799942,11.091409602886737,2.1540829938849217,0.385569475278768,0.287445332007868
K14187,0.505980616973179,Suppressed,0,149.0933045418108,2,1.7468893523879316,0.0535361134,1.7540546169081896,58.02137752846863,4.594594538309181,67.6360471528254,5.738114899950815,1.1798378153236724,2.946661270041922,2.0,31.07568595118768,33.55188491099298,1.8299055165305589,11.302097989887944,8.420780283008616,1.183612073255813,0.759079444370507,1.72351788445575
K16436,1.36810911662553,Enriched,1,28.60484569986879,4,2.9958678402936405,1.2615016338666667,0.9999999999999998,62.894600660206414,5.556617353564449,68.73138212210131,5.455791586536089,1.1369314776303512,5.34721816995378,3.755496466313598,44.84079168374947,42.70694881454007,2.679256064535631,13.132859553078983,10.586543739901591,2.081427132724294,0.445848091428377,0.658203392239354
K00216,1.04480884220678,Suppressed,0,78.4744562127876,4,2.5518030668520773,1.006621637,1.0000000000000002,64.04661598854145,9.352089897237112,69.45670437992361,3.176157563483451,1.2295189470728773,5.375592383011585,3.952349692448434,37.296594763342625,50.69393117311914,3.1564838613154587,13.278889156178261,11.957021233383514,1.19933328746794,1.03642709789654,0.583118602723189
K13276,1.25819996905916,Enriched,1,14.467148815340295,2,1.960734045398253,0.0320753673,1.0,64.43330546664534,4.1007227053053334,67.67430843128663,5.490564124281043,1.1860304296970667,1.9719211081521477,2.0,29.118706717971378,32.49518436388428,1.7578148502365907,10.83571225280113,8.89188354573147,1.2208113642594385,0.214399645487175,0.486713930305331
K04030,0.930669532631013,Suppressed,0,59.15548001743682,2,1.9949649589390392,0.1585217381,1.0,51.77296650445177,6.808452953510583,69.81605579714682,2.2535236942361436,1.3053548644905884,4.2754247455909224,2.22,32.791007057263755,80.3057760240791,3.1738483831982114,20.45545094101734,2.061352255158833,0.7689374188462392,0.442257587434918,0.328986081242744
K19295,1.01740239331247,Suppressed,0,169.1571684582014,4,3.8243431030810826,0.8644905511,0.9999999999999999,55.70794450171566,5.029836182533788,70.07582974039447,4.078081644050397,1.2376929571697888,4.524308599092053,3.663853865318226,41.2743629843639,66.31075180560025,2.365387664533708,13.583504826429463,7.38076154332234,1.0790799599049326,0.572840781030419,0.39462583204029
K01387,2.1889219741597,Enriched,1,21.484126265585193,5,2.462299577211385,0.2042638651,1.0,52.434270286774776,7.423426966626057,68.27494513837087,3.7990460938002677,1.2190592345456506,5.256783240586631,3.67,39.52213946138994,43.30837953643272,2.020113867352181,13.155064598342737,15.871787527610453,0.9630047096051819,0.475833384308116,0.569309026174079
K05822,2.0770420065654,Enriched,1,3.6692754627809734,2,1.9992872975495406,0.1252819651,1.0,58.043302047369224,7.950022960221453,67.90321923357521,5.635028630272089,1.1602669728029527,5.759025356534905,3.67,43.95423593767491,32.05544814679711,2.289879256780259,11.60205490101998,11.759005690328433,1.6821062364320367,0.506204020166852,0.524703032239732
K04027,0.563910977194372,Suppressed,0,164.8283982789894,3,2.0821468739128868,1.1625232217333334,1.0,53.60790770348113,7.6517890187425035,71.5634285098543,3.508283696834076,1.2743012314354358,7.66728296435579,2.50307471586784,31.168033611347987,65.11431411547116,3.20787252147589,13.352950272254171,4.922235222217964,0.9015048828768044,0.279536095454125,0.575450495684397
K20866,0.659016968628634,Suppressed,0,146.6904440396113,4,2.05355582114495,1.0468882057833333,0.9999999999999999,77.0961499273695,2.1825441045373415,72.09230481911611,2.850453053388819,1.197565106058052,9.159128406524196,3.3868129946617924,33.99500241216597,59.90385893620305,3.2077715043098243,20.16844425277167,5.726326357979972,1.8805720981353984,0.221726101597959,0.311296329281498
K16013,0.857391079133952,Enriched,1,480.7643441014932,3,1.404388531345378,0.6576724152666668,0.9999999999999999,82.22719632588118,0.9895583993642094,72.71974712063978,2.974985345715535,1.1835757630108743,9.98435546376834,3.9369585669975367,34.21871694678591,61.85328730202755,3.29483948559515,20.6248252880982,4.082426141820792,2.066814411480155,0.414761074076462,0.716123385190816
K05567,0.979492826497694,Enriched,1,155.3549237470807,5,3.945689546238656,1.11995622588,0.9999999999999999,55.54024543737573,5.923837156005789,71.14069939437768,3.410600115412992,1.2970684057533688,5.382060603748064,3.450447739402545,36.33934783026551,78.94797917201836,2.2623704272142833,16.056295967418244,2.3370832289593264,1.6504778135328901,0.690732779581228,0.924990224204784
K16213,0.826018783293057,Suppressed,0,238.45396743184884,2,1.9996098401978217,0.0968550876,1.0,58.9392098886287,5.798159833657046,67.56797520801538,5.247764598446954,1.15,5.003382509882901,3.67,46.29608349857938,38.99394033903147,1.969689990562861,13.29458324774463,12.444715398582922,1.5797524896946262,0.240680167197326,0.194432520422469
K01494,1.19595806096925,Enriched,1,1685.1347068360137,20,7.6193791455182955,1.2284357520726314,1.2891211359093206,73.88918573886495,3.362191948079276,70.10878667206266,2.4440576576689788,1.1863877538272667,13.305658454208805,2.2966395230869794,28.635836674261235,55.273096815625046,3.368573119937855,21.11423024280516,5.877983588801645,0.8551899413731832,0.270821823021351,0.245144122128138
K08976,0.52036516585974,Suppressed,0,207.59775915311877,5,4.531733249877777,0.7162114182399999,1.0,59.53294077586857,7.188044863252367,67.79354049598729,5.721793608574262,1.1626024695270634,4.926721566082243,3.3405827810605326,41.54109338159539,32.26091741241489,2.1493887612945812,11.924790893414823,11.433024204904298,1.564286702449644,0.18637834433066,0.726152762514092
K21119,0.814881242130744,Suppressed,0,148.5032033158335,6,4.782602142763903,0.5665775680066666,1.6893408309735498,68.38002145636246,5.951724205589747,71.75772664356145,4.302892360351462,1.2179493332975107,7.062146643502148,3.759709181739647,33.82528027478399,76.51732009677457,3.1171082622269455,13.945456550410091,4.6962004114449405,0.9540537075532383,0.545371191172118,0.756585676335963
K21181,4.19387917841232,Enriched,1,2.135862712796099,1,1.0,0.0,1.0,50.19,4.78,71.16082048,3.630346,1.25,4.13183757140504,3.66,45.81497797356828,81.27753303964758,2.643171806167401,14.317180616740089,0.881057268722467,1.1013215859030838,0.43994521046183,0.487427368913694
K05936,1.03660962799241,Enriched,1,147.74243568306994,5,4.397424475216754,0.6310434504600001,1.0,64.0730150706236,7.246237322807845,72.08012719346132,4.0829351597842525,1.2631150581701758,7.399151489507345,4.835112051434206,33.30682734844316,73.8377930487163,3.215229826881342,13.647009374135882,4.5657142850325805,1.5395112764990821,0.476976964060105,0.603502767609403
K07077,0.508176037332518,Enriched,1,623.9200719810573,7,1.7109478839122154,0.6519771874285715,1.0782213252940551,81.53910438314087,1.5681730460569676,72.78821601840849,3.049793217394009,1.188904195426282,9.995998222962827,5.227912813370843,33.89224053290677,61.805830265716,3.4043855966795116,20.420393576034485,4.153448776356496,2.0189323336171374,0.218742602236292,0.62405497250905
K23786,6.73691226389136,Enriched,1,0.0,8,3.460155866724502,1.1968529373071426,1.5885094232652366,55.281914048668305,8.22918910620076,68.89457021142813,3.210727166210799,1.2370237473186743,5.505933979628585,3.4796286134567995,37.111768940019466,47.5752048582299,2.391106072488081,13.518782097216102,14.852919680992503,0.9302250680294838,0.171793373392068,0.355575244610243
K01539,0.985084367423803,Suppressed,0,47.20975149287489,9,1.8956008794122345,0.93153339535,1.920456225936747,80.70351505717417,1.3764619138831864,72.6484436777041,3.0481551937142877,1.188309968793174,9.751354457192049,3.9854650211263114,34.34456911225892,62.069219018551095,3.310586053554086,20.24818862224022,4.037594763440091,2.0078074956142236,0.207659449674904,0.310192939584617
K07068,0.514586697712693,Suppressed,0,803.8944018776974,11,6.256192211119549,0.6210708026945455,2.6064821139057344,55.49963698570117,7.06789420770697,70.57461205362917,2.764673116030121,1.292138339715205,5.20568700144374,3.1382190149282327,31.383845170259292,73.4816497375631,2.6380730368221554,19.606570128275152,2.327251413905631,1.0649486898585914,0.979767084241418,1.15006974097381
K06203,1.56011670496959,Enriched,1,164.3668561131499,11,7.464006794262843,1.0644009371309096,1.2465760885674932,60.71680976782956,6.436303606867427,71.54193223509844,4.310077762811381,1.258499102653687,6.528245815245384,3.7464363498296547,35.696040802298,71.60266301943203,3.12835134679513,13.890953687211507,3.9578104179995877,1.227017547933993,0.388164111924781,0.650798399045464
K18220,0.672996275973535,Enriched,1,486.8956456361578,8,6.153637102210104,0.6473209443785714,1.3682434279442195,57.41324332989276,4.622643512292922,71.23641953641598,4.155291013273937,1.2607012126326023,4.909476841796533,3.743705243008556,40.99870289674937,79.34656738697453,2.430780481026736,14.207129141586027,1.9065340325177234,1.4233450516315431,0.277608323875466,0.43804903728689
K01617,1.65658134256883,Enriched,1,148.76573082389774,6,4.058283626564245,0.9538967558266668,1.0913622904117966,65.73078373174509,4.4689188104856505,71.26741210384826,4.952167808019353,1.2278100860884735,4.973157454839836,3.864847612671646,39.96914462989734,77.72454674953751,2.8490736384624094,13.621746512257028,2.771944597761366,1.2550107661046497,0.603316380865396,0.782740489598006
K04093,1.43157527898901,Enriched,1,77.76132491689229,4,2.937695447029332,0.51439526825,1.096206661682219,51.79044283380878,6.645610832590684,70.72521691994598,3.1318327635614476,1.284950852275275,4.627967953569335,4.009923457301948,36.448257670316515,74.80919400397066,2.4646286683474243,18.416105228455983,0.9044374937235236,1.1344218007910936,0.317467396296016,0.706619543063639
K07454,0.753521284362082,Enriched,1,229.59259388266847,5,4.055067188297622,1.31382058744,1.4736421382613822,55.73815839463463,7.909264859917627,70.71113938891197,3.8318027692597845,1.262321728914321,7.700003340643812,3.515531170233851,35.81070105727124,62.11298029573756,2.853910709465476,16.680138505155078,8.35876326256402,1.0836583454653244,0.45144421031684,0.650708887416812
K22822,1.03979943594843,Suppressed,0,419.52698620236646,6,5.408685883636369,0.48399768899333334,1.1163148454322496,58.07427393953309,6.204397889891763,70.6130259365345,3.262069413830691,1.265529987959884,5.441742858296278,3.1476594335118384,34.869587035331755,75.8297951068681,2.5919560052071047,17.73056820468453,2.5601322634651797,0.931341299101945,0.550483798346283,0.71712537783941
K15922,0.909523230027792,Enriched,1,61.38308422907963,4,3.9260263777027307,0.11134271603333334,1.0,58.61586586434071,5.540586502728774,67.67363579024669,5.228358254921288,1.1919898637868305,3.2853035238001507,2.0,32.67004538565038,34.61386330519282,1.9500130901311832,10.859456615850265,8.326057510437135,1.6307787365263484,1.80979129863975,1.21092512303437
K00887,2.38183566515191,Enriched,1,2.212786407102674,2,1.9401274842822458,0.25827925220000003,1.0,52.739435148103524,7.61734307465429,64.28207845005548,1.3441099607562457,1.3688676774784343,16.247021790948132,1.9800000000000002,26.059961179120563,37.74356618594498,1.4562022890008826,21.88673151406413,8.219055517801369,0.0,0.376257215633551,0.540620958977417
K01941,0.897343966873955,Suppressed,0,465.8236526351214,8,4.0281060119129455,0.7064034886,1.5831744853216492,54.615380004629245,7.451142678297357,68.51088110008357,3.4587174118743147,1.224414004570988,5.142061081034712,3.658213945781669,39.273968658795006,44.98474754930929,2.2481766658459432,13.210197033687932,14.898510829506494,1.1920680246190583,0.561935154887689,0.85043637570885
K11896,0.643297209756352,Suppressed,0,376.2496285351442,1,1.0,0.0,1.0,50.45,7.6,68.45121749,3.25998,1.24,5.214755918747968,3.67,37.689065212001,45.87155963302752,1.983635011157947,13.389536325316143,17.108851971237293,0.7438631291842301,0.527883263866161,0.49855582966506
K00273,0.669655388118804,Enriched,1,320.5241835872664,14,4.492689271332444,1.1410296444681318,1.0777304933890224,72.87904441449668,3.1950804453349186,71.39094358521297,2.7410330476851033,1.2278829347110103,9.583372959269099,3.0065165373216924,32.887569899348144,63.18414334600612,3.1238973413173414,20.254740482662893,4.271869940835111,1.64810032171006,0.32032967304812,0.473624135990495
K07640,1.09322274620317,Suppressed,0,144.76547346904815,4,3.648287488575361,1.1102202436333333,1.0,62.376402360022226,7.262491925564092,68.10143402669684,5.5479985564315495,1.1571218645953416,4.94045300058265,3.3165888375522976,41.4941692314551,38.91759932531644,2.2426508139768746,12.411315035518074,12.473783251828472,1.4599528368326469,0.638102070747192,0.559095629038194
K03811,0.546823122745214,Enriched,1,543.1990717223895,14,3.8873726381317706,1.0140935068208792,1.0670821907307895,74.09959390513417,3.0133536503056564,72.08721851992897,2.89103863442146,1.2165884100425246,8.741551208082532,3.2227115098324006,33.41374718824841,64.72928823735785,3.231514992874694,20.37589959546696,3.8478887427102104,1.739182548752399,0.233528212527227,0.408601656464149
K09801,0.601653080355044,Suppressed,0,107.46545034544609,3,1.3335782163073655,0.49827722753333337,1.010224097358796,82.92964042950837,2.4653856070400835,70.15891388871258,2.326974843833587,1.0599271882590013,15.826973453954945,2.0993039285965045,23.54103507967573,51.07835972237732,4.010361149720328,22.93358765117755,7.3383015708489925,0.033894958925920794,0.616381678455214,0.465275495660113
K17840,1.05215102792456,Suppressed,0,56.53725709166516,3,2.2664671402802394,1.1213381004,0.9999999999999999,56.6102481690645,3.402032569681538,71.03462480707564,4.439677171389403,1.2270862520043708,4.20863384165971,3.602814925541494,44.92192488815889,77.87081143430427,2.4415917549394064,13.0988189173398,1.683319087436969,1.2159378200496371,0.293487099952368,0.244006351142194
K12283,1.28857394238846,Suppressed,0,81.87885470222943,1,1.0,0.0,1.0,50.45,7.6,68.45121749,3.25998,1.24,5.214755918747968,3.67,37.689065212001,45.87155963302752,1.983635011157947,13.389536325316143,17.108851971237293,0.7438631291842301,0.465407872039835,1.14292284022255
K07693,0.961410498307611,Enriched,1,522.0002922256377,15,7.06834244538262,0.85792361476,2.560527097190189,68.44326667458371,3.582051980310148,70.83543438880282,3.5834851427771057,1.1758850382466828,9.085759371541869,3.095305464691492,33.229858291696324,66.49443840557325,3.274446738995003,17.573916815467367,3.8295708867681157,0.8202677618923837,0.263182785627723,0.529309313700598
K05792,2.80310733106343,Enriched,1,20.251468943781244,4,2.9801527604151756,0.16133278751666666,3.986149055558097,59.66972984526227,6.6517377308436165,72.23590873304522,5.56852544756074,1.248026913725098,5.5262046531616145,6.19,39.31047235790352,74.68986551083093,3.979635225204204,11.24362973067489,1.7143746503907278,1.0433938331612453,0.474029327960865,0.606750674693757
K17947,0.969706268289165,Enriched,1,394.4396893927297,8,3.791177678087634,1.1289032726857142,2.283219986878459,61.62270957005872,3.253369685891059,71.0115734762734,4.973470102692794,1.2317349780648998,4.501525936777188,3.728025438037608,41.755708756149154,74.7489291898421,2.4884790034407995,12.600855222138515,2.394285953552053,1.409122240248124,0.805504127437187,0.947498724714548
K20420,0.989935089536493,Enriched,1,190.35100981954085,18,10.592196019857282,1.0233692994183008,3.8136936348181494,57.52425181294968,5.35982192127329,71.0576348738419,4.112935838569501,1.2620089915875978,5.167845576295903,3.9073146112802695,37.38641949804198,77.00675646727674,2.903630447660716,15.067817006404141,1.9355660476808503,1.0973462836396939,0.226979423315135,0.393868510362172
K09744,1.05541352575472,Suppressed,0,190.6810526051601,6,2.6433930383740742,0.4876968474333333,1.8938737020539849,54.28588688922982,7.0720071702112435,68.26987297040102,3.964953822115196,1.2073221890344725,5.260024014210931,3.6474681188522284,39.75864619348802,42.432092619075945,2.093921103270748,13.103351534981627,15.6543899486858,1.0485456977513588,0.369597143482521,0.292900721106455
K09681,3.04584799083688,Enriched,1,2.9760231075724235,18,11.015814720458785,1.067704571492157,4.551304166979575,59.11302051160854,5.03130689878784,70.86996325494326,4.25562363378323,1.2537037505239947,5.99292180554841,3.629231314650573,39.213714716141936,75.12021146925929,2.893347175448768,14.410420062676,2.481972079575351,1.062790255697638,0.199887708636537,0.250596630242967
K02071,0.73012236146353,Enriched,1,99.6568879437425,2,1.2291476235516392,1.7080976878,0.9999999999999999,63.2954469486027,3.8660740192597376,70.96339528091548,4.909093939162346,1.2463126675002851,3.7933584171232924,3.625233722145545,39.51454264068568,78.582172440546,2.8706828387876997,14.698283522511165,1.8986015420167572,1.4216272359605362,0.288604226609873,0.636516880358453
K12436,1.66804434855384,Enriched,1,190.18269287802946,2,1.9990434757985036,0.24360116910000001,1.0,57.48340926491356,5.4923688602572165,70.62852862198474,3.659705152482673,1.2887628416840933,4.1286876895883,3.66,38.53951541046551,81.97044689569368,1.9773181875533619,17.074110809920427,1.4756472169686883,1.723546132782492,0.40551496640248,0.657047167031513
K19355,0.626744207443419,Enriched,1,522.9931182994123,6,3.8612906329261962,0.17592090931999996,1.1781912338915148,55.92355417916603,6.55765088071072,68.13254338155224,4.295940141822128,1.1876106235761181,5.184202959327307,3.67,41.39440490651151,41.38946346526622,2.111605366330566,13.120749677158491,14.938618414432868,1.2483010723254708,0.321389939850295,0.460324779099715
K09956,2.43628368271325,Enriched,1,28.16318247471609,3,2.526480564813149,1.2292795724,1.2015286313063467,55.42342731172369,9.324276494386263,67.10672014283452,3.091816751045112,1.3577340008557004,12.858418785871775,2.8712816099983187,32.88007350964816,52.22300447093692,2.5342199167463835,16.644460225583256,4.236906881203446,0.33240854362077915,0.423907343298207,0.748585406444966
K15578,0.699139347560946,Suppressed,0,651.6851055377919,6,4.894161404540225,0.53910348872,1.149515428757846,60.301765682222026,6.681999427683258,68.67018549853465,4.4613279636225105,1.1932228797442395,7.321564561902999,3.1490838157912706,40.40759327954808,47.00138204572097,2.425475812363061,16.004629284848903,11.7285387656245,1.3931446273279868,0.646648139678812,1.0973618866241
K07710,0.608238773050514,Suppressed,0,264.7393444204939,4,3.894222305371481,0.9568713017,1.30991174167528,60.48534737097542,6.586202798059481,69.72918049614036,4.343006808125275,1.1910707151063276,4.076518517324649,1.8246961867217015,36.397579777309126,47.217926100574125,1.8941995776707468,15.223320256009,10.012744436528429,1.8812906308354136,0.976897437409442,1.11343293407229
K06985,0.671578893688181,Enriched,1,498.0659117241503,6,4.5728770285349105,1.2459387050266668,1.0,53.48868540782422,6.6810647737920945,65.88942604527219,1.8257394182876256,1.3222315542969358,14.21499276053288,2.4967687525388307,29.12632042108511,53.288116729902185,2.0013505593062324,20.46633567831146,6.061290723107392,0.6004307417812068,1.00286889179399,1.3422387856575
K07044,0.595196330900778,Enriched,1,423.7696668736858,7,4.420942912875773,0.9017824372285714,1.0940798723643055,53.222829168709865,6.344399483196497,64.57798213313184,1.8500642984473799,1.320761379804778,16.18191470443854,1.9826000796779728,26.470413751479814,39.071189947526825,1.880355237986808,20.656103446474543,6.833343918718453,0.22673544621234346,1.45921328969826,1.65130563202434
K07496,2.44020429788412,Enriched,1,705.2459912702425,27,12.739592468824368,1.241896096725356,2.709712505366334,66.36005381765811,4.769288420673408,70.43398409391364,3.5914186125159926,1.188461005745349,9.193444890273465,3.277124155073426,33.56138409547615,64.12230263977094,3.3290582438456897,17.195071678596474,5.324751004709276,0.695358109846597,0.566863151711453,0.790385327373678
K14340,2.75162352055877,Enriched,1,65.59082555200662,9,6.56996550300134,1.2720253283666667,1.0,54.15815077233243,6.783471929609915,67.15353095513883,2.0896402997018124,1.3160048720656017,13.264561137674661,2.62091215799414,29.899742877265087,57.73403953728389,2.2202954011591887,19.639538479170255,5.548487816995463,0.6405210177350873,0.820453249176775,0.913992211548659
K14647,1.02187858098702,Enriched,1,28.96264588166954,12,8.50789915138977,1.0565704119621213,1.4767171439118214,61.86743276176002,5.851316584077642,70.26136688071858,4.499633709165731,1.2277014620625029,4.811617815349628,3.666654894076511,41.44778688558186,65.55302966835671,2.8171304503899863,13.370976397344865,5.768494775194614,1.3038974624786863,0.316788255638687,0.370026502815184
K24017,1.86201600750073,Enriched,1,52.23777426989145,10,3.253374543635826,0.5103000632311113,1.186552443191598,74.83391069832943,2.929229486008551,72.1237401443185,2.8097831502719868,1.216109420130803,9.001543756346846,2.8267080649585568,32.98168032025087,66.35474895487634,3.347096709681534,20.3610531596418,3.8126479427738453,1.6723902785791351,0.409814991345262,0.855918447867031
K00869,0.514353112697495,Suppressed,0,215.0141728794367,9,4.546646241030239,0.8973199638055553,1.421773796042577,58.47405762315506,7.596358723344535,68.63395349013574,3.57016945422359,1.2224969698467887,4.6225337019160895,3.621961707068219,39.84951138743065,46.74943307573879,2.5713776507766455,13.20498143054184,12.901832187401187,1.2806016906157798,0.84152042985449,0.542626700415449
K06560,3.18045932220537,Suppressed,0,17.83472974349097,8,5.683458703819837,0.6305357735750002,1.0,62.871892981394126,5.2622139219067385,67.7737691313175,5.5328675113697,1.1285908890893357,4.926792178816948,3.443514159085054,44.06963376390093,35.11834527920587,2.287984797354272,12.405500297432628,11.726403745755295,1.9030076421557054,0.259573720136347,0.140531270966675
K04065,0.735622917504595,Suppressed,0,267.84439784058037,12,8.169736102361249,1.2312909249484847,1.239022904012987,58.91775499505324,8.113473442201064,68.44280094480385,3.332445045386898,1.2354687961626578,7.090032262125418,3.013167189858467,38.55480252738919,46.73262836332353,2.5049641314359326,14.791919728576444,10.945319653439634,1.1785959276571112,0.683038584728737,1.15089876578989
K04095,3.3968591030431,Enriched,1,2.135862712796099,14,6.068304400469336,1.346369330453846,2.067495612056789,54.99181966649088,6.482330218895275,68.81907257497204,3.272468768867355,1.2422127383193247,7.523132940783818,3.2507775419408484,35.55373166838674,54.52628002900196,2.4238943256979577,14.88483419466871,11.174175782045946,0.7313317218717404,0.349356528286201,0.533209349727481
K10004,0.647825204178021,Suppressed,0,234.86914586722727,2,1.2318328107636842,0.5059569819999999,1.9465666156076047,56.16198499234114,8.707860398178344,70.61152345058974,2.1271980166275135,1.350381990809369,12.12213610198868,2.1386243797970796,24.310460814262143,66.59187063787503,3.8471733149990777,20.963082403730485,11.788699058634755,0.0556452844492529,0.613939679248807,0.830872672461596
K20261,1.06443243809903,Enriched,1,30.649906020267565,1,1.0,0.0,1.0,59.5,5.33,72.29501901,5.67638,1.24,4.932721206120802,6.19,37.70631758679568,70.00569151963575,3.9840637450199203,10.813887307911212,1.8497438816163916,0.9960159362549801,0.933029207558532,0.171466953255355
K03212,1.29825284737342,Suppressed,0,86.70927318029634,1,1.0,0.0,1.0,91.88,9.76,71.98668873,4.124325,1.17,9.698556733526093,2.67,23.029045643153527,69.29460580912864,3.3195020746887964,16.804979253112034,9.95850622406639,0.8298755186721991,0.230627467314173,0.277352144924032
K16429,5.18739695509506,Suppressed,0,49.44335594711368,7,5.328055052941771,0.683293110790476,1.3824489641108388,58.25606263112276,4.086888756150695,71.4179580594409,4.443843333181749,1.2482055646991497,4.9947453816722716,3.6388156847993427,41.38825595656782,77.48946805259887,2.687613517285786,13.241338334836517,1.9704062197276542,1.2957563243228556,0.940366489384081,0.774735162758984
K01197,1.20642712154581,Enriched,1,158.78554967144717,8,5.370623647449387,1.1020354961678573,2.5605668107942616,60.46489651121742,5.502802700536797,71.65147394973718,5.39326282916238,1.2357164661945663,5.148107816581373,5.158356086661605,41.06797728232263,74.78974937258734,3.3396984887543355,11.541342356344867,2.3513033902139853,1.1613623587067379,0.198785177521646,0.254642485172082
K22745,1.030175305077,Enriched,1,41.70630785192811,1,1.0,0.0,1.0,91.88,9.76,71.98668873,4.124325,1.17,9.698556733526093,2.67,23.029045643153527,69.29460580912864,3.3195020746887964,16.804979253112034,9.95850622406639,0.8298755186721991,0.461519907417581,0.468908934149138
K21064,2.53647672690846,Enriched,1,4.607177598999999,23,11.715884249992577,1.17656355326166,2.552023630154738,55.56652902991784,7.086266722382052,70.33261884188252,3.242946407044392,1.2734514321163786,5.377420702927478,3.0545402519837803,35.80096720619771,72.39123143134869,2.991714354876268,16.63312148831854,4.284848056701637,0.975684918573241,0.205488381507574,0.216909377791961
K13889,0.5540148414872,Suppressed,0,135.52936111746266,1,1.0,0.0,1.0,51.55,7.05,69.5369527,2.029879,1.31,5.91168242047925,2.22,30.519969856819895,81.38658628485305,3.014318010550113,20.723436322532027,2.260738507912585,0.37678975131876413,2.16982574174475,2.51973206730639
K09879,1.99034863412436,Enriched,1,152.51640026232448,9,7.6939875923119025,0.9615843733222221,1.116188113643887,67.01303306305192,6.87997780809871,70.23319106221611,5.4478634270689605,1.1856821082379811,6.217743196568672,4.236462474725515,40.220484229605105,57.59024311661379,3.151624050496318,12.75917505689669,7.564642273165009,1.3584371277583582,0.51460548921936,0.716089802828303
K11741,1.03992645767224,Enriched,1,320.1398077188991,14,8.401195511460445,1.0904804080494503,1.4800152596829466,57.99688553612379,6.796932323404823,70.14762050747875,3.977692278270428,1.265278316681269,6.648611013591928,3.597060707677309,36.446502100525755,66.00026485397217,2.909962576490402,13.842787353658412,6.8891051920978095,1.0392604784712365,0.687183074840257,0.884485201202154
K21159,1.60852314502798,Enriched,1,539.1291782739207,13,8.20588043772791,0.9903222997461537,3.2632912917504733,58.73935288405319,5.092665975103508,71.52022813103792,4.58109777321681,1.2626849080695774,5.400782617746535,3.8812528258499994,39.89779016382541,76.7214928727753,2.871556965690781,13.047828418659487,2.24313785216392,1.3466753212559666,0.515893517813101,0.704614630663131
K09153,1.01407314404832,Suppressed,0,78.3489570751634,3,1.0815938075694322,1.0272682504,1.0,83.848664095846,0.8858830799594815,72.80447491512948,2.7810622058165717,1.1802152902545813,10.458605336488274,2.0,33.198331921585215,59.88464760240213,3.361697893342379,21.360531347502008,4.3465344743952254,2.1471958386549277,1.17731566605155,1.67889265354412
K02659,0.557994540401302,Suppressed,0,384.56702118791355,7,3.4628091922478563,0.9904192342571431,1.0388184386826398,79.50798102358333,2.3487677782759873,71.24904098344147,2.5474660241251703,1.1412756845702852,12.497540420561819,2.297429700058463,28.71943944510085,55.31099809844724,3.5575989027790653,21.60186194773166,6.884433282426615,1.009393875365035,0.53049031404323,0.941248708416249
K09966,0.724377247412697,Suppressed,0,214.73964488618046,2,1.6454157347934195,0.4283864673,1.0,59.546180531395656,7.587308436401742,70.02265891250048,2.4451422861209897,1.282242368599172,6.662501430070806,2.30922095807409,29.03475333414498,78.989123878059,3.074826487419886,19.94652855829682,3.786965642728233,0.4666225207698923,0.846563434514386,1.05561970106988
K00938,0.954017622032874,Suppressed,0,125.4404970311014,7,3.7935560511542983,0.9376711499904763,1.8650413208751582,61.45954363849608,6.9951949857245115,69.03757693672895,3.968479134242725,1.2199658119545451,4.339986402976969,3.6063508515560754,40.717470039920016,51.798195974539695,2.786475554330432,13.421199784558972,9.696013028762788,1.4987437857358938,0.346935712556036,0.418399514638513
K00271,0.617042906021915,Enriched,1,468.67864688640884,11,3.617549985262683,0.5071469834,1.1866937903751429,76.45999160611709,2.1722588513639827,72.36010629235585,3.4440888266874676,1.2014044205770313,8.611433244787966,3.985898943678188,35.639611484829835,66.27707375271308,3.2438031919545676,18.775089902727412,3.50223121767691,1.8237453210531005,0.121903960742233,0.425569958526645
K23555,0.706582247921122,Suppressed,0,190.54049305983025,11,6.403208299800016,0.9070281882000001,1.0899384525672589,61.05049510201268,7.478922996772924,68.46424695602612,4.3345832389163075,1.1897944916628942,4.776419318869611,3.8375784739244825,41.76294013242796,41.71750167020747,2.731358694569599,12.4769541282107,12.003852011299418,1.5422890194369194,0.370340980335888,0.552809025241983
K07407,0.586978377117064,Enriched,1,2040.8919730721639,20,14.243036765656488,1.175297406936842,2.9921686917486277,60.99578380611704,5.623212089321842,69.99951904538725,4.920457269614112,1.2112692290997469,5.922467060332744,4.019408906637325,40.9246384628338,61.28592131771014,2.876633378427544,13.390993143875807,5.701911154773464,1.3556949454613139,0.268606491932083,0.53310973222566
K02228,0.842172912409802,Enriched,1,74.53971292186002,3,2.7646240382008505,0.45995830033333335,1.0,73.68240699609504,8.007538365265923,72.13787694314962,4.698674996807224,1.2063373685700922,7.4855823374957975,4.57683957969943,31.718276549027905,71.88326475517408,3.693763831225079,14.008139019503057,5.466545054191186,0.9879240178193719,0.533938295444073,0.674720991846885
K02230,0.889391040145767,Enriched,1,741.6452780705586,10,8.309447151878494,0.7688006634577778,1.9473096200389612,61.27590980805582,8.121529106703116,72.17721359772689,4.108191849795781,1.2672472444345009,7.669098901068303,4.027103859324866,33.6273584708764,76.33704876279666,3.4498966623097402,13.521041335869752,4.310281378689498,1.0132689440910367,0.230465630010005,0.359415727990737
K01631,0.513007691514523,Enriched,1,274.1454266755818,3,2.8302728117065685,0.2078942292,1.0,54.17373993361862,8.078823711632257,64.13941265619758,1.4162789930421176,1.3733979663243958,16.845571819584734,1.9799999999999998,26.435866266997987,39.65097187548797,2.0613437440328206,20.58879142746525,7.741322434482557,0.0,0.833158179344035,1.00245681977919
K05364,0.629707805887908,Enriched,1,1206.6250138851062,26,9.76386757905195,1.0773908050769232,2.3847016551164555,68.12732012522048,4.00784375514246,71.3689544786164,3.275439371304078,1.2256946357019052,7.382529574538487,3.633678459259682,35.791595251114565,65.25468667032682,2.9279236965252915,18.16154177502094,4.796783571820043,1.606421064647726,0.240113339787418,0.308432492488866
K02553,2.14301936330759,Enriched,1,41.03293443740631,2,1.4223557334765582,1.7043083804,1.0,52.320345266610126,8.31302673378854,72.60277599517957,3.0325536303580685,1.2864648844140976,8.388268578607471,2.7072215678612324,30.382174456356303,75.326008612926,3.4662988253443467,14.246945936231018,5.5135731628931985,0.5706966610641961,0.63871306033004,0.678249394668201
K02361,1.57657593817849,Suppressed,0,136.31529407796728,5,4.46985152859931,0.4698188288600001,1.0,60.479420082046936,5.2061950442263605,70.86479083607614,3.8233523765676245,1.2575980086566616,5.6026222337328875,3.036268379751964,35.99031853940062,78.09657002287847,2.882280070965579,16.00348477848685,2.6106701285022407,0.9339162444217144,0.394089047894689,0.659103098101587
K00114,0.591395423844148,Suppressed,0,1312.11067537091,5,3.2876161629037317,1.0511788384799998,1.0,55.30599586676892,4.933244888588767,66.80029947664144,2.2650680812251553,1.2447946225035007,16.46758016497569,2.273539767909133,30.436152502476276,51.87369520011083,2.637269422977017,20.707778722152376,5.010518515529514,0.7164419426963686,1.46314144428452,1.88576122097362
K15983,1.54685870844569,Suppressed,0,250.97626673593925,10,8.22997453396047,0.5733915058955554,0.9999999999999998,56.31537602662442,5.708673022009078,70.7806131946652,3.413633886589653,1.2763212916601203,4.499688035381732,3.4723207865883876,37.2490409630106,77.48846761919673,2.4403151338616267,17.181873939830368,1.9140469523877084,1.4117342387957519,0.53359446560976,0.862220713128797
K12955,0.99941063023053,Enriched,1,831.5379353257707,19,8.50537069406228,1.015359665419883,1.517672085822774,67.0441118074402,4.130695363137739,71.05172413096429,3.340501041276557,1.220096462220471,7.278313968145858,3.5480585889775793,36.41510062126405,62.56997098364159,2.896239779724353,17.437038038773167,5.995602182169859,1.4697331031201997,0.103559899715592,0.288198302555265
K16074,0.802682251374669,Enriched,1,67.4681597857015,3,2.9552087437637167,0.9851735696,1.0,57.51553060346639,6.34908336342758,68.64255262101383,4.752972025314359,1.1838909122313757,3.067814383361224,2.3281949356254263,31.177050185445136,48.2111696554861,2.0373320270943696,12.143218444267454,11.84520056805913,1.053554071929574,0.880230182085838,0.799291480101368
K20483,0.782370981422006,Enriched,1,397.8028000395413,11,5.966909939461486,0.9023106987745455,2.3590938453758925,55.163492268578615,6.5450499661622,69.93043050785631,3.8097705089198834,1.2538473695063526,4.735310411201885,3.8558320307266216,38.244467397935495,63.89896663415809,2.5192399871546876,14.437721090329111,8.602740796927215,1.0612431013426844,0.31034320344291,0.296734341935297
K10697,1.23605355103156,Suppressed,0,35.32800707097814,1,1.0,0.0,1.0,50.44,7.56,69.91465317,1.991521,1.32,4.519158974472275,3.66,27.470431133155284,67.91301030141167,1.9076688286913392,23.655093475772606,0.7630675314765357,1.1446012972148034,0.509033896776862,0.365206370563436
K14055,0.570601290849792,Suppressed,0,272.7680877787508,13,6.631512515297949,1.0060169622794872,1.9625813478388319,59.06630377129327,6.040657554997805,68.31164485984468,4.793729923159948,1.1696561980248916,5.160760174966778,3.6258011279104823,42.17957633331759,41.974303062474355,2.302304325824516,12.782757104743446,12.893763732470804,1.4769767724757605,1.14064445508925,2.55885090117941
K18586,1.18540918308948,Enriched,1,29.207295662680014,4,3.9260263777027307,0.11134271603333334,1.0,58.61586586434071,5.540586502728774,67.67363579024669,5.228358254921288,1.1919898637868305,3.2853035238001507,2.0,32.67004538565038,34.61386330519282,1.9500130901311832,10.859456615850265,8.326057510437135,1.6307787365263484,1.36960748497347,1.30458608689975
K01661,0.572159878184236,Suppressed,0,1601.9619084262322,15,3.829588795248889,1.1648080164133334,1.8583594601541444,75.73858910087162,2.7770380614465937,71.8457868468048,2.936166608096612,1.201946346136602,8.66154009025626,3.349580154569919,35.22621277532218,61.72486290409463,3.069208436213366,19.55657819475759,5.124445393164009,1.916335517535702,0.77809598061812,0.941157167305112
K15982,0.824456498454373,Suppressed,0,335.392889494744,9,8.039094363996995,0.6977492922888889,1.2383975619157115,59.24340327876294,6.059399504735339,70.84834077746933,3.4614882237127307,1.2653266979882019,4.90494794522992,3.2686474368382887,35.70056526197333,76.32932355324495,2.535869064453035,17.27965482708126,2.621553919271646,1.2520624283562334,0.589287815766619,0.737668727581837
K18688,0.922921258373497,Suppressed,0,933.933016342689,15,9.736546773624449,0.57679056344,2.114796505236856,55.253079110625386,6.276787493814822,70.55326585177971,3.071676391065469,1.2860354426342009,4.981160606865133,3.130492278139991,35.58172536812825,79.20324810683812,2.5520457658868767,17.78390462658839,2.2539976598333906,1.165720730456755,0.747191341381418,0.767669374768236
K03822,0.666675672301042,Enriched,1,143.31051437462668,4,3.972516668083038,0.11134271603333334,1.2957440958082924,58.696328093315216,5.411851093692562,67.66208864091456,5.115815759006667,1.1946530595117046,3.097409331345964,2.0,32.105387604889536,34.11729658254452,1.8804467500554736,10.949238716702833,8.380234608287148,1.4716769284533666,1.76606909567855,1.34326409271773
K14987,0.752908805689358,Enriched,1,253.288567448907,6,4.9584006603550765,1.2052349751133333,1.0,53.27046716240036,7.822056698198384,66.7580448008432,2.366556819034604,1.3166070869549071,11.577796854039068,2.818744337303816,30.863788193042865,46.010936647476086,2.3105249961912704,17.543389610258846,11.237976368312294,0.3218693791351962,1.00516928756571,1.3076839848503
K17675,0.614528485228284,Enriched,1,1187.74055026891,4,3.637691933309825,0.7625960173333334,1.3734211054222216,55.759679160313084,7.456967570599339,65.27297486740258,1.8083747454959074,1.2965302045004214,15.007008937502302,2.5472499948680776,30.42499819430076,42.235341640775836,2.8824140449495887,18.1447514522636,7.678101880397508,0.43464018716390296,0.564809330257072,0.918592057672952
K08100,0.921404069534877,Suppressed,0,45.54237029496361,2,1.9930485765942976,0.3032668505,1.0,56.517062511954606,5.713049628719679,70.40151499829173,3.370928029749725,1.2879189761812353,4.1890970381796535,3.66,33.17453286836757,72.78832099218991,2.3558276279747252,19.573114679998042,0.8541681130171289,1.2812521695256933,0.732149714176883,0.50228582260188
K07075,0.754096263274162,Suppressed,0,137.4993759564536,1,1.0,0.0,1.0,91.88,9.76,71.98668873,4.124325,1.17,9.698556733526093,2.67,23.029045643153527,69.29460580912864,3.3195020746887964,16.804979253112034,9.95850622406639,0.8298755186721991,0.386919996228185,0.145919691699462
K16567,1.01698670778106,Suppressed,0,95.24672378888472,4,3.8964325553282135,0.9171000256333333,1.0,56.97186031598992,5.533448406347736,66.22176425723492,2.6740263464582052,1.3015299392073076,14.53834589541145,2.5345200029982577,32.54614177091928,53.95962769881572,2.6850802607485718,17.41202998905395,3.664431343315502,0.43210136521826964,1.74026324722146,2.13089249439501
K01493,1.38039713916911,Enriched,1,250.9922662500943,9,5.04975415969832,1.2008780814611109,1.0662834116554925,57.00600430173327,8.558928183406282,69.08540894462524,3.4124816905051887,1.232694406168539,5.615889556754106,3.5445161957592415,37.22279957601111,48.28850739382333,2.5816263143480707,13.270133639537564,13.737474145015819,1.0177794140734004,0.93054989747167,0.820151689634619
K10202,2.41246248364474,Enriched,1,155.62098243003473,8,6.653933485112624,1.1323903958214288,1.1008929698804542,57.597880412206074,5.351890930001948,71.03246445810092,4.345176886390784,1.2442448915886484,5.38905470199313,3.542725278765426,40.101599879135776,70.93065803602754,2.884505324379827,13.677003564567423,3.8266696332642014,1.390277334969431,0.583774671532156,0.961061117362552
K09986,0.573197491318642,Enriched,1,298.7549531560134,10,5.417582444182697,1.1545155714311113,1.1940051008638897,53.7413718830985,7.101407388617696,65.93678847829428,2.4199273406236887,1.292861757207769,12.76285084185482,2.685220551988567,30.92282652939206,43.898341234271484,2.419827435874356,17.241065326928062,10.411353144951415,0.40382672270940684,0.931028597651522,1.43657732317515
K13532,3.87070004682991,Enriched,1,2.2197257561480495,3,2.877701041638879,0.9367541451333333,1.0,61.519157613947186,5.65292362261251,70.96611912126805,3.607011451230025,1.1640537538978453,6.416212976235592,1.739024222000387,37.85927527615396,54.5659918618129,1.5958710325275218,18.362769853457905,11.052460783115126,1.7117137342635471,0.128393015579023,0.394662866029706
K07074,1.54937246701575,Enriched,1,158.21626649260602,14,9.372939684707463,1.1793688896263734,1.2880817679911492,59.355429735485416,4.746008892846418,69.89950927727224,4.994530582905381,1.1928946106116798,4.677727569707422,3.8691611372656816,43.60282929064834,60.77378764002351,2.565325515751439,12.469398149633415,5.861316880418458,1.4560371954058944,0.653479005261121,0.743868651839668
K05665,2.33945437764837,Suppressed,0,14.095469935448795,1,1.0,0.0,1.0,52.03,6.53,70.13780298,2.511339,1.3,2.389163709081092,2.22,35.40903540903541,79.05982905982906,3.357753357753358,20.14652014652015,1.8315018315018314,1.221001221001221,1.46069483935589,1.2341390792272
K09932,1.06440449157286,Enriched,1,150.21822085061305,4,1.6087506456544296,0.7522171081333333,1.0,81.1447373714694,1.1481629129748288,72.70420314166608,2.964816101650264,1.1887164749706463,9.907843945806098,3.9242165484524634,34.205282833519476,62.26567711278495,3.259216922448146,20.38331169010991,4.079206791732927,2.088090912251274,0.338040569684657,0.646156022775326
K12538,5.55904987165007,Enriched,1,0.0,1,1.0,0.0,1.0,56.17,8.64,70.60544495,2.063821,1.36,12.59799178320213,2.09,23.86039886039886,65.88319088319089,3.9173789173789175,21.367521367521366,11.396011396011396,0.0,0.847520256706545,0.764429703312178
K21065,0.604594127541555,Suppressed,0,109.83208414116193,4,3.963649231161314,0.7377905195333333,0.9999999999999999,56.464599107334756,7.484610726677947,70.57243521629087,3.6517308654729903,1.1791268540107063,6.568581210117001,2.259512228296717,41.237021390856945,51.07801719149681,1.9547552734637577,17.315196829020525,11.119464473422813,2.079499950704948,0.13292953476366,0.428315981600061
K09146,3.16332021627293,Suppressed,0,30.712951016483387,3,2.801767937478335,0.28959670099999996,1.8273703609063108,55.41243427186191,4.7772585206063285,70.42545303512863,3.4497814379818363,1.261949392022094,5.013699420697607,3.01136342699981,38.618583082007646,79.98899433099741,2.6775895840507853,16.370619159510664,1.910591885970355,0.8532850791734106,1.27470687769128,1.10571905495091
K06974,0.740185295286797,Suppressed,0,159.57501380684164,2,1.9996098401978217,0.0968550876,1.0,58.9392098886287,5.798159833657046,67.56797520801538,5.247764598446954,1.15,5.003382509882901,3.67,46.29608349857938,38.99394033903147,1.969689990562861,13.29458324774463,12.444715398582922,1.5797524896946262,0.237808675590317,0.361733007241275
K23366,4.62625900610574,Enriched,1,1.54035209903025,2,1.9990434757985036,0.24360116910000001,1.0,57.48340926491356,5.4923688602572165,70.62852862198474,3.659705152482673,1.2887628416840933,4.1286876895883,3.66,38.53951541046551,81.97044689569368,1.9773181875533619,17.074110809920427,1.4756472169686883,1.723546132782492,0.716089642318985,0.780613599507063
K02497,5.62164406707105,Enriched,1,0.0,5,1.6082063019267054,1.01984530204,1.0,82.3207459021392,1.215856619329863,72.67481366396436,3.0194108213211264,1.1831816666676809,9.940896689913844,3.5960728479742783,33.941724061154765,61.87847348759684,3.2880553867136078,20.483636078542542,4.244136434600938,2.0339542110777056,0.156100687960535,0.384427522766879
K15921,1.86141428628689,Enriched,1,64.85534624771837,8,7.360784897018909,0.9921340542607142,1.6520589676627189,61.88252407682633,6.809675739540355,69.690913031874,5.79343951109654,1.1909260754492976,5.603809516086599,4.432202077707064,42.942355075176266,52.46912006973713,3.0015668456045996,11.802171216969267,7.765474619572865,1.4553973260798259,0.669357354249674,0.802484412499648
K18546,0.861614679768771,Enriched,1,305.3236762837021,9,5.1078736162359215,0.6104613526444445,3.8105624970943897,61.11562984743264,3.8696316227059584,71.27437829140473,4.818423229783026,1.2371658622337227,4.572780715815899,3.9631906283509157,42.14675873040388,78.23791009128153,2.751007227282533,13.280774001332226,1.7193378907469263,1.3162664108695774,0.261675390075646,0.19740755001007
K04127,0.642699510729324,Enriched,1,527.6154759085492,16,3.6732271352008388,1.2454052650375,1.0331606217696148,76.43511756182008,2.755155023687221,71.88180082485773,2.9689580572488974,1.1920619781620434,9.200275895546651,3.2747110396609447,34.46339452069326,57.22734350629402,3.17307901367912,19.46225395831605,6.210632527991033,1.9121013802954525,0.499320052239083,0.625383007210773
K07651,0.816978349405298,Enriched,1,72.18001847518957,6,4.5589576787256005,1.4139872098733335,0.9999999999999999,55.0651952922162,7.065145040773402,68.38990191969341,2.710640723577706,1.2882437702256417,7.421634154124391,2.761954996915188,34.68674757482431,64.3861731473268,2.12591982105593,18.779435156997007,4.974110515862295,1.09034249648821,0.331501114582631,0.306487024111682
K19511,0.910191132967953,Suppressed,0,64.86828583935976,2,1.354632709027065,0.5725955147,1.0,51.603827383005815,7.614257686853417,70.1437110904486,2.4020999488161405,1.3154785260955486,4.650425571265714,3.888786579565246,28.80418549643302,69.014757079782,2.0842236625259205,22.44317784618275,0.8358711170752422,1.139269942206975,1.15013417491953,1.21686186301876
K02048,1.13035248759588,Enriched,1,16.405998083994174,1,1.0,0.0,1.0,56.02,9.91,70.71920343,3.249915,1.18,3.6924042628807214,3.0,32.283259567820885,79.14605571465765,2.6034886748242645,13.798489976568602,18.745118458734705,1.0413954699297059,1.50429138357625,1.36547621333178
K00646,3.3594192060979,Enriched,1,7.331611576516572,2,1.9841472371305795,0.2306889588,1.0,52.46183381952329,6.244706187546075,71.5139793332419,2.889997508400281,1.2243700464318192,7.602947152603703,6.19,33.659181086631804,94.53571551046106,3.814528324204079,14.326850614387073,2.1162091734224875,1.0751713605445778,0.95424812641179,0.91632035536896
K12444,2.67601885993931,Suppressed,0,43.840640603467385,7,4.743588629231316,1.0210931700190475,1.9831524967985448,57.376730599834545,4.759595743528931,70.23782296176202,4.3566031516620125,1.2357028970752977,4.370579464099247,3.6629385961691865,41.80164094191019,68.73130512583202,2.503131013992569,13.900271415899317,5.460875805221942,1.2022361265372736,1.40594413173069,1.48914841899672
K14251,3.08394841201276,Enriched,1,10.258468385963921,3,2.9067515124786554,0.3097803572666667,1.0,56.307156742835744,6.566550091741754,71.84103381905945,4.542305796153654,1.2602136160988218,6.286771632362752,4.788801637443575,35.50366873460031,78.77034126301606,3.6176899722017914,12.06020150684186,2.7042246939466854,0.8257210804615972,0.641525039572571,0.703331259246269
K06518,2.6380622624394,Enriched,1,4.9719171298461236,2,1.7136746659911926,0.5940802475,1.0,70.1665774153235,4.959623041074004,71.20867699627294,4.800097873761308,1.2316420797293868,5.152773325693044,3.432820736651162,36.04137607590511,76.4267576008701,2.9851231974066392,15.220267342215802,3.026346213311283,1.3021267411243445,0.279158187821464,0.148394382760721
K07321,0.701708183311385,Enriched,1,134.0406443842637,4,3.7278586348977414,0.16133278751666666,1.0,60.15099046343653,7.2443373137410365,72.20222791058136,5.637124075777821,1.2546449444054093,5.749536069942248,6.190000000000001,40.05561184513424,76.83966425966531,3.9686551243540102,11.30590304468433,1.6717606130469904,1.0400817973875758,0.441920552670896,0.866170841315438
K22881,0.533128827151568,Suppressed,0,322.7775613337156,1,1.0,0.0,1.0,85.09,1.94,70.13060445,2.339813,1.04,16.240614100357593,2.09,23.054755043227665,49.40304652120214,4.116920543433511,23.054755043227665,6.99876492383697,0.0,0.956317378138793,0.954038616762421
K03404,1.24007599305165,Enriched,1,202.0183309243148,9,7.378908767147944,0.5554101892277779,1.7277989336326798,61.635911230681714,7.711894120162992,72.26014945652275,4.054724194559866,1.2634277283166748,7.721245757280082,4.101553226098314,32.85138914403895,75.330649649995,3.4641042972663554,13.581063948579313,4.208463250706629,1.0409457577151686,0.3057945965208,0.361211994340934
K14954,1.01907595066435,Suppressed,0,198.6002963399478,7,6.176875834126264,0.40184386283809526,1.2750869013564017,56.137114309692066,5.505150058506017,70.93214237601431,3.5466192055953543,1.2672363532832107,4.79442316888279,3.551544583718373,38.32587660100509,77.6398141030782,2.3590675241690686,16.536794393716683,1.7898411406294001,1.2694885247066747,0.763297923307171,0.810398681264773
K08152,6.29831696977254,Suppressed,0,14.83788858878242,6,1.4267689254687683,0.34937579418666664,1.0,82.38668280481903,1.2471379762455976,72.80418797092639,2.8849621425447767,1.1855300149046766,10.254000158580421,5.177839115179346,33.44310237291442,61.5396163786944,3.402136594309495,20.860097456710797,4.168444940633002,2.063930406279596,0.416590191171289,0.446844650373711
K16139,2.27206745354564,Suppressed,0,16.329074389687595,1,1.0,0.0,1.0,52.59,9.56,64.00683273,1.48696,1.4,16.812826168827677,1.98,28.270244369908962,36.89506468615237,1.9166267369429804,20.124580737901294,5.270723526593196,0.0,0.983157589210904,0.717067895675922
K07241,0.862875854465608,Suppressed,0,285.4647042669485,1,1.0,0.0,1.0,84.24,0.81,72.87214285,2.75143,1.18,10.539973759099812,nan,33.16953316953317,60.19656019656019,3.3783783783783785,21.4987714987715,4.2997542997543,2.14987714987715,1.69965905097831,1.35316579134906
K18297,1.55186491913847,Suppressed,0,72.25788127594554,7,2.482647250802638,0.9379656480380953,1.0,52.93809489808362,7.125495222257858,68.33932651929892,3.6655593942705997,1.2228204743369033,4.992374607327577,3.5266438352676053,38.062513315618155,44.867099182513385,1.9951529419718985,13.106207896890934,15.850954613431282,0.8845479454618845,0.564028013547239,0.428240149308447
K11472,0.510880043684439,Enriched,1,1114.4520549452366,11,1.7531087999672619,1.0513278245127273,1.9150716032219957,80.86618690753811,1.578683361536612,72.66804785293203,2.7727861713480686,1.1917592785801907,9.995647204707963,3.3783799160146533,33.24225617091049,61.249828369457745,3.250949609721942,21.19074893574769,4.300831346215002,2.073243512278624,0.0953536966889672,0.197045138141801
K11173,0.968113628529365,Suppressed,0,66.52931854303311,4,3.4490393723470874,0.5536716624666667,1.1965481137567038,59.53976879764214,7.79261285888579,70.53126075927239,2.7815900328021974,1.2829364175362095,4.9665858856566425,2.87009380621809,30.081180326397146,72.44426566079814,2.7725924793489236,20.283002863757943,3.1377119691097124,1.0741670795596,1.25893350231237,2.13649446637315
K16937,0.7495531722168,Enriched,1,469.2051122613629,7,5.4135029500843315,0.5705500843714286,2.29100770301632,53.83971073294797,6.594342212767775,70.98495134807413,3.340899004822555,1.2949803770400363,5.733535819394439,4.356761713135533,32.9749273885741,74.95043975484236,2.9767715123190333,16.821211167600982,2.07250276536229,1.141948138131449,0.238949541388328,0.455661669535831
K07720,1.22619659681342,Enriched,1,83.14467880800343,12,7.510532294807306,1.209892809672727,1.6050967041727573,57.366184760558454,6.25592778565476,69.33084847612572,3.919686875031555,1.2078855113066234,5.334525094640087,3.5147711134504402,39.10029874765594,53.37849323786548,2.272671285566378,15.42615791256367,9.710397913969238,1.4662735104124598,0.445331780001384,0.305207569351674
K04074,0.633981401787998,Suppressed,0,361.97914491230426,11,3.3214510416831624,0.7936471179418181,1.155704535202462,73.66536467940728,2.834836868940896,72.11526515534274,2.8037557267825037,1.2159368802060186,8.540922333370869,3.4712504417899166,33.7157627603585,64.38063807816238,3.121487968754079,20.791896792731162,3.4573826693306122,1.8418700364875136,0.220975854258564,0.263932611436419
K00702,0.684522910135293,Suppressed,0,823.6354049606797,9,4.750167042177149,0.6198046226111111,2.816414512148767,58.46352327774234,7.558206602235914,68.19846005489211,3.778231981475682,1.1968270461582022,4.9087694362685745,3.6399547306220525,41.13471041264432,40.680252237498436,2.443404696634182,13.037664737272479,14.652158175199146,1.3673164560201214,0.532901696724045,0.399735507222147
K07048,0.528023104267261,Enriched,1,632.2279332163408,6,4.597427767988183,0.33012557766,1.5018006260897687,54.881349635083936,6.746121879352129,71.10097028847565,3.6367940835801917,1.2703362008784926,4.576301598979766,4.327154678742525,36.63707777578097,81.79492938821599,3.6436819631754944,16.03736982586935,1.835219970647138,1.1347989315509799,0.279606687006541,0.294465133317665
K05770,0.54003077795763,Enriched,1,727.5412331763313,15,5.156853523751606,1.3287800911257142,1.0566322784553928,73.23868079938329,3.6496047830596496,69.34541247378812,2.4358844293538433,1.1465456977341102,14.082865915756573,2.206383191618934,25.922473463682934,53.19145080486562,3.487955530811381,21.57009575267211,6.6754725360124425,0.20901264821032312,0.845699447569709,0.997650867394839
K02491,1.87418742940567,Enriched,1,29.584383930360065,4,2.04550635392505,1.1379577676166668,0.9999999999999999,50.83539340138448,7.586855815844182,69.49779413195368,2.678989188657245,1.292016967136771,4.577192992355869,3.496925146678283,29.783276643914967,60.921113347687395,1.9625032834334157,21.103475785532602,2.6506623701717795,1.308447825178517,0.390661584276764,0.376077817224786
K00018,0.931346630493216,Suppressed,0,303.4041151009276,4,3.3566277408209153,0.0907454092,1.2557494961479025,62.387715515713296,5.803719453507696,67.8607073023732,5.786313940397385,1.1202180434903999,5.271677473478698,3.67,45.21370818521069,33.40794411691817,2.3969648380463404,12.443682475346021,12.231880094047435,1.9768062606646066,0.462706076489264,0.670024142131377
K09794,1.12832270632148,Suppressed,0,42.62339194101101,6,2.931947184355294,1.0722031397,1.0,75.71181565017984,3.4602837004148688,68.93481025947781,2.482810680932112,1.1098580299998386,14.84716252546225,2.339575441111671,26.34729014126713,47.34851061172074,3.6091390375527714,20.98833050025634,8.148712263615685,0.18676539667613837,0.404452559665237,0.302798608165967
K21284,2.6487086739729,Enriched,1,58.903890887380975,5,4.189952084002029,0.5157068410599999,1.0693093587831501,59.28532971761081,4.922935968986792,70.98423594139113,4.344954612709252,1.2653595436116962,4.490731035650133,3.7469394203729225,40.702822178527185,80.08974697533787,2.2749923528320273,14.80051174102875,1.7611751035029892,1.4894262185277567,0.416072858832392,0.722750263200367
K13639,0.625785330255777,Enriched,1,361.67473870680215,16,6.427543950107113,0.9033599814941666,1.4857360346187836,71.40764663224242,3.3415387895889537,71.90633972590088,3.3741736114012104,1.2247941468320962,7.653849185250134,3.473795212399144,34.88369747826719,68.26364574513124,3.1908786977391337,18.78111260775551,3.3647107953775057,1.6220656996967522,0.282033125121287,0.371456938228547
K13541,2.43767418913793,Enriched,1,72.81081668898976,4,3.3060900824983834,0.1582089874833333,1.7570450799215576,58.71437657119619,6.238810923755007,72.14229187430705,5.206956201707306,1.2434808437782232,5.833299003282515,6.190000000000001,37.817986792216395,78.41348540646467,3.912793073784288,11.53138065957839,1.8461672824915767,1.0369918842338925,0.582561900378429,0.804015977237865
K02844,0.679653664059842,Suppressed,0,334.78068286353925,1,1.0,0.0,1.0,61.94,3.97,71.7901753,2.925261,1.14,9.57179547397651,1.67,39.29214157168566,59.68806238752249,1.799640071985603,20.695860827834434,10.197960407918417,2.0995800839832035,0.537808696110172,0.82661924119842
K13963,0.516360751440719,Suppressed,0,175.48230391206326,9,4.963893266315344,1.132451858177778,1.9131150518350741,62.95084845662349,4.038188593257604,70.77051586975372,4.8884862146249715,1.225543408023043,4.685328111583665,3.334168559239775,39.2413803992295,70.94916523596551,2.619602766534812,13.315255835645765,3.217278960223003,1.3220215004594726,0.930521695492979,1.2181727781264
K16697,6.21544285926729,Enriched,1,0.0,15,4.187973795628252,1.2135093711409524,1.5079036188511212,73.67360994327575,2.753414079659541,70.16968014711883,2.7878485397638118,1.208812215373299,11.630201863207452,2.4006342707089314,32.89117622227111,55.47172340336558,3.2409608744418463,20.06829143397499,5.100232869025394,1.6049801114849687,0.332160640233747,0.423073871852737
K18223,0.75670395319276,Suppressed,0,87.0878914092332,1,1.0,0.0,1.0,91.88,9.76,71.98668873,4.124325,1.17,9.698556733526093,2.67,23.029045643153527,69.29460580912864,3.3195020746887964,16.804979253112034,9.95850622406639,0.8298755186721991,0.341744767021777,0.333378230544344
K16869,6.37809132846242,Enriched,1,0.0,2,1.9848305064476723,0.38999484149999997,1.0,51.25190233425852,7.282340827710275,69.85297520195577,2.1186673897411015,1.3187675784041615,5.2838218535729515,2.8512656450996143,33.39333157176809,83.23732227872549,2.136159258073165,20.20830997939337,2.156187846244542,1.0981225112936481,0.257561821277439,0.350375067828889
K18352,0.501756580669952,Enriched,1,111.9897040075435,9,6.560819903795372,0.5123627358111111,1.1950810063376325,60.383980355873845,4.956814919729162,71.5980286196056,4.8596467545237285,1.2493176247107125,5.368043850306848,4.129916060855405,39.75584903348162,78.31708510982605,3.088277617887427,12.933760092139817,1.9675836324753846,1.1334803891189291,0.842739168648234,1.02576563530452
K01321,3.19697942787829,Suppressed,0,12.39433109876002,3,2.356019754908712,0.06464313913333333,1.0,66.46936094656562,4.087673946538453,67.76257841498658,5.553416446423508,1.1028054459347227,5.120694302268535,3.67,46.452706376321906,36.31626852574581,2.3870691198365086,12.770338585599658,12.237736600193893,1.987599240061919,0.359993192945735,0.39041671371548
K23086,1.28825807434983,Suppressed,0,37.40682503015441,5,2.9919268097783753,0.49061962822000005,1.5748537815767434,62.60844782590408,3.1408548953153543,71.2483501617124,5.174506161986571,1.2283787710513097,4.341089104995354,4.014001692732313,42.79081449069007,77.63085370644544,2.6921945792104145,12.68088579485019,1.650269295018255,1.2982729448986068,0.954449030686629,0.9600869178897
K07396,0.97140638902915,Suppressed,0,54.820709595628806,3,2.6020136476897227,1.2232027134666665,1.0,52.8784817965086,8.770191011519994,72.31036782788308,3.4192494410755154,1.2922973759442873,8.081416987143893,2.397300357303715,34.49520229199773,72.11074131325844,3.319774780521764,14.270016425503375,4.465321406816479,0.9027518363274267,0.229475784788793,0.376310998862232
K23778,2.05858918707525,Enriched,1,9.032750413205347,11,6.1694266357918695,0.761023749098182,3.398555742994987,58.55665059548354,4.3933722876689805,70.98760682518878,4.28846684752662,1.2569228056984918,4.347511785246618,3.8545184670138637,40.36862079320402,78.08600195222981,2.4688935171852706,14.941269250913319,1.5016634271046956,1.4118134629270256,0.41764914933424,0.599264172545459
K03457,0.610917366189333,Enriched,1,617.4841355916801,13,4.14152111072972,1.0636506247128203,1.1431753610255704,74.18096381539681,2.195672301271791,72.15139431741986,3.2648294899089625,1.2069060728773,8.431900682199197,3.683346060346813,35.99049458130117,66.41688892594358,3.0076285674399488,18.744744427643752,3.6607244076461454,1.8865289143955726,0.180202921966796,0.246067153309272
K16648,0.620478387735923,Enriched,1,996.4958351696501,13,7.908500029409837,0.5410921818128205,2.876124886972873,55.55045717461402,6.106983843094346,70.7431249078848,3.3434750184218625,1.27991260964443,4.432991344184658,3.430269486923492,35.90051469441766,76.03552018524002,2.6444435213249977,17.893983231842704,1.6579119287621753,1.202154549534364,0.582305876657382,0.21911619417341
K05570,1.3967164632729,Enriched,1,56.01326078441733,5,3.4558069627665295,1.2335068514,1.0,58.130838802164575,5.057293792293445,71.39905628186939,4.124333086889677,1.2750120100838003,5.69145539985562,3.241243759953581,35.772032161412454,73.84423538400462,2.8434685450975605,14.172443318233755,2.7712672912279817,1.4926686473143889,0.461455745571278,0.555010467147797
K07806,0.831017431574252,Enriched,1,49.2047064086992,1,1.0,0.0,1.0,84.24,0.81,72.87214285,2.75143,1.18,10.539973759099812,nan,33.16953316953317,60.19656019656019,3.3783783783783785,21.4987714987715,4.2997542997543,2.14987714987715,0.181177352280409,0.26076803437181
K12567,0.854907924362863,Suppressed,0,94.65721341771486,1,1.0,0.0,1.0,63.31,8.16,72.44765375,6.531843,1.27,5.970749756232658,6.19,42.21954161640531,80.09650180940893,3.860072376357057,10.253317249698432,1.5681544028950543,1.0856453558504222,0.483492602554046,0.264149057773753
K14669,5.90747500447556,Enriched,1,0.0,4,3.816981805158111,0.2566885542833333,0.9999999999999999,57.47046400727234,6.831252839714334,71.94180508388725,4.872806279615642,1.261839323124773,6.234274306530575,5.0215676974879635,36.61930468753182,78.99064209523158,3.6579543621318336,11.760043198974463,2.515501517665553,0.8688995133722431,0.307119673680927,0.509556321297729
K19668,0.611580585924465,Enriched,1,728.9848882888446,13,4.687095567333293,1.0214366087025641,1.271097591817327,74.11908001867316,2.906047781554754,71.9175185838699,3.3872773581361932,1.2082227645540742,8.19838516178205,4.161447897937563,36.331028285401175,63.80098377503528,3.0724020199870723,18.174880919242398,4.548283454908088,1.863012422106701,0.180107445309071,0.178452241158912
K20543,0.992824518355903,Suppressed,0,140.69041323595627,1,1.0,0.0,1.0,50.45,7.6,68.45121749,3.25998,1.24,5.214755918747968,3.67,37.689065212001,45.87155963302752,1.983635011157947,13.389536325316143,17.108851971237293,0.7438631291842301,1.09254837541254,1.17376115664589
K10253,0.827682027780034,Enriched,1,113.72519133781725,2,1.956368300267803,0.0690037244,1.0,55.215732203331825,5.978972871576837,63.676734437688594,1.5017719630649198,1.317444456872284,21.06330699246852,1.98,25.392552481373453,45.17579057851211,3.405588878382341,19.9700296495512,4.082303425127227,0.0,0.789982009911326,1.3421095506884
K01457,0.70597593359705,Suppressed,0,370.3313399587769,6,3.2888484545684378,0.9456215304533334,1.8135529698497077,56.61018989475977,6.077093620548035,68.66372256961563,4.188845662598357,1.2045106463138342,4.921741220231513,3.656687910646415,40.251161923499666,48.1480886010258,2.2322815127555655,13.490209927687133,13.304620836740149,1.19406359551692,0.643465914863094,1.36774307377565
K00226,0.506091000835191,Suppressed,0,637.7603020091292,6,4.473357317073176,0.5999353089399999,1.222948770421589,62.45411712557757,5.802566398275277,67.79573362535291,5.748812913265822,1.126052994272507,5.182765601381095,3.490251342446398,44.594298777307316,33.861441990516596,2.354595232613069,12.497560488896617,11.837885187387638,1.9321769380870824,0.868635755840496,1.05088399384859
K07002,0.849311096634827,Enriched,1,225.3763832494393,6,4.781017075833579,0.48550785243999994,1.0,61.90311612625146,4.231045454305468,71.29585707192777,4.691055720558736,1.2321222358078407,4.675581191004074,3.8360338369591633,41.379222972322665,77.71198494362496,2.800592379667228,13.648699618157238,2.0484987947865876,1.224239212358779,0.753129322822303,0.996627939108468
K02529,0.743424862040297,Enriched,1,5720.108460764274,32,17.388054232011356,1.2167088785725806,11.97765639411,61.20914596290591,5.163096726541593,70.72538235915243,4.154478733243277,1.2266851540651114,6.2492212011844845,3.692171120851094,38.19706105212461,69.74222977889254,2.981224298612555,15.051217737017453,4.302245041671976,1.0809913407167324,0.637243599117677,0.895003704907181
K20500,4.34484887980431,Enriched,1,5.286551256117798,3,2.660297007275054,0.7671059220000002,1.0,51.870228848665306,6.521174112580841,71.82793566205945,3.0885560429501595,1.3115075250168073,7.50808474532111,3.764015631344791,33.69662083843321,79.20472917323426,2.756520527050194,13.415296519806105,3.713683092269301,1.7566153710565056,0.872274132781727,1.0283229141667
K05337,1.07474875585145,Enriched,1,126.91686502746643,20,8.84251559419333,1.0639756460542107,1.4686624689398902,73.72313853773078,3.47908956543464,71.27952430174152,3.131185530078031,1.1763281758077002,10.301267878458898,3.029790512848871,31.36249492556953,61.698240230419465,3.3790281906676367,19.32663457867905,5.4097397383287005,1.0617442075273513,0.242132685308258,0.629827548170607
K01846,1.44676548106409,Suppressed,0,66.92875481910609,2,1.9999852100160076,0.0639598291,1.0,63.057538702596254,2.7921733537628834,71.06404517490682,5.032754801679274,1.2299230844561329,4.072766844007704,3.66,42.468505381074536,78.13817090545493,2.5871021615520506,13.423739409341582,1.464685804743986,1.3756854104432938,0.965025167282731,0.715112957991225
K10117,0.696570577046552,Enriched,1,1503.2774963632012,13,9.025630943518369,0.579996903846154,3.1815114618286593,57.55556527370884,5.035291924810068,71.02438711430953,4.07470568690127,1.2587630868722437,4.937561149080231,3.864186400764689,39.50124831238415,79.71897791728529,2.720575058429832,14.801810154731754,1.8877358133396915,1.202964357970256,0.736124266061273,0.997022977484718
K16694,3.51945111694531,Enriched,1,1.5264734009394993,6,3.2214588832827147,0.89226546792,1.0,55.96491355303944,6.652391951770348,68.68933384366846,3.8447401627232654,1.195506890771842,5.456745045882569,3.418215399225869,40.315206991854126,44.67077525247912,2.0974286837892766,14.014985441093923,15.066535251876983,1.2561207264891991,0.315857714125895,0.274911505713584
K22902,1.94901085309269,Suppressed,0,453.63139611665025,2,1.9980773527368225,0.0522922708,1.0,56.573152004733274,3.3603619417109956,71.15540763495034,4.378563107066679,1.229122969731044,4.242812702612033,3.66,45.39004701592926,79.42529835051263,2.459338562053337,13.164836637185546,1.4461018164312285,1.2097741700534703,1.09119470537587,1.01456042865412
K07455,4.48375211304574,Enriched,1,27.49768751568904,16,3.2881157966498926,1.180969039725,1.8348972936709977,77.60324566260748,2.41796779529989,71.87997771182528,2.7967502740094052,1.2105527372522291,10.425060848018143,2.7859928947248207,32.66928953560207,61.7317279387033,3.2653710411736174,20.304923711158505,4.605682068480236,1.75632526161452,0.775843253444557,0.621436344530002
K19794,0.8328991186659,Suppressed,0,473.08833978889044,3,1.507632375927614,0.6128174814,1.0333378635502264,80.79914083365964,1.6198789399759588,72.64105821573519,2.7800494933193445,1.1956228023809181,9.96256536428659,3.217939030844279,33.63596469145919,62.568731636897624,3.1936797396246708,21.027784560455515,4.107006261792525,2.089816737147136,1.62318178128162,1.63630011153475
K12424,5.58154119215093,Enriched,1,0.0,1,1.0,0.0,1.0,62.45,8.42,71.78880604,6.074454,1.29,5.926458575536172,6.19,40.8059168579444,81.6118337158888,3.9530731956133636,11.349145626115787,1.7852588625350676,0.7651109410864575,0.190877036893539,0.347779645435563
K09786,0.60762946311077,Suppressed,0,702.8153733718615,8,3.7158048766279843,0.826028148432143,1.0,55.46160851993616,6.5554454828877535,68.23273106773138,4.205349275953363,1.1921263451559252,5.01003040671227,3.5844748122527212,40.06135186410424,42.37072178912044,2.1162751880560973,13.0784780367836,15.136651606863282,1.21764011896976,0.525740461405264,0.843802815490126
K21182,6.1070980980629,Suppressed,0,47.194342833527315,1,1.0,0.0,1.0,50.19,4.78,71.16082048,3.630346,1.25,4.13183757140504,3.66,45.81497797356828,81.27753303964758,2.643171806167401,14.317180616740089,0.881057268722467,1.1013215859030838,0.436199600726108,0.766037248658103
K01194,0.566615215181219,Suppressed,0,878.9921113487482,17,5.702631883794054,1.2298455598691176,1.185424304042592,76.11073554180045,2.9732155012138417,71.17807350524424,2.581685949361774,1.1610640794795009,11.324840760981372,2.3309543990916555,29.880501649912013,59.68827793992828,3.4341880764973705,21.50970324780443,5.611527399256479,1.081640159932159,0.159881465330219,0.258478223060546
K00301,0.724149437368452,Suppressed,0,266.6965426685777,16,4.806346452826124,1.200856717175,1.0719999361390458,74.52990760155052,2.7207012779934208,71.65517111996276,3.048294103692949,1.215349959763687,9.821484447256543,3.1101882906090075,34.269505627795944,63.387240190252534,3.065376755053711,19.349154529534218,4.137583035902804,1.8366615781394335,0.403811140661685,0.443231044634872
K20265,0.529227738558485,Suppressed,0,569.3862391155186,2,1.8757987351417127,0.9849522137,1.0,52.20936424075602,7.0845075909713335,72.00108254421612,3.305322499996911,1.3303130624432824,7.434293650565497,2.22,35.094033212226805,74.36188095983468,2.5805056570131777,13.119739709201742,3.899373360761585,1.9526135748304663,0.283472267492976,0.59638284445945
K21885,1.07835082873993,Enriched,1,52.74789187904853,10,2.849333834990181,0.9517537023133332,2.0430090033416732,77.76099275713969,1.8368853253347768,72.33261888991487,3.225088522325675,1.1975889666452277,8.985574128440977,3.727711087662987,34.721556466736324,63.738953111895455,3.1990455973592713,19.71659203125657,3.785069879029298,1.9152808480791612,0.599216902271778,0.200531750899333
K01302,0.932899055838108,Suppressed,0,138.50385426377827,22,10.5729098117827,1.3325309759588744,2.0408440783438997,66.2275908289596,5.007221881036482,69.32154684395822,2.4554442485911445,1.2092678643833978,12.355522338338993,2.2890658625327327,28.41393453794567,58.496563213994996,3.158124356793719,20.550649464621987,6.377574457128799,0.5472697427100947,0.88389063128295,0.918460236862507
K19267,0.865550643604964,Enriched,1,434.62399412505755,27,6.559050912991602,1.1503245109868945,2.0907558192845865,73.67311129974685,2.8150535887547674,71.85682633691047,3.4188614383453517,1.20617344503813,8.263879011096613,3.6177012357433407,35.6384810468741,64.56018132025235,3.058699161811935,18.756697407746866,4.192980297959307,1.7908624208908774,0.393403885852081,0.536068774167738
K17108,0.766457881821501,Enriched,1,164.32969030021684,6,3.970859741798859,0.5239142091066665,1.7720269642842517,60.644035799364396,3.7469776022894896,71.18506943829928,4.8755627653204785,1.2393798258908981,4.312371041537908,3.770471628993007,42.82560778366486,78.6692344635234,2.704080992052073,13.329130163413422,1.4614643504686227,1.2756119114700413,0.658255832432108,0.240281430236171
K07506,0.643520890947305,Suppressed,0,289.3384037752933,25,12.695207236612445,1.2493121220180001,2.778070134453895,65.7336525731252,4.646357936306212,69.66893679292806,3.7558608896347696,1.1718371944686166,8.222010657119013,3.1517691375101853,35.930172186095724,56.577859432186266,2.874570747138083,16.51832695497097,7.541109283365112,0.9730528445775938,0.377556496831309,0.315402458479523
K02568,0.832961656940605,Suppressed,0,129.29196813348446,1,1.0,0.0,1.0,63.28,8.35,71.90850756,2.944112,1.19,4.415592885053286,1.67,39.6689497716895,60.21689497716895,1.141552511415525,19.691780821917806,13.698630136986301,1.4269406392694064,0.218263395056754,0.417695258842331
K09892,0.670507511175741,Suppressed,0,72.91549777947783,1,1.0,0.0,1.0,56.17,8.64,70.60544495,2.063821,1.36,12.59799178320213,2.09,23.86039886039886,65.88319088319089,3.9173789173789175,21.367521367521366,11.396011396011396,0.0,0.808928164493687,1.12158759617784
K09922,0.571814536453213,Suppressed,0,400.7549451774639,8,3.626612700457308,0.952396010167857,1.2387682060592409,74.15717702058785,4.397136797192393,69.45680915353898,2.7626569065281257,1.1123298061553062,11.857295216558368,2.66081469809064,29.886136529723874,47.26576197810984,3.464872062725317,19.382325780797814,10.04679439658023,0.5137581651010277,0.245792649221665,0.168491563830978
K21993,4.32718797876683,Enriched,1,2.2197257561480495,3,2.2997235908646307,1.6207315706,1.686512422940205,53.25672877341405,6.7501238654544595,69.21493681774986,3.439280280187404,1.246879250584752,5.8523069382893045,3.470205983478811,38.02851475794686,55.09620686111144,2.1236363370980724,14.305332261175831,13.437565576304582,0.8043144883738791,0.444913422359489,0.665726351919467
K01312,2.15046549009757,Enriched,1,2.9129781113565993,14,7.527045083871048,1.1425435964131867,2.4054183970477445,60.97685725481604,5.178225342750071,70.09072099425988,4.4854706536615385,1.2235709403102837,4.331380483285327,3.7686127282446984,41.700534685837326,63.82571465395835,2.7221671321572507,13.012759490111089,5.834015652598845,1.3521618104638762,0.655948616851483,0.302350183006297
K03599,0.548269975061965,Suppressed,0,434.5696610423094,9,3.461011562206672,1.1144572257444445,1.0638704443028026,74.49393610830803,3.602734139334135,69.8470100690059,2.58409323514345,1.114135909295976,13.015456543785655,2.4705975091620136,26.993336788432195,51.778894929421384,3.5016989124850655,20.9802595802363,8.615333913880313,0.3383734746240367,0.459710277547926,0.906662201223292
K21394,1.0298465345776,Suppressed,0,95.71367534251272,2,1.9908944619495725,1.1704109539,1.452270452629606,54.340583311782886,7.434994995785134,67.2333181841722,1.6221948818984617,1.3545227045262962,14.408854392994826,2.0297497497892567,24.331459919623562,50.75194732956686,2.4164817135659735,22.2368546213477,10.634598540837569,0.0,0.290207947762809,0.225261411240959
K03897,2.04699738660811,Enriched,1,102.40814021099119,10,7.143791391300461,0.5862892174377778,2.636616304953482,59.55947924975675,5.158305096512869,71.61444183329462,4.394168081577862,1.2631225453717294,5.951309518740361,4.169796212638638,38.43172103016012,77.92501862001627,2.8311513882407526,12.984362632175102,2.785474742136712,1.482084108030945,0.431586159441857,0.668203125249802
K23262,0.569203802129947,Enriched,1,205.43930582876422,12,6.283880587277815,0.9038078520772728,2.4310941367295764,52.85595484870901,6.639715246980324,70.55713974784517,2.777554785366672,1.2889324937874247,4.68622908111088,3.4061414184291716,34.0474637812962,72.9445124194855,2.2325890844131147,19.67390053386875,1.977703707324192,1.2593387829402205,0.272542374169368,0.44198386123398
K22303,0.89111112197261,Enriched,1,74.42656252106976,1,1.0,0.0,1.0,63.31,8.16,72.44765375,6.531843,1.27,5.970749756232658,6.19,42.21954161640531,80.09650180940893,3.860072376357057,10.253317249698432,1.5681544028950543,1.0856453558504222,0.243098140831037,0.451091646978559
K00468,2.87195681007654,Enriched,1,18.534921447744896,4,3.751343351643403,0.19680818276666665,1.0,57.37797144216159,6.312982900883151,71.88981296339867,4.6795389717082,1.2441338666369817,6.168006138650821,6.1899999999999995,36.771804622916726,81.8579961218484,3.9121704886155655,12.281830541269175,1.9396945120169218,0.9796234500731844,0.317976754081928,0.539281330266136
K10800,0.899860761756771,Suppressed,0,111.74446337172559,6,2.64502081569618,0.4496161083666667,1.7158143308395803,60.44269437101001,8.586678960643646,68.1147424505259,3.352055888296929,1.2059460097128714,4.598670022278769,3.6375900842665208,41.3733585167318,39.56342175004659,2.749013797276414,12.860508534166295,14.079631800037543,1.5053808293852553,0.49286771196059,0.904093366710909
K07034,0.608770552044503,Enriched,1,166.1165703931563,2,1.8143138122443276,0.5776562492999999,1.0,83.79644448614407,9.307298256136875,72.11711352275869,4.805504748113664,1.1982938589914451,8.64381628389743,3.6659438364988746,28.458777513584373,72.35087903185052,3.472450273592444,14.95126124427009,7.584551910898009,0.9022426757460547,0.277616043880223,0.48837476614523
K01497,0.550414015748488,Enriched,1,680.3924058636079,25,13.388347315292975,1.2440662948726666,1.836721105570777,56.092132653746994,6.987057770877377,68.47184117750325,3.2270362265257457,1.2578687458460494,6.913280726433836,3.1962239632258043,35.91097724445916,54.20128709861633,2.4723055598100423,15.817021970508897,9.342217604309901,0.9217541469645129,0.938359427541098,1.08794915691056
K02405,0.533814760279965,Suppressed,0,1431.6304147579378,20,7.536318767272452,1.1446267669836843,1.4052131574404865,69.07405624653205,4.520006729377949,70.84485808296495,3.157346325579352,1.2115795841495636,7.716142782269538,3.5116197341677027,35.580960577425316,56.91286791629401,2.8427192827070136,17.671841592357303,7.942844129410854,1.597231246656795,0.159000814032166,0.263475791012608
K10006,0.679896960303372,Enriched,1,325.99893072558234,13,4.40906372400677,0.7242744340076924,1.0585126621771472,74.5830914000045,2.497843944023583,72.18190819415938,3.1149057669388975,1.2111120040180539,8.870073043503776,3.6603574146085713,34.440032932343556,67.12166204658237,3.2402727654985015,19.304552350206492,3.8043947103135496,1.73857325157351,0.204190316215882,0.444622465711044
K07169,1.04243487769962,Suppressed,0,69.1901166695264,1,1.0,0.0,1.0,56.02,9.91,70.71920343,3.249915,1.18,3.6924042628807214,3.0,32.283259567820885,79.14605571465765,2.6034886748242645,13.798489976568602,18.745118458734705,1.0413954699297059,2.03269835452416,1.40753859896709
K17994,1.12730908357949,Suppressed,0,33.65368652402149,3,2.9942100871764343,0.28051275033333334,0.9999999999999999,51.31374587349952,7.067368618477814,69.85002360325497,2.1632610791167957,1.310400263866006,4.35939368704425,2.7160947678450658,30.95801408651887,76.03634113925621,2.7376365414320625,21.557760608008042,1.6140798533588583,0.8983574775455656,0.584733638045079,0.7165772613841
K21703,0.549597694868442,Suppressed,0,339.78729673861227,14,4.699140781169199,1.30257406089011,1.0864089605154754,72.80599121828422,3.048532070805948,71.30170625461906,3.130345875720563,1.2109810216766466,9.176973103059906,3.2157363581346354,34.68549071604127,59.0410835322839,2.9875963894935,19.0523524138821,6.225183814368516,1.6423623278024897,1.11019526488449,1.09388968876266
K18844,1.92582568046858,Enriched,1,156.38115920799086,5,3.8646313304985602,0.74399203632,1.0,63.52967833511139,5.082346818301375,71.60984536003185,4.463659103875302,1.2451641254366108,6.171449991691587,3.4777248639332723,38.58924086207794,75.59872535491112,2.618544542702571,12.995188272298773,3.6962158249530424,1.4280457907991813,0.559254708420414,0.72906958213925
K03824,0.790159027003096,Enriched,1,307.1846627516001,11,8.233372338601038,0.935726932596364,1.0857274135775998,55.02838140245003,6.360387088465364,70.11434946598047,3.23404439670247,1.292493478020253,6.63878952122851,3.1043960344654464,35.293226909914075,72.41602539102841,2.9035129658971868,16.639322065579535,2.908951876128582,0.9342267215993924,0.241106932437331,0.312435840514421
K12542,0.664988950544763,Enriched,1,189.15904948555976,4,3.417064774668868,0.7260455625666667,1.4408855708579789,55.15061152391806,8.459096608556663,64.40289596846935,1.5582538708856202,1.3658598369738906,16.510774054001608,2.034389935503315,26.977888066774327,42.92515416887959,2.460864350006082,19.43180132280792,8.03550113555697,0.05553081612051069,1.06768403310547,1.02617365262455
K04091,0.553991993824848,Suppressed,0,348.8219253647164,4,3.1977195906957925,0.9834743178000002,1.0000000000000002,55.08353877864761,5.415842779702439,70.23719619319523,3.125290063413325,1.274239482769096,4.286641688878095,2.6712028555558454,36.4972193587036,79.50224804102271,2.895658819318316,17.804449503261324,2.311717991573267,0.9378559687105391,1.02325260814468,1.12774938742146
K15733,1.36521726415918,Enriched,1,58.39918266601246,3,2.386267887960506,0.6825223566000002,0.9999999999999999,53.37130540205226,6.775616354191061,72.1616517774238,3.5223043918164323,1.3102566852430544,7.31445949296996,6.190000000000001,36.47757733792606,77.00451588646763,2.852558980309731,13.116241150196366,3.139251080830633,2.13219674558453,0.701807714015529,1.00377093527962
K07150,1.066117585452,Suppressed,0,367.39189180933,3,1.430065628287787,0.49218517393333333,1.91216284476677,81.34241934448531,1.3785120060059604,72.6069477526236,2.695849932376905,1.192188949325626,10.07828832824461,2.8512656450996143,33.18919098453122,62.22039519226326,3.269265384674443,21.385421029971376,4.1114695204246186,2.057494014420621,0.624930418139859,0.648413269966907
K13584,0.57895251915394,Enriched,1,358.40961240459893,4,3.8282530872790144,0.17580886523333336,1.0,53.750620964260214,6.9483212755660855,64.03488868826645,1.408490597216961,1.3478692147987452,18.213732235504935,1.98,25.7874275558557,40.77848474403563,2.2522263626178702,21.104054114717208,6.529829650397138,0.0,0.828687954089248,1.09979149254786
K04044,0.520950208321505,Suppressed,0,689.0789909763048,16,7.940983425283705,1.1310512431091666,2.406903723308856,57.76748227104316,7.271495325463923,68.5849714211169,4.009700835917158,1.206679859207044,4.928123868502883,3.6658985702197007,40.482765321989596,46.10250269744905,2.3610135473889278,13.293168641461508,12.775539886357176,1.3824723025726389,0.564174936948742,0.831359682392906
K04098,0.560472746837673,Suppressed,0,242.01409152280257,1,1.0,0.0,1.0,51.55,7.05,69.5369527,2.029879,1.31,5.91168242047925,2.22,30.519969856819895,81.38658628485305,3.014318010550113,20.723436322532027,2.260738507912585,0.37678975131876413,0.39920347770625,0.461015980655133
K17993,0.803978646131554,Suppressed,0,236.29975573962284,4,2.2350155239679435,0.3976375303500001,1.0000000000000002,76.48379940652,2.284003268206537,72.16024398032854,2.6128792825180156,1.2107174511896095,9.084059015844959,2.716094767845066,32.64858154356724,63.92782333619111,3.2274434376196406,21.512667138473226,3.66710930907311,1.8550656724465155,1.10682238867096,1.20380770348633
K02015,0.961677023122725,Enriched,1,2029.4063797529188,9,6.0459338625436745,1.0938562748944445,1.4685641973855454,62.32479488213566,4.7194385920380935,69.12420266565721,4.316815251760063,1.217046030232682,8.024482782170754,3.239445214331907,37.045004494695995,60.32554760540808,2.797239087253808,15.568876938574153,5.20626463209994,1.2115145366203088,0.513282934444506,0.716356724782337
K06720,0.947383774780703,Enriched,1,72.15226107900808,11,8.860267658666393,0.5833593396290908,1.3459198478176024,55.71374461740163,5.409563780171494,70.73504875652431,3.5484123923859716,1.2769617080324522,4.897493451390801,3.6873960238859946,36.87596997873337,79.08737373696815,2.549615836235753,16.60673525319645,1.6797713250779067,1.2442594154780673,0.317032600788079,0.399733067136374
K01630,0.807222825837461,Suppressed,0,115.79741819959007,2,1.3333107100959152,1.4027437643,1.0,67.39153826689942,3.999732327034556,68.07944600317032,5.605921795352223,1.0883679430547994,4.87399359924035,3.6139347815328446,45.30743303801256,38.5773880681805,2.5524331489882255,12.97343419856791,12.949632496980406,2.1298962417346616,0.897842641772809,1.01342469581004
K13634,0.52939564527759,Suppressed,0,321.18180009079873,2,1.9640412154318856,0.34168469679999997,1.5949552379312644,55.643441809310644,8.84252238103437,70.55956383671338,2.0301346422730293,1.3518991047586253,12.198753032589542,2.09,26.10895051843923,68.21659354719505,3.399787780999814,21.87662740330409,11.056607372156247,0.15273181073481742,0.507532584541451,1.38665312813149
K21744,1.60897588405052,Enriched,1,155.1931979029728,17,10.3057099357477,1.0250580954161763,1.8430319384949543,59.34020905979207,5.174618690305289,71.32843719644055,4.334061082434712,1.2499358267567162,5.284184150879631,3.812624502263961,39.08139323966958,77.8725420442062,2.745640899261977,14.113296019961085,2.5465864657016417,1.2280486226791374,0.632156473485864,0.675099784825527
K08168,2.30546017716639,Enriched,1,4.4533302103868495,2,1.7108509300086712,0.589517394,1.0,69.14032210235791,3.8164996669435145,71.34120980454873,4.849579470316478,1.2008753264054883,5.565822598702869,3.434164328535834,39.98868687559664,75.80473026126772,2.525580623624877,13.18047206344667,3.7874283699556024,1.1997921810440733,0.896609434405964,1.03722953925639
K10561,0.707643246768451,Enriched,1,186.7810060594594,8,6.246158847347152,0.449885401625,1.337739097563849,57.11576748597312,5.187050072842162,71.47234077353453,4.597992818557749,1.2461665336225578,5.2214366773521395,4.293288740588583,41.92605083874452,80.21932480955793,2.9966258233248535,12.642124417442009,1.8735467751571628,1.0598076694942198,0.826647687330293,0.671073003621944
K03336,0.501198405136255,Enriched,1,1106.0927975489844,9,6.065042142171018,0.5274199948444444,1.5237675136711437,56.591412211263275,5.350445000636316,70.80077178519043,3.807225054681073,1.2743070650743402,4.093853028296402,3.5340299311237042,40.027588777367434,80.66366749880221,2.4235002170712776,16.088016195527356,1.5826325230423812,1.4579375226809532,0.214120946993554,0.465143701503955
K13875,0.752071233401705,Suppressed,0,978.7074544049361,11,7.848642314570267,0.8531306078836365,1.0977333538941962,58.4561543491145,5.103880420756205,71.25315035747622,4.402370414118929,1.255204374532744,5.5548892018176,3.9402864333378207,40.0520236520288,78.04604481937669,3.0418004337555544,14.094755189231334,2.776487057178663,1.0634227105286371,0.80362126858118,1.08762736200768
K21255,1.81018626334723,Suppressed,0,36.27884879883854,4,3.7861698740857985,0.6042530695333334,1.0,57.40053319696109,4.705948702935386,70.81133620841325,3.7487454580843695,1.272535960833321,4.653561426760318,3.6599999999999997,36.505419634211734,74.37226517178097,2.330304265741985,16.79928246373946,1.5428873137737773,1.445388933391217,1.57053187541497,1.80002348737196
K02000,0.906040287656682,Enriched,1,269.7093833374413,3,2.7640338991584437,0.186613589,1.5292509032197996,61.10588930182277,8.574449858075132,72.04343323380516,5.731956765290673,1.2717962998663648,6.231145043025627,6.19,41.50469162346221,81.74022731352446,3.9563297364344425,11.57924624341217,1.6070545960957072,0.9907737802776382,0.1959962062244,0.461629824430038
K01489,0.712750456917674,Enriched,1,720.8694645678876,21,13.397738590434905,1.0830332665561904,1.5725901725800546,57.92201995414016,6.0598170457991705,70.86266838119823,3.7335892760401794,1.2661393371531169,4.979749974658296,3.659123403883366,37.282454991803405,75.5458658747931,2.542537573707013,16.35589184911427,2.893484070865238,1.386198357466077,0.592748539481968,0.839366948164146
K05889,0.901400132327626,Suppressed,0,1445.620278450404,3,2.5003512757677795,0.7358674263333332,1.0,59.62171617393551,5.543132217979854,71.58221994187251,4.442908668257092,1.2708807421163075,5.569978100306761,3.2146784691805212,37.11940921775007,76.98703019825419,3.1065866688362545,14.253910240823327,2.065860953057322,1.093058146548355,1.23410249424843,1.89354686743041
K04116,0.937455728562515,Suppressed,0,397.06156309582246,3,2.4620409173276485,0.36872830153333336,2.2822996066615224,50.81341365916395,7.368846419169603,70.01513275996753,2.1306511135134842,1.3179219138305844,4.110082992759817,3.388003769466813,30.602267361120358,73.02606219371748,2.029189328721927,22.29437650966447,1.1788947954269073,1.3081999104090594,1.54475851364814,1.47603872082315
K11617,1.47763636305061,Enriched,1,27.981577689921437,10,5.906897277626599,0.9167224766533333,2.0903606111962634,59.48409680437378,4.4420326021893315,71.09431986146593,4.560296095437012,1.2492052905243005,4.1557924459747735,3.634091994929871,41.0766409104844,77.86927463273824,2.894925880323134,14.29280926135613,1.7317096724367285,1.276345439019333,0.741400000388766,0.591762469535217
K08352,0.627676519929,Suppressed,0,275.26799351910915,12,3.3660208643608245,1.1445415912030306,1.009708061167729,75.86141415757606,2.45197800306776,71.95771431659621,2.9933815307598324,1.2024909597185052,8.867098043673549,3.2296755774635977,33.9205038188015,62.330571115554164,3.1304557934745514,20.447789872206258,4.2033385066847755,1.8838254037653324,1.1532279033847,0.990117287059886
K01200,0.922049192763151,Enriched,1,24.85864654278124,18,6.974779035553042,1.1194653624607844,1.5404920064589023,70.33724227773207,3.2728813064530744,71.55428843898963,3.47757465257423,1.2173546216522542,7.266692950969921,3.36307500612794,36.01408086644406,66.45505045825409,3.0620000527132483,18.55260212902312,3.720525898918177,1.6671992566821776,0.696121935023823,1.01083398610043
K10003,0.635003149597379,Suppressed,0,203.13995866139274,2,1.6123790570869108,0.5059569819999999,1.1842053859807962,56.14236919210288,8.873940840195612,70.626399874717,2.2823059030795068,1.326843030523457,10.957534596635563,2.2576269012425247,25.411935168072016,68.32628201868236,3.675353258112736,19.973265018650153,12.74975649911454,0.19183065449705414,0.722492325681893,0.89223919293446
K06169,0.688800334298816,Suppressed,0,170.849837984588,8,3.2050964324541797,0.6784176361107143,1.0,53.084624924216136,7.20630245293343,68.23280837504635,3.9332568303013535,1.2163570670790604,5.063544636034627,3.5546741684173844,38.87420074430693,42.60910047309841,2.0068977699211716,13.005742743944433,15.375064333373393,0.9852202228148648,0.459645042901956,0.230357311155849
K07116,0.571207426163969,Enriched,1,1117.7975131159021,9,5.893433427921543,1.3279094451722224,1.5407484262696314,52.88774236584541,7.9356977066777095,69.41125933205578,2.7968877964109704,1.3018338709888155,6.512580537244551,3.6510466732480333,32.935625031811114,64.07024588308698,2.3459713638938102,18.215964843101478,6.680833740892437,0.996843431886231,0.383604088137234,0.743026292915428
K07816,0.914958924771624,Suppressed,0,138.61006531552317,6,5.133163000672042,0.52447463052,1.0000000000000002,60.15430713992511,5.348158695313139,71.0642141181786,3.932685889284125,1.2590993928888696,5.166659150066147,3.6366602720899106,35.2584244953009,73.78068088414454,2.63397733180414,16.498641832278334,2.1430168291951577,1.1580197777846601,1.3932220091539,0.86598166671317
K11250,3.07135396038067,Enriched,1,36.411287285508116,6,4.231366005861532,1.1194792685466666,1.107620638452342,65.21395577609168,6.47021562880598,71.23995660250421,4.291871271214313,1.2633267102318326,6.982121236630444,3.545538597695606,34.16150608229161,74.86629764827973,3.331112881054289,15.961888649531694,5.072308493696097,0.9843509557718191,0.815552264410619,0.868094218313043
K06306,3.17646499855368,Enriched,1,8.725055635979047,4,3.9737642115050043,0.7428785360833334,0.9999999999999998,58.90674269718673,6.024803896733955,70.45547261293947,3.253834136015554,1.1736792809382655,6.385461716106681,2.232339794658062,42.54709641717746,55.5469192949998,1.8150829859025506,17.93685362730199,11.164170120257662,1.976964115618002,0.382492264555433,0.262189279222757
K06937,0.782122377181887,Suppressed,0,665.3444412383077,9,7.773330979518335,0.7515280633388888,2.656068800024688,59.244127466237416,7.1749586860217,68.6353366199233,4.357325574205711,1.1858563772365658,5.61830900696768,3.539749314844311,40.72699384662524,42.95839924750556,2.5006505921431206,13.100920999675681,12.762537521272353,1.3935627876038923,0.325177222618774,0.477027128334307
K08260,3.3648298912546,Enriched,1,20.670784160540993,11,7.873257203790674,0.8389404168072728,1.0000000000000002,55.380420903913745,5.478313845096033,70.63610908682351,3.574907415702328,1.2733890006848205,4.038654896267995,3.579105779816266,38.00348257587576,76.87977225250533,2.45812286954998,17.05585187250696,1.5547245854442948,1.348337022301548,0.681246241717354,0.87856073977383
K16017,2.89690660676808,Enriched,1,2.212786407102674,1,1.0,0.0,1.0,63.31,8.16,72.44765375,6.531843,1.27,5.970749756232658,6.19,42.21954161640531,80.09650180940893,3.860072376357057,10.253317249698432,1.5681544028950543,1.0856453558504222,0.623018176830274,1.21986710213665
K07151,1.02223827830796,Suppressed,0,37.539854371631435,1,1.0,0.0,1.0,57.65,4.57,67.64925684,6.152616,1.17,3.250649804895999,2.0,31.801138730731843,34.30079155672823,1.944174420219414,11.248437716983751,8.332176086654632,1.3886960144424385,0.961657433572467,0.812411299174302
K03760,0.598921767028715,Suppressed,0,355.0990762300681,2,1.2318328107636842,0.5059569819999999,1.9465666156076047,56.16198499234114,8.707860398178344,70.61152345058974,2.1271980166275135,1.350381990809369,12.12213610198868,2.1386243797970796,24.310460814262143,66.59187063787503,3.8471733149990777,20.963082403730485,11.788699058634755,0.0556452844492529,0.503748955138053,0.642650549521656
K21832,1.00040395089914,Suppressed,0,94.04182386326227,5,1.392345017777237,1.10481649696,1.0,82.11509876216047,1.1569816074389128,72.76731879336046,2.8347951553964674,1.1872898004565478,10.242468357497284,4.636504993447029,33.30479917642934,60.63013492827976,3.335688283385394,20.863670469138203,4.282402068929007,2.1390249280586753,1.01980937352481,1.28474950946415
K18382,1.00486510531974,Suppressed,0,465.0604159346517,7,3.3629074630447042,0.5032041101809523,1.1372374219151744,73.86004946139204,2.865923641379315,72.04098039405287,2.7697178012457435,1.2193056390058448,8.47217004060709,3.2935658551803044,33.17624124993207,65.34108551019406,2.9864904104101844,20.79310538557202,3.4896901729708993,1.834991154285955,1.08549109198487,1.0794248968753
K18831,1.23303088688071,Enriched,1,55.81471737901828,1,1.0,0.0,1.0,56.02,9.91,70.71920343,3.249915,1.18,3.6924042628807214,3.0,32.283259567820885,79.14605571465765,2.6034886748242645,13.798489976568602,18.745118458734705,1.0413954699297059,0.528623039407612,0.46244892272407
K07695,0.587610282963955,Enriched,1,90.31703360811828,19,4.060739546580332,1.0469311078923977,3.8973891554585522,76.19238577752812,2.248123894132494,72.35510392967772,3.1956085597756365,1.2032339127904053,8.921627066103463,3.7237887528898175,34.68648878691618,65.11612514669484,3.1925178629016537,19.34050434737219,3.7858967391903797,1.814719557200988,0.587831151362359,0.778809624078784
K01414,0.654587271895668,Suppressed,0,994.7636503650556,6,4.721190299009077,0.9503498294133335,1.206737455492686,63.078739953079435,5.915466666089006,68.4309392894501,5.463053617303008,1.1448043191992674,5.384808326976561,3.4394570142954852,44.649796370707584,42.47742137912947,2.460223724853334,12.792916821125084,11.355821718612882,1.6767150901227479,0.65060713654313,1.30673111597076
K06177,0.516942004761281,Enriched,1,492.41861996614944,10,7.39331717460358,1.3029820290222223,1.0677378719016486,58.461476307979055,5.5409289304668565,69.19387596725373,3.9340581325016237,1.2721979585149803,7.655061325652671,3.378726437542513,38.79030992336594,67.02847709927941,2.7638977646011864,14.545846401858785,3.406376973642062,0.9435014914951299,0.968698520703558,1.11832936126255
K06218,1.06608661761156,Enriched,1,35.52949079645955,10,6.839479133970727,0.893335645691111,1.0634147814523958,53.08151506072282,7.1403963464812215,69.09111526712131,2.5398057742551834,1.3098776754033108,7.052851974669745,2.9885036452470435,31.110449551304622,68.26647232084142,2.578136079506591,20.041711569241777,3.8042321389381573,0.7141482502821196,0.17525780731432,0.153060444194538
K09957,0.971145350795118,Enriched,1,236.24365009245238,16,11.07623317755657,1.2211484894375,1.0400663805934656,57.49191135578652,5.594599361635074,69.71184683489108,3.827828721518058,1.2454430965102075,5.328895252971479,3.284261281000232,39.005021806442485,66.22910857815744,2.6453679045195635,16.36229312405067,4.1789946318407205,1.3135536575609,0.659374980996867,0.602730401097031
K14667,2.64306961147627,Enriched,1,75.7714311372146,7,4.722173383963289,0.4879125548857144,1.3835080556591821,58.545648622128105,4.533851370202267,70.98985853257197,4.311770183909952,1.2576968480607884,4.253736247544742,3.8270044486477093,41.552212362105,80.360272027884,2.46064494796983,14.823536182783522,1.3706263515655717,1.4364806657070197,0.399373105168199,0.650759584785922
K06351,0.682529959469099,Suppressed,0,85.46461537330038,1,1.0,0.0,1.0,50.45,9.39,71.11672297,2.514912,1.23,6.759679861561757,1.67,44.23635776557959,58.120762027768805,2.583144979011947,18.727801097836615,8.395221181788829,2.9060381013884404,0.552722908074843,0.698604781924113
K17883,1.53154954071497,Suppressed,0,240.52384482834677,9,6.865966728277405,0.4828181430444445,1.469995129442032,53.91263005675294,6.260473980515079,70.41263379224843,2.9562294137428777,1.2837354342365839,4.785328566875592,3.0778510207724823,36.18317383234542,78.78302754943041,2.570112670626268,18.181602800968687,1.9528837642736094,1.0269465925196433,0.983795206006572,0.904045622724929
K17319,1.70480233154965,Enriched,1,237.98889409111962,6,5.51487973263133,0.25498790965999996,2.8481450908792736,57.62735705378636,6.780111600236127,71.82376882864605,4.726023406412739,1.2555291641825839,6.396653796726813,5.809598314841532,36.76738143968589,83.43566717046266,3.8047637275730075,12.221071892975079,2.1528517919990255,0.9121923148911327,0.707230687448225,0.811525819764329
K04767,0.554214746787226,Suppressed,0,543.7529462418833,15,11.853898822476095,1.1599244943923808,1.8906736229869505,59.76719312927548,5.680812292051682,68.842442962605,4.389039002875396,1.2102887790234194,5.683416999037328,2.9561273394385403,39.22105132032192,52.799955708801136,2.593686320466531,14.77222828977034,7.668959460945739,1.5729169206136184,0.339098365381069,0.636899250850428
K18545,1.85208400071161,Enriched,1,84.20420065531492,5,3.617941730395275,0.46959858968,1.695779295025252,53.940176746595114,6.129464257583384,72.08250879796881,3.705065923784995,1.296938982481676,6.9911728156661646,6.1899999999999995,35.49214815332316,77.6060585905726,3.0139595729444713,12.866205843801698,3.0339225081808605,1.8894586562655329,0.76148898390465,1.0070083826814
K07285,0.725125703342564,Suppressed,0,193.9430133363733,3,1.7176853084031076,0.29267593566666666,1.1114523299571104,80.21325733268554,2.7990498889472675,70.18757834806779,2.2547114990060986,1.0833643153478476,15.403923187003638,2.09,23.65239835253184,52.16711049393052,3.8875661699795003,23.063553308825707,7.495000730465392,0.04202576544385764,0.856244351761662,0.764568767824193
K07155,1.73498424793512,Suppressed,0,22.96049426195024,7,5.1512581702717375,0.7188513201428572,1.3276774001166975,55.57996849044048,6.055292362066854,71.67538229646712,4.502552369455307,1.2527533099066124,5.096240393292523,4.540765687111701,41.21816586561119,78.15432115803176,3.1710217088964625,13.022487832582158,2.262274191929486,1.0137423411097235,1.16530280922121,1.40109519409855
K08221,0.973883271342614,Enriched,1,304.9058910281992,9,4.851792093777579,0.6279921256611112,3.3276307041058906,59.69862088365925,4.556333451349663,71.23873964903431,4.362125246660761,1.260312650476018,4.926480442911964,3.716063438301869,37.88618663439843,76.77035448754454,2.7942823999293873,14.912162637719558,1.6723089562825775,1.2825727786231764,0.204424057821105,0.617698371758437
K02475,2.78062661653684,Enriched,1,3.073764849015124,8,6.018525783728561,0.5590687974964286,1.0,57.15859004545445,5.832228638674843,71.1526704899446,3.68378325873296,1.259454403983409,5.333682379569863,3.770134061491481,36.762827969108926,74.74361493373556,2.6498092796777413,16.22242156361668,2.1146373225089885,1.0751770720251967,0.72603362375442,0.645851471858453
K05346,1.57421302749706,Enriched,1,14.44633076820417,5,4.461635322887404,0.7548139525,1.0,59.79706786213266,7.472717960094455,72.07516979059528,5.432599942054052,1.248249738913657,5.573291305684311,5.91669675513602,39.38971557628919,77.0372643438584,3.851694490988519,11.519455426060356,3.1345205189875385,1.0401943462805077,0.809420914660649,0.791937641255686
K23169,0.708212375833976,Enriched,1,565.2001492977008,4,1.6260515862296865,0.9952194452666664,1.0,81.55883398432516,2.7919296718633855,70.20322282408415,2.3512874151610896,1.0761918068448135,15.643914292383572,2.0923603486252533,23.738759525573116,51.85795837783257,4.004975011992774,22.752300535403528,7.335164895391588,0.03360793868624127,0.300499911233439,0.528657999558738
K19746,0.579710350510262,Enriched,1,533.7637194621211,9,5.58249032626778,1.268365563788889,2.278398350771002,53.97926190571525,6.613884635060524,66.15609373674963,2.1949440175910624,1.3284837330118173,13.658535457859681,2.357147487860498,30.53239346437342,48.86681793536452,2.032110157755858,19.385394387902195,5.934658952562497,0.316786018605963,1.00264812935859,1.53844014062255
K14252,4.14594097769068,Enriched,1,10.691662300814423,6,4.728127315750189,1.0676821996866666,2.0084679762237037,55.96569228980833,7.04543892539086,70.93713100141882,4.343609918255997,1.2719188929783378,4.53437341033722,3.6995682645629686,37.962916325975044,71.76379857445409,3.3920711779852475,14.496123616924802,3.2648438330178444,1.059182806314752,0.828400309626438,0.686633962572813
K00867,0.514757832687678,Suppressed,0,778.6391363781913,10,2.4708152667313157,0.5060391291933334,1.8899326867079769,78.17376418314828,2.0294823882813957,72.49931436678303,2.8315892603801958,1.2000058454032685,9.61118014717902,3.6992473713268637,33.16291259157101,63.52051243193881,3.3048692332158707,20.620252296716256,3.893081735635362,1.8805189059808551,0.905773945234517,1.05356914052658
K05589,0.796643061466336,Suppressed,0,256.40584660509313,12,3.1083797074908697,1.2437947090636363,1.2532966715926397,73.39503770391038,3.7802550637538825,69.76684163291749,2.604083287271451,1.1125872733501645,12.70950490768868,2.5251522297180826,27.325917479219292,49.908772298309174,3.472499416805306,20.32111961368854,9.684135054487383,0.26877831008197456,0.395738743897173,0.592165622505151
K01286,0.520942646875227,Enriched,1,1324.4886587038734,33,16.880536466613993,1.2917457385625002,3.365315626188842,63.75960383247726,5.056699236241991,69.67036301824082,3.3308806704811937,1.2220949479007555,10.044558994717017,3.093287143086527,32.48531125545564,62.10302743691423,3.1612032929680147,17.889563406442463,4.738151261490726,0.6863027465367102,0.197714245397363,0.439680325028662
K07228,1.48052231853305,Enriched,1,158.25402316034658,12,9.438663726424553,0.746696177337879,1.2554404042519232,55.81983683806328,5.799840386501852,71.35984010394661,3.827403774045541,1.2702855817382088,5.473243233215352,3.720228088286391,37.35167189214756,75.98738240499563,2.757189002377005,15.30023444874617,2.1151910578607325,1.185839493165587,0.391905700659002,0.653794105743561
K03222,0.745043708312732,Suppressed,0,111.6864795116564,5,3.043425301189388,0.72433392834,1.0823967098754232,54.654150260537065,8.601216165984454,68.34593552441764,3.257100999172726,1.2298371601257283,4.938413614526478,3.6601727828274555,39.09855218411649,42.84319678442904,2.3808939296795257,13.003419851232042,15.652652578207817,1.082181938673543,0.660938782668167,0.821331788451178
K00880,0.967443207950249,Enriched,1,74.22507879558835,2,1.872398577420799,0.10251545470000001,1.0,60.72097573524746,6.236918984448898,72.3439332656157,5.950526867559579,1.249613982167303,5.265374138451688,6.190000000000001,39.15265276471933,73.23945385895291,3.9443287181124456,10.634243623138495,1.7595040073854906,1.0247391243101895,0.888224012533694,0.843657338653822
K15408,0.623732642123591,Enriched,1,1114.131557531058,8,6.216543968583996,1.2976878267285714,2.0682394449024764,59.26445141585621,6.4060744441854105,71.3076908306805,3.808061265438909,1.2065070856445923,7.363073032554083,2.8395544007364335,38.32831676452497,62.101768489905815,2.438066378345021,16.30249139779036,8.32943092557496,1.3555022653579527,1.22523322723387,1.43175437053588
K05970,0.588176772258188,Suppressed,0,982.4175464579712,12,8.351943514316085,1.2745207299560608,1.0686568989827576,64.64837426710754,5.07607805728646,69.32258636608317,4.5897717090392,1.208616177645557,6.727150783397735,3.2433787827131666,40.10424459560081,60.40027445122797,2.6959738456259044,14.15386258710547,6.463940095248072,1.3547496841821767,0.32428198298778,0.444010072541198
K21480,1.30572672548052,Enriched,1,69.8272633775645,4,3.6471136112434195,0.4085633241666667,1.0,71.88406042007878,8.073574876302246,72.08198950391382,4.918941896021871,1.2197320405068186,7.235961318609959,4.835112051434207,33.173238681301854,73.44084174522808,3.7352801427101188,13.582425130546735,4.8771586100922315,0.9522508861590264,0.7331696901564,0.737991896970986
K06975,0.659085673708065,Enriched,1,453.4469740125075,16,11.902249317071622,1.251775406645,1.7043072446493406,57.60605985829698,7.236942050602957,69.91038546468371,3.3983356375962073,1.2720026846677805,6.699202516807967,3.3118541026709316,35.45276946723627,65.47778476953754,2.959043089776514,15.889191449689687,7.5926478314067625,0.8226438233198698,0.616762167541701,1.02417339674967
K05791,2.25868524042997,Enriched,1,37.66535350925564,6,4.777332169469059,0.4388259502933334,1.3530229891250825,56.035737199403556,6.128393934694607,72.06560857684467,4.366974126485444,1.2752050490033033,6.4037318756522925,6.1899999999999995,36.39187275557637,77.35652028789092,3.419955404758192,12.311458467887093,2.5343183549870494,1.486362345285842,0.419337737219377,0.371143678170203
K15311,3.24690733617061,Enriched,1,19.43118748969167,2,1.8696694565210974,0.2789311994,1.6814631489719045,54.11570568807362,5.258010988770365,71.24131781013577,3.320878801749058,1.2422975795719668,7.248969183957039,6.190000000000001,31.32738576270339,96.03032518842258,3.721330495541647,13.73721525330372,2.483661520285449,0.7908562538446885,0.71975000270499,0.711611270478588
K03300,1.08769833756206,Enriched,1,103.77570508717092,4,3.801550905025831,0.16133278751666666,1.2954403953289935,59.44178720319232,7.565726635806479,72.20115199634459,5.394264969053986,1.2510043883464117,5.973041964410941,6.190000000000001,40.397664340831305,77.88667782229945,3.9842387775215125,11.65193729035556,1.6053580566197572,1.097082669099991,0.300402772643472,0.511859905613333
K03651,0.741611616251853,Enriched,1,635.5958623961336,27,12.608250846553304,1.2788791642877493,1.7884772059255436,66.35187561997749,5.144652220707624,69.22357658957667,3.1966268201046635,1.1820939233375112,10.914569574848166,2.8423502878780758,32.210264437951224,53.495414319092504,3.214974522014197,17.52366986787333,8.165150078966866,0.6523315031986636,0.438667870324222,0.590660340392635
K14629,4.29280880447577,Enriched,1,3.8370015494848744,4,3.680289799055065,0.2823215408833333,1.635857154707704,59.4545087096064,8.17781070459676,72.08479869519508,5.557065246523405,1.2813794427140863,6.091228444501088,4.576403091908723,39.37618629717057,75.34165078382857,3.625947874955596,11.140270729304945,2.512921007936355,0.8425071472710456,0.717956647562113,1.03530830200951
K01809,0.537426433975557,Enriched,1,801.3180576493634,18,10.43569797637675,1.284339306314379,1.6103115909360795,60.95206107498739,5.625653870596078,67.9505926607374,3.6729552232819267,1.2565414777221298,10.304553388194547,2.9054663842457122,36.266056892404976,57.86435357884266,2.8088543870227896,15.40451119913119,5.254358287496756,0.9288710146920469,0.452467297475008,0.84531509955367
K00354,6.4270191104277,Enriched,1,0.0,6,3.8216043514230766,1.0302769344066667,1.7685409921979713,61.41314874148504,4.66331721232729,71.36986066244468,5.2808744519153175,1.2421656442015678,4.569489973346136,4.812850173193449,38.09141836688687,74.59622597192543,3.337977927199675,12.742242314677283,1.89499166214936,1.224481773242938,0.333430219381037,0.353933217929742
K12420,2.87815668159906,Enriched,1,23.639867919068042,3,2.4632784568398405,0.34792883299999994,1.638881786631354,54.952301193492175,8.528896286178664,71.72370577081578,4.098478499267646,1.2790774641566185,7.154819381193231,3.653639307073525,36.65303571266007,81.40667223018212,3.410532364915848,12.695922530117098,3.10219389420112,0.7948713031120296,0.774927635890128,0.770971809060958
K14155,0.931645050159144,Enriched,1,407.9469363151,9,7.065301542867752,0.6083306039777778,1.300320875859621,56.57157879332774,5.504797675657308,71.69269225523934,4.333905785185783,1.2655100846397151,5.4867479108991235,4.396191895789605,39.10158297996642,78.44383847709798,3.150500794480031,13.478378527706923,1.8459816041556312,1.2568093832043856,0.370925435657226,0.525791800306207
K01337,0.895762779562347,Suppressed,0,314.08755069460534,2,1.6392585124455146,0.0559727715,1.0,67.91556805420697,4.187637581121717,67.81904711184215,5.776788473113729,1.0936921050211077,5.231106597664886,3.67,46.397935531471035,34.49453384204402,2.5052996390069424,12.684978908763641,12.239928548232779,2.066771088925382,1.23290026599254,1.64785079888805
K02364,2.07342696295554,Enriched,1,36.50361963916226,12,8.866473843455832,1.067787346571212,1.9444195520061707,57.98495810492406,5.467975275988707,70.42479332973934,4.099650579503242,1.2631403343566638,5.613834194088093,3.7179889372642925,38.930995202796225,70.61748432437894,2.503259263228155,14.26556419887694,4.578904158604767,1.2478489798673194,0.426199787016298,0.78245069522347
K07393,1.12331128310501,Enriched,1,566.6332142838477,6,4.359742670753466,0.8644672444733332,1.0,61.746215879953645,4.178555591879765,71.13615340207696,4.563731239277192,1.2289132249804606,4.661362599646192,3.616190284379519,41.45530108907604,77.50285783736686,2.698425022529227,13.925142822724675,2.1819699342457874,1.2551863761534083,0.333493796872107,0.703007366215
K01082,0.565249812494419,Enriched,1,1154.3467852305575,18,8.374088871580328,1.2832658484581698,1.4027861052569768,67.14185406530282,5.098211409783941,68.67728936313583,2.5050674299425704,1.1824013636731097,12.722545806906712,2.531921960622161,28.82371879225693,49.42171506679526,3.074509012092322,19.58521644957601,8.80992879900187,0.3807989540588693,0.453182240960863,0.779951767717654
K06443,1.07963211045463,Enriched,1,300.652514582037,15,10.638833723868308,1.2080340396761906,1.1625660509391709,56.5782282008608,5.823241320077133,68.79449342731388,3.8044626597719873,1.2363029664792553,7.11092369813589,3.3233304054334742,38.07947470778589,57.65951287706817,2.7932929607597297,15.138017174191098,7.391226115525618,1.0785009373887,0.55195419884327,0.82310112706215
K16427,2.3367716915501,Enriched,1,63.64503693430738,3,2.854305498309946,0.6141818312,1.2910346164702922,52.40677699927458,7.240793382357066,72.07319916539213,3.1284910307843714,1.2790036240839755,8.183429191545397,3.591554146903473,31.072404679025183,82.77342930627496,3.4967225672153606,13.885453273018388,3.494878033760319,0.6245604879340123,0.389693873402855,0.585045812127202
K06415,0.695258100132126,Suppressed,0,695.3854291990948,7,3.8273041629290767,0.7595142686857143,1.1284594533624608,55.373186101872186,6.737181174426577,68.25916278575222,4.235490678384961,1.1903963544713259,5.07133425364587,3.6113733416823606,40.42459947009434,42.726932249464866,2.130153443565835,13.160118100893156,15.208981194024066,1.2224151362834064,0.419280861173259,0.985202136869946
K02298,0.773882462342696,Enriched,1,351.7540859134759,3,2.8302728117065685,0.2078942292,1.0,54.17373993361862,8.078823711632257,64.13941265619758,1.4162789930421176,1.3733979663243958,16.845571819584734,1.9799999999999998,26.435866266997987,39.65097187548797,2.0613437440328206,20.58879142746525,7.741322434482557,0.0,1.04788718113572,1.37625858210249
K18244,0.549713011643567,Suppressed,0,135.1933180892474,24,5.764571340694051,1.1096123171782608,2.9539544877741006,72.48365267954574,3.041040853737747,71.92718371370516,3.0553390530991855,1.2184733748941308,8.218767478542887,3.691202243899229,34.89029809136607,65.73766051621195,2.9568879221772946,19.295020060345333,3.8243007997134075,1.8454551177205436,2.45831514982424,2.55396896176426
K11654,1.50718342872002,Enriched,1,66.06024617334083,1,1.0,0.0,1.0,58.98,3.57,67.47014834,4.396657,1.15,4.548910683730844,3.67,46.7363439163873,45.75034509958588,1.7747978702425558,13.212384145139026,12.226385328337606,1.5775981068822718,1.61123613769416,1.75959586694044
K20331,2.9423506443801,Suppressed,0,16.049727863450244,2,1.9955770136374265,0.15973816829999998,0.9999999999999999,59.59474078151057,8.748093795891544,72.3297039313539,5.346896077845888,1.251330355685983,6.573696073331559,6.19,42.29030582501251,81.88457687888973,3.959990980147317,11.837942352164143,1.4067041979414856,1.2444806111180202,0.442716841076456,0.783359342576774
K03759,0.629839997997249,Suppressed,0,129.01897010148502,1,1.0,0.0,2.0,56.36,9.82,71.84225045,4.781554,1.31,6.901521973818554,2.22,38.34526650755768,73.98568019093078,3.182179793158314,11.774065234685759,3.6595067621320605,0.6364359586316627,0.351408018579813,0.233677314447199
K22705,0.933222189620897,Suppressed,0,88.52897180556391,3,2.037644279992164,0.6140307436666667,1.0,53.62239000918287,7.197595854631734,70.54411619362283,3.1752607610891705,1.3006124808350994,3.389834319597999,2.5772154343126648,36.33867656069492,78.52210791165903,3.3847680369095388,18.088804417634552,2.103784253065876,1.0915788831205162,1.27296028753518,0.75767296060684
K04756,0.839775171864895,Enriched,1,346.7945175204636,10,2.5170662283671894,1.210484704228889,1.0185324694918874,77.42323534297721,3.2759490253707146,69.85606034718899,2.646225444483367,1.0908644378400463,13.830532970982423,2.4762968287674845,26.24864240911154,50.07406418236415,3.721308068794157,20.894985493867964,8.593793951998263,0.19016431232154107,0.738450124437441,0.802735849725749
K02476,2.51841028166405,Enriched,1,38.18394042871491,11,8.484827960951025,0.5052898693345454,2.008397811629066,61.62338669714094,5.840863940395817,71.3174252184753,4.316899765619436,1.246532229239552,5.344454509560476,4.18313238356432,36.70022093126205,74.9917043553381,2.9636146818265603,15.05596972150908,2.494511024946057,1.1115938473207494,0.569921722491213,0.692556821290851
K13409,0.875013411926918,Suppressed,0,273.943352095293,3,2.5714211087967236,0.9939244526666666,2.1960556107083713,59.40191486265306,7.574832056545485,69.49524030490112,4.150593645918473,1.182424065059987,3.0008178733233226,2.5980278053541856,31.01119731369421,60.39370257564774,2.2635513116002377,12.607535712698061,14.784391996394035,1.11351567072777,0.768684547467558,1.00261251469709
K09386,0.609998975698242,Suppressed,0,618.8531108266853,11,7.747132261157816,0.8656286619927271,1.4701303699896484,60.53854493769437,5.22461091740319,70.70859235211346,4.2529695829524865,1.2453737673897036,4.415385582730764,3.676532392098878,37.656208125497166,71.69429834411785,2.828689637897874,16.00876987895708,2.8657969186940857,1.3123213060480283,0.564161016410861,0.780103525659275
K16328,0.852230939867064,Suppressed,0,114.01335542599871,1,1.0,0.0,1.0,56.02,9.91,70.71920343,3.249915,1.18,3.6924042628807214,3.0,32.283259567820885,79.14605571465765,2.6034886748242645,13.798489976568602,18.745118458734705,1.0413954699297059,0.547269209856089,0.68815212250744
K03426,0.644548152862673,Enriched,1,1380.3511320221908,22,8.940995294925191,1.2540788061108226,1.3451575506577707,71.94685484300808,3.164615663422629,70.96015483051855,2.963323643560346,1.1809309855686887,10.420842660109567,2.8302648071908068,32.0277746025573,61.59650024606536,3.2030928896357205,19.423468013250382,5.139799046688636,1.1021199171133655,0.329849905184255,0.77545571911232
K22452,0.725077145474657,Suppressed,0,574.6305634225567,28,12.061898098594224,1.2497416942182542,1.8602773482332295,70.426511873722,4.031929159522101,70.54848780506951,3.1907193606023854,1.1758801768121991,8.99307343365903,3.0083015392625927,33.95697974614008,57.15812446189514,3.1284174190285814,18.466088764559476,7.089848723222727,1.179660635423675,0.406379826075747,0.922221682059761
K00096,1.28278700583562,Enriched,1,315.4014789913208,5,3.789478675785242,1.09145829424,1.5245193261089505,59.432825295472924,8.383960658218058,71.21137492323196,5.479294198336137,1.2769604046470417,5.875139847625603,3.3894413461168447,37.969071783642526,69.1951045792406,3.190585636841658,11.32190558019779,3.917084710874848,0.8754438367298312,0.619294916758102,0.792118951021891
K21378,1.80797110740328,Suppressed,0,50.31127373807151,3,2.78758392422865,0.6928328704000001,1.25642801149533,59.29242128142845,4.260089512091283,71.82469125567222,4.757585949156602,1.2379475994035607,5.539734983437655,4.085960519437477,39.785943220520394,75.09826724972159,3.0143140789745795,12.271039998382264,2.354799202741859,1.049176922958569,1.39850305872535,1.19940313575049
K02069,0.549376451061187,Enriched,1,228.8221752299879,5,3.849111964933694,0.36237560766,1.911452571956079,54.74398233070517,4.729324973397118,70.91132637775985,3.8310506863312206,1.2573694750102615,4.223224520627654,3.708928099085207,41.07134133084689,77.61773539890137,2.5051094136595635,15.759793318539666,1.064233176981184,1.2000909970921243,0.408863983939261,0.206796629117583
K16384,1.33751861366501,Enriched,1,51.95630692758983,8,5.0221167131438795,0.5201695007928572,4.461903900220495,58.32053094883565,4.1263535114433685,71.05701824368928,4.430323210944801,1.2477401426317833,4.132686756444126,3.6774888288439156,42.558042490311614,79.47401718732495,2.6319318427111136,14.225870215943484,1.3974349112591848,1.3024084483906249,0.268246331245737,0.851330913623925
K16051,1.0985170787327,Suppressed,0,345.36836057714953,7,5.852848077767335,0.44085019464761904,1.5222674006765258,56.968221879163146,5.837015445240095,70.51852230860422,3.282056055898904,1.2796441207940665,4.678490349134866,3.1853254863833054,33.97715979551533,75.39030910315375,2.666385187920413,18.53596888585229,1.7932211710398678,1.0903117370819322,0.980639008569643,1.09652971962994
K07586,0.917708079196087,Enriched,1,127.2577265886628,2,1.9841472371305795,0.2306889588,1.0,52.46183381952329,6.244706187546075,71.5139793332419,2.889997508400281,1.2243700464318192,7.602947152603703,6.19,33.659181086631804,94.53571551046106,3.814528324204079,14.326850614387073,2.1162091734224875,1.0751713605445778,0.655897003578278,0.609527096561138
K02839,3.25938818152326,Enriched,1,13.493019972637574,4,3.7999208492514183,0.2823215408833333,0.9999999999999999,59.72813766825809,7.6915141795528,72.09604438394733,5.624199950706659,1.2747656168080377,5.870061809264258,5.007134940332786,39.20517923104582,74.94603432506848,3.7187959690645673,11.10059113965774,2.3301773099316407,0.8630173927737231,0.967577471589303,1.42917930659591
K07559,2.15843914058927,Enriched,1,69.25257081093478,9,7.084908133863543,1.074000408888889,1.5817524241263794,61.361292733809925,6.377933335817937,70.46930785698605,5.4931408844083895,1.211109688801628,5.527501124650295,4.453708441891215,41.413515997079976,61.030665939689065,3.2197739731109984,11.780149694517688,5.782478816664248,1.3429671875320368,0.689837102073624,0.829223820156621
K07039,0.588441076306408,Suppressed,0,237.00265911474847,6,4.965035658716936,0.8443917875133333,1.0294427199540004,60.68055659227128,4.652684245629711,71.35619534915269,4.331107272373085,1.2367494592870323,5.088419043756972,3.4478727842270667,40.026172417887736,77.85588150389098,2.773542257970157,14.021631034749094,2.77460275153236,1.155616638379327,0.5718455031197,0.213471952449381
K07177,0.509755123746928,Enriched,1,635.9154346578176,11,4.813662178920856,0.5055587963600001,1.302637735379404,72.29887267844684,3.042458085612035,71.84131369451639,3.144184584062334,1.2221998129552294,7.93056232160997,3.4186987020861666,34.10769410887679,67.79140165061902,3.179843030233238,19.635844271773077,3.209426369803668,1.63506350230797,0.869860541333505,0.215756845825134
K03802,0.500102339209111,Suppressed,0,2162.9189091985404,15,7.806959464691873,1.1960860184914284,2.681616793625956,51.97287535314457,6.7220882849592165,70.54210069912712,2.5546251274131033,1.2949905759283147,5.596383319211217,2.8593704866515677,33.050254406961166,72.097498785112,2.435626349048507,19.01308466453323,3.167004823808062,1.312956060057194,0.201995882602303,0.429192717771242
K10548,1.24777289356008,Enriched,1,443.47289593666966,11,7.259001189337067,1.1671105428545456,1.2355057064539228,57.12861836850972,6.077705734303454,71.06485327170736,3.736621958169073,1.2784150975202666,5.314692883774454,3.5674236894370313,37.87197318943149,77.18141378214972,2.4145290375446633,15.061610895938722,2.9747105281117787,1.6047006872514396,0.670782534643334,0.904191602316078
K11159,1.36669003519019,Suppressed,0,36.44657488554244,2,1.9998448688565038,0.0477178215,1.0,62.740793207696385,4.150293479481869,67.6876357226528,6.1636290990983955,1.17,2.6051388112188762,2.0,30.564870289839355,33.81851671322035,1.9440411267419173,10.83630380552709,8.67440709012703,1.5257217093088946,0.925749929350134,1.5860349517794
K03181,1.32219084491304,Suppressed,0,32.21107616643394,1,1.0,0.0,1.0,56.02,9.91,70.71920343,3.249915,1.18,3.6924042628807214,3.0,32.283259567820885,79.14605571465765,2.6034886748242645,13.798489976568602,18.745118458734705,1.0413954699297059,0.70877268498755,0.860405964784028
K20628,1.39623007641464,Enriched,1,82.99142227419772,7,5.057926745229344,1.2172859548476194,1.6366035585113716,59.778204841672284,5.872288986756126,69.48896300228608,4.8949313338167135,1.1796139624127746,6.096672821507273,3.5969847629527933,41.051739495521915,49.00210047876946,2.646542312624214,13.040286810503634,9.50217765567067,1.8535561124762798,0.768369940396727,0.823919472694895
K05888,0.633705601377595,Enriched,1,764.4519249438957,17,10.538477103716883,1.1308723337132354,1.7334539755310359,60.11924703068218,5.553056472553518,70.66137906277667,4.7226974200845495,1.2303207141807173,5.1018721614806815,3.8681308494725117,41.743008609600004,70.62104610500269,2.5511616164948325,13.378793081905597,4.106310299151564,1.3487151007542548,0.67292976996779,0.74879250826959
K22250,1.45327632879616,Suppressed,0,50.66907391987226,1,1.0,0.0,1.0,91.88,9.76,71.98668873,4.124325,1.17,9.698556733526093,2.67,23.029045643153527,69.29460580912864,3.3195020746887964,16.804979253112034,9.95850622406639,0.8298755186721991,0.594559682073831,1.11440453746125
K15314,0.958628133086727,Enriched,1,463.6178055770641,15,5.801766847942475,0.8892470505752381,1.171292632777475,75.39583575312966,2.7963840922631307,71.22827034294393,2.685563613919839,1.167333254402489,10.730923443759572,2.684874978092394,29.977932975935353,61.67944754975447,3.3626734276443733,21.23208827737468,4.666088927286929,1.1277713555276525,0.132401673191159,0.31052287448287
K00177,0.652159134598045,Suppressed,0,172.16847916580812,1,1.0,0.0,1.0,63.31,8.16,72.44765375,6.531843,1.27,5.970749756232658,6.19,42.21954161640531,80.09650180940893,3.860072376357057,10.253317249698432,1.5681544028950543,1.0856453558504222,0.148207590308097,0.261029570295168
K19221,0.72766450765364,Enriched,1,228.2407859174783,8,6.520827810454182,0.9636576229071429,1.2254764627207657,61.23320949678854,8.093584031909554,71.90642953872971,3.9554093009793343,1.275395494420146,8.402788985852744,3.6512973886776603,31.52689128313449,71.73716597445281,3.686238524779859,14.931146787734626,6.013095863577661,0.6477172545938636,0.290188617363444,0.390658954600639
K03319,0.628621733174907,Suppressed,0,246.60516395917114,1,1.0,0.0,1.0,58.9,7.94,67.66201223,6.0659,1.15,5.440247943421422,3.67,45.872878918607995,32.499280989358645,2.1570319240724762,13.373597929249351,12.65458728789186,1.5818234109864826,1.14905674231121,1.42455579037185
K05898,1.08025228214108,Suppressed,0,480.53063269849116,13,11.149214987407305,0.5197619236692307,2.001718432351399,58.749007539332794,6.2696944170360815,70.90015759128823,3.6675708539943677,1.2700662339013886,5.032537188816838,3.686105552062932,35.30181131325256,78.18529524325535,2.9589235284653266,16.813178357073276,2.317672364712817,1.1378233945919003,0.539378113512052,0.70215812092548
K06952,0.585973502182478,Enriched,1,111.91278031323695,1,1.0,0.0,1.0,56.02,9.91,70.71920343,3.249915,1.18,3.6924042628807214,3.0,32.283259567820885,79.14605571465765,2.6034886748242645,13.798489976568602,18.745118458734705,1.0413954699297059,0.902291005729868,0.79706127015319
K11031,1.13057423220942,Enriched,1,48.97487443222886,5,3.7689223831323146,0.69429218338,1.0,76.4089340637423,7.797561291618299,69.98069855014555,4.637808117072873,1.1802274308775913,6.715768639029374,2.3583846687540655,27.513050610765664,53.16467884910041,2.6825561589267384,14.039731482902292,9.199258393261047,1.2023736105043719,1.15648919113429,0.802342094376387
K22297,0.534481100392497,Enriched,1,373.3966354974898,12,8.212772384732114,0.5451682723954546,1.9181868677292009,60.015491814238175,5.584309842495838,71.0873122158574,4.076200556777021,1.259093918272158,4.70410681135838,3.576750116713642,38.18736036482752,78.8141874554889,2.897492413297358,15.475370033459445,2.304843176005921,1.2748487110204691,0.363535998036328,0.415391229394077
K13583,0.547848568171201,Enriched,1,256.4758309503543,1,1.0,0.0,1.0,52.46,3.5,63.71606388,1.384734,1.27,22.386971071700412,1.98,23.809523809523807,44.21768707482993,2.834467120181406,22.675736961451246,2.834467120181406,0.0,0.822072507003835,1.61226777719645
K00635,0.74074213562083,Suppressed,0,3814.4324880874374,20,8.36178425594753,1.0344674497405262,3.838184754079182,65.99054158592536,4.340602835707986,71.3344561762704,2.9515828490677283,1.2467645691975249,6.957682966567807,3.0029278171214897,34.0246451590229,70.88150915949048,2.9622477245445764,19.50393603587258,3.1821866896693853,1.4393358128875346,0.936740118949313,0.872768064794459
K14520,0.855408600379217,Suppressed,0,237.10968967051144,2,1.7136746659911926,0.5940802475,1.0,70.1665774153235,4.959623041074004,71.20867699627294,4.800097873761308,1.2316420797293868,5.152773325693044,3.432820736651162,36.04137607590511,76.4267576008701,2.9851231974066392,15.220267342215802,3.026346213311283,1.3021267411243445,0.369854188814363,0.62923965073533
K03790,0.762727937111004,Enriched,1,1030.7055170292294,26,5.348988009053003,1.0924163226043075,3.4619431481601217,74.04596805462266,2.6810017061259814,72.01738068658545,3.1217450734856182,1.210327957200533,8.696727329114282,3.579952435934137,35.030407790392424,64.60183288993744,3.082672204466147,19.285576599535045,4.18333281123924,1.8191374156476094,0.180288791885674,0.537946696900386
K16421,2.35046479240178,Enriched,1,111.17483194124249,10,8.676026999035635,0.6083399128666667,1.2213174709934063,56.74596743077889,5.957030792542841,71.17932900191055,3.6360841957358585,1.2764544356958005,5.391617588054316,3.6666355283339525,36.79877099741675,76.99864202058933,2.4946794045383722,16.11691893843565,2.157435208700069,1.3070866431062995,0.398718135739605,0.631732904191417
K13929,1.79105304267854,Enriched,1,14.68404120016927,1,1.0,0.0,1.0,56.02,9.91,70.71920343,3.249915,1.18,3.6924042628807214,3.0,32.283259567820885,79.14605571465765,2.6034886748242645,13.798489976568602,18.745118458734705,1.0413954699297059,0.486081005454971,0.868773772033205
K03762,0.584443535084723,Enriched,1,306.6054999036312,21,12.493653584504417,1.2741200704228568,1.6503116875341726,57.19691543720321,7.297819608617641,68.5364382955209,2.8111203423979503,1.2959064201156516,8.889282606616861,2.7005480696871476,33.48911052197697,65.15339121500438,2.7792937856521664,17.59419690031581,5.033714544777759,0.8781960445491721,0.280895428754211,0.169271469696299
K07778,1.0565597684637,Enriched,1,762.8812407325013,21,11.146167201464722,0.9139262193038097,5.8985021793121755,69.19935915014688,3.728411518913258,71.2592459471535,3.600289086007318,1.1918855552609515,8.858929972365285,3.370754997734993,33.983102421235394,67.49907249042484,3.2945003879092294,17.504015728089474,3.778569174204671,1.0542393030222283,0.231424147931297,0.579382037175259
K18231,6.37809132846242,Enriched,1,0.0,1,1.0,0.0,1.0,63.28,8.35,71.90850756,2.944112,1.19,4.415592885053286,1.67,39.6689497716895,60.21689497716895,1.141552511415525,19.691780821917806,13.698630136986301,1.4269406392694064,0.272428463134413,0.340310033844884
K21023,0.548996376483122,Suppressed,0,201.57725855396953,35,7.208445418140705,1.2787800508628573,4.514942339397388,76.33132976332283,2.7027035450422243,71.16067648559788,2.8076272005434424,1.1744220390645859,11.210234227299752,2.646352608608542,31.35404820017095,58.048718232719246,3.3148880699783283,20.404077308961515,5.61124748236368,1.2979619984472954,0.587388184079681,0.503215527565262
K02362,2.75866416656036,Enriched,1,2.9968411547085494,2,1.960734045398253,0.0320753673,1.0,64.43330546664534,4.1007227053053334,67.67430843128663,5.490564124281043,1.1860304296970667,1.9719211081521477,2.0,29.118706717971378,32.49518436388428,1.7578148502365907,10.83571225280113,8.89188354573147,1.2208113642594385,0.36635974167314,0.599980751595461
K01796,0.635400661216612,Enriched,1,894.5860686397444,20,6.282806614275896,0.9893930455694736,2.4263954318833467,71.64291370916864,3.442752914367118,71.9566317574859,3.1334734645403386,1.222728411236159,7.9311720174144344,3.484122953884478,34.26846376486832,67.32024443345931,3.156862657440554,19.35482905463207,3.385660103887217,1.661538582131643,0.39152970506846,0.770711777972096
K10546,1.03439950221268,Enriched,1,338.5483965710468,7,5.041576758490577,1.0038427201904763,1.0,59.8925936389315,6.441348932536318,71.09822511509087,3.720518532626638,1.2840362321086372,5.43127329666846,3.538904670237869,36.28354407835358,79.06967867800546,2.326170375469933,15.924181192942218,3.1371733614471924,1.6337021184680591,0.689187955022375,0.989309068800856
K09733,1.96590214801368,Enriched,1,47.32984124271053,9,7.683040196300494,1.039061803877778,1.238024064196305,61.128381962828875,6.564785603783484,71.65119235368961,4.0942233944402044,1.2446030251690399,7.014602663496951,4.1364823102514325,35.47550708818309,70.84343366974215,3.0472944887831575,13.872415465869157,5.329327918636648,1.4792459159386258,0.377221039270287,0.370744027199897
K05996,0.853986294499265,Enriched,1,387.564558845906,12,9.039045314794581,1.0535608486893941,1.4424025419541595,59.0903852809867,6.8133637342200934,70.96690320221583,3.4580986489488215,1.2746420034890578,6.137076204370231,3.316177463124646,34.89168307294218,74.39548305600356,2.4787714894935995,16.748234164277186,3.7405654882056965,1.210037501728568,0.250726475659152,0.616714676166879
K22704,0.968626882842272,Enriched,1,102.24676261852522,6,5.28002631759166,0.9933130737933331,1.4447029421813842,59.04524131904684,6.939429619382485,70.79500723228763,5.492367074033828,1.2324679998142207,5.1709259015411835,4.798348731820955,38.50246800095754,63.0442791659027,3.3348953491381925,10.952316740617604,3.7606616624379514,1.4073873369474983,0.172833439979756,0.267842878289344
K04082,0.602382497850074,Suppressed,0,208.97097602025258,8,4.07150597747906,0.6947688383428572,1.0344572856642094,55.89879962243523,6.684268065815891,68.26539764574984,4.21106234084354,1.1904571122845777,5.0820386200775465,3.6121469012571037,40.37568723159631,42.74389958696262,2.138176550884641,13.071685043531712,15.177119159866775,1.2192444443250066,0.433565166583405,0.883420403304993
K00594,1.32566518826094,Enriched,1,287.03340461696774,7,5.3693059441742035,0.5683846205809523,1.0720627545347892,60.850261628633696,4.74845776183029,71.57348095853094,4.941536968885617,1.2503727776928515,5.185043448588935,3.9070203391707543,40.10705106143823,77.08253625917536,3.008058166310716,12.929806340058713,1.9712499038825144,1.1394118818087744,0.606630875580355,0.785148713559315
K09936,1.07963630843459,Enriched,1,459.0376888709618,9,3.57386606872155,1.16836795585,1.1698996285029546,75.23348733045927,3.2194231377561215,70.30354653258942,2.8508279596401116,1.1208564466341142,13.123095456727908,2.4921929367159756,28.223251631210164,57.205620141820745,3.656285831879164,20.187046948040116,5.510453657663466,0.32190722608400135,0.450253515818308,0.720249241045535
K02319,0.90124480878648,Suppressed,0,56.704983178369055,4,2.94817182642473,0.8899947284833334,1.191275398910684,54.38106051993158,7.0623185948239655,70.81474376229802,4.014079412974545,1.254350971785747,6.822489694937964,2.4068488989083394,31.289131045610528,59.22044529620425,2.9661581630553835,12.95040879373228,5.57447302132493,0.9946925609127685,0.843421767163743,0.982663894835641
K02663,0.704917232161807,Suppressed,0,678.9417940497914,23,8.128088498058258,1.21221228650751,1.2116396665756377,67.98912583038978,4.886641381001478,69.48001804739846,2.7635886361552386,1.1634806593862026,10.745306121676728,2.5966310742499,30.272288855611098,52.814932733778946,3.2218766670504815,19.241294951228625,9.064858029596575,0.5030059528983439,0.600326516298593,0.853197468876647
K05834,1.36012206393631,Suppressed,0,97.84412866752025,7,5.157107744574994,1.1680103912095239,1.0838139281386725,55.437177804519834,5.59001031287129,69.14519050032631,3.0669700970702864,1.290031456249763,7.689233097483557,2.9218522055776575,34.94172222851777,66.65722380041923,2.3814461983241393,17.42651227116461,4.8801588726563265,1.0261148180039368,0.74233659468,1.16884601456957
K09703,0.565849265642055,Suppressed,0,233.29150495452973,5,4.994744626965288,0.27318703122,0.9999999999999999,55.966875832504925,4.87544013451681,70.73119501473151,3.69801582486928,1.26772450893627,3.803823885855342,3.353964239819377,40.56509560679495,80.35213541685131,2.4600322724846038,16.1915134100665,1.5396697430492274,1.414933522931542,1.5775860391486,1.43780447426999
K15337,4.98259986850905,Enriched,1,0.770176049515125,1,1.0,0.0,1.0,55.35,9.42,72.19494445,3.993076,1.23,7.262571511286036,6.19,42.371155021389285,83.92748013852108,4.074149521287431,13.648400896312895,1.2222448563862294,1.425952332450601,0.542147488226039,0.633790272776326
K18072,0.849799829145216,Suppressed,0,70.87643770167506,2,1.9558872524481719,0.0535361134,1.0,58.24613773365742,4.609479320109763,67.62805256033596,5.4872560160485335,1.185791728043905,2.762685341959862,2.0,30.636636996724924,33.09864151725083,1.7607491991149429,11.334573551880517,8.47440414505333,1.059493877703972,0.695783601093921,1.7604070385983
K05552,2.91724031352009,Enriched,1,35.402461697578524,3,2.9116425227116243,0.1433758888,2.1682410470587516,56.331713475382564,5.385527830081572,71.74527059161996,4.262152007229004,1.2389796105175077,6.532382184871671,6.190000000000001,34.0359129268228,87.46702284192268,3.78372452643135,12.485694906193409,2.207665465806662,0.932836974705322,0.576530578853657,0.798588459387828
K03606,0.723266900831681,Suppressed,0,674.8700223884238,10,4.040379105159395,1.106877862613333,1.614652105829289,54.65198609096429,8.052328731341277,68.74552730618805,3.542543043381702,1.2349646823281093,5.134053094882654,3.8088365768991395,39.05797629109739,47.33365392269792,2.398731522618633,12.970728463784441,14.559066354862171,0.9504649368554932,0.743920149984606,1.12362551369803
K09987,0.617605590473296,Enriched,1,289.4476747495518,4,3.7417976943187545,0.17580886523333336,1.365028301488993,53.538791214632,7.42498959997361,64.02976807887012,1.4228123736253353,1.357383820787396,17.958047054472523,1.98,26.240576758126785,40.069705630186924,2.1909746819476466,20.925286363170805,6.300024965513867,0.0,0.863719051000483,1.2604675601399
K09959,0.626836891219417,Enriched,1,86.86405967535886,3,2.4663277884422827,1.298454837,0.9999999999999999,53.066999512489716,8.640845181339552,71.99994344056202,3.627033273907292,1.294260049202124,7.978497673793702,2.46833704527728,33.40705997085657,70.61940557835447,3.3178609617905055,13.171567739069106,4.177835697186919,0.754213375485848,0.651991862275424,0.819206628790291
K03291,0.751864745812561,Enriched,1,104.60045682259965,5,3.1603269893199153,0.76596465068,1.0,62.30039152779045,7.9895623039788894,68.25599097108915,3.8957812704742674,1.1921330894129252,4.807837338159685,3.7963728478853938,42.257015372439334,40.585915745805025,2.794015613897112,12.81410386709118,13.284039885172856,1.522534243085682,0.513576143093616,0.661294343311677
K09913,0.970051291532065,Suppressed,0,51.31916021955174,7,3.6103257042347447,0.5981435101714285,1.5675668317926164,56.65195922599938,7.858299144387508,68.46602127949794,3.54662684673539,1.2158769469837218,5.253892176426417,3.6240107574355367,38.80223553942316,43.89541115016914,2.3229744104675873,13.318306280195245,15.491089888592139,1.073556081012513,0.4981223865077,0.440876996699506
K02551,0.566834380997499,Suppressed,0,1024.9176657258988,16,6.667686511602408,1.1194384890025,1.141476856422062,70.92869483551726,3.259733023477903,71.37301591069539,3.2794880767432018,1.2097779889420122,7.625175289176022,3.26731592719986,35.537451936235094,63.267347057408756,2.938646527460402,18.686022372131085,5.092425344939032,1.6422255846923877,0.260342459545408,0.333355727151205
K08776,0.597658239961308,Suppressed,0,673.321443582257,7,1.714089686887756,0.9784212124761903,1.962756223257706,81.48118019619174,2.551987340412178,69.78893043941319,2.352261223928051,1.0739196795563335,15.705849865114017,2.081828891926033,23.421743130786023,49.11532678849494,3.8955930203742444,22.643109816434087,7.382194882212164,0.04267437912731789,1.32786388603124,1.67030925469893
K13787,0.918778338364543,Enriched,1,1119.785405681947,25,11.068996947175767,1.0666193242893334,1.7678703628846324,66.2556098337527,4.248125990063212,71.02116663212867,3.532939261814375,1.2240811532823512,6.70618369548975,3.5177901150336046,37.008488703779115,63.623018829864876,2.832056351176667,16.97074928552075,5.702464858864438,1.5732090769506595,0.158623217935632,0.449762980560741
K22515,0.570307084518383,Suppressed,0,1049.7138581272716,5,4.504412580251386,1.1246602884999999,1.584632128748018,60.12962321686875,4.978647207332978,70.45412408373552,4.098805952696961,1.2440577185402348,4.765040874561697,3.549509553443107,41.02936734117156,69.93330912072855,2.758347734818599,14.0141417992246,4.9082017768743,1.2232618703056868,1.01587667675221,1.39533312704229
K21331,2.00296089850102,Suppressed,0,14.00466754305147,3,2.8806141354633334,0.044560818866666664,1.7943042930715607,58.0391140412912,3.39525576203272,71.118704526162,4.506668314361486,1.2334172852307834,4.151516575149714,3.66,44.26419067992873,79.24542140811502,2.5470064169281375,13.49055170214066,1.3464926273341513,1.2577004364069222,0.43419598132909,0.421225261663436
K01416,1.65576077252632,Enriched,1,104.36239813899265,7,3.9583426050636703,0.4321295875047619,1.9243053230823062,56.95473385379039,4.063768294591526,71.35574430383193,4.524305118572163,1.2325113481284102,4.618735459967304,4.212127241804671,43.80260840437427,79.35947488033274,2.7821532814115355,12.878281276302967,1.5255037150332684,1.1721908644232135,0.170184957848236,0.564708812888115
K05288,1.67289488724881,Suppressed,0,30.747647761710265,1,1.0,0.0,1.0,50.45,7.6,68.45121749,3.25998,1.24,5.214755918747968,3.67,37.689065212001,45.87155963302752,1.983635011157947,13.389536325316143,17.108851971237293,0.7438631291842301,0.761745961729941,0.815880533332504
K13481,0.577216595341823,Suppressed,0,514.6336356522523,11,2.5319307459623204,0.5070917018472726,1.7911945292354452,78.38468169820563,1.7770456395165546,72.43526200854382,2.970652847487568,1.1989652406394704,9.340071891341914,3.569372385683283,34.44816373382193,64.37622869176958,3.2141700634613666,20.302010915673506,3.7619219221607008,1.9455313444779834,0.497788203658348,0.390073202710971
K00595,0.77746743845436,Enriched,1,295.54697725590637,6,4.970340783368758,0.6934676910133333,1.416164311242378,62.927091292998966,4.4507262598539015,71.55213121077732,4.766128882345753,1.2404316775801627,5.248790130972642,4.248306069336179,38.77867873657148,75.44146134482875,2.94540375442638,13.208451355825215,2.5517735943368502,1.3992631266492164,0.451801655318225,0.409805407925837
K13877,0.702623851798749,Suppressed,0,738.9889502254046,4,2.775235818911084,1.0648586138166667,1.6277002930354327,52.85420140767097,6.105403080934921,69.50648351025703,3.7316575120808873,1.2364133631373564,4.8822611999064005,3.773942617390368,40.22915292745199,57.962749903999025,2.225624866488247,13.205834687744135,11.294791900071065,0.9082250678007322,0.680026890115552,0.787661435165358
K06919,2.53249286910462,Enriched,1,262.14759153281244,6,4.711052083347899,0.25498790965999996,3.2423792693203026,59.43627422888994,7.178051469232398,72.06694970834435,5.464252808913802,1.2643620797808846,5.856653748998175,5.5278408267879735,38.683863051351175,76.71061258104623,3.8106738730244785,11.332302100097118,2.124154250815109,0.910330873361446,0.783944769405989,0.789618371406729
K15891,0.76959763901097,Suppressed,0,64.78595275726462,4,3.232638612256155,1.2204422209999999,1.0,60.70920633506217,6.017700720103301,69.84412577733994,4.758572771331686,1.173987685637107,6.561424247273816,3.533056598773243,40.59979443320248,51.90752460888987,2.968385374433258,13.48553417898936,8.675507431510715,1.512497555220571,0.322847608757496,0.468079133113533
K04712,0.866494942479413,Suppressed,0,103.9916583655505,1,1.0,0.0,1.0,59.69,9.96,68.24446978,2.487784,1.24,4.421605734259887,3.67,39.81871155713823,41.11362900615086,2.9135642602784073,12.949174490126255,14.891550663645193,1.2949174490126254,0.446315182008449,0.587974014781097
K21687,1.0383320751657,Enriched,1,165.07245720519242,22,5.622992379286562,1.1298237331545455,2.7752906586692103,77.6237223084287,2.5382703214898314,71.108671522132,2.63179529180986,1.1579752541453945,12.091367675371167,2.519405361137056,29.171527411451823,58.20532174168848,3.45774428591439,21.444103013005638,5.258889724901047,1.0481831164987048,0.413249961157788,0.235557840163271
K15671,4.78632212854309,Enriched,1,2.310528148545375,1,1.0,0.0,2.0,59.5,5.33,72.29501901,5.67638,1.24,4.932721206120802,6.19,37.70631758679568,70.00569151963575,3.9840637450199203,10.813887307911212,1.8497438816163916,0.9960159362549801,0.388040589264642,0.741696878656115
K13612,1.94822532248617,Enriched,1,14.894933342402242,8,5.989909177665912,0.7925832106749999,1.2531726807534533,54.288469505967534,6.75829485623239,71.79595405481348,4.200730565980653,1.2679356837775722,5.919876832193872,3.972615431794669,39.32015194459672,78.88063231019642,3.242128582533184,13.066424630636877,2.5177260852901573,0.8812364371298391,0.504925012755316,0.368866807020243
K19416,0.668445858724596,Suppressed,0,242.62101176695296,1,1.0,0.0,1.0,56.02,9.91,70.71920343,3.249915,1.18,3.6924042628807214,3.0,32.283259567820885,79.14605571465765,2.6034886748242645,13.798489976568602,18.745118458734705,1.0413954699297059,0.365307654262859,0.617909020877615
K23393,1.77019488423112,Enriched,1,252.10483382206257,6,5.6325668301254845,0.3623639048933334,1.4566898478342938,56.97735691987833,7.507405328577558,72.26562194740936,4.550242712067902,1.2671791684861295,7.009447200559217,5.1687519915981675,36.4106726854324,79.66833933493447,3.820925433158035,12.568860539118218,2.36897409822768,0.8729743167811576,0.52473480998043,0.773835952978161
K06377,2.19351489365509,Enriched,1,190.19963149863392,11,8.762192784821657,0.5924174979672726,1.1141468608980185,55.388894426265,5.430456370323755,70.97071589979032,3.6739479341122676,1.2738316615303107,4.838914251753791,4.012765155531957,37.80622514754909,77.97363566782747,2.4455325626147375,16.01410532986615,1.6574521640092945,1.3819494079307508,0.492951569899746,0.775881191894962
K00836,0.754492799390793,Enriched,1,180.32672069065222,12,8.622031109192895,0.48987933505303033,1.2974561071790098,56.18456840571514,5.503070656742303,70.70337550821681,3.668033342743274,1.2739286613842575,4.75040157615376,3.7134244440207205,37.34596559534028,79.02380834019003,2.5829596685634786,16.65688354105754,1.534293427659789,1.1821411903555756,0.55334569165816,0.604025501505131
K07774,0.876268735691649,Suppressed,0,51.55840061277366,2,1.3103657652962712,0.5866799062,1.0,54.958053272707474,9.198957408682398,70.50955422106477,2.0778388564956214,1.3277491098841772,11.005912959116177,2.1596769375337423,29.631629506018346,72.2184568749029,2.6367586998732055,21.948648919347917,11.18493587295405,0.42793972195644936,0.681957403916904,0.776465447327715
K11947,4.58158823206468,Enriched,1,2.899099413265849,2,1.888204571857108,0.17694137199999999,1.0,60.47957069018673,6.356058790737972,72.12692701393073,5.8085636009916595,1.2566028930540125,5.262699511484383,6.19,38.73556389097922,73.85960227271677,3.973773089470278,10.991624040179635,1.8283311241085283,0.9193421174465752,0.659007628177346,1.01724541795491
K21308,0.570315780819303,Suppressed,0,535.7430231154323,3,1.6515026545900242,0.33494708793333333,1.083825261715951,80.9411745260848,2.9125197934256386,70.19104199313652,2.2961813656698413,1.083944522912803,15.671142583469607,2.09,23.48507100436029,52.053750982167664,4.015881275832286,22.888764643521665,7.570488111643843,0.02151890292068707,0.625639641597678,0.820525200373761
K18640,1.11486388484142,Enriched,1,16.29437764446072,1,1.0,0.0,1.0,59.69,9.96,68.24446978,2.487784,1.24,4.421605734259887,3.67,39.81871155713823,41.11362900615086,2.9135642602784073,12.949174490126255,14.891550663645193,1.2949174490126254,0.826268998276085,1.00265627113534
K16649,1.93288892090428,Suppressed,0,114.43960999180383,8,6.1418285158047174,0.5239274253571429,1.7329355320386548,57.69437073804012,6.028367242975927,70.4623838100486,3.2773524090119954,1.2783448390275576,5.152530380628756,3.2303740184006235,35.37904131110811,78.52776997366038,2.34213363815133,17.808643338139404,2.3352205900698833,1.1541770670433107,0.65905710595241,0.828307032467225
K16047,0.580245822836778,Suppressed,0,680.5995242277855,16,9.857901999057267,1.06532335661,2.301918208351813,56.869118890791725,6.156655853294522,70.22461942372229,3.376697673936715,1.2728845147164733,4.7012006199367935,3.3602417102355457,36.86335204191958,71.88780385729135,2.6373223757711313,17.072008185973445,3.132938294322053,1.2762751894091413,0.709584194690416,1.26568899789066
K11735,0.591980606973716,Enriched,1,234.76881205734412,6,1.8290121520153861,0.4596442233266666,1.0508421196028352,79.94641491251133,1.8328794769837038,72.59094964083702,2.903751140903277,1.1970299466180128,9.617759042902703,3.183333118591868,33.81230516398156,62.91664163066385,3.3911861648274035,20.72517330142967,3.9854634466010053,1.9858145731758368,0.858644144542846,1.22214477316536
K17713,0.502449590492441,Suppressed,0,931.577580880405,26,11.010042789584055,1.2876671994433846,1.6184859828807878,66.59872398572243,5.100345873321077,69.25614435069724,3.1458707607927,1.1707123126360832,9.914830248925679,2.9709393636552344,32.695899831446006,52.474222023065636,3.154805002027879,17.658776408141676,8.427383437518662,0.7297933085897111,0.975168544688013,1.29297695893728
K10189,1.02553149101576,Enriched,1,40.725239660180016,7,4.128945561536886,0.43496588307619044,1.0,57.047756612946166,7.677007189040676,68.20211123026024,3.5885539963364863,1.2084336899579953,4.94448743679173,3.640474242501697,40.47640621493792,41.760999744786076,2.379866686397853,13.068336934631347,15.06448120646835,1.2371498546760424,1.32760172179757,1.51541943846709
K16029,3.82976730357737,Suppressed,0,29.451945443690487,3,2.8673011143009033,0.044560818866666664,1.4790320777172812,56.89357490278405,3.7444060822516247,71.11040365037735,4.360955999601849,1.239540571023266,4.101063617285122,3.6600000000000006,44.071573100080755,79.6420260713042,2.613961319909012,13.851726407239926,1.1851090145185028,1.2442563375233375,1.08077604595468,1.31029158531747
K21686,0.703808873261135,Enriched,1,54.275304386437405,7,2.5083886219931215,0.7709898713238095,1.043272504146031,76.02534346178332,2.6234906165046046,72.0169953248775,2.9067921822068303,1.203971848065704,9.287313441041581,3.3673733902047465,33.91946159901605,61.17341545254488,3.190566785498096,19.86509644601108,5.598244277674881,1.7615774361192271,1.23249651363777,1.75133601001836
K00853,1.0218980474206,Enriched,1,630.4760981202703,16,10.273529134166836,1.0725545023525,1.4802169280546638,56.894199169323116,6.069775631291794,69.80866472778752,3.931367071248572,1.2340747366683424,4.352699268219121,3.503679522110687,40.97290757204142,63.14346706856516,2.75201437723093,14.374499317885647,7.037276121083577,1.254761766218238,0.301148389774754,0.584131299415709
K23117,1.26603502383084,Enriched,1,128.21103738422937,8,6.10036539141327,1.0054659227892857,1.3187520656345169,62.696997923518545,4.719285081891851,70.49529434755274,5.465710383892999,1.192844194458063,5.119484893026377,4.569050940145194,43.543328682900366,64.0191815803889,2.943536108454599,12.073341137930178,5.012634660906573,1.416930497818556,0.221210229504582,0.158347706064136
K13018,0.812748052212775,Enriched,1,262.29484782402216,21,8.499808418664948,1.1967170793438096,1.3948305605311115,69.0149274054183,4.198565848842786,71.10590923215754,3.289472724495284,1.217377782474641,7.434112993027637,3.533298074863131,36.022870255649124,59.49123001579659,2.8464865517531113,17.587947272225033,6.438974700916038,1.701404065628856,0.789444286782834,0.555689150644265
K08691,0.544026230976826,Suppressed,0,608.4016280255422,4,3.583591268324986,0.4799411199166667,1.0,59.74238418208943,4.854492703393706,71.52501259650714,4.124801290989285,1.2341465035452046,5.630322339746774,3.3869872568898933,40.39025201113147,77.54139310856559,2.7386258128697696,13.758361079108731,2.788356443898936,1.0526707053053719,0.770350247337851,0.869771909322946
K01625,0.532459430924895,Enriched,1,748.2281224995037,15,11.049908903297505,1.1863994272780953,1.492956881492887,59.69408921031577,6.5197213722610305,70.22318696680834,3.596232509884665,1.2454287993563824,6.024911375012166,3.3640386168662655,35.432663739512925,62.95893323434947,3.052095372960343,16.18166563006872,7.299487613764807,1.0074857526511474,0.671313111559723,1.02655902054946
K01182,0.779789587132646,Suppressed,0,425.00726233090217,4,1.6655781477966503,0.47231691699999995,1.8760806896825708,80.1077974951985,1.5031633021212938,72.56008025671221,2.738143008747916,1.1939845701074525,9.69226941872062,3.182397271686401,33.455785445642604,62.09626119809112,3.282438378527903,21.28266152746791,3.9096882463431215,2.0268723545336753,0.475128354918534,0.319666307937691
K21214,2.61933663461366,Enriched,1,41.45165879935862,4,3.7999208492514183,0.2823215408833333,1.9999999999999998,59.72813766825809,7.6915141795528,72.09604438394733,5.624199950706659,1.2747656168080377,5.870061809264258,5.007134940332786,39.20517923104582,74.94603432506848,3.7187959690645673,11.10059113965774,2.3301773099316407,0.8630173927737231,0.514727651786048,0.69853627386648
K10156,3.94218926817756,Enriched,1,6.337603793127097,2,1.8295758728282927,0.1286991314,1.0,58.287490144586585,6.524979592443588,72.26578012077682,5.184567303697149,1.2370782895050279,5.613436014952323,6.19,39.069248035794764,74.07323511129378,4.01038420081677,11.642050117848633,1.666406832856419,1.1216309043485029,0.660554987831018,0.744138249840348
K06718,0.943091811810598,Enriched,1,68.59613601701739,8,4.999331781926689,0.4308601030821428,1.0,57.31066782500028,6.010845381027334,70.71384312142477,3.841477148811248,1.2766151793023985,5.356066730224763,3.59711917917193,35.683270155377265,80.03512554184519,3.1901485243598047,16.197312949601866,1.8514876316016777,0.8770820942114198,0.351770139537197,0.272889802228913
K16905,1.46072234033142,Suppressed,0,89.5954330019208,4,3.9960017240400814,0.26035214734999995,1.0,57.17204339341013,4.235940973948753,70.84312047396838,4.044559907769802,1.252999331369493,3.644070632230086,3.281601407612536,41.390457963796024,79.1092898198408,2.8026302285056395,15.397778345611945,1.4255638293836144,1.2713334541999841,1.62729191218799,1.64310478708025
K04788,1.77360399361597,Enriched,1,42.63727063910176,2,1.7675288981481625,0.6541992416,1.0,82.50255568942092,9.67272020077753,72.04014907537804,4.0906326871525,1.185402317509848,9.073226436155446,3.573602627244413,27.994267475716775,73.05094208417873,3.5132240676972666,15.994668884843128,7.715861700165919,0.9828915911067566,0.64642624095336,0.683203792749458
K11940,0.51813244364735,Enriched,1,128.33771823146847,1,1.0,0.0,1.0,59.43,9.77,63.61658897,1.680755,1.39,19.039062802133564,1.98,27.813436029097133,46.64099272571673,4.278990158322636,15.832263585793752,5.99058622165169,0.0,1.36479581280558,1.66768808775383
K02081,1.00064558298056,Enriched,1,387.78169383390053,5,4.0330780571791545,0.43419746785999996,1.0,59.195716434388096,3.731691021857314,71.23346374825638,4.742240713124087,1.2377328830916732,4.221924883919719,3.9413456386854957,43.03654214718652,78.47221104888034,2.753726402725688,13.363636282451601,1.3340965985188438,1.2598566616996079,0.518025025129311,0.707416310497119
K10621,2.66186707391812,Enriched,1,12.39433109876002,4,3.8532670380629916,0.2823215408833333,1.3011664105481406,60.13800442248653,7.801211909392449,72.04977944933263,5.6920006486368795,1.2770596590594567,5.878554215096574,5.185254552424178,39.446223433707004,75.94979176305213,3.7540741847610044,11.13801927091384,2.2481217435096945,0.8482743254616437,0.584388939403514,0.574535208215592
K10119,0.664287528635351,Enriched,1,947.3803977937883,11,8.678925068392896,0.5158986791854545,2.287339323164006,59.02966575274255,5.108516056672401,71.27337118583145,4.495549710112192,1.2491728932556032,4.730571910333817,3.9952845218797957,40.47331339312434,79.10086853753839,3.0458569059158522,13.904814619800336,1.8732146529924245,1.1544278444390839,0.82752330124256,1.02918821760937
K11740,0.651644255071462,Enriched,1,252.4935743232927,7,3.110891711910202,1.005799688352381,1.5947703692025874,53.93921274610015,9.024027983165334,66.33986380823559,2.061975305326057,1.3562615699679315,13.63734168973799,2.0358026271765826,29.14555108253552,47.20374299944587,2.1352976855603574,19.682595584824682,7.362827712618238,0.3015327682851937,1.70417039897044,2.06636372969597
K05916,1.9780079657952,Enriched,1,175.21448661864179,11,3.4451172705187285,0.7631351484509091,1.346248721055055,75.5906480940565,2.790644435909735,72.34774702508876,3.067226388043323,1.2123523319300187,8.820032041796953,4.060696000129916,33.44752664532229,64.28798009934641,3.294490506033895,19.892744353628984,3.7477126591012673,1.843303546394627,0.384710468811008,0.552651492393842
K00138,0.634849921460068,Enriched,1,695.9637725430456,6,4.420785680354593,1.1763578587666668,1.88601534309343,63.52688371724821,7.450466403997767,71.85485471573239,3.755997834824562,1.2371062760156655,7.15253076165477,3.2373001339013294,33.62128793412061,74.0048482897113,3.1920932001411253,14.632525091366562,5.174109290328056,0.8814730159179754,0.239866074675916,0.387236859070616
K13503,0.945183427302739,Enriched,1,132.55368626153216,1,1.0,0.0,1.0,63.31,8.16,72.44765375,6.531843,1.27,5.970749756232658,6.19,42.21954161640531,80.09650180940893,3.860072376357057,10.253317249698432,1.5681544028950543,1.0856453558504222,0.273256765775022,0.530257751713647
K22907,1.04401249082635,Suppressed,0,179.32142627761243,12,4.70318665813208,1.2890686598651517,1.0,77.7251267011075,2.6379244267399127,70.93976996342445,2.735578556935581,1.1497975599699168,11.871020506022031,2.5140575276855386,30.347015784618396,55.764283676603014,3.356991743884895,20.821837782510126,6.508750076540919,1.102522450788118,0.491616199220589,0.821752544650877
K23777,1.13552914075448,Enriched,1,28.667890696084612,16,8.462284341503356,0.843274128705,1.7387687282764195,68.1705254324574,4.456174088056497,70.61608934937252,3.124131892502686,1.1829568404583448,9.555300272625193,2.888211519638191,32.00706984778935,67.3279484595171,3.2123966160043342,18.88773183594243,4.38210933993695,0.7567925576347091,0.756479969186328,0.782915963421155
K16149,0.529183183828749,Suppressed,0,770.8649224700727,5,2.903823611298921,0.8397305214199999,1.1220773768189025,76.29109665494799,2.145904497156752,72.04860915323306,3.19619999372051,1.1970395584739193,8.484392496598426,3.662673659269656,36.30842651955869,62.96587260852813,3.134204446748217,18.79780387194946,4.543362975895237,1.871351817615376,0.503586851620359,0.939813787570314
K06898,0.503539447631059,Suppressed,0,747.6168549747482,14,3.730287870401604,1.187276765998901,1.0181869948844746,74.68379911152446,2.6357993129746937,71.87595499638782,2.9269236585595535,1.210226006521128,8.514937342871315,2.9882428753812382,33.71123315733343,63.515911312319986,3.1293484681701083,20.588890450134773,3.978678628042951,1.806487988766942,0.306820340296514,0.455321932218744
K18675,2.61289216100264,Suppressed,0,12.555117836418546,4,3.55593938120501,0.09445703986666666,1.4462538838959245,62.781882015138756,5.475481878441128,67.82784151657313,5.585357442193269,1.1233232534185227,5.28227892087955,3.6699999999999995,45.38785617908809,34.78150414483932,2.3498251074301417,12.353420390740366,12.104444424103214,1.915251745323883,1.08791533428572,0.900690664548972
K14253,4.45605943511224,Enriched,1,5.644351437918547,7,6.402339494971365,0.977488267209524,1.408480729284782,58.880987302885316,6.671874605651612,70.13959441046491,5.424940735874112,1.234830206400102,4.751216407817793,3.5099829112259484,36.22996759505573,56.097493632939305,2.9129083220149186,10.936330082874381,5.085215010052059,1.2672732185061018,0.774361959010517,0.855619991549854
K09967,0.564789587386983,Suppressed,0,409.0353972682079,5,2.699835833013331,0.19648715552,1.8827498051999405,53.54762846998282,6.972595140805402,68.25428783093543,3.9337392258175936,1.2066924264894543,5.167577404955744,3.67,39.97103540520713,42.91052892106801,2.0642748205174035,13.201713972167497,15.716522861631306,1.0866516840662062,0.607626920084473,1.14116811815498
K03690,0.532235607550118,Suppressed,0,355.7501016361969,5,1.8386881247073321,0.42545549128,1.0,80.53298637351739,2.716765504178668,70.19018965352409,2.26689355732033,1.0808053471961738,15.446696543845574,2.0942480187742034,23.37704116655782,51.76364777637538,3.9530687520231482,22.974897253956648,7.5363682947909165,0.02609035410343978,0.762995623105917,0.985020268778508
K19670,0.599136660792527,Suppressed,0,287.34497882072577,13,9.719834954225497,1.1737464151999997,1.1557101064201334,56.3130964843547,6.486106151400277,68.23268632591159,2.797672800652905,1.304403030189944,9.236754609906454,2.578687273694774,33.65108187254052,64.44119339795547,2.7178133485229874,17.966544614301487,4.395552181907027,0.7284441584502801,1.14089369922469,1.28846878433844
K08086,0.531441786006899,Suppressed,0,1142.9345844307293,5,2.0356570640190847,0.42545549128,1.1065970795502407,79.16518667354009,3.059114523439127,70.2062848060719,2.2516374068892797,1.0946200437081373,15.24233019448405,2.094021605576602,23.69868311915037,52.82324377102838,3.8830583801305636,22.95621809501653,7.69742055035467,0.04479726493049719,0.506414473337259,1.20795964374555
K00219,0.553638823419551,Suppressed,0,1424.633801454711,14,4.61527811238937,1.0752372660967036,1.1400988738170372,75.01480500286767,3.580220468415225,70.53654173755129,2.831750814443254,1.1259314757282157,12.545061511347633,2.705654461698556,26.582041758375745,58.04103911622821,3.684431834350524,20.61667824940314,5.691101240401791,0.3899108083714728,1.5141191280032,1.6775984564948
K03746,0.577858207456685,Suppressed,0,154.27270563973434,3,1.4774698973635174,0.49827722753333337,1.1167067532173491,81.42246736486439,2.8188512921250566,70.17564960444382,2.3023002276460485,1.075689412872911,15.639747390538684,2.0944030149000916,23.841312916432184,52.14263181198729,3.937174906330188,22.959747482772368,7.470994262941749,0.04904584032803307,0.450309916493657,0.329340847993527
K02457,0.536181076225165,Suppressed,0,399.20789633255373,7,2.461955130571126,1.0264352294571428,1.0749163892717553,78.85093392263985,2.9587981391388745,70.05549112391299,2.4509170885244753,1.0920174450464197,14.73802780523442,2.180425530347486,24.706531247174357,51.25759366806956,3.85969214802521,22.338987384841207,7.9158054911501,0.14190302441818708,0.417894295399313,0.614699265288581
K02363,0.636741176956596,Suppressed,0,240.88705439793605,2,1.7379265940329058,0.3824257152,1.7585960905546385,54.877779996005486,8.361920386950016,71.63540459892337,4.118228924300315,1.2882736481499175,7.134628680002127,3.1783735204980856,35.581568835502395,80.93432073983476,3.2861831228354594,12.517446187549343,3.454460612681107,0.6766187128405051,0.977863896342797,1.27130394692446
K07644,0.839255556650775,Suppressed,0,166.09481323957084,2,1.5974428618710572,1.4307971401000001,1.0,57.83122578283861,9.702345857180253,64.95189196158749,1.8292659916107685,1.3615140451285273,16.852875625291947,1.924808462436522,30.73732732561692,48.68481891492406,3.9770666005298323,16.347777028898186,6.418700740131889,0.5173829388183189,0.864155921916057,0.816652711570642
K13995,0.606284014618511,Enriched,1,69.65165883536585,4,2.455844450890691,1.1134012818666668,1.0,51.46396680340708,7.153361042026897,69.5652158636522,3.4084635121681495,1.2562316218177316,5.67938887726789,4.075126177669854,37.184950422815724,54.41755448740241,2.306823260969006,13.217130209330756,12.862115713177632,1.0997704999152007,0.858247619301606,0.607392788032292
K21684,1.43713246760767,Enriched,1,9.159779512086372,3,2.9960196020508936,0.33305636173333336,0.9999999999999999,54.97808523626447,4.473198212560716,70.79813423382721,3.7229946560522893,1.2540073661835478,3.5920103726643586,3.154426745087535,41.88578831772342,79.29698480963664,2.774765292972488,15.616053620923724,1.5814128859191159,1.2137159038664722,1.61779415570813,1.42653323079212
K02224,1.04057740884038,Enriched,1,461.48912481647886,8,7.01020801275931,0.5903807877607142,1.0,60.50474036564407,7.763631351525686,72.24582997784823,4.063538517918142,1.2766466538545789,7.613136504306286,3.9682383292068883,33.66734382686609,74.44829759450633,3.330100697127516,13.392927420817237,4.1288593774764255,1.189217639245117,0.321594502079972,0.563254381415063
K22757,0.878378470841835,Suppressed,0,410.1470257337268,8,5.979018298839682,1.065627524975,0.9999999999999999,57.69683944810999,7.043175989001665,69.36245237637202,3.351628959922454,1.2518761311364586,4.485782947512976,3.6409255811082146,37.6834318431872,59.87543823629839,2.2882198963585507,16.55768460400593,6.6471047388791416,1.552456310047373,0.459878711758033,0.508944933865437
K12543,0.720186398809599,Enriched,1,216.7351906568122,5,3.76694822595465,1.01553079544,1.3591724710995694,55.62515788654983,8.375247375491185,64.44723621814619,1.7146035897623808,1.3591454243184111,16.26065673865463,2.0929089029822108,27.760347210262136,41.84079356286987,2.4524156004710265,19.178614228433407,8.009771684614327,0.10024198236197251,0.724153617162363,0.994872668977275
K03271,0.623922227719423,Enriched,1,963.0709185149153,20,6.871990733137681,1.169434291235263,1.2161813923270843,71.30110395669318,3.4982046921696273,71.50814723180366,3.4225087703436654,1.20613961795045,7.799609530049872,3.6487196110308777,36.987580142347845,61.06624625557348,3.004026658495239,17.656230609390953,6.036994027384919,1.7604322091705522,0.368542149813491,0.474072502369757
K11783,1.12471157881672,Enriched,1,136.43797589624336,4,3.4516246892760427,0.6192059199666665,1.0,53.37259289391102,6.7363980936470345,71.9093220955111,3.5407565680569606,1.3060564183148071,7.306189376738039,4.386172053810327,34.81592030412304,79.32184402871513,2.901447955976043,13.000039614368117,3.4319147668091414,1.6684981165285615,0.369693257269019,0.496703561476169
K21186,0.788516400251787,Suppressed,0,61.89920208083271,1,1.0,0.0,1.0,63.7,3.53,70.97697363,5.001353,1.25,3.798971998177293,3.66,39.91663994870151,78.5508175697339,2.8855402372555305,14.748316768194934,0.9618467457518436,1.4427701186277653,2.89961187145835,1.82832615439272
K18351,0.517884015039842,Enriched,1,190.6943404484434,8,6.121750045041811,0.505562676625,1.452770363152068,59.602565071121504,5.0817787745589005,71.74216572540615,4.704127609776562,1.2517135867321525,5.649263808985127,4.19957695007476,38.63800042861093,77.7094077839798,3.1940134928479114,13.038958583964543,2.079304495840403,1.0741716535744064,0.339090168738035,0.819085691395546
K21161,1.45328462347013,Enriched,1,81.89214254551273,1,1.0,0.0,1.0,63.7,3.53,70.97697363,5.001353,1.25,3.798971998177293,3.66,39.91663994870151,78.5508175697339,2.8855402372555305,14.748316768194934,0.9618467457518436,1.4427701186277653,0.427246178781067,0.7534863759016
K19200,0.585844933323861,Suppressed,0,318.5402900501847,13,8.32583614511987,0.9957323097846155,1.3831872673801509,58.63219456774057,7.097171202518514,68.53590685559257,3.75267061093823,1.2081871158102824,5.1699422595421725,3.241276224158688,38.27747542416014,47.99298601409783,2.466449081767911,14.278847824804995,11.958291775233485,1.2153281034115462,0.391895099560026,0.281181601277515
K01436,0.659779643338794,Enriched,1,465.0818248365952,7,4.7532762627342695,1.1998248927142856,1.1011735260582813,60.139876264294315,4.738794869513145,71.09424125974965,3.6344879902339415,1.2348108859522773,6.174211086164657,3.080719235155244,35.29305728455015,68.89195937999918,2.7184642515923803,18.019333323608272,5.31705482423469,1.144078092388021,0.435964079220591,0.559889497303775
K15531,1.44360800150983,Suppressed,0,394.4386272855461,7,3.6650997382429837,0.20223422651428574,2.467511523963305,55.128675815739065,7.344327660524304,68.2466379744184,3.763419490316128,1.2082840914427362,5.072033013805961,3.67,40.11498216830983,42.36719941535692,2.2157530308014777,13.160888854082996,15.532641821415737,1.138543990699041,0.292431018829554,0.435368381255999
K17662,0.686572896264459,Enriched,1,226.29252823207284,4,3.4093932219575733,0.8349384049166667,1.0,52.55016851454789,6.528789830486114,64.32987766536944,1.5908797471939093,1.3305247794882469,17.360453430732658,2.071917099206365,26.30161173656233,39.19112673250491,1.883179588946088,21.536386558338787,6.925879671283049,0.10611655549748332,0.948990481425032,1.39142333775513
K02073,2.31691880343938,Enriched,1,34.98314648081877,2,1.9117322307546205,1.6664165663000001,1.0,55.585111456827775,9.591947184844194,71.67708829908551,3.7322914248244983,1.2124543688934495,6.009754760701884,5.070588735402087,38.831185175994136,82.24961795642191,3.5580760673896346,13.701069049018656,7.371242379456542,1.2910064754649202,0.807341138126893,0.757084231328505
K01183,0.88088949035758,Enriched,1,1285.1955762296031,22,10.562796010162103,1.1715762595147186,4.128957506892092,64.8677894925718,4.259423051650874,70.82823272085858,3.9337227122532794,1.1937367230876532,7.75919055948097,3.4374341183649766,36.48719361828389,68.18671048794853,3.0885322943988625,15.873152414123089,4.288260656632867,0.956776121211869,0.331397832600889,0.632564942553179
K14670,2.06775476661894,Enriched,1,73.88268727313518,8,5.993075591100934,0.4966725324535714,1.0,57.03482827840469,5.361496730155873,70.65742405816393,3.7235937701904396,1.2737729574014902,4.921817377924711,3.501343879261456,37.61248651182922,80.51233097857084,2.544005507469586,16.175324712631927,1.9227902157888017,1.1794329088583466,0.277993794194174,0.574073247511599
K07652,0.781697216270942,Enriched,1,121.98211371055339,13,2.7937176608807315,1.296102263776923,1.0291879870104828,78.40914730196056,1.6532282836118681,71.80735110722566,2.9444623175867712,1.185550959416765,10.522784738876293,2.7659974816884016,33.21488126857208,57.64378122201479,3.209871602735747,20.60104296962851,5.060939276103733,1.8805938580479404,0.501405395858117,0.547980280795022
K01192,0.887632899948559,Enriched,1,884.3462835308974,15,9.004128362234134,1.0996460608990477,1.9353027386072783,57.93021557684502,4.9959318827360315,70.3995753948916,4.453497192397595,1.2346103811013949,4.392379353466782,3.757334902634578,41.425151492588434,69.55576366803925,2.7124363380682954,13.949835926033645,4.890591180464387,1.2409721089709993,0.47618739238252,0.681060788383414
K00248,0.538046342592848,Enriched,1,450.9377794578288,32,12.52400352194647,1.252812449046774,2.003197373332204,70.33659772550585,3.9437015714603474,70.90905360000458,2.9810344498925683,1.1965049472151394,8.957272372736348,2.9256643938462545,33.175093564655285,60.74799906099332,3.0872147085493458,19.185303629186773,6.004519620048081,1.2774233348656634,0.488335765890165,0.687498430093513
K23465,2.07194045987971,Enriched,1,2.9129781113565993,8,5.71954780684572,1.3207772642142857,0.9999999999999999,56.28629495605539,4.473821783195522,70.75540958016128,3.6289224755901817,1.2466144211893415,6.593853129242542,3.3239904974584875,37.0533005338755,71.40580372624002,2.798466673295462,16.175078643715217,4.82432574926493,0.8213651940433245,0.432256098494918,0.39966605514876
K01666,1.07194375109361,Enriched,1,372.54259640462277,11,5.828658232447475,0.7540962292581819,2.2911726770965433,55.11777383411015,7.4563007064340106,70.71364991567206,2.854442431273864,1.295404043646763,4.848257643870709,3.006739129757748,32.43525905543988,74.58964088785316,2.9119029434017265,19.04596918682917,2.5601436687477053,1.1646296415602153,0.267409179035341,0.588888094636385
K15576,0.535217393955644,Suppressed,0,729.04217564563,5,3.7340339488917684,0.4430489541,1.0,64.39648144082949,4.906055975861101,67.7443808900918,5.517697712921107,1.1171993854513858,5.169410058928084,3.5551376305630855,45.8311681664958,35.91563723423876,2.345512123541469,12.69856566060115,11.968268880788168,1.9638884489638093,0.815836257103763,1.61862190530091
K19126,1.76601687490278,Enriched,1,25.88041172235222,2,1.9999852100160076,0.0639598291,1.0,63.057538702596254,2.7921733537628834,71.06404517490682,5.032754801679274,1.2299230844561329,4.072766844007704,3.66,42.468505381074536,78.13817090545493,2.5871021615520506,13.423739409341582,1.464685804743986,1.3756854104432938,0.353439129436798,0.889276488973679
K11939,0.638834054554366,Enriched,1,630.2996601200987,20,12.739164625515642,1.0182554889836841,2.8515916317179943,56.76017880953347,5.566513954833199,70.53127915803712,3.6793993398755678,1.270752350877085,5.637431098295075,3.439506831758112,37.531109369735546,76.23191762504005,2.787689867222615,16.074084547289996,2.0686859370918453,1.1242514982399894,0.088076777651807,0.333335844492005
K15019,1.6660730583873,Enriched,1,6.561435527001447,6,4.226539965465066,1.3426338965333333,0.9999999999999999,59.19778346132657,6.5900890488007,70.66766764112727,3.6612759288845673,1.296318016946085,7.80985895429322,2.7220541864500545,33.31521790619364,71.40864847283748,2.9959562599496867,17.6957280280229,6.2204834710829155,0.8118982696003144,0.496302564941599,0.67423445779553
K06926,3.30066712823388,Enriched,1,1.4495497066329246,3,2.0308044846697326,1.2627063308666668,1.662717111753024,55.4214875331144,5.16080191997472,70.47174512993719,3.3402846254185037,1.2691154072025925,3.0371521162066,2.694046436261691,38.419870340820964,78.63585650576866,3.003451560765515,17.46550039368435,2.1720677449725896,1.2459984252441663,0.486780823194147,0.476392036034848
K00076,1.39057889453977,Suppressed,0,250.9639179991054,13,8.882785166935443,0.6968375796205128,2.142612958072827,58.609264051866425,5.9259649056272155,70.75754356112213,3.5978241821809727,1.2667342454514692,4.761643253743243,3.298602326779978,35.810890956614514,75.99588338117817,2.825613150203222,17.238616888183735,2.269458141269585,1.1008541337728486,0.685707122468867,0.799155027499311
K05895,0.52310004712682,Enriched,1,115.7844786079487,3,2.0715377226226734,0.5251763156666667,1.0,61.350116671288305,3.2159578551847043,71.43920231446494,5.095151937221981,1.2170104153468644,4.6729935354729495,4.315002629478256,43.46516837364149,76.78231051034491,2.73610229991936,11.988339869765573,1.8867117861867906,1.2605762185058258,0.422986966394379,0.627231459094443
K19551,0.944592322656556,Suppressed,0,87.97121785953858,7,4.9208049235790225,0.5173924652857144,1.7132539876887536,62.15504067469659,7.1651830683357165,68.0451199775508,4.472682772395484,1.1635145685105794,4.928768337337785,3.6512464224393084,43.23595898357123,38.084591738932666,2.575723518181599,12.750641273209808,13.36648790366496,1.6697291884670893,0.683309136416815,0.82503445848096
K06194,0.50614580270944,Suppressed,0,459.8873806832239,17,4.92473102318289,1.2519773373632352,1.5344949358146984,78.26829462272549,2.8634926415620736,70.75368056176099,2.541961520023227,1.136057783318072,12.887547190089967,2.3955337970644512,28.35126448428738,55.9096571696788,3.605845089970088,21.351448764346028,6.238064578663991,0.7849664663613368,0.919106629766469,0.943637335867928
K11893,0.664800112069365,Suppressed,0,362.71309425533565,2,1.172445039030391,1.3945268177,1.0,59.55330654284668,9.958137691319436,68.33664413916952,2.5161704635405227,1.2377652295833244,4.394445769659312,3.645045063680456,39.53804480410481,42.530191374193386,2.9020151311899696,12.980808242185017,15.035081318763853,1.285474725365433,0.26812927470855,0.209500875432025
K23356,1.04897772591098,Enriched,1,121.57573808543502,6,4.057569047476268,0.5084557472133333,1.726333024216827,62.63939174422969,4.297572555014718,71.32208063837793,5.245094211961671,1.2467166622884303,4.480548275880757,4.114900373565222,41.214841426598,77.91006316848643,2.970242708842776,13.103752200777766,1.5055094464264664,1.2686965713742602,0.58273902064388,0.728458522008641
K09978,0.81121053788822,Enriched,1,87.0601340130517,5,2.1139107574565035,1.11659466958,1.1132861019004978,78.50786727648149,3.1342326626955144,69.47978597625976,2.1868743575493963,1.104360464124162,15.77543877458514,2.1201022953498434,23.612049203401025,49.44495416982429,3.793731296234328,22.62607413978528,7.02304634131987,0.0083351316561863,1.12114569763368,1.58586169291146
K07459,1.31494504727739,Enriched,1,21.447899559101497,1,1.0,0.0,1.0,55.35,9.42,72.19494445,3.993076,1.23,7.262571511286036,6.19,42.371155021389285,83.92748013852108,4.074149521287431,13.648400896312895,1.2222448563862294,1.425952332450601,0.319241946153061,0.935826138544128
K03623,3.93310179009961,Enriched,1,3.6762148118263487,2,1.9955770136374265,0.15973816829999998,0.9999999999999999,59.59474078151057,8.748093795891544,72.3297039313539,5.346896077845888,1.251330355685983,6.573696073331559,6.19,42.29030582501251,81.88457687888973,3.959990980147317,11.837942352164143,1.4067041979414856,1.2444806111180202,0.687459760252634,1.04925060004873
K01707,1.31453207502737,Enriched,1,159.59642270878518,7,4.4447641159801465,0.7731140548380951,1.235727860453421,60.673825497856015,4.871292332255662,71.63736568470091,5.221480786978135,1.2351263293732562,5.042859460886775,4.509180520584688,41.76304454852766,76.23755191821661,3.0574160314461194,11.742529755730365,2.476693398607528,1.1234094980066907,0.425610547421814,0.658385254929847
K23874,3.18588100763572,Enriched,1,1.5334127499848744,1,1.0,0.0,1.0,62.45,8.42,71.78880604,6.074454,1.29,5.926458575536172,6.19,40.8059168579444,81.6118337158888,3.9530731956133636,11.349145626115787,1.7852588625350676,0.7651109410864575,0.74797041825363,1.17726936929883
K07517,1.82693234897358,Enriched,1,10.412315774577072,5,3.4549346643675864,0.47132273197999996,1.0,62.39166542816898,3.577253845652586,71.30045111524711,5.125439132206045,1.2328409714318445,4.381737064269547,4.1395398082442,41.97364309556271,77.65341776187948,2.8497428548435337,13.02015933900093,1.4982595790718016,1.325824541143728,0.172375484860697,0.308243908860159
K21193,1.46993953569118,Suppressed,0,22.78582882620097,7,4.011146590272779,0.5459045248666667,1.8642916583155242,58.81653430011748,4.5406566607883585,71.3051869608575,4.427960915217363,1.2346192989777842,4.974932401637072,3.670406502270247,42.76688206553847,79.05375077978997,2.673427456819795,13.197500791956852,2.1923896685863515,1.1137151656187831,2.19447722552129,1.94588224482263
K03737,0.546481238791599,Suppressed,0,5376.397953365853,13,3.612275752872976,1.1403086257769233,1.1784342104276604,75.65940418797355,2.5463562640694346,71.90767306664463,3.0661974988460514,1.1909294306763938,8.961812712215158,2.930680214013965,35.4536479933394,60.46819384569284,3.1043541083652575,19.878973121722712,5.132508465428059,1.918757180689114,0.744068945013455,0.757970277930757
K07789,0.507201097301785,Suppressed,0,1288.502809878455,3,2.5044980999173094,0.47810719499999993,1.0872687110284218,55.472794640101725,9.013952437330719,70.55576283539364,2.1235638971284336,1.3337667850418993,11.302113578238979,2.169414527035864,27.51681485824594,70.0722279457397,3.1302525345913956,21.3684226148438,11.596397922888766,0.28931349849496735,1.06001526439747,1.23925659365459
K05832,0.810598890034819,Enriched,1,45.04613138389729,4,3.300929010129279,0.6653651326833333,1.0,54.21845260833111,6.335739059578875,71.86760732117321,2.696102949459844,1.2675654097548967,7.418778242510223,1.67,36.9402296835555,67.54844623772695,2.0801658888833523,16.539409131608462,7.119872824798483,2.374075357249735,1.23795976377379,1.04098135330923
K00360,1.13174909547473,Enriched,1,328.5544569067801,12,8.895815018819714,0.8869889774818182,0.9999999999999999,58.91107849013212,5.434117779259166,70.68424118434234,4.059791153080017,1.2416254594515996,4.785865242957905,3.542381652890931,39.12826872156847,72.47870055621739,2.969264301332027,15.098546548697323,3.732675459448178,1.4158456925883562,0.12614111144783,0.415155879141199
K08153,1.57837922185823,Enriched,1,8.969705416989521,18,6.122725097823907,1.2488622759235293,1.383187670560666,71.02015589535367,2.9067960821539116,71.26715892643259,3.2429664405031917,1.2235140460299176,8.914946703001918,3.223532019933743,35.60095676674504,64.84032721481415,3.099595423142074,18.704893191519183,3.46153418136484,1.649810867537828,0.437825026486698,0.443138764509099
K01442,0.867899643177993,Enriched,1,150.38994596627995,1,1.0,0.0,1.0,50.19,4.78,71.16082048,3.630346,1.25,4.13183757140504,3.66,45.81497797356828,81.27753303964758,2.643171806167401,14.317180616740089,0.881057268722467,1.1013215859030838,0.435602694481817,0.75747457365502
K01429,0.531681875434222,Enriched,1,101.20417939181812,9,5.482799583782535,1.1616912972944444,0.9999999999999999,61.45384809804649,5.475574517023337,70.52261833926045,5.258732663102069,1.2367868668406514,4.664423017817503,3.8112530758459062,39.933503526762074,66.45820411456525,2.9233212703838984,13.060704421328762,3.6507304912516405,1.3107187088265948,0.165840775034356,0.316028900805661
K07000,0.583474481077085,Suppressed,0,189.69304506436663,3,2.9720812498725824,1.0052162486666667,1.0,58.10643002616949,7.278932502846178,68.5431396298288,4.533503388929573,1.1921830879719844,3.6944171402130683,2.277011287310626,33.7159124123546,47.80896505435277,2.2383522057626974,11.4041947206738,11.128137456524037,1.7914506812183992,0.3780136763827,0.221199229142055
K23509,0.885690707640453,Enriched,1,578.6535170374412,9,5.996400676893348,0.7636958282833334,1.6944137795956766,58.48649586279176,4.672737533709378,70.94097953884933,4.094503774173247,1.2531278639263923,4.172223398312026,3.514860841420591,40.94522588469782,79.54358412129666,2.582953793581177,15.180371388890274,1.8641873950458085,1.3340803475926697,0.414198051157762,0.616459122871044
K05979,0.505928460079701,Enriched,1,480.264574015537,11,3.3495865265133205,0.9757109349490908,1.0181125426572228,76.37375257270038,1.9368468410769983,72.46339287510584,3.169849628559606,1.1996559837422933,9.010087530404306,3.538331898354302,35.38241117672834,64.80005349631811,3.173876881305586,19.34813235612127,3.867376875714483,1.9272598100098244,0.516413146058571,0.61258100473388
K03090,0.899803226238792,Enriched,1,1164.0821790634652,16,5.8960108028032545,0.5801815198758333,2.7135954086544958,73.17762889420781,3.2816782774710656,72.21348254249317,3.2616187050283036,1.2192191328212423,8.48540525010229,4.094205300032985,34.21213830438325,66.83746376639667,3.2654251122555853,18.98226113273469,3.4849406990421907,1.6980825752181674,0.384165583664512,0.787057310590288
K18230,1.4398431930041,Enriched,1,355.7573892368842,14,6.736743784551941,0.5944376897989011,1.589069608002386,69.42520046809547,3.2368265687485214,71.9076687809219,3.329045926475926,1.2270496461725908,7.662044589656965,3.4449563307714204,35.52253403410516,69.74578342834575,3.08542780707195,18.27928967652932,3.0589951893574043,1.5907347896576967,0.254497941127,0.400016808313753
K07258,0.768916003418814,Enriched,1,2159.283873182565,17,7.077514355301559,1.0546110112544118,1.3142089785876376,75.35319981933408,2.86477152014911,71.2868327391827,2.9242508079426353,1.1677660795909397,11.175237651796365,2.857378856928597,30.7516820830533,60.53534492433695,3.5093898432074067,20.254476089100205,5.0145913234102055,1.0501487401991443,0.217274468437111,0.487030667701181
K03710,0.946266620455332,Enriched,1,1327.2105006129493,15,12.23212843411548,0.8343190793771429,4.5555870673204675,56.775018189717244,6.658767730733115,71.17399875877614,3.9219110825972954,1.282581674898537,5.387065401447814,4.239186002800533,35.77064622204216,76.44761011121945,3.1035252246203315,15.90435552495609,2.5609457486332663,1.156693325180212,0.382164809869587,0.52156814907933
K01210,2.60111959430588,Enriched,1,4.516375206602674,2,1.9980773527368225,0.0522922708,1.0,56.573152004733274,3.3603619417109956,71.15540763495034,4.378563107066679,1.229122969731044,4.242812702612033,3.66,45.39004701592926,79.42529835051263,2.459338562053337,13.164836637185546,1.4461018164312285,1.2097741700534703,0.881868017166065,0.758966813171365
K06042,1.2926628046816,Enriched,1,127.77090412033351,5,4.560141405681318,0.33840390756,0.9999999999999998,68.87300939726354,7.404935160275651,72.00862650603695,4.545653407225308,1.2166628079358108,7.343949754466543,5.025040248946502,32.37965114548876,77.50394216910347,3.703590152839153,13.642280357942532,4.566296986670618,0.9734387317877589,0.267264427798999,0.523405820361534
K21962,0.975245002318931,Enriched,1,85.99614188440103,13,8.72541932645235,0.7745657448179488,1.9943583822656057,57.47124029516198,5.479196151678709,71.08996641657825,3.9969724389987706,1.2698201919107288,4.635273428257766,3.616265327083191,39.257568101395854,78.8655921187982,2.638176040789598,15.252183963060485,1.9625673617831738,1.3750432174165705,0.38490508828706,0.649093548073697
K03891,0.589781281309693,Enriched,1,1308.492915671529,16,7.270281528846019,0.5804372717791667,1.2882691634253378,69.73434672120345,3.310471451715153,71.857636324723,3.2451840532918537,1.2296481072496361,7.599011707279866,3.510750941924653,35.195946410617395,69.31427447769626,3.0126265375584502,18.63809210543201,3.1300707105289103,1.6754078169257567,0.243566710833569,0.516938578860454
K15629,2.47496510791327,Enriched,1,110.54556368869915,10,6.59243981839746,1.1293825997177778,1.1866076845009739,57.40190022297263,6.516811537982777,69.99091476672652,3.7391956485021978,1.2514455011516157,4.366269554267889,3.757199670783886,40.81857642726411,66.32219519429255,2.4106955530039036,13.836733427865633,5.864664555826754,1.3795317078500788,0.717954224514121,0.848909364296599
K03464,1.3827152835184,Suppressed,0,24.25619657997002,4,3.7278586348977414,0.16133278751666666,1.0,60.15099046343653,7.2443373137410365,72.20222791058136,5.637124075777821,1.2546449444054093,5.749536069942248,6.190000000000001,40.05561184513424,76.83966425966531,3.9686551243540102,11.30590304468433,1.6717606130469904,1.0400817973875758,0.455078720805939,0.839110872753295
K02381,0.560742464626243,Suppressed,0,193.55086466098763,3,2.8744540374433782,0.3863078218666667,1.4731908348367837,57.1074936571941,5.39846692122028,70.47248701216802,3.5442237371973717,1.2819334568160372,3.6519250927391544,3.3040906983320633,35.32196245094668,75.70176242585256,2.7287904030519776,18.57331206184731,1.1212014404943869,1.304574997631994,0.533263288544558,0.298153163208677
K23775,1.42778713169711,Enriched,1,136.92468338982388,31,10.700336793542903,1.206972110984946,3.7445766648885725,71.34761590856886,3.5746957614082717,71.47230588981664,3.362628746222403,1.1982751096404582,8.595547543001038,3.3068497696630015,34.65974698509032,63.44772419235586,3.2281046746941686,18.266412363311872,4.936895887560726,1.409570541512095,0.374038167028022,0.682828869989038
K16650,1.30755797361918,Suppressed,0,658.3567511455011,8,6.736404803523128,0.4044951760678571,2.2444921396164528,55.50725762940049,6.006016027242836,70.72498785295433,3.2346887293654567,1.2771652417100123,4.978479880786899,3.4134427835404346,35.644188086861455,76.25449318030384,2.461793666405508,17.86124952018467,1.7742806519327716,1.129202085103036,0.937696969100072,1.05189195219996
K02558,0.505657341165751,Suppressed,0,1766.8737158484553,17,3.5247059072401576,1.0273954709558826,1.852727018827637,76.36926104456985,3.8157375584701976,69.74885209220379,2.5541465285176295,1.102327408927237,13.258761744353315,2.415828357542776,27.208437554807,49.10177316673135,3.650124848464753,20.782332842239274,8.974435917399816,0.31745862505177486,0.392138519833198,0.62214488445802
K16048,0.92749699822913,Suppressed,0,207.43097217286427,14,9.702325176748397,1.0680317268373627,1.5749682502871203,56.2140769564499,7.0034152886854315,70.40347730185255,3.389987459774385,1.2893603026788811,6.347451826747609,3.701977483230481,35.12832447349698,72.95643238053833,2.563095709541605,17.358380909371366,2.9166605710306452,1.0719932766984495,0.755147738190368,0.759427125936289
K02063,0.517006296156865,Suppressed,0,568.9993768271873,7,5.668219836567442,0.457570700095238,1.6128655007921926,56.00723983817127,6.621162939706996,70.38056617365635,2.9219286688995583,1.2878754676294144,4.924718158963668,2.9993530909009944,35.270366469577844,80.78627446209201,2.5629101592597667,18.431589875632646,2.390541812952263,1.1376142092176484,0.42212285061554,0.358615130199355
K01730,0.624616907698654,Suppressed,0,227.04529440860742,1,1.0,0.0,1.0,56.02,9.91,70.71920343,3.249915,1.18,3.6924042628807214,3.0,32.283259567820885,79.14605571465765,2.6034886748242645,13.798489976568602,18.745118458734705,1.0413954699297059,0.27411036400302,0.229581112405451
K12813,4.42862190322795,Enriched,1,1.4564890556782997,1,1.0,0.0,1.0,56.36,9.82,71.84225045,4.781554,1.31,6.901521973818554,2.22,38.34526650755768,73.98568019093078,3.182179793158314,11.774065234685759,3.6595067621320605,0.6364359586316627,0.764583321988215,0.989776798030456
K01060,1.51422643622506,Enriched,1,286.6686650861216,13,9.637307743402253,1.1028746049666667,1.8902218539460542,60.47798772989909,6.780500523503097,70.27878666223938,4.600789365020152,1.2283294041931927,5.371485424748293,4.114081132325269,40.95808526004736,60.78199314638666,3.0365991231336222,12.289261834232935,7.042498330539209,1.1942787970906235,0.575581879212638,0.73258743958412
K09516,0.776214684163896,Suppressed,0,363.75696484013406,6,2.0587782644308312,1.2554392630466666,1.0,78.01342683034858,1.9814086623261082,71.83618679491221,2.6443921130448773,1.2074845243642063,10.310070665536758,3.0804649723572695,32.01510602869764,58.88689352516897,3.0610787063232405,21.51116392919827,4.487725128217072,1.8529590788471402,0.493230679680876,0.798826250884732
K03557,0.522346703583912,Suppressed,0,131.1191969626049,5,2.1452732301398725,0.8456543134800001,1.0,77.62185700771627,3.0735630739888693,69.93035987084717,2.421110652658501,1.0898837521614175,14.205599444453632,2.3158771392686477,25.07861327103332,49.91636882283375,3.743693338921787,21.646013723652946,8.726473946521082,0.1089489175654568,1.01013557560329,1.1715093848556
K10215,1.8229238507733,Enriched,1,115.43961801778931,15,9.04377759590972,1.140243701672381,2.186765997631722,55.02132368692479,6.682320908816787,69.57100109188868,2.9337420082598755,1.292109381988207,7.06842274183075,3.187953416522871,35.129780431729145,74.27867122900776,2.5403802476902144,17.768650798578822,2.4997543757359355,1.0363904522994185,0.608919472953946,0.706663403960679
K18828,0.798739471326802,Suppressed,0,166.85417051350885,9,5.251075819210568,1.12661084555,1.3927041174097834,60.7293655094551,5.731493243278982,69.43642296299362,4.574017006482145,1.1976356011893463,4.99379077222887,4.137184441777304,42.1403925148427,59.496911457545764,2.3080775037164063,14.588193548599259,7.271826226838355,1.8472750960014372,0.338791918449722,0.289373683063199
K02188,1.48656415336198,Enriched,1,83.12927014865585,1,1.0,0.0,1.0,50.23,5.78,72.07682674,2.601334,1.34,7.688362970691191,nan,33.543577981651374,74.54128440366972,2.293577981651376,13.761467889908257,4.013761467889909,2.5802752293577984,0.474907814320434,0.731037474894687
K21393,0.763492333749223,Suppressed,0,126.03200861590422,5,4.287439973308283,1.1723754239000002,1.0,53.60732579645176,8.126546425811101,71.34662558898512,2.377514351831445,1.3320955376867094,10.266180761757553,2.273731629238567,29.195826157266822,71.76001713594096,3.0628623832453292,18.506103002670006,8.201651529659827,0.7935740804609988,0.253727560453141,0.443591940540188
K03152,1.27010463419663,Suppressed,0,77.1579358476317,7,5.396310392529539,0.8403426723047619,2.1917623435755824,61.15990454243589,5.217402000640586,68.88799721262944,4.899086021044448,1.1799740990487515,4.759052404826452,3.6662197716856415,42.91015442962319,52.669464117098485,2.2278893899842824,14.264239904019764,8.17530600508296,1.8999886751808086,0.439529472078981,0.488886898449265
K16428,3.22722502389622,Suppressed,0,45.26996311777163,2,1.8889223005211309,0.6993664045,1.3326025919656355,62.303069113744336,4.128684665538144,71.41535893971634,5.225868729846788,1.2466739740803436,4.176059923378291,4.501484557673058,39.181481002052024,75.70868649679818,3.250912003273149,13.439715331798611,1.2571636345392565,1.2941785195990887,1.31298683916239,1.10647404949139
K12443,0.870800153669651,Enriched,1,204.01575490784532,3,2.9910742687505927,0.186613589,1.0,60.62220938483688,8.630028832808064,72.13506114817935,5.608708706721722,1.2652456755900958,6.340786849687735,6.1899999999999995,41.75614659739837,81.78642991032704,3.9575016067246915,11.66204823853299,1.542927567782632,1.0719788353931168,0.252299029625974,0.45435946618347
K00038,0.676738987834343,Suppressed,0,328.84345445293457,12,7.7216466075048515,0.8122308686772727,2.870908865342687,57.067997709487116,5.178671820012691,70.65412424903069,3.7676283061222313,1.2667574440658276,4.22998934367068,3.4420370701359073,38.79156096518811,78.46446717723718,2.5975700425663173,16.48312306193845,1.7417476087087678,1.2878782830973217,0.666105082022758,0.723607219279545
K00768,0.788531342553524,Enriched,1,716.8288584768571,14,4.845540635624453,0.9580648804054943,1.4226144468585513,73.1159570490314,3.2008320727608432,72.04815396034368,3.1624939945538326,1.219986285547352,8.08451890504416,3.7182955196046463,34.83090811905743,68.22135625652675,2.983678274710212,19.20893176337578,3.6495216641630854,1.8422483307622572,0.32136871363666,0.392958174237973
K03293,2.69814917139333,Enriched,1,28.646481794141042,1,1.0,0.0,1.0,63.31,8.16,72.44765375,6.531843,1.27,5.970749756232658,6.19,42.21954161640531,80.09650180940893,3.860072376357057,10.253317249698432,1.5681544028950543,1.0856453558504222,0.373893334134617,0.532066007362414
K07274,0.637120805577131,Suppressed,0,98.89365124327276,4,3.2446569597996873,0.6674675464833335,1.0000000000000002,54.333433224014115,7.315343980795106,63.97672355523979,1.5429429483562753,1.3422163065582136,19.140844921726153,2.006996387392442,26.56522087078251,43.225261090688974,2.8719674517250353,19.859872437990973,4.879352378686281,0.027562662289173215,0.838280502748547,2.10891984299727
K18232,1.85020111276894,Enriched,1,183.3349714757453,7,5.118516964969149,0.48122007308571435,1.3672648727005514,58.477298464958565,4.591693254940816,71.04123269857723,4.358094183497468,1.2586750292204023,4.291155204254597,3.7753071328070975,41.25513615260282,79.54691743020452,2.4935141964285736,14.624707869386302,1.4734280702226992,1.4012099518192886,0.515931949059298,0.707192430452347
K21025,0.500449056822598,Suppressed,0,871.5159551518936,5,1.8170345523758114,0.42545549128,1.9976604630929076,80.59033540984129,2.699936666594324,70.18895200626966,2.2645937423747178,1.0805732776449533,15.474196144453643,2.0921289785854538,23.35620473990544,51.699585622398715,3.956226144422831,22.996365797456605,7.5101450100999925,0.0237150103130045,0.737776391641588,1.43839597376998
K04033,0.786871199172376,Suppressed,0,126.0341294319685,1,1.0,0.0,1.0,91.88,9.76,71.98668873,4.124325,1.17,9.698556733526093,2.67,23.029045643153527,69.29460580912864,3.3195020746887964,16.804979253112034,9.95850622406639,0.8298755186721991,2.04752448640821,2.14890429744972
K02424,1.1700980078912,Enriched,1,45.68480805319221,1,1.0,0.0,1.0,56.02,9.91,70.71920343,3.249915,1.18,3.6924042628807214,3.0,32.283259567820885,79.14605571465765,2.6034886748242645,13.798489976568602,18.745118458734705,1.0413954699297059,0.551549162617544,0.64607270721728
K18476,1.17339816578507,Enriched,1,27.56073251190487,18,9.306197793817928,1.1224277011555552,5.30459661045501,59.62324906209547,5.01335354068051,71.00757696827176,4.5341098658006205,1.2413549432617017,4.889360098526498,3.8677747858458997,41.31863968370709,73.74003017898599,2.846977606855098,13.425534257071549,3.093773705488874,1.3169069226757049,0.284757030151394,0.701025930199945
K16050,0.828283032945615,Suppressed,0,241.9541064491004,10,7.04662708647965,0.7491974642399999,1.5256765998121775,57.45361763364394,5.183584377898771,70.93139008492054,3.9521976401299996,1.259285701987028,4.619205300538107,3.652362456321631,39.53758969595759,77.07512557448642,2.3979365859422126,15.560101382662603,1.8588091134851907,1.2700017228570268,0.423436619260747,0.635365104678601
K06714,6.42786733726501,Enriched,1,1.4564890556782997,2,1.8598842451461803,1.0857547583,1.0,58.51028009316243,6.889315131165914,67.65803540647802,6.092935961153062,1.156235518509401,4.757583957375148,3.1493342044650077,41.48564909855874,33.06094861374438,2.090668078815442,12.711024137298104,11.306963535363991,1.5216109381953409,0.304027130553999,0.421682774770697
K07641,0.623182179066125,Suppressed,0,502.2254258554015,12,4.217166549084831,1.0431974529106063,1.309840758255793,71.28039988568035,4.563458976906687,69.60052462799743,2.604727142284647,1.1368121325886689,11.996010778423582,2.5468323647754914,28.056410342495997,49.45392964797413,3.3989829788843693,19.767153588004003,10.215873659592113,0.3319446151596527,0.699385020657156,0.836660290279009
K01449,1.16711078635564,Enriched,1,26.552846030424643,5,3.375473963147058,1.1429890334,3.0950615700825974,56.49050829382793,7.854075727750595,65.69718022717589,2.026115535979343,1.341502114600539,15.378117269052435,2.3525948065468194,28.641484832406626,56.67111507391525,3.71961448706352,17.746936538787548,4.273891588696732,0.1596342321807605,0.759433059614139,1.00471707235414
K03332,0.544434497865172,Suppressed,0,246.5805721339797,2,1.996201479677524,0.14449397049999999,1.0,54.173122823446484,6.6402016776425565,67.67312209839884,5.028113236319259,1.1965410471492637,4.288325641097503,2.0,35.382181003773375,36.23188545340024,2.096793710324567,10.877590040674347,7.8939396282566605,1.9438683110895227,0.324993597899996,0.738027040205049
K05793,3.59175091009769,Enriched,1,11.644973096381023,2,1.9072689827914948,0.17346624519999998,1.0,56.27833245203361,4.791898200501302,71.84037018615885,4.411803624795773,1.2330567509742103,5.951445167573471,6.1899999999999995,33.95366888701601,81.38021941081472,3.85524671494806,12.216279605737865,2.183149165883353,0.9289700035774926,0.563459458186717,0.775520693607444
K05365,0.519533089293592,Suppressed,0,1866.6468314677593,4,2.155641942363344,0.32430334246666664,1.178680682087549,78.39412187735707,3.2409816660270767,70.21919452804933,2.240268544375518,1.1042948313422705,15.191623778847497,2.09,23.668135866519712,53.20488203207894,3.8898218304777683,22.935229937532668,7.790154865161692,0.03884605651763367,1.10467095797754,1.3917405204866
K05565,0.692288262713856,Enriched,1,704.2954977940241,7,5.110755123674953,1.136515397085714,1.0,54.304485420797654,7.1331327953266985,71.73704942953302,3.804298629950596,1.2958611299659246,7.148714597652624,2.880436912983413,33.481724453357685,69.60272664085407,2.9062065651389006,12.972065087559287,4.306046078290042,1.3345299629762457,1.05546867614079,1.15913878086939
K14259,0.58633557604732,Suppressed,0,403.3440003482285,6,5.2691273448195615,1.1636111122866668,1.0,55.87071892398045,5.986659754187507,70.07613915006264,3.669694352239707,1.2630367241713039,5.43140745863424,3.5891762089318076,38.29754287530196,67.85702771941928,2.200233528566542,15.389321129437652,7.6813842091179545,1.144733719155931,0.720580703894316,0.574271024138538
K01788,3.36773026966821,Enriched,1,32.16791011090487,8,6.203629414142498,0.6338384129500001,1.1653270111146226,61.76796179637061,6.015948717628595,71.85683548635306,4.4583837147440155,1.2624737996023951,6.175388775734466,4.204624878981337,35.75128884663028,75.4739935328008,3.2468960590523426,13.741188614388607,2.922240483538213,1.2955409511912845,0.618186671275426,0.845623574482801
K18968,0.779454817868896,Suppressed,0,120.74216878806214,12,6.6090592137309505,1.2890268632939395,2.26231367376319,57.87147093226812,4.50340541796883,70.45674761624004,4.079008505208215,1.2434492035771487,5.059887393201914,3.464987563291307,39.714662663845615,70.98665691161659,2.3225303173480776,14.7625628315236,5.255962706691203,1.158165690270198,1.41662306876992,1.45546072047377
K00046,0.548740238681552,Suppressed,0,640.9399296582473,10,7.369083926200089,1.0085814905199997,1.346089439830714,57.37069586622835,5.747002135922593,70.03243907265295,4.029784906390256,1.2486237383572756,4.6733465361353455,3.86828147159121,38.726026183738405,66.85218618114284,2.318327865776406,15.499233711155256,5.7855051420931085,1.3309997603552521,0.932614014347486,0.977019378802926
K21567,0.65600166788534,Enriched,1,474.944736373018,9,5.874618154035885,1.0932568530388889,1.4781618810550923,56.843901751301864,5.831416448560415,70.86863544088143,3.314019793463509,1.2627756052861967,4.359735541873124,2.725209122902333,37.784393381297,75.60013280207096,2.8541581905148456,17.321859361312693,3.2951339635790395,1.436021955886172,0.860820303837096,1.09259838481183
K03367,1.09495207757294,Enriched,1,38.61172495577686,8,6.014567263391853,0.9068723850857142,1.3323821605515525,58.443264820062396,5.558430985851974,71.49624421275738,4.57109925211566,1.2492722820215636,4.856278163839965,3.810605534934746,41.051198376836695,75.63489114156917,2.923117779301416,14.014654593395356,2.689342333730713,1.1797952605924844,0.966515155214844,1.1030871880814
K07225,1.13148847507408,Enriched,1,19.83756311481005,1,1.0,0.0,1.0,56.02,9.91,70.71920343,3.249915,1.18,3.6924042628807214,3.0,32.283259567820885,79.14605571465765,2.6034886748242645,13.798489976568602,18.745118458734705,1.0413954699297059,0.881744989308613,1.20460832777327
K20238,1.70584432230087,Suppressed,0,150.57543017760634,4,3.3441321712543264,0.06845529171666667,1.2461035663080768,65.43041783820262,4.95502740846852,67.74703449963096,5.623256953877453,1.1145770258810812,5.30077458769525,3.6700000000000004,46.32265374592981,35.418406157495056,2.351054512304757,12.728228902160255,12.199368579840284,1.8638153950781764,0.331939380588345,0.456323699622275
K03230,0.695098795503277,Suppressed,0,375.309257331219,9,4.563550475051223,0.8407857706777778,1.340219658207331,55.87359146593586,6.887968198175373,68.17967671245066,4.4788663256315475,1.1878084032340197,5.091011617333887,3.5756770315420447,40.470370277609355,40.38897164793247,2.1403084820991993,12.953069766587289,14.679221331087906,1.2647727322386695,0.34992208415676,0.720378831813149
K16033,1.04791376805087,Enriched,1,28.562618750789095,11,8.158732811172133,1.1634474016145455,1.4726362222032199,56.727380636304,6.200197162863638,69.9070362523274,3.500988437029048,1.2582883916173182,5.825680992555416,3.3255631062384103,37.79197990474072,64.74911511612692,2.7541964177264755,15.148521774808957,7.861216083179838,0.9180955263000845,0.97443909282576,0.781030550563335
K23825,1.22078366829918,Enriched,1,80.0431565628068,11,3.3160240703197656,0.5263013081345453,1.151684707916344,77.32862807531227,2.5166727987252737,72.48755189657815,3.196005358587374,1.205856003802568,9.175975355859613,4.314589106323874,34.23680025365418,65.61013630750081,3.2598837119693784,19.522466392347596,3.7802138371214484,1.893131075965537,0.848383730676654,0.958391639032618
K00156,1.12211125781005,Enriched,1,1074.133190910175,17,7.154549349509441,0.9567885510308822,2.3894965167862527,69.15172711490983,3.5057781653419706,72.0290707084781,3.5727331577039005,1.2271342005849692,7.626419887607349,3.6649945784766818,36.2706316251846,69.01364337039111,3.135802002348037,17.095270638718247,3.4237819817839017,1.6503047961927217,0.447664761224627,0.6048167575489
K08988,0.51725783138566,Enriched,1,338.1696726936335,15,5.653611857370579,1.1580739021409525,1.257265954743262,71.09476675603095,4.354412350474605,68.64756949004573,2.645404016070286,1.1471612310227233,13.670594499367402,2.3853392118203325,28.06295873169484,47.14964542949394,3.181533388705435,20.527565514710247,8.744705958157368,0.3437603389865259,1.33769927231767,1.61770255755652
K10125,1.09809553671937,Enriched,1,88.21586764054906,6,3.7033384209897617,0.91593393618,1.2194523846968444,55.38601079577724,7.036431997684413,68.40470469072957,4.150088763879404,1.1931198857533427,5.274229246102765,3.578221335492093,40.529569562322266,42.8172748809378,2.1869164757384105,13.164833553880412,15.000355912285272,1.2784879992387905,0.937253502340358,1.20772388640552
K07319,3.93642804916433,Enriched,1,12.904448707917098,2,1.3071343224501053,1.5160524709,1.0,59.96359673634878,9.82395742391497,68.56214309946562,2.7934307801110263,1.2422673762680838,4.5386888139687205,3.8604596065190413,40.00016439380771,44.05992369467877,2.985100594943256,12.74542373248999,13.884578913915139,1.2791008297590185,0.937728561271415,0.807290621667361
K18240,0.506892050794058,Suppressed,0,391.3191216648193,3,1.4718444990723498,0.3123942834,1.0,82.19345697307793,2.2959046152875464,70.16945468335418,2.2791680673333476,1.0647723489446437,15.735017555376228,2.09,22.970957599922826,50.43560484489054,4.038531112096019,23.04152715209749,7.299482467165513,0.0,1.00296957044325,0.853798910657188
K04782,1.00542630783115,Enriched,1,35.83024622464047,3,2.9623598481452382,0.08726498180000002,1.4071535871640368,55.334458342946235,7.758875398458185,63.75742009794023,1.5340388645954919,1.3554562708725817,19.454614628760115,1.98,26.695521333916897,43.14286646657776,3.1642177348226825,19.17118600990725,4.805351742837026,0.0,1.581293020864,2.00093020602612
K00433,0.718180701760185,Enriched,1,692.1206651024883,27,11.385270904088642,1.2319704440022792,1.9224907556791426,65.45476600797926,4.035473802468547,70.33140382595093,3.1522691477059683,1.2471434929481917,9.216558039613117,3.230959117942563,34.841713978142664,62.88343433312952,2.7461517490761174,18.089381252652814,4.287959086430292,1.3748152897861678,0.798472705409066,0.870467744845643
K06189,0.527790627746394,Suppressed,0,663.0355660517533,9,7.210850357544109,0.9713635053444444,1.519828290331143,54.52266629826272,6.946108791117648,66.23251850956912,1.6081662601705875,1.3305855004339602,16.30393748316908,2.0185892293928114,25.71494986995335,49.93352896165918,2.7989564709053605,21.240487158118754,7.478895993301963,0.09163764817748993,0.741506842961408,1.06395164605564
K16907,2.27821532685748,Suppressed,0,65.96250443189813,3,2.9976832304303533,0.044560818866666664,1.0,59.004880057066686,3.41824357821548,71.09452476280039,4.591063170820178,1.2362463516508142,4.091371295069991,3.66,43.52248403211688,79.12691967774477,2.604761415217736,13.705130615315213,1.280870757674561,1.2892739411450438,0.587550302842775,0.520581265687743
K14628,4.47561199436465,Enriched,1,3.8370015494848744,1,1.0,0.0,1.0,59.5,5.33,72.29501901,5.67638,1.24,4.932721206120802,6.19,37.70631758679568,70.00569151963575,3.9840637450199203,10.813887307911212,1.8497438816163916,0.9960159362549801,0.796161687068407,0.852778932796502
K03299,0.663642556921983,Enriched,1,560.8471355449393,8,5.966145036226589,0.8031417826892858,1.3067148581217765,56.777958992967626,6.1267805890361045,71.28059210563885,4.0424406482834705,1.2670354114717748,5.343972750338083,4.314602333058264,36.26681001367132,74.15163039374403,2.8381934034927454,15.661980474318085,1.9596706448739079,1.0822702185723876,0.378878626980898,0.766797158375131
K05562,0.537272571158514,Suppressed,0,168.29372094858275,3,2.948860253440851,0.04444310073333333,1.0,61.85186762487892,4.279309704337486,67.66477486007099,5.742512937967383,1.1799299292783159,2.458550917668852,2.0,30.13952636699863,33.18232174224535,1.8287353842586112,10.992778027995909,8.67888266846235,1.2847011287946102,0.996392752676787,0.791718979086504
K03775,0.555764791380492,Suppressed,0,546.731561417896,9,2.636135876164447,1.0288098046388887,1.0113576014747554,77.14838505409354,3.0678512423006445,69.73153159907454,2.6930786843810615,1.0831917591805358,13.509606215190312,2.408907995516475,26.677761339824237,48.065541847000546,3.625966088709482,20.867009672603547,8.84595318450599,0.2746446429818964,0.267670731846809,0.486633378947188
K07014,0.673696713671903,Suppressed,0,187.457910648871,4,2.4545747167545344,0.2662256949333333,1.573239758386356,56.00284685028588,8.869014713358514,68.29186982592267,2.9256231266160686,1.2351964440727392,4.742961445666424,3.67,39.30856414635324,42.68417148763848,2.5189548079538584,13.070169764275484,15.536577585616275,1.1216507726009486,1.03212737843302,1.87736562066193
K01186,1.35235959067798,Enriched,1,359.2866960091428,8,4.760132574902725,0.45280229119999993,1.9988123791415529,61.80942517474905,4.138013698813172,71.3513482292822,5.098221257245229,1.2403146999096395,4.664057631618751,4.096376249265632,41.3240005439723,77.99603321912394,2.91515081426769,12.865480665281044,1.7013654470142585,1.2435249998675548,0.475954884598075,0.787894779176426
K09136,0.794720766594666,Enriched,1,554.0831575835757,4,2.9237623735568357,0.9019898758333333,1.6175922150409274,61.2121433112536,6.08242230467654,71.85916979198866,5.90358040857122,1.2462158098621638,4.987522404038878,5.841111485062125,38.139213167980714,70.20252279964593,3.7913719125075116,10.781106207756062,2.3963216758676684,1.0294258781242491,0.580645011773355,0.793847204613381
K11407,2.03133758557259,Suppressed,0,19.424248140646295,9,2.8841112041871666,1.2595353060777779,0.9999999999999998,76.809611693207,3.240136998211292,69.39415395013495,2.3627958379570098,1.108414835910318,15.02479112224917,2.1357360836654844,25.223657913897927,50.823264462594494,3.7756910214743686,22.21248061610078,6.6320480584411525,0.16930812227003675,0.668775108482834,0.742790936109984
K09667,0.523072926683273,Suppressed,0,199.48903217804173,14,4.680140845468921,1.271872678264835,2.5121016846398763,75.72157224543176,3.1283865407853124,70.03695172850804,2.52665147208724,1.133968767640339,13.221264278354276,2.402219472086616,27.93831422299801,52.098779260722466,3.445495087390969,21.06790516570392,7.655437155145443,0.5719380549632582,0.669144410022995,1.49059733635894
K00986,0.528759402465334,Suppressed,0,451.32239792936167,13,8.201229069345082,1.2639008209871794,1.0277615101515574,60.09328339785243,7.449370258713988,69.09602360405648,3.570501178930109,1.2615732552358387,6.843989415181994,3.526118494843454,36.0076055394772,56.250783408809816,2.739796873003604,14.432114363959053,7.759509138517775,1.2223606601045656,1.81189911395762,1.88989111755864
K19338,0.547786609949576,Suppressed,0,148.1484630565464,11,7.681246922653645,0.9648717462109093,1.5058355709641196,57.92679825787649,5.8408126705781545,71.00743963923594,3.9651711780673575,1.269197718491663,4.976418496482453,3.9468727775790953,39.80858293277366,79.41943601626508,2.3171498331130724,15.192936932316933,2.5201895054434393,1.5298527559908432,0.685949761751294,0.332584838968287
K07794,0.555066966150246,Enriched,1,280.3310612929945,5,4.104790690146907,1.2038914249400001,1.0,61.25308753724278,8.45461683507007,71.6232516822344,3.1953694231052694,1.280407580490262,9.37697385205782,2.966097406179785,29.78845122095676,72.05747787276755,3.192035181240404,17.476489889914877,7.731357918842749,0.6018680323901481,0.187453656913847,0.318705069530574
K05829,0.781717675792624,Suppressed,0,162.1147830770499,11,7.757671422104409,1.1395767885527275,1.02578135645709,58.41831439708657,4.611667406343041,70.39446846117129,4.400131210850133,1.2334584137896472,4.399445671239502,3.642315942776459,41.84405504453191,71.52704411659074,2.3501190893588193,14.289305488446775,3.434057375548371,1.5071832394672087,0.246711802500543,0.298172055337546
K10118,0.663567702161484,Enriched,1,944.2808767622247,13,10.845381247460043,0.5126454511256411,2.201298437299096,57.46140765383242,5.491319295745438,71.03274625061186,4.033891265707354,1.2608694315409021,4.912674326777317,3.798157422448601,38.96217989309442,80.18076675576611,2.8980404624004876,14.974863872673845,1.9703187052207864,1.1329720188917374,0.798130888365166,1.05718245902587
K00661,0.98880820235607,Enriched,1,324.26521595973094,17,12.376437217526716,1.2338330816132352,1.521924504435384,66.72277199208564,7.241368068715812,69.46994900089837,4.069692321664519,1.2151928812535495,8.83910104713739,3.151664371824072,34.13143617331171,56.07309059217767,3.078432516071228,15.511237873781575,9.177672078004084,1.1144272548768268,1.03813312009486,1.17132568025258
K09749,1.22304477798019,Suppressed,0,59.12713176644788,2,1.9898564685944882,0.0332120598,1.0,62.54249240825892,5.939340856846333,71.84337999276278,2.9337368092448424,1.1624810600096613,7.253457477505428,1.67,39.461562526814035,59.925836731180624,1.503749953169852,20.24440517048418,11.771935732982017,1.7971471295536807,0.363156131796512,0.453634354079141
K03826,2.91360241155455,Enriched,1,1.5334127499848744,6,4.336728853583937,0.46656434489333326,1.0,52.3737889834549,6.310488949612524,70.47867047824747,3.0239344667622525,1.283582098485922,4.423084906688982,3.096913790847379,37.00352955020444,79.94283157794914,3.1423461336991787,17.718280309418326,1.7080739199707644,0.8975063939396373,0.452641428477702,0.458064945642646
K12506,0.509194807324481,Enriched,1,595.9608422995288,3,2.926158941911469,0.2068153438666667,1.0,52.6571600190608,6.405058453054598,64.11542467687258,1.3560710475905267,1.3397576998041916,18.054829873854377,1.98,25.3973565417199,39.649765657222105,1.8620099249050472,22.119041319898344,6.633651146651923,0.0,0.586298971139518,0.888786239900224
K16647,3.41195395008629,Enriched,1,9.656018423152696,5,3.807928247445273,1.19019388058,1.111755332150845,55.077048290395595,9.225239297363899,68.34726646805166,2.577699413968266,1.3434398168699937,12.426047448042453,3.0426629061530255,31.996151228725427,60.57856839309308,2.6822311015441507,19.09083277314605,6.273665072973897,0.41753544585652314,0.531092357583614,0.511239285362282
K19742,1.60316846936557,Enriched,1,10.258468385963921,1,1.0,0.0,1.0,56.17,8.64,70.60544495,2.063821,1.36,12.59799178320213,2.09,23.86039886039886,65.88319088319089,3.9173789173789175,21.367521367521366,11.396011396011396,0.0,1.66909545059642,1.09990089379023
K09985,0.565091226529205,Enriched,1,229.07306785675985,4,3.392894766709986,0.8330081504666668,1.0,53.33673051643805,6.445127982415052,64.30281508011237,1.5752338803919266,1.329945989806648,17.44475150300201,2.0673840161055885,26.462197603559986,39.302812253296565,1.8862411622209914,21.58592309414111,6.885160627870742,0.07230557266175594,1.09694468141063,1.5422065049212
K09780,0.520264693907892,Enriched,1,502.2758795116179,21,6.667093488938252,1.217928540572381,2.1647758118427554,71.66105099604167,3.8407305385632746,70.15755141443883,3.1827559103362324,1.141331673841078,10.835540591916603,2.849056328675955,31.35673969701622,57.652082753317686,3.329614029962106,18.71446414559781,7.049441728071831,0.5679042209074483,0.321647024969863,0.288359260221127
K13525,0.941534301076547,Enriched,1,950.8519806614013,13,4.606243974529925,1.2909527134461538,1.212157683421269,72.67530479634571,3.0168742980411047,70.19728982043182,2.7499728647138,1.2344480376608777,11.498726000699213,2.5913361535864525,32.53698839215659,56.437059870280045,2.886414533607133,20.167896462764986,4.877925758337062,1.4466485573607224,0.438862875979853,0.758813457421149
K22502,2.12941476295625,Enriched,1,55.94174647789931,2,1.0595779212547143,1.3694501867,1.0,84.02183638086959,0.8884806148971028,72.86211278500056,2.7534355440105576,1.18010408569615,10.476227714423523,1.6700000000000002,33.2371827996936,60.19677185253976,3.3550962206254624,21.47996331051781,4.397583153208874,2.1423524148792636,0.783804522589123,0.914190619129451
K16652,0.608832284509468,Suppressed,0,203.87931739221276,10,3.855464276760804,0.9106340194466667,1.1107200955779057,74.26654888113032,2.416750080848108,71.83344725290165,3.4075241679177064,1.1988572340867498,8.269438897049666,3.7459463098302863,36.35513089388079,62.54343705550275,3.064458434751205,18.446102924990093,5.142121171158635,1.7927506545703407,3.77995445732436,2.93505651131653
K18030,0.637408214331362,Suppressed,0,147.16927307769706,4,3.1558152396838084,1.3220322956833335,1.0,57.96687903991882,8.804985708269744,67.12315948113901,2.621906892544514,1.3362700644413659,13.920631140398827,2.2328055736376684,28.68207851032797,51.879860860078956,3.7438324183468534,17.47962493530723,9.094189761318972,0.271941449323694,1.59033815867597,1.86611699768929
K08169,0.551151900303659,Enriched,1,170.7933840857756,6,4.84423893366081,1.1679825339933332,1.0,56.011478408152186,6.561726346956774,67.68053348410815,2.67404496685097,1.2863563335269181,12.748854285766393,2.7131013273778715,33.05520356667809,59.49527831448215,2.6721416515844236,17.926421017303742,3.5173664501413793,0.5051347681402767,1.04024156887246,1.49875421764393
K12308,0.98439641445954,Enriched,1,1191.3078250058618,19,12.789489378371258,1.1678755039847954,3.202795883038688,58.1227739790122,6.347504187135097,70.06186817188942,4.40317076226167,1.2332952756990712,4.749143917730675,3.911239602308979,40.56628445416646,63.528716218013386,2.8449823476323948,13.543081673494346,7.174806177839438,1.2135631594115979,0.647832473475558,0.846442664852806
K23228,1.11350301519549,Enriched,1,117.15557465901821,8,4.507997758821897,0.5400477532214285,1.7440127902459754,58.610127739087275,4.571910531424152,71.4649469239685,4.392114458312697,1.2346214158798587,5.127790240296692,3.809033545870633,42.211946483790975,78.16198540281741,2.77536515911025,13.25716322873684,2.1613626202374774,1.1096748400799055,0.351471672205674,0.491675055155466
K07485,3.41553647304842,Enriched,1,14.285544030545644,15,10.923047645996705,1.0878295263123812,1.2649737106094265,60.913305719196416,6.896757621763624,70.03895646999081,3.758057547134563,1.2372627158147687,4.9179721391531634,3.4065095773349587,38.272516395254456,65.46685199218493,2.729916212141763,15.228329919038924,6.458813363431393,1.360209171188827,0.672644408442917,0.816864158211473
K03223,1.2090495746114,Suppressed,0,66.73868072400926,4,2.5144426757127634,0.22402200259999996,1.0,54.899787316978795,6.530060783853186,68.24098809301228,4.024820334667998,1.195797168528286,5.131930293431687,3.67,40.36730329967434,42.59623247134984,2.1126912818894055,13.158579480907022,15.520847197665718,1.1858096235824354,0.771090954462421,0.465386880964387
K21575,0.909438109626898,Suppressed,0,247.7483062466691,6,4.38074760798604,1.2260558711199996,1.0968787603475652,58.338087844731795,8.400189010922926,67.55726166395682,2.9706885834686436,1.3298749635517597,12.570696261043404,2.3887959962972594,28.62080769521336,54.04976987544652,3.6766428082337126,16.369203007210853,7.94965510764544,0.41332876350136466,0.186351986370246,0.253970616526619
K09771,1.91237542280111,Enriched,1,77.2979045381541,8,6.37491800631527,0.9259508090392857,1.1660320864830336,59.00072053659729,6.597935580145082,71.33678031849742,3.825704577771336,1.2794027881032464,5.340224271295503,3.0078859664846824,35.498580826563284,76.74047339030251,3.1411729639314645,15.584018093438381,3.1104550266789945,1.2472293757126363,0.328421424015709,0.730732970734532
K07110,0.703294522240021,Enriched,1,359.87963190672605,5,4.724954231316924,0.6083964888200001,1.633134764245723,55.100738021099225,7.840475749329385,64.82063064192448,1.543395490047347,1.3556955696632569,17.49438423102374,1.9948889915469243,26.70557658387709,46.193528412448735,2.7323861337808975,20.197259760950168,6.961265311597913,0.05103863823846142,0.967290450761269,1.35093499129624
K07665,1.09461623320384,Suppressed,0,312.8791195940931,10,3.4510610400526147,1.1872768106244445,1.0874517811907534,75.18216249917312,2.513621432131647,72.1609565366419,2.974285936546131,1.21417155200365,9.156094974047711,3.304227313347719,33.676117749204245,64.27832136192946,3.082444577343904,20.257831860751253,4.294959496150074,1.8263406710174017,0.467557957527733,0.488853711791329
K21337,2.69410564220103,Suppressed,0,34.947858880784445,2,1.9983992146144034,0.0174303567,1.0,57.21528432999965,4.129992197446368,71.06521897042008,4.3432781978845165,1.25,3.9587453955654217,3.66,42.74780538295854,79.85962397501751,2.769204903207374,14.541374106666963,0.9230683010691246,1.2788769542563092,1.33450090650761,1.29568717540998
K09859,1.1681919314109,Suppressed,0,178.15851069790415,4,2.718284207027155,0.20277679231666665,1.1012606147704544,55.89314217977735,6.2972144749918915,68.18612174884188,4.034975860733688,1.1925253082845009,5.151619091398074,3.67,40.88862272273804,42.876283153390986,2.0992660259793667,13.18686617248219,15.337841760486047,1.1751478404335378,0.302620128884928,0.330078849775296
K21162,0.985273165647511,Enriched,1,228.57117695473946,8,5.020566899188092,1.236239847267857,2.5945565515796285,58.78646564378306,5.526452005744657,70.91262491815418,3.8319566677749575,1.2414624940982548,5.435057157561948,2.981607685217225,39.53393998160648,71.80935409000202,2.231990026978245,16.96061647410728,4.416387313585465,1.7921795049244096,0.854556113623013,1.09869710312439
K21163,1.21054818288912,Enriched,1,147.57917987770523,3,2.4063699151196745,0.6089648686666667,1.0,57.78150881939281,5.668088098057813,70.69816958896419,3.804640701638941,1.2888370971165344,4.236591627871528,3.81185303421611,38.675547005940395,81.94892258760544,2.095904904091538,16.730492891366147,1.4942304058255647,1.6660199304273369,0.28109115802733,0.449247902711015
K07536,0.77513892012667,Enriched,1,49.49099228398194,4,3.0071663487359412,0.5123102720666667,1.0,56.94637453698809,5.355500554162346,70.43380126644087,3.5305366419221835,1.275440841303491,5.100554531108083,3.3628280822716103,34.66052848705024,80.28903899894783,3.08864002150917,17.15716786893748,1.746997650515675,0.8705121038777511,0.445666525592167,0.556626304318066
K14673,3.30816204225268,Enriched,1,15.608064638297543,4,1.4803800197905224,1.0957955155166668,1.0,81.72375404615616,2.3067394217544432,70.2583351449201,2.504766100545318,1.061391019866663,15.056572550511454,2.2993351144347427,25.301219975615897,52.65778877042975,3.992804046161397,22.11720208423782,6.38666947682284,0.11485299974630785,0.610350670355297,0.862625636625762
K21681,1.68150088149037,Enriched,1,210.34935967200943,8,5.379440841374623,0.8165718292571429,1.0,55.66359806399825,7.698865201349318,70.69587396277954,2.740369049815805,1.2949341160740961,6.346233349846042,3.0216978596078428,32.40202870248077,80.95057775077339,2.6148144902961397,17.972180558988267,3.4261484594825733,0.957665288208215,0.408127195901588,0.722764784222328
K13745,0.687175599431619,Enriched,1,418.48499383046675,16,3.661856848126969,1.1138703578275,1.2049821299377763,76.72196965546999,2.146946566877008,72.4182537399455,3.2168683568069727,1.2026982966359887,9.070577904850817,3.8320296256172783,34.608515378258666,64.39729871632728,3.1593852477339466,19.06611967306089,4.113784079062029,1.9994295934196056,1.32095952409992,1.30217503603009
K11816,0.957269078812578,Suppressed,0,78.23827574207932,1,1.0,0.0,1.0,62.45,8.42,71.78880604,6.074454,1.29,5.926458575536172,6.19,40.8059168579444,81.6118337158888,3.9530731956133636,11.349145626115787,1.7852588625350676,0.7651109410864575,0.331474629484003,0.149791575855628
K08082,0.606993038883083,Suppressed,0,761.9789744479585,5,2.172511429377166,0.84480899286,1.0,77.50294066282753,3.382597538929876,69.93465154969418,2.443586262634555,1.095818296863802,14.274517686119413,2.314619891666286,25.49292943081217,50.786568328579946,3.7296339723204923,21.579978404946864,8.807263238204118,0.1275694514290222,0.58538573188918,1.06333767510403
K22879,0.84634715265177,Suppressed,0,117.60323812676693,3,2.9910742687505927,0.186613589,1.0,60.62220938483688,8.630028832808064,72.13506114817935,5.608708706721722,1.2652456755900958,6.340786849687735,6.1899999999999995,41.75614659739837,81.78642991032704,3.9575016067246915,11.66204823853299,1.542927567782632,1.0719788353931168,0.601051518367224,1.11932431244248
K03658,1.52000431133741,Suppressed,0,83.61656849704382,1,1.0,0.0,1.0,50.87,7.58,70.25784161,2.232417,1.33,4.47944985188699,3.66,37.07448601280755,85.60835861139198,1.0111223458038423,19.548365352207618,2.0222446916076846,2.0222446916076846,1.70648770376698,1.68229576976608
K15315,1.5765935170272,Enriched,1,37.251447680284436,2,1.9999852100160076,0.0639598291,1.0,63.057538702596254,2.7921733537628834,71.06404517490682,5.032754801679274,1.2299230844561329,4.072766844007704,3.66,42.468505381074536,78.13817090545493,2.5871021615520506,13.423739409341582,1.464685804743986,1.3756854104432938,0.342908684204657,0.515364492936023
K03893,1.52560903738448,Enriched,1,100.08526332561189,7,4.712111530072618,1.0481125644666667,1.8578794442589759,56.33112184488199,6.79485604713596,71.19768256394254,4.332695231715122,1.2574763295758837,6.410122444808875,3.224629206080107,32.30840748852574,62.81012978053246,3.1779265532848036,12.601145776920779,4.767650896970028,0.8869855040780523,0.717580156897968,0.681419491710229
K08225,1.56063974153167,Enriched,1,14.677101851123894,19,8.640741005327303,1.03654144217193,1.5533896870330484,72.90266669788505,3.0943991344565243,70.95000828252637,3.0766202582051725,1.1831303047904462,10.328679423502667,2.8476503508370206,32.364593431888856,63.01447229001565,3.2563455620068393,19.437620551045445,4.240235913585262,1.1196173548187012,0.501325490624813,0.540395227086003
K05825,0.630594854081484,Enriched,1,892.6176894104866,20,11.6719752699239,1.1760473947473686,2.3757882375951977,57.21744760910116,6.225890171225008,70.73445314150867,3.56861029976741,1.2693110447307643,5.039718398197869,3.323581796026086,38.03022094389689,74.90218795451837,2.7016522150202924,15.91579830413917,3.8880104156603297,1.2275853354304986,0.437394273329801,0.71242815101256
K15876,0.780486356827167,Suppressed,0,223.77992550323862,10,5.05446795079999,0.8065595670533331,1.0,61.778888879089166,7.329865789703647,68.18804854270093,3.898986010239587,1.183223242236209,4.846605623582738,3.4215742227411345,41.540884796381164,39.50278722283399,2.568212394667001,13.112351911230839,13.126367308760265,1.5959843978927488,0.401924172337589,0.349121884573214
K02770,0.816695270647727,Enriched,1,142.16359830907342,15,9.510664800654407,1.199810405392381,1.081254331497547,57.423241224574134,6.392144802744391,70.12346962887703,3.4684132697144623,1.2399126623618089,5.187414273021028,2.7923804467247244,37.74811787583525,69.18315560047321,2.8495852677227353,16.94700480572697,4.853285437045315,1.20180968237903,0.360431399197667,0.252250388411021
K11004,0.572040487078235,Suppressed,0,303.80661129951426,2,1.9978594214427365,1.4295895384000001,2.0462705120741593,57.393370462613206,8.970576454393047,69.2613367311663,4.592758966028423,1.1656940576811121,4.52588929208897,3.3194993784551565,38.76366992008752,56.90185342858192,2.3905891906864953,13.595873939211826,15.840758871352545,1.2991065016721537,0.588402558280025,0.813563337442334
K23301,0.762992906293658,Suppressed,0,64.25348713971461,6,3.712514733303202,0.8207998283066666,1.3492557556831883,56.97439864119506,7.8715087359040075,69.2766725893781,3.1397663149598447,1.2529573652396357,5.505090186650821,3.556176718774828,38.527273807958984,50.236576885511965,2.5533319010477475,13.090503069193055,10.872263596689491,1.7217599620082893,1.54140785102256,1.50185655415068
K18912,0.556938117741648,Enriched,1,735.1546603467914,23,15.11871848915835,1.2600560382584982,1.2412334811921069,55.66530143848471,5.867378238900075,70.35049123896027,3.0318100772424166,1.2794799571539908,7.357912114331349,3.266265661176215,34.06147137833232,72.10093878710586,2.409462343473478,17.86322950345445,3.994538888730122,1.1824301034669358,0.217310898857908,0.387946752594794
K12255,2.25665850768814,Enriched,1,29.017221567583164,2,1.4804680671422434,1.707900309,1.0,53.99527990677677,7.525407896291123,72.16106827815781,3.427051427962903,1.2826886165188718,8.047530606155737,2.5807797928280305,30.028218603539308,69.31186328899311,3.358653977437698,13.785924612612646,4.523054419447531,0.664707028358242,0.43064217783257,0.638060298664428
K00571,0.554896161688354,Enriched,1,382.635459519947,14,6.636570471417385,1.0320766732901097,3.801626967654727,63.81261280669756,5.8258846805189215,68.31898167374273,5.101433780743105,1.1505970707856497,4.904505101882138,3.787347030177353,43.280080046225635,40.625752650362436,2.641319481883031,12.505863573700566,11.320728844782195,1.7640271996993881,0.891192168694706,0.622713470006764
K16044,1.97104301238483,Enriched,1,84.69984871157381,16,5.357212847260681,1.1843257640608333,1.0344011867356444,72.69752441020938,3.2299469633459568,71.9618523206471,2.971475377135067,1.2162374988526146,8.728501772461197,3.3748309011662867,34.93873259557249,63.60563615643249,3.0499682183983725,19.066697141444976,5.0751950555437535,1.746946068655236,0.471202517354759,0.686060324797139
K14671,2.39046057962595,Enriched,1,23.044357305302196,10,8.443847977880049,0.6204821686511112,1.568235901757482,57.42565322367096,5.619026280166473,71.30711400434772,4.119788746762697,1.2758250291738995,5.785007454102783,3.8961264000078386,37.051345221078954,78.11991613338209,3.0308550639588825,14.351437038462658,2.3052874670615937,1.1642400879290746,0.453966464998863,0.691106518068823
K02072,2.07882344066615,Enriched,1,31.278583418003468,1,1.0,0.0,1.0,55.35,9.42,72.19494445,3.993076,1.23,7.262571511286036,6.19,42.371155021389285,83.92748013852108,4.074149521287431,13.648400896312895,1.2222448563862294,1.425952332450601,0.511726761894063,0.748638227229659
K18547,2.64840684163879,Enriched,1,98.99139298471545,7,5.173871736158563,0.5148373744666667,1.982799676248652,58.5397719908906,5.159145985092149,71.5617290212328,4.634349368829557,1.2523049702641842,4.981567831313917,4.367135430679229,39.786128292301726,78.53436801712061,3.2336257668510413,13.637745104668731,1.4480703324712292,1.1831353387943309,0.542711282687641,0.70760439663843
K09962,2.52155228287812,Enriched,1,41.32768962299124,5,3.6202602562876582,0.7548139525,1.5548377745943596,59.71465562636806,6.8782875278133675,72.13616011641568,5.500229134474659,1.245961105523738,5.395585061427559,5.992516237220894,38.92270917916559,75.08657323501346,3.888416222154267,11.323717503811055,2.778099213822623,1.0279384209286673,0.524678875938334,0.664301761137297
K06330,1.13190635334985,Enriched,1,20.824631549154144,9,5.039211396216782,0.5478749820166668,3.3005698583484646,58.888330064901474,7.349504820072328,68.12693532115777,4.002905099565921,1.189201124427325,4.913837724322356,3.6529000988040736,41.47333813094708,39.795779574219914,2.4436980289836843,12.957042207014194,14.439339366402814,1.4158724038199282,1.20758888808358,0.903381161329637
K23107,0.655126923421574,Enriched,1,456.1950433565083,29,9.810980226996955,1.2225010677807884,2.5090171750148813,68.7470688966695,3.6445642600527526,71.20885690061134,3.3623945601023033,1.2172621668162313,7.593621035174511,3.5058091525768513,36.436928148064766,63.25886804500521,2.871187299497728,18.105707588415658,5.039418355564141,1.6242043191293019,0.255093317398587,0.550874624861934
K06903,0.654089360389876,Enriched,1,218.3241181991601,18,8.02566129836138,1.1820545844254904,1.4104555742467402,54.285760988349516,6.7071979061098705,69.44247350904251,3.6153321991177925,1.2464187398399795,5.031944057869417,3.7202761741180415,36.859601037154505,58.50892913794203,2.215111567120562,15.266550794496402,9.310621285172605,1.185993514106295,0.7884929769504,0.794665249015372
K09702,1.1070980652687,Enriched,1,173.55886330275698,7,5.161609331065371,1.1053945382190475,0.9999999999999999,61.16938100131993,6.339279880598757,69.7723056943958,4.130697606045208,1.2122388832505835,5.130652383396926,3.7889702988214418,41.247801175684366,55.69629989140653,2.84647671803125,12.624007118528716,8.728945887820393,1.3339991891003713,0.468641888487373,0.53533468484956
K01178,0.592753889849738,Suppressed,0,762.6904527818629,4,3.997111667614239,0.14137592535000001,1.0,57.02936505908694,4.428905342310176,70.8913404373624,4.018277726819067,1.2590139569664258,4.185614234610362,3.6599999999999997,41.95661991307266,80.70090475583906,2.2177541255086823,15.124130991285043,1.4609097152648258,1.4672722275932313,0.621608758361472,0.360527207226874
K01659,0.533530025339907,Suppressed,0,775.8547346792302,4,1.5741979461288964,0.44814006761666664,1.0097812072834922,81.77045945254572,2.7328591391771666,70.17825683591063,2.3155754780390407,1.0729258193874787,15.687099596622756,2.0989008986279774,23.55486936195319,51.71967920101405,4.006333321498584,22.865748389680036,7.514074487221063,0.032426688389724366,0.99725722344007,1.39762174384466
K22293,1.03813236441648,Enriched,1,61.472947515027585,3,2.366160836742685,1.1247928660666666,1.0,58.3732384178734,8.526009730519956,71.10015429082262,3.456183098456018,1.3337741384104687,10.410768650336758,3.4385193012374615,29.660247696056636,70.81382190331016,3.914227909247832,17.896944067868848,8.200203856884592,0.3029738071489,0.453915820975617,0.894320248713808
K14735,2.69675421938629,Suppressed,0,49.02497983680331,3,2.7317033114744906,0.8452056892666667,1.0,51.57937558361318,6.7195264015179,71.19555213029652,2.644337908329187,1.3091020050435445,5.098695145131192,2.352805347030319,33.78349098815323,77.06973036909538,3.1653509767901284,17.36168539250566,2.7839915285281487,1.3684139345680681,0.23092703656855,0.174921070088346
K15270,1.56178859793968,Enriched,1,8.206468716519772,7,2.549072100830901,0.9712082930666666,2.055501313169605,77.86032698277245,3.1270537378432466,69.80781191921852,2.188647726754767,1.1076975899897992,15.3768680818094,2.0826398475362042,23.483271551707134,51.239653203432965,3.8093076056481583,22.83325209211544,7.6742367502003805,0.026150297789294428,0.418971140578763,0.317235576053383
K18336,1.24763419470898,Enriched,1,39.82356423044468,20,12.211027385897614,1.251507216443158,1.727487951247874,56.726472523311465,6.581759173686212,69.916206588363,3.701851644830312,1.246729601438813,5.904028356437658,3.554048583134028,38.74230725342939,62.565362174867296,2.5357164948520174,14.917778271889839,8.793965015009121,1.0825897269007116,0.221706641828449,0.177116172578326
K01616,1.61566227746324,Suppressed,0,249.75748811222607,15,4.431270277960779,0.5861543843885715,1.9095757564144795,74.75790487568075,2.529184127820622,72.18855591277678,3.0809643086254104,1.211382803555358,8.531100323864843,3.7857308265637646,34.32249788360083,66.21748446049654,3.112792632327984,19.730811934596947,3.482753545061128,1.839096791637394,1.26142735690765,1.39988055334145
K15642,1.33922052923925,Suppressed,0,26.230333448658218,2,1.9850710370550368,0.1656633525,1.0,54.505158983854415,8.635733246958488,68.3604821183985,2.921086326115103,1.2399999999999998,4.866666081499847,3.6699999999999995,38.62370314586636,43.783446524138455,2.391753079222863,13.196274717944185,16.13574490225523,0.9857043494920115,0.532219159492869,0.913550050769958
K19005,7.91684481708614,Enriched,1,0.0,5,4.975365315765279,0.32475084576,1.0,53.207698335967464,5.732447099077928,70.32010239915046,2.961008320203442,1.2811316872380334,4.3174119809289735,3.056002277204275,36.1550997693968,77.25673060820029,2.637419305836957,18.535404352337654,1.5535896746692373,1.010501015601375,0.233489539431046,0.195408977184142
K01761,0.702090796895589,Enriched,1,1285.5027997544535,11,9.796859295298862,0.9667502667745456,1.140887974217077,55.62390073625983,6.304014960979143,69.39919286301003,3.188537074091832,1.3034665846711897,8.056479379565367,3.0667601518728858,34.53168018891007,69.02541621122768,2.3628999072884307,17.046852962604852,3.678014930993513,0.9249402112324769,0.528384137583918,0.740500070374232
K20422,3.57909120608969,Enriched,1,11.708018092596845,2,1.8295758728282927,0.1286991314,1.0,58.287490144586585,6.524979592443588,72.26578012077682,5.184567303697149,1.2370782895050279,5.613436014952323,6.19,39.069248035794764,74.07323511129378,4.01038420081677,11.642050117848633,1.666406832856419,1.1216309043485029,1.006702927632,1.09683647698654
K22693,3.8007402840936,Suppressed,0,47.328311281453715,2,1.8921123592202653,0.0639598291,1.664955238434621,63.27114270519631,3.0374842004988922,71.03509583495463,5.022314405417815,1.2365982095373846,3.9817361855120392,3.66,41.6200672375562,78.27536668597236,2.686326142445739,13.864131736082296,1.2975030715608056,1.3979895745063549,0.367869794243722,0.426039477842537
K00563,1.21731815365595,Enriched,1,142.9874109380528,4,3.260282214982679,0.8932064471666669,0.9999999999999999,57.46311816621692,4.582032956059306,71.76048998543217,4.141230496475496,1.2628679640411409,6.182181434296911,3.583770750107714,39.00683585423645,76.64478361470121,2.6744327821015506,12.900627291113622,2.806252490514583,1.3781383755904384,0.173920879503947,0.458851380774496
K18233,2.24095056861031,Enriched,1,102.87756083232539,7,5.628647089880493,0.48122007308571435,0.9999999999999999,57.302512192311546,4.830508866611894,71.05568703244089,4.213400556585024,1.2606263766551662,4.401866120865003,3.8012441379855852,41.556215384449246,79.77097856684331,2.4053324751118086,14.596903478014694,1.588502369088635,1.391861473234416,0.558887986868061,0.737250671305257
K01134,1.47162504082454,Suppressed,0,60.07409406777655,11,2.7952701667975175,1.2522298206872726,1.082368425087912,77.69687965597667,2.3073598225099285,72.12908395677908,2.944530659542684,1.1974272163832196,9.534866436833314,2.4828229001246274,33.69121076204807,60.2210704245033,3.2875586536925243,20.579694208426826,5.336019388998085,1.8976417536119854,0.195428799736632,0.251650852552122
K16432,6.15787590450083,Suppressed,0,13.472201925501446,3,1.9231660116468556,0.5565075922666667,1.0,52.81827515763895,5.508330172410662,71.35749023906905,4.183165631465599,1.2562736224073046,4.50833056008324,4.184466633084207,44.91926307231897,81.19391049411075,2.9053277742620947,13.59132201826083,1.0465878805923658,1.0639728080479858,0.687546470170755,0.601907598724901
K22694,1.14542041100326,Suppressed,0,148.8480639059929,3,1.4417281220834723,1.1341984302666666,2.819381393051429,62.40952736359015,2.557158379068955,70.83886533812294,5.133409426946067,1.204581441791543,4.4797659119466635,3.6609030930347433,45.08484936751204,73.66367255822686,2.286591406772759,12.153761461526965,2.877623862866605,1.3255700608690455,0.444765031518751,0.569950902901113
K21251,3.22064976676363,Enriched,1,7.352429623652697,5,4.79473061663296,0.26051605598,1.2274339299374946,58.73240061255878,8.084630502538342,72.11853761464079,5.253227020382272,1.26458439665131,6.18676576327116,5.276158589438649,39.9252295471306,76.98871984294267,3.799615423963862,11.680049525346913,2.0781958779165173,0.9910478984035619,0.889838795417439,0.516040199116412
K03465,0.649522561015716,Enriched,1,788.7756368014208,16,9.7579279531172,1.1432405780966666,1.4372752910446955,60.5395898880612,4.827102951239364,70.81996106646986,4.605838244657916,1.2055589963823032,5.474901340451527,3.8160568866367313,41.79512150846843,68.45517454030585,2.720822043673037,13.377080683993043,4.831449311396499,1.3271716359296055,0.641215295399762,0.588159139549849
K07008,1.1937627690164,Enriched,1,175.10321443075023,10,7.552516387701988,0.5073514218288889,1.0,53.60871452540231,6.349661294615508,70.5213623685213,2.9292249004605555,1.2901700064868642,4.860589947376127,3.325279589555145,34.57029869434858,78.14109981313626,2.5802000092652677,18.396306219613557,1.906582803572956,1.1147557755053645,0.227241067487583,0.763721392602652
K22821,1.10528862256191,Suppressed,0,63.161146760074985,1,1.0,0.0,1.0,50.19,4.78,71.16082048,3.630346,1.25,4.13183757140504,3.66,45.81497797356828,81.27753303964758,2.643171806167401,14.317180616740089,0.881057268722467,1.1013215859030838,0.87344097065642,0.920173935289523
K02227,0.853294377114137,Enriched,1,411.9443763506015,14,9.711772871595299,0.9850902654076925,1.2756177415288261,57.6420977016539,5.806871230871598,71.32638959993261,3.876818898575653,1.266760146590889,6.369200513117225,3.446073693698405,38.20975181415241,76.48152679511794,2.9056093437517885,15.073073277382314,3.8713831306847255,1.0576017526638553,0.260102967834782,0.300326306174933
K04772,0.644503691459381,Suppressed,0,437.44076045622825,12,3.0664263103733984,1.189269476862121,1.0096574192679935,77.31980141721037,3.0440715905146036,69.53011637517919,2.4569849574901323,1.0988741739879293,14.63543021437683,2.161515435847743,25.213637098384233,48.9276662834674,3.5634307999670702,22.15226697040591,7.9279249348179235,0.2236654547495821,0.470405474358718,0.935158517931513
K04073,0.709519779586397,Enriched,1,397.12883577021194,9,6.0159721424615205,0.6351277560833333,1.9907467211509378,55.33860887137718,7.4266282612085215,70.85668851545924,2.8815331083451747,1.298947145475966,5.295375750381554,3.1014904443971245,31.78403837938325,74.0533330912844,2.8001269129344735,18.651957700716853,2.6741241764038497,1.2148323495064155,0.230692010904794,0.462055751752097
K00351,0.644358124760145,Suppressed,0,133.22671142441206,4,3.671255069281874,0.6923233656333334,1.4296175483798255,53.99612971903579,7.0028807320837085,65.02373148185825,1.4830034535250538,1.339165467975757,17.233978058870257,1.9995248691061005,25.817522467352696,43.388500900878455,2.6608505457105043,20.78690259794631,5.466454053285908,0.0,1.00776934669986,1.1979732494677
K18214,3.5681065270687,Enriched,1,2.296649450454624,6,5.3699926132208216,0.9342587996,1.0000000000000002,60.63408059153626,6.667188326023196,71.3600962373416,5.735335949143404,1.2388556580875858,5.162994381437222,5.408416290111559,38.28525170327748,68.81469335202605,3.5909927569683937,11.218306119743682,2.978002716291249,1.1306708771081868,0.530764722237521,0.662992962211877
K08992,0.903364919071426,Suppressed,0,117.27531615721193,8,2.7212556261676197,1.170971269182143,1.1047721528153702,76.7883001073181,3.5609351976952395,69.18889652297642,2.2407089219369105,1.1218059813785821,16.07116617494671,2.147479960040638,24.34226049236144,50.13129169833297,3.723430636165995,22.393313538452436,6.860636892967388,0.03862980203716058,0.336585809947715,0.365439443355702
K10234,0.530534753641547,Enriched,1,569.4505714698258,5,4.217133451345941,0.38936725026,1.0,56.62878157762049,7.6116482773050675,72.47379210585468,4.520248610636318,1.2738896334019336,7.122493948272448,4.696422175440043,35.848505846198876,75.99133468781953,3.802042554328617,12.578013865173705,2.5881287440109446,0.8155248689146126,0.589564682959678,1.06461957393535
K00016,0.554459529089285,Suppressed,0,370.8227603368621,3,1.718629585982843,0.24091536533333335,1.8292202991888253,53.432764486794674,7.017237767044668,68.34325562195652,3.689799798037392,1.2150135814691918,5.2175482828014585,3.67,39.176363479563406,43.92859457232234,2.0727247402257714,13.26921222051301,16.27733868578406,0.9697889547495457,0.425858107122217,0.272433028629688
K16425,1.62544444073697,Enriched,1,23.10046295247264,3,2.9559931947806986,0.7426160323333333,1.0,61.42031281786059,7.661247631165463,72.33961794457929,3.1390562781935687,1.281862822431564,8.683353072313405,2.6700000000000004,29.60098891951251,73.31943908601072,3.0330010049504974,14.737488842893647,5.456595776661627,1.3629605952506099,0.387283836493905,0.656610391246152
K06298,2.9598884110732,Enriched,1,3.059886150924374,5,1.47203949965406,0.9812579199800002,0.9999999999999999,82.49947203538737,1.203697196376821,72.489263810333,3.020462720393191,1.1753619708288452,10.086586318937115,3.956211098535908,34.196202224361464,58.403469295599706,3.3117375450898,20.728725049187766,4.883050207061102,2.1339236108662907,0.36994559581869,0.291685537480217
K21344,0.76234205735212,Suppressed,0,372.4425051979051,1,1.0,0.0,1.0,61.94,3.97,71.7901753,2.925261,1.14,9.57179547397651,1.67,39.29214157168566,59.68806238752249,1.799640071985603,20.695860827834434,10.197960407918417,2.0995800839832035,0.571501625618018,0.930019069444463
K05882,1.0787105992106,Enriched,1,26.706693419037794,15,8.324369844880422,1.137950238805714,2.5561858894033964,60.21509321496032,5.203218182441946,70.4174518173467,4.224419855398119,1.2656659672791206,6.261994933666061,3.4981700630691743,38.946015627668224,73.87499179983975,2.7108028155622677,14.79865545841413,2.783275095777316,1.1505160371538685,0.376987499376227,0.635340860917421
K21949,0.758638207721782,Enriched,1,93.56699385413953,4,3.891035700338435,0.31068795146666667,1.2957750394702523,58.12405644968308,7.114754311512972,71.8255861456467,4.995476991620584,1.269023684972869,6.180200023758223,5.203241138434355,37.07194138256349,79.61078380541893,3.7168879583440098,11.849888925654554,2.432417538889101,0.8077941140956177,0.330286211199655,0.888515326752747
K18851,0.816593280729475,Enriched,1,92.99864978174772,8,4.8128427502666336,1.0483391067964287,1.2508911494479125,57.79476256429676,4.275204628387009,71.14515778653589,4.84823587242076,1.2309744656046337,4.4145412619039694,4.147699860261,42.698310706121184,73.90360526931107,2.786789733055281,12.325706091854647,2.1342076461831385,1.2006461294153528,0.761685488738102,0.62312313751439
K06864,0.505939095382555,Suppressed,0,790.4804264154305,15,3.373962006003132,1.1691452645638096,1.0,76.04277336008437,2.4783327766998937,71.97717937650799,2.9388417891107212,1.2009983782711644,9.027459904568213,3.3790681592448535,34.139175352577944,60.641544412321366,2.9610656837171474,20.35770935785717,4.6708333633270716,2.0295088094936315,0.104915579083971,0.296004431007777
K15579,1.87826542758918,Suppressed,0,87.1241181157169,6,3.391025515736583,0.17592090931999996,1.0,55.62859269810511,6.6319367494153365,68.18776383132169,4.202842129819261,1.1912893211140458,5.2018890192468366,3.6700000000000004,40.91497140464847,41.623769738032294,2.125486118463647,13.103747004314473,15.182547230600182,1.2158817876371768,0.277123755379534,0.633262049908968
K07079,1.70400480396198,Suppressed,0,57.552082922190756,4,1.5204139454867616,1.06508435765,1.0182007308991243,80.84730769019596,1.513976328628888,72.6302423673364,2.7099210338263706,1.1917803668658151,10.002199420963196,3.09812328099829,33.73647225584111,62.07254954754695,3.1668932734841797,21.291753126045798,4.2701961918906495,2.1534189568875592,0.305219343554942,0.373035907165643
K09158,0.732977410316102,Suppressed,0,166.6278697119283,5,2.2261706056522965,0.42545549128,1.1924217219326916,78.05622255692316,3.0600612255580812,70.2180813656588,2.2144794188941224,1.1012098628235327,14.99461121957306,2.093839313230536,23.568270402585448,52.92867202298405,3.8345876408228405,23.012509824882766,7.756642756399622,0.04276668327202031,0.521146516830247,0.566583276998839
K09861,0.575085110400959,Enriched,1,366.48892902150345,11,3.894437789997731,0.8791559365054545,1.1351569014967078,72.9063837510972,3.297579718886894,71.91896805874585,2.650426388299741,1.22534546562298,8.863244462160141,2.744100189435139,32.25397070186049,66.29437051023599,3.2119799824407744,20.908597128547434,3.9557428149143696,1.6128079440182426,0.752192480967062,1.21348570526053
K00537,0.518975187876316,Enriched,1,491.0612830107393,23,6.218421088201243,1.2932056642790515,1.5345783757560052,76.61094212850071,2.9774127739844145,70.26195796255459,2.5168876349466096,1.1461794443702027,13.228838965245432,2.2819244980661186,27.94182555995022,54.16633559135653,3.4818213151249897,21.612094542905137,6.192219520471778,0.7206403519397674,0.606939189796895,0.992362339832418
K10008,0.612289161156915,Enriched,1,501.86197368264675,9,2.5818473370533925,0.604443327111111,1.0494629210210895,78.9996328723856,1.8402462343531671,72.64493249098118,3.064511688367606,1.1944784440271783,9.679842500244813,4.2857276131198985,33.956531798875176,64.14450472453747,3.306113303549219,19.671904720869392,4.069950185173528,1.9527341901341935,0.132521842483121,0.459578075744401
K17061,5.36765016333194,Enriched,1,0.0,2,1.141727818895278,1.4500806536000002,1.0,50.613586737518325,7.667842973728423,68.51782654218349,3.2596843984716117,1.238237844838223,5.170045588274192,3.650322600693488,37.53030074001006,46.84880671679052,2.0018396500408824,13.401546988440845,17.15690789518707,0.7526014316849018,0.335498895299988,0.548037509552485
K03528,0.655719798754756,Suppressed,0,283.56773369573244,3,1.6441248301280504,0.3123942834,1.1014036957651185,80.79948789986325,2.3356597002086543,70.1845170629195,2.236209199438097,1.0736567146532707,15.432951702593686,2.0900000000000003,22.861981677188492,50.6745891658811,3.976431483496905,23.10016685648209,7.385901574343032,0.0,0.558443377250231,0.830266392920625
K07662,0.654528694191996,Suppressed,0,108.01120380627943,2,1.3709068265439375,0.2961437927,1.0,59.61441754385757,9.766738529863686,68.18874373920545,2.8301166527120154,1.2313893404394711,4.519063304005165,3.67,40.39793793571691,40.289459916056245,2.8411837892383978,12.989780776168452,14.677531440556487,1.3223668886175468,0.917857688962902,1.04559186499454
K02496,0.501025966330892,Suppressed,0,465.823198735003,2,1.24041854547239,0.2110752992,1.0,83.39211331718674,2.0036917018232017,70.14937270502111,2.289087084960844,1.0511739827760003,15.879510881045427,2.09,22.929989391483616,49.724079584233145,4.044111456281289,23.11863288235588,7.110793839268521,0.0,0.867595998624853,1.06320817029151
K01093,2.59257553232437,Suppressed,0,29.19341696458926,1,1.0,0.0,1.0,56.02,9.91,70.71920343,3.249915,1.18,3.6924042628807214,3.0,32.283259567820885,79.14605571465765,2.6034886748242645,13.798489976568602,18.745118458734705,1.0413954699297059,0.69800148045325,0.423169100072492
K22336,0.574686083643509,Suppressed,0,235.77669853882438,3,2.698488885671838,0.46846412786666664,1.0000000000000002,62.06100962302443,6.060317875438083,70.80927659915214,3.7215381404308427,1.2729575303144167,4.8699423891173526,3.528247862428207,36.47533607047963,80.28350835157721,2.155940001840747,17.038293983761303,2.604571264347738,1.6046137957177158,0.759760569355998,0.450522164247146
K05551,3.00467852296492,Enriched,1,39.304038204536035,2,1.9072689827914948,0.17346624519999998,1.0,56.27833245203361,4.791898200501302,71.84037018615885,4.411803624795773,1.2330567509742103,5.951445167573471,6.1899999999999995,33.95366888701601,81.38021941081472,3.85524671494806,12.216279605737865,2.183149165883353,0.9289700035774926,0.444655963052742,0.654070011821039
K08714,0.985923001478131,Enriched,1,158.926457468419,8,3.8663224791509188,1.1642799956392855,2.2753144542429555,55.284134493108965,4.272207473015771,71.04777492444235,4.227083067614854,1.2400989292894586,4.658183432554062,3.6365075315737116,44.22813769534337,76.59443014641548,2.501317876850896,13.253869692452557,2.2610613449699346,1.3060195513973423,0.226063908301569,0.527550676387829
K21273,0.938727171532719,Enriched,1,143.30451413203068,3,1.358164869068265,0.6278707968,1.0347356638729692,82.08977582206381,1.3893189102188848,72.83527776066303,2.8311966375146675,1.1888940019811314,10.356863994886792,2.4505307493181605,33.238796709963644,61.20983359993153,3.378773415194897,20.898464708004177,4.260426966288426,2.037504804247214,0.267519824619978,0.430865312531203
K19270,0.632462741456015,Enriched,1,292.4940304540273,17,3.563360559052034,1.2053221248411765,1.891339389433952,76.36454017476832,2.7615652652012703,71.84456328054596,2.983332483637317,1.2065035215705262,9.751522126176756,3.3826075202894526,33.805973243345704,59.6838894662351,3.2109415841906053,19.824014706484522,5.276839427789567,1.7819496958242091,0.42712252625746,0.426221158915673
K08162,1.55184029764301,Enriched,1,11.624155049244896,5,4.185019501682787,1.0337084398799998,1.0,63.864064183446814,6.960811786718063,71.84717104964938,3.99280489684992,1.2546803643347646,7.309701408571485,4.329865925697127,32.41297839681892,70.64683147611768,3.060329193549181,13.750376485600398,5.08841860849984,1.613552056735545,1.0708617133642,1.23854277144525
K01400,0.58037051819821,Suppressed,0,213.57791101608703,9,2.173511982977484,1.0497050501444445,1.0598980093780106,79.70429633556965,1.7647167808172548,72.53334414882987,3.082391830265732,1.1931239515501668,9.637640997997837,3.3927476981724385,33.92757227657367,61.98905601266842,3.3185904007288443,20.053170969725503,4.07767450591924,1.995988177157162,0.183767161725936,0.211172193130514
K05555,0.862276677233614,Enriched,1,122.64666956313106,19,10.077942916801213,1.2123263814701757,2.2622401626917643,57.59489800425227,5.472453472825647,70.91966170324702,3.7050445275750556,1.2668580866993042,5.531239387439097,3.0637298310205154,37.858414758006795,75.59789454711881,2.8834943306051875,16.3162668549602,3.808773054699643,1.1156993060781106,0.230792334070845,0.240158677076762
K06409,0.776699238075513,Suppressed,0,98.16664124928668,8,4.681390175750723,1.2550085315285713,1.0,56.790806086839964,8.414970372803758,69.83823302516313,3.0722715326744536,1.2545805640538017,5.94328546817367,3.3949288406564557,37.30334487340865,53.040912487570594,2.8261656375303024,13.346792481589326,10.281988919888859,1.4777059487329707,0.539847691339827,0.652871758273031
K19068,2.44292805831723,Enriched,1,39.05785846226874,4,3.482979705555155,0.49634775784999996,1.4357428769763976,69.0740328265524,9.415682386177792,71.95478483158837,4.959564459723753,1.2588570394330536,7.532368183564213,3.3630818617973537,34.3673256336916,74.26374551602055,3.4082709574390293,13.09987225583195,5.1224690882628305,0.7686426688986228,0.644493040818403,0.964187763668766
K17330,0.777952925301437,Enriched,1,345.8030844532568,10,3.7557077081741963,0.5817060150155555,1.4372741647792533,73.28508346812988,2.149929419246768,72.25724952783511,3.3833353462879674,1.2056399671534477,8.204950865817437,3.9308649847873114,36.98667425549918,67.60970851838825,3.1191384592987883,18.27854934382252,3.2230333446472117,1.8031115954876393,0.184109896625286,0.447973128202019
K12454,0.651011110266098,Enriched,1,466.11052936521156,7,6.283440143358695,0.8348312996190476,1.8189992828380708,59.808852602467915,6.182370077787302,69.73925620157391,4.200326311865238,1.1834831264034351,4.819148856687009,1.8303532732149592,36.39047528379173,47.31191240702022,1.8029280026547638,15.461173030029062,9.983417874481345,1.769983403801424,1.05963225460687,1.23753681385924
K23624,2.69408719765945,Suppressed,0,9.039689762250722,3,2.999592192793019,0.08254032186666667,1.0,61.21534743533304,6.25659949368167,67.62489370169853,5.362851704137292,1.15,5.418938665227971,3.6700000000000004,46.1949680937441,36.98538863920165,2.089438910896736,12.801585339898448,12.130574701220176,1.5195816611493476,0.252873961010404,0.300384132913211
K01725,0.639364692797663,Suppressed,0,97.96809784388763,3,2.3705306857590576,0.05864000560000001,1.0,66.40744386489249,4.8153327520704,67.79277831741364,5.825151048215513,1.103111289475871,5.266091761175912,3.67,46.31010406329762,34.16076795254698,2.4470414169967545,12.800171095852944,12.309292660602681,1.9856490432312932,0.768932182057251,1.79319923687274
K06202,0.788666792890833,Suppressed,0,134.09369010892047,3,2.163866912715784,0.7742004212000001,1.0,54.56994422821964,8.551977177708643,68.3458305340344,2.98765739871346,1.2385579661794401,4.833375365422162,3.6355971931380706,38.48315502258676,43.588099250256946,2.3825327425993796,13.156148334625286,15.974987614352907,0.9940061724957583,0.401896787266257,0.600887321302807
K17876,3.40289442334907,Enriched,1,12.38045240066927,10,5.565624827526793,0.9901802874688891,2.076413860482355,60.66529829868854,4.6297922456518235,71.26378607847899,4.872207092402931,1.2516490208900917,4.915317328114164,3.907324324530635,39.680458990093605,74.86378009721126,2.918315322121844,13.457734912413656,2.2964947741418618,1.3622728154730817,0.805844713742589,0.700077781931468
K01678,0.83760221276345,Suppressed,0,64.53283366595196,1,1.0,0.0,1.0,50.23,5.78,72.07682674,2.601334,1.34,7.688362970691191,nan,33.543577981651374,74.54128440366972,2.293577981651376,13.761467889908257,4.013761467889909,2.5802752293577984,1.16757862318018,1.00587558670716
K10201,2.13989756695487,Enriched,1,162.7685201540505,9,7.252916260168113,1.021480005461111,1.3884542374636992,58.6779244899435,5.1712743891080235,71.16356144224171,4.565467538004262,1.2382881026422883,5.370379344098173,3.504137053055413,40.680441859218426,72.56634124475381,2.913152998719841,13.306279107998611,3.4161358883617843,1.1670838922368933,0.605598482696063,0.912042742835921
K21685,2.60951710143768,Enriched,1,40.56445292252149,9,6.86293419926614,0.5554101892277779,1.3439503208039554,58.480496988368465,7.615647847201845,72.28272833971239,3.7757300579437976,1.2777115143461952,7.862342751158771,3.8384495441739257,32.70806263015606,75.99130355254704,3.387127142535076,13.625697786074346,4.00899924504972,1.0524282821073243,0.943458598212108,0.938444810770516
K06904,4.27288299188557,Enriched,1,323.8410682560352,10,7.27014793490188,0.8173074531155557,4.62092862050036,57.51209356751994,6.671658994878558,71.94174148861306,4.575343215123586,1.270370305654057,6.16409290301963,4.861663708340463,37.75057165856667,74.03457691971926,3.3369610730417008,12.521143323260011,2.930725600386081,1.2348679916300669,0.685178558897622,0.638656912088413
K01406,1.27921273060852,Enriched,1,276.9830110538887,22,8.192527885357322,1.2343706216974026,1.3943123167604667,74.43070959965041,3.6510414083912424,70.43152992484559,3.0472993894152434,1.158207618299873,10.21660420838643,2.773582546529128,32.36744281465784,53.76999825298733,3.2950989567632454,19.1602772217176,7.437131312251624,1.1562862565486487,0.882689025752179,1.20766758600797
K05712,0.520813719936893,Enriched,1,1032.7620926284892,21,15.619144109373039,1.0878676212114287,2.2671618744259976,56.80192013228402,6.412456598862629,70.64765279802712,4.028272444880822,1.2581563292886682,5.298586442640851,3.7149407541287984,38.17773974061019,70.13608498565046,2.891170634659356,14.580200503751817,5.29945590688436,1.1598274572850926,0.206146906117606,0.381892119280711
K22818,0.997552706624746,Suppressed,0,548.0690054786645,6,4.603594434149433,0.48671892891999996,1.6116954017876524,60.43324846171231,4.2751127036959184,70.85304007267857,4.2631169306857135,1.2458515636543688,4.708636060129603,3.3986578406730494,39.833783703027144,78.83987477899382,2.7323641540437924,15.002764223663599,1.9200524914799115,1.1175724244796785,0.854742301516913,0.979155571466368
K18429,0.905941935940214,Suppressed,0,125.30111919538643,3,2.799454010988009,0.9286422842000001,1.0,54.3580462142957,6.993621641424905,69.36792303172379,4.004887956857996,1.207839287123841,4.7560673248752385,1.8354223276674415,37.4190927194851,45.57767894284425,2.170894602725756,15.021725614118125,8.43491400025798,1.9804028176831288,0.250267144026625,0.232176883229889
K13283,0.908690143581531,Enriched,1,210.08201363096407,13,10.344144498485905,1.270450937169231,1.0788645534868575,58.66318927715271,5.075734160755726,68.3241421757684,3.734944008458089,1.2454774495203877,9.169629291492393,3.0791523716279996,38.4629028842276,59.12373041553824,2.58644642597848,15.749382450827,4.872492199660538,1.0292154916330947,0.911844574985866,1.30037301169083
K16417,0.937182096707181,Suppressed,0,73.87574792408981,4,2.189825229810593,1.0965062146333333,2.450164992688708,52.571329561800304,7.7078717382883,68.58706653029773,2.970300356770102,1.23956121045784,5.412176321971596,3.5409581337988136,36.726814568030704,45.94444042089292,2.229177216550802,14.158521678376653,16.06486375231135,0.7917607085646805,0.988003707902965,1.01807840781536
K15329,2.88365378511635,Enriched,1,16.525148727380444,3,2.4038327771497383,1.3267078035333333,1.0,55.472878950988196,6.098282134551584,69.57971624335016,4.019154987299311,1.2432395077909488,4.733345301196577,3.8701791046413545,38.4120824239797,58.40617817037072,2.4372858631362497,13.621803614265477,10.646276336271143,0.990628789014731,0.545875351271598,0.73556719550032
K15792,0.697395410658375,Enriched,1,75.75849154557322,3,2.711087226347777,0.04444310073333333,1.5414174621215915,63.5053923892993,4.127899684006297,67.6816150654802,5.85956930503196,1.1772418107238596,2.319080181521292,2.0,29.91156011281241,33.22069603219357,1.859912661582466,10.836036569217425,8.77265294866889,1.387977241548375,1.44564202808399,0.709894648281513
K00643,0.501941280951238,Enriched,1,671.4803360550455,2,1.6015933042985369,0.2681986609,1.8202600384966465,54.01628374592214,7.038534071806168,64.29929267964643,1.3336053667674879,1.3571895984601343,16.467592249315736,1.9800000000000002,25.276361681510327,39.76459367565774,1.7346853244427312,21.67449651061705,9.284176020819222,0.0,1.22203023202706,1.67686351572005
K06155,0.609462988270538,Suppressed,0,213.54321427086018,1,1.0,0.0,1.0,50.45,7.6,68.45121749,3.25998,1.24,5.214755918747968,3.67,37.689065212001,45.87155963302752,1.983635011157947,13.389536325316143,17.108851971237293,0.7438631291842301,0.587143416710513,0.451063230042901
K13058,1.66899072326864,Suppressed,0,67.37041804425881,3,2.3705306857590576,0.05864000560000001,1.0,66.40744386489249,4.8153327520704,67.79277831741364,5.825151048215513,1.103111289475871,5.266091761175912,3.67,46.31010406329762,34.16076795254698,2.4470414169967545,12.800171095852944,12.309292660602681,1.9856490432312932,0.49292317258462,0.373872919365849
K07673,0.531491572289722,Suppressed,0,321.1407548513339,4,2.5842466272373557,1.3825710450666666,1.2054778942083606,54.9234304905052,5.311563086264844,66.42108241622108,2.656886926558264,1.266546834079242,16.85238395495706,3.251231239758393,29.27607368988342,56.89956480494728,3.1594135966489976,19.168909965008687,3.2151070891374856,0.32687918268360594,1.89251335636392,1.75380950454546
K08989,1.6998647231974,Enriched,1,10.237650338827796,11,6.297904654592004,1.203388381589091,1.0000000000000002,59.371968681133154,4.837256018851311,70.9654066791318,4.253785652998747,1.2496613260368443,4.542163566800375,3.775410609261865,40.13105129882264,77.100305105096,2.273598031449466,15.06570251930673,2.7774975450820287,1.5159034085012573,0.543707835662108,0.602617828857417
K00387,2.62021787370299,Enriched,1,15.096417067883644,19,11.952387071496196,0.9504941063719299,2.4721167576159377,56.81680749712515,5.517372945519953,70.91129970854938,3.751647026982783,1.2721721184795827,4.950162238574755,3.4408432943445244,37.405163052676514,76.55637349306815,2.7123517453527137,16.119217801054393,2.1922300667181056,1.1973997863369519,0.644040231234458,0.540089878196308
K07465,0.51171649167936,Enriched,1,486.8292981142627,15,3.7991757874379477,0.848186597135238,1.9638430803084765,75.69197571996598,2.347007137366354,72.30137174963482,3.0904728705584135,1.209344844600443,8.82639054691737,3.3867260228368705,34.510458000128295,65.30592222946511,3.11580107491439,19.588167147992774,3.7070490139097445,1.8903801071810946,0.86416309043953,0.29976275352359
K00148,0.612218965425263,Enriched,1,225.92366667152945,7,4.292472187748011,0.9819690089714287,0.9999999999999999,61.2387375261436,4.842576143049404,71.10440342617036,5.037819996968706,1.2486378461441003,4.645346224093542,4.0599399488090455,37.96104731397778,75.41764644921942,3.1124410882775964,13.31285958069311,2.1273380515198594,1.2286820506582068,0.613739592928145,0.85784876472733
K22553,1.05924939470849,Enriched,1,134.82257831580526,5,4.242951441461651,0.26051605598,1.6277295083080427,59.65431881839979,7.3871377827086935,72.18255477819645,5.583024095772034,1.262930398915435,5.802863281705493,5.482529839660489,39.46741431403601,75.20109352882557,3.820866817382601,11.17852123343166,2.0535246270549123,0.9633349415211742,0.198737651915132,0.310921914993087
K02484,0.502346348560242,Enriched,1,1611.3852741552635,36,9.295650224875633,1.2249343142314284,4.96985227364657,74.36364110182164,3.1581016877418953,71.33365409084459,3.034330788034062,1.180863811040354,9.769196221804137,2.9357712745513673,32.69146555088101,60.54787365436919,3.3210539586473082,19.5736568340954,5.592234774343152,1.334950869876275,0.147325547958458,0.566361867861888
K03394,1.30102022489718,Enriched,1,83.51635768789492,3,2.7737731778587023,0.16592089773333332,1.0,59.37096321610791,7.018240546264639,72.1416270039588,5.416198772604136,1.2508534516576362,5.694913663522977,6.19,39.5212911463961,76.03548117648076,3.9954665350342005,11.565809066092935,1.6973432097361034,1.028831177003272,0.580222210918024,0.754075639493027
K03761,0.677161090439784,Enriched,1,317.049695104087,3,2.8302728117065685,0.2078942292,1.0,54.17373993361862,8.078823711632257,64.13941265619758,1.4162789930421176,1.3733979663243958,16.845571819584734,1.9799999999999998,26.435866266997987,39.65097187548797,2.0613437440328206,20.58879142746525,7.741322434482557,0.0,1.03275257348508,1.56177878219723
K16438,3.18949431634184,Enriched,1,11.624155049244896,5,4.351701909465758,0.5595443047399999,1.0,54.73781602819312,5.8374023788061535,70.82629879112226,3.473902610790405,1.2782585669560664,5.327198923223767,3.0061391240666047,37.140356219606424,79.44100327640939,2.9637593066834804,16.33438242528837,1.8381963833567345,0.8664558049110618,0.723182763562908,0.735906875642025
K14339,1.08711560259583,Suppressed,0,82.25535211510203,6,4.24453653070953,0.7029303302466665,1.7858097966834752,60.16599854055687,4.0874778088198465,71.4381726777139,4.707732894901305,1.2549121499748215,5.1482611638606,3.904730952821799,41.07053894670974,77.41719879434768,2.6280230872301704,12.822887444750819,2.177911917155099,1.5184561174445843,1.04109044575718,0.895620378394158
K00262,0.693574912322454,Enriched,1,821.8047679574037,8,2.255653095337529,0.8485905360714285,1.0637303794578514,79.42760749986587,2.122119657139723,72.72050619845298,2.883379861623764,1.201831064960494,10.223233204955646,3.3385326594686546,32.66309202998732,62.529238555258665,3.3948372879289446,20.305747007194192,4.5476634275908765,1.9107729179134856,0.660383167348681,0.794042335666758
K07216,0.674706640841271,Suppressed,0,76.08606526348628,2,1.856976704545958,1.7146588069000002,1.0,60.4579122255776,8.881619095472688,71.45743087936683,5.199379410531993,1.2559207379181236,5.234322917116797,5.201701399625588,38.16549984499774,80.84790740007352,3.534956426653226,12.10798060836892,7.0396179539051795,0.8507070580647917,1.20507443141542,1.05792133086404
K01896,1.81845788065756,Suppressed,0,19.151250108646874,1,1.0,0.0,1.0,52.46,3.5,63.71606388,1.384734,1.27,22.386971071700412,1.98,23.809523809523807,44.21768707482993,2.834467120181406,22.675736961451246,2.834467120181406,0.0,0.486545772460262,0.451988896025108
K15764,1.84526719443725,Suppressed,0,43.842170564724206,4,3.1641990517852423,0.0977636802,0.9999999999999999,63.162342142926654,4.882532473871945,67.79485448075488,5.638570009066999,1.1128528061684948,5.032875569973908,3.6700000000000004,45.783394497965496,35.491603916591664,2.3420782159076197,12.790169486097525,12.36642903030488,2.006251441351326,0.377953911434798,0.469103266804694
K02599,1.45825137554289,Suppressed,0,86.36629080303571,9,7.888607365993214,0.6469790599444445,2.5618752764531743,60.52947984858451,5.910782367830552,67.7339123052276,5.505346825408352,1.1487257867897684,4.842255275372634,3.2197924588758724,42.24997789568168,34.88132294347554,2.181636744935384,12.166187037769367,11.115510474542129,1.729343966247773,0.599068386381799,1.13357285723025
K15894,1.02811597910726,Enriched,1,49.12872182084201,7,4.9888924402275485,0.5449766598571427,1.0770623440753297,60.86393933624359,5.675913567589296,71.05119553423687,4.101064212294263,1.2520560660473936,4.71474020732482,3.379430733734757,37.9441164026475,78.53371427544245,3.0635166505446154,15.243284612989573,2.81392060420223,1.1249020388771824,0.826671409957511,0.7183492311661
K02554,0.856883786252604,Enriched,1,517.9642760183777,9,7.731733035131287,0.6149812116944444,1.890931264057154,62.32797112088603,6.824393490476034,71.14448989401068,3.759099390025245,1.2699754424739989,5.91359490324973,3.3227795356776664,33.5567408449351,76.36258666076661,3.167363682323759,16.17069552514873,3.571557592348327,1.150241227118701,0.106519210992331,0.222862971908242
K01176,0.65569288160205,Enriched,1,930.5666171241534,16,2.958622493989296,1.0845706218141666,2.911556362704755,78.10068084511357,1.7383180795300741,72.41686006101105,3.1642147970882455,1.1960154876333937,9.061216818300432,3.6826436434993823,35.05604023356974,64.1361410674734,3.1776482538438002,19.73858244091789,3.886958513773721,1.9787755794740567,0.516630049126503,0.817555113763777
K00657,1.14297272092482,Enriched,1,166.13610108220112,16,5.624191813501005,1.1268569248466667,1.1118890437998845,77.2782827278699,2.5398157044622565,71.26837617933353,2.908509290489378,1.15805143998004,11.39436316622165,2.555166025635216,30.923781039914722,60.46082806389941,3.4887956205860853,20.208051721404555,4.969308681454892,1.116331763318377,0.513542295845233,0.929945802917073
K14682,0.576697882534224,Suppressed,0,417.10626192706803,2,1.2318328107636842,0.5059569819999999,1.9465666156076047,56.16198499234114,8.707860398178344,70.61152345058974,2.1271980166275135,1.350381990809369,12.12213610198868,2.1386243797970796,24.310460814262143,66.59187063787503,3.8471733149990777,20.963082403730485,11.788699058634755,0.0556452844492529,0.65394029207475,0.948656493870145
K03577,0.737625003020237,Suppressed,0,68.4552282200456,14,5.675337669486552,0.9170532077428571,1.1247734314143192,70.5153811303223,4.187054847328041,70.26679855811359,2.6092026090411795,1.1586810719724905,11.056772365214098,2.555584735155816,28.662641199752812,62.965281744108545,3.4043662612583874,20.937492486654822,4.985212342993194,0.46549266323338306,0.385253244947961,0.400702109214388
K11902,0.583923959305229,Suppressed,0,218.8035380920533,1,1.0,0.0,1.0,50.45,7.6,68.45121749,3.25998,1.24,5.214755918747968,3.67,37.689065212001,45.87155963302752,1.983635011157947,13.389536325316143,17.108851971237293,0.7438631291842301,0.407674640725445,0.221221343040957
K05714,0.756985828731273,Enriched,1,147.63528552487568,18,5.187928126856424,1.152006611315033,1.216760900799919,72.83834121995953,3.6137275953357064,71.6776800355049,3.074184425460335,1.2054576521651355,8.377074004813322,3.82071319248041,35.06710234171326,59.687489154235514,3.156313198965513,18.57098407804422,6.48743040796885,1.7787440307644173,0.369452118891096,0.42835259023862
K23508,0.524449123728393,Enriched,1,525.3993869757675,12,7.5041480636289295,1.1079428240954543,1.075360348684181,54.01252517821304,6.143391613185531,70.38669524145527,3.45481209107047,1.2683674814952948,5.091484019787527,3.3753419724001414,36.79921893240457,74.45331376949576,2.5887992833986333,16.898791269593428,2.5474062563897646,0.9871026395761081,0.563228848847544,0.314140129192456
K22539,1.92237277345538,Enriched,1,87.1071794951125,7,6.38870164065325,1.0517136458857141,1.4185760580537132,60.411441269125355,6.4011344801423915,69.93275876897793,5.086704742012825,1.2090733581114923,6.053012504000549,3.830768832053845,41.52241744057256,53.968221440908664,2.7462891208551246,12.445499791892702,7.714641159291363,1.6550683583119075,0.504542322150701,0.658506010211585
K11632,5.42283890166657,Enriched,1,0.6863130061631747,3,2.9976832304303533,0.044560818866666664,1.0,59.004880057066686,3.41824357821548,71.09452476280039,4.591063170820178,1.2362463516508142,4.091371295069991,3.66,43.52248403211688,79.12691967774477,2.604761415217736,13.705130615315213,1.280870757674561,1.2892739411450438,0.289787956182508,0.530307838385387
K05776,0.651811168176385,Suppressed,0,173.8958454374216,1,1.0,0.0,1.0,67.96,3.72,67.7269827,6.17492,1.17,1.9433450149961455,2.0,29.297417384059983,33.32407664537628,1.9439044709802833,10.413773951680088,9.025270758122744,1.6662038322688142,0.724997809577451,1.08194562577857
K20273,0.996848435451222,Enriched,1,370.4706121460154,14,5.22812301072504,1.057128224823077,1.2407922472919375,77.65391700347757,2.7641585557723176,71.53264885901378,2.8849404544824635,1.157791681686124,11.588869839545557,2.6728134853882355,30.066748702385624,59.9535326465409,3.6361785586880453,20.544321783333185,5.1380989861080275,1.0917853435249532,0.349941035253059,0.686221689660077
K03748,1.50376253609552,Suppressed,0,42.45566585430711,8,5.485634329605274,1.278819679417857,1.879623804891787,54.942394039191086,7.285114884895427,71.32580090179381,3.499521434886792,1.273382256046449,6.39758975286674,2.534219825278334,37.456343657940785,65.21869123120848,2.278946536910952,14.815872127478872,6.877039615543136,1.9526812389829384,0.313055131249536,0.348577138159944
K18554,0.623012061515684,Enriched,1,105.86205325020002,4,3.8941150488736618,0.16133278751666666,2.115349907832415,60.57208207203398,7.830890787673253,72.13220258099419,5.678943426864345,1.262208354863512,5.961916155704396,6.19,40.694627529636875,79.0007161914806,3.9632198706737256,11.426442019730104,1.6432265320861248,1.0183379315382222,0.33642224746851,0.681854844513157
K22130,0.702133440054038,Enriched,1,66.24938116198831,2,1.6515940607993693,1.6455917110999998,1.0,57.43207670673667,8.595787121738525,70.84326222187062,2.8698284026384426,1.3459322660077122,11.257229576257,2.9139672766911398,27.265899425413078,69.04413893219228,3.9245523118253303,19.35415215373733,9.464561251630673,0.15376253133990334,0.67097061248184,0.594917498766226
K15973,0.505233713501636,Enriched,1,98.51597212078525,18,5.640601931919298,0.7791948490071896,2.1791814918041905,73.39892071132272,2.9123694554176067,72.17327896859969,3.248957523106116,1.2178190907592772,8.464734704564503,3.698564912194314,34.63983523203372,67.0071438669763,3.182582758817024,19.025124337389684,3.5778683136194145,1.7233844826961715,2.09944388753339,1.86361829043435
K01153,0.519506650784111,Enriched,1,1190.9147372240268,10,3.490028631938463,1.1382747628977776,1.0407710447741332,81.64943493143012,2.3584835811643696,71.37470948383948,2.6689548909766594,1.1314967285092732,12.288350689076067,2.435728554113562,29.111562007968764,55.37187420980369,3.6430369734193784,21.197351832920734,6.231335412518847,1.091169016248858,0.868974391326505,0.876068435420759
K16014,0.726067036377454,Suppressed,0,842.7310033222743,9,5.9671457280747155,0.5076161204222224,1.6408906172301578,60.2049392293771,5.202488652060937,71.04773636791711,4.075191769821599,1.2535516030154117,4.8489017360695525,3.7900998026166186,39.96970200928243,79.63527603866402,2.308339954420033,15.103584875220573,2.3486447390102017,1.4286193811979808,1.38400283095419,1.3117448622738
K01496,0.76313267732606,Enriched,1,405.25297140463664,11,4.0617619972706125,0.6235348260654547,1.204106948895303,74.1157189298681,2.742952064942106,72.29899642081676,3.0667523309725597,1.2183593936154318,8.7664066278574,3.625725375694517,34.46960807659294,67.23668002842149,3.0051941798852635,19.179965759687953,3.7253362778770813,1.916311729066809,0.0978220756514097,0.357938257185509
K00040,0.832238424723316,Enriched,1,492.54540646186484,3,2.9922404747577764,0.34700776906666664,1.6986895024178579,60.90753511663392,8.753399612665717,72.02900652693793,5.840463636954814,1.2892235111863135,6.235320391258719,4.993797324598895,40.545320246444774,78.79857627818214,3.689162093020366,11.104448847643045,2.2761446177778906,0.8353647714746519,0.178012507457002,0.197826327607241
K08224,1.25015247740209,Enriched,1,116.19532451440625,11,9.244363035631778,0.8846121357854546,1.0827711345180249,58.84751405998955,6.142382100338044,70.25401873275023,3.518308953293644,1.2777788521416766,6.324546769822377,3.257852766318257,36.68889201839411,73.76917354609193,2.675026521401904,16.672172031973126,3.2926210564653093,1.1077832747746192,0.503228957171821,0.856171226745139
K03795,1.39096083234057,Enriched,1,182.07302679650306,13,8.746618470089935,0.9913295026461537,1.4622995781214003,55.21408473859447,6.6672711928779185,70.52320518583021,2.934610801502685,1.2930183573086103,5.608711853523459,3.376291254322978,32.182271004326644,74.04538505056696,2.7255696863110708,18.86482222687261,2.9164927735529274,1.1478934823638518,0.410279180598532,0.549541847920615
K15583,0.512957867083633,Enriched,1,1316.9506252664628,17,12.005489034522263,1.0472191869308825,1.4446255847904617,57.91408089838795,6.3138917676442965,70.18357237652476,3.8034261599589465,1.2418291452168793,4.933600829409436,3.5458205457232923,39.47174219477894,66.4438111417977,2.652012005003381,14.646649056052023,6.527105226234347,1.242872251742103,0.15331589288253,0.310065966777829
K13533,1.88793591654241,Enriched,1,24.353938321412716,10,6.238687876312608,1.2755082378222222,1.0000000000000002,57.685783183585954,4.957467981968085,70.73846655403267,4.183302890218629,1.2476133561168186,5.462885798160371,3.3324452675710505,40.6842582741263,73.45279813126092,2.6042341818669903,15.03020924244892,3.7136083935548068,1.2439519880087588,0.137498570990332,0.106213602964784
K04618,0.863760774547013,Suppressed,0,45.78101983337809,8,4.756570686862513,0.7780156688,1.4186324679165208,62.22894766998999,7.122745596451816,68.2728699824884,4.473193807635736,1.1723802598471451,4.904895120393631,3.8364216415582026,43.121242098224265,40.31028122388275,2.7001233984747426,12.641380002776973,12.612039044706911,1.6650507189513393,1.07150192669973,1.78083625693355
K06921,1.57776937995167,Enriched,1,260.47514919875454,6,4.655592266480938,1.0848624142600003,1.0,59.10101708729149,5.741347247599103,70.22422907389152,3.9234683871100655,1.238710212779788,4.30941465538783,3.6822419921764196,42.31099809031657,66.8130766328572,2.7368772242598385,13.52932553109229,5.717343502137608,1.3166917651887289,0.369608111960082,0.579293213097329
K17331,0.900810820624317,Enriched,1,286.55586293697326,9,3.496283499223599,0.5785694863722223,1.6709187845884432,73.02273372792035,2.1567029868138503,72.26146462271257,3.4030153810787613,1.2046609768460523,8.21806466588558,3.880115497600132,37.27807693792469,67.64102632913185,3.0875844944176873,18.06165209538142,3.2811631332847773,1.782694917126661,0.286311884363402,0.173115333939292
K16784,1.0782730037609,Suppressed,0,114.93043951508162,2,1.736319751375026,0.567710967,1.0,60.736907465518996,8.104502762127076,70.67379807318139,2.6876055191239967,1.2915043844310403,5.73515442769256,3.4218083786670617,33.69518680676411,81.68330888412342,1.5665129622434342,18.888313248282547,3.9316901479092703,1.7353635334976663,0.441431088176964,0.635751193554281
K02297,0.978298283106636,Enriched,1,174.08310221317035,3,2.926158941911469,0.2068153438666667,1.0,52.6571600190608,6.405058453054598,64.11542467687258,1.3560710475905267,1.3397576998041916,18.054829873854377,1.98,25.3973565417199,39.649765657222105,1.8620099249050472,22.119041319898344,6.633651146651923,0.0,1.06350780041472,1.51466567765808
K05571,0.923598644175216,Enriched,1,109.83149328635447,4,3.1000368857409843,1.2400696793833335,1.0000000000000002,57.790908631765916,5.103542551219838,71.52605069912201,4.0534159104632375,1.2786437289826165,5.821079461986045,3.296612797799659,35.99594922414367,75.24557820333239,2.8745789280533836,14.302432550532243,2.5549798154825054,1.486667133675086,0.784339575818053,1.03154200101803
K13063,0.655796809112876,Enriched,1,534.4197886521388,8,6.453653768864236,0.6463712842071427,1.1176075588052419,55.217849304242954,7.064647602946841,71.04837533846062,3.0087655087504275,1.2914965029971783,5.415955339650936,3.413779362423214,31.736859617225008,73.79050130859082,2.9364857804648863,17.954971844053205,2.658479220798449,1.1706907271057927,0.115132174535023,0.508054524478172
K10241,2.14123475830818,Enriched,1,349.55681381419726,13,8.660344870528737,0.7630155807025643,1.9776188564728732,58.12997476234444,4.915073668974312,71.16016807265946,4.2295598635690475,1.2600079168779472,4.564389766301207,3.849749275778541,39.84069423739785,79.20404762533106,2.7858524654696226,14.66202281831655,1.8831092877966238,1.3590222115773951,0.531280875700459,0.768821698588508
K01055,0.554415475503821,Enriched,1,898.1174822741123,39,10.249698954259504,1.2714941952472336,4.3976026354715625,73.59834999830058,3.0691100724511493,71.05601891183758,3.00490937086943,1.1841496275536867,10.137985729561747,2.823255409005072,32.244120285221385,60.75478324674625,3.2720614570542725,19.767809763381315,4.870375698504756,1.269807426426001,0.202836477187262,0.238013056494012
K16434,6.49263717748977,Suppressed,0,16.924585003453444,3,2.966300844233061,0.7426160323333333,1.4053029217238655,67.59301292271864,8.086562864697225,72.26809632366394,3.338722424009212,1.2591936580496683,8.889085577330539,2.67,28.269175013856604,72.50380074272483,3.09106086527147,15.15646879484244,6.3689145054978,1.2549301257182994,0.541260278685416,0.57424874553298
K12339,0.723070629800935,Suppressed,0,695.7592288950506,9,5.345428231433684,0.8056622946722222,1.0221451453932142,56.68493817706009,7.971637428111867,68.51039384470599,3.4728331685235116,1.2231743296141766,5.689570453093551,3.4742874132256456,38.53125596071812,44.510635474414705,2.5492209453970016,13.842562047746824,14.77371002065913,1.1237760717530525,0.383896790509814,0.743800089882268
K03973,0.705222048280369,Enriched,1,94.47407867166339,24,10.080517742473237,1.1525624341123188,2.550122819239248,70.91290669014104,3.4895674201414884,70.6726357339758,2.9104068913385044,1.210390712231904,10.091620017073561,2.869762047155845,32.16044827329964,62.37755862400215,3.164728688515224,19.686688438837862,4.245747881481141,1.1941155151097445,1.04322710245893,1.32841018579511
K09684,1.02307823049224,Enriched,1,885.1959719448565,18,8.282633788214056,0.6923758502261438,3.3939348761143617,69.09894993966016,3.55071366100657,71.75108328434682,3.537961501518657,1.2261866803102277,7.208257825832961,3.7880445502234186,36.33005532363077,69.14909582754184,3.04953161066731,17.833813284192455,3.395601390232547,1.5887318464819717,0.319561037873778,0.691066696348105
K18431,0.621738457328723,Suppressed,0,96.52160805976837,1,1.0,0.0,1.0,57.65,4.57,67.64925684,6.152616,1.17,3.250649804895999,2.0,31.801138730731843,34.30079155672823,1.944174420219414,11.248437716983751,8.332176086654632,1.3886960144424385,0.740407120795108,0.917170295075593
K21966,1.0340818757983,Enriched,1,133.91114621767645,2,1.9668124104877096,0.09720477450000001,1.5912125880905799,56.63389410253957,9.684154643499022,63.7761157066642,1.601534043509014,1.3940878741190943,18.12900529050651,1.98,28.00017352847624,42.656980025767766,3.3132857293073634,17.58690880549821,5.6963154136085885,0.0,1.02223256194919,1.24020926014297
K09925,1.78280702998037,Enriched,1,29.661307624666637,3,2.760827932409844,0.1303175848,1.0,59.54446355150657,6.934172850641925,72.31129726697161,5.521747273631301,1.2453175395600369,5.70286020398251,6.190000000000001,39.85766565344267,75.58066591387492,3.972765963813643,11.294494745169963,1.6418173954671444,1.1126248737387743,0.577676686714873,0.778864447923207
K21332,3.97890469816764,Suppressed,0,76.26319976694175,2,1.9999852100160076,0.0639598291,2.0,63.057538702596254,2.7921733537628834,71.06404517490682,5.032754801679274,1.2299230844561329,4.072766844007704,3.66,42.468505381074536,78.13817090545493,2.5871021615520506,13.423739409341582,1.464685804743986,1.3756854104432938,1.13613648850963,1.44297051629564
K05303,0.712717670212797,Enriched,1,37.50456677159712,6,4.190081163580103,0.5816333718866666,1.0,58.180638786887684,5.796171945924192,68.87612260131893,4.187629319266431,1.2019489646517658,3.888980180797465,2.998579928840721,40.993209632092004,55.498317505887755,2.8116342106909666,16.13209357708712,7.4312422889639675,1.6027484137050392,0.417889194523008,0.294819586196648
K16698,2.9242478279389,Enriched,1,1.4495497066329246,16,10.748640871833862,1.2498765843675,1.0280696929863125,57.24011980072659,5.899591256995187,69.79604961457449,3.7388422913395165,1.248748884364427,6.909865267397552,3.5356690671185063,38.52013178428942,64.22478283777363,2.8280499623312867,14.271623976085397,5.262998404568474,1.169316939318981,0.527210468436902,0.520115980373442
K10217,0.689266462546876,Enriched,1,829.5379366260573,8,3.086752487291214,1.1561903072535713,1.0829502958227697,75.66342059424998,3.346054773199394,70.27180898674648,2.28509897184027,1.1196209527822019,13.919698469106336,2.261158901697097,24.246954574464493,54.39182188973426,3.6817411055229963,22.575735027087806,6.785893881934905,0.20546589973130563,0.214995411011024,0.457483203681481
K07697,5.45705176047887,Enriched,1,2.1428020618414743,5,3.4419760843039438,0.6760907650400001,1.0000000000000002,65.4222191421309,4.389926101493537,67.7552141632027,5.480301624241554,1.1158257104923794,4.923338210839683,3.4387945977600456,44.76533935379492,36.24510293615826,2.3471110082659385,12.454194686343268,11.680071101172672,2.0002301418986974,0.340147317682053,0.371973460172673
K07096,0.628776234531019,Suppressed,0,86.14998927301417,10,5.848405144842055,1.143981192182222,1.3988877849390906,60.01615825872847,5.188506120872851,69.40680968943666,4.004623597249768,1.2698989078822784,7.891843080639293,3.272408988189501,38.81422377225483,68.67019421852446,2.6848722015903492,14.53413160582238,3.1391872650978487,1.007496843597657,0.831484892343268,0.724635836859243
K08685,0.619504263290088,Suppressed,0,151.25057615655047,1,1.0,0.0,1.0,58.98,3.57,67.47014834,4.396657,1.15,4.548910683730844,3.67,46.7363439163873,45.75034509958588,1.7747978702425558,13.212384145139026,12.226385328337606,1.5775981068822718,0.519458415271813,0.906291916857251
K01281,1.01877775997337,Enriched,1,388.79180677992144,12,8.110051115105138,0.8681773294530304,1.3486891006727277,57.298240938558855,5.2056196821129035,71.20309970285437,4.0801984513620235,1.2652286212976844,4.889245420129704,3.7611165524156602,38.27125321893284,75.28951372320287,2.7016372995132,15.354782217452424,1.9106575769692151,1.2940102839551986,0.488146948170513,0.780901429146112
K03739,1.83108118323266,Enriched,1,10.944781392127096,3,2.983117574235554,0.10397363726666665,1.0,58.87808815387522,6.9849987425576625,71.62318013686946,2.806819763442933,1.1829414152944904,7.103827381781931,1.67,40.908475156239675,59.378842513665546,1.8308404810212455,19.784826596572504,10.74868537652277,2.133175853629103,0.806505194226072,1.08992284960017
K21209,1.91595030980479,Enriched,1,8.374194803223673,15,8.268693233612064,1.124424979569524,1.7723579288522895,56.37750478893703,5.7334624760414785,70.07749909520147,3.9285348875293438,1.248755363850074,4.832480635080261,3.5428183319576574,39.40323290005516,68.26664594076942,2.4034794197458114,14.516906018510358,6.464973375351896,1.0771989635010422,1.14989780923913,2.25385662444079
K08321,0.883679145229125,Enriched,1,55.33929651508808,3,2.8711638989406385,0.2766977996,0.9999999999999999,59.14163644620044,7.53454157334809,72.16224746192327,5.52718014663084,1.2714829436709059,5.857909551615941,4.752253642725004,38.860255623624106,73.50970176588085,3.6683144005925823,11.047033136978646,2.447595201201446,0.8841140709165745,0.458893997184504,0.362353449974606
K17318,1.34276889605059,Enriched,1,444.1916792235191,6,5.6288087830735485,0.25498790965999996,3.2456028795884024,58.2168071775384,7.837867236171114,71.93752967050534,5.0097211588169905,1.2672541890373807,6.374196004953268,5.255623732679014,38.62355266700682,79.97511630179571,3.7540301766520603,11.957993508798808,2.2343242584694454,0.9127980668082594,0.713861731133352,0.97892031087822
K00172,0.666249641167529,Suppressed,0,629.4304549710495,7,4.67687924507695,0.7483018633333332,1.3000059318406605,69.87429853345587,3.3094720723422917,71.44589269968354,2.9650628282780387,1.2266224517734492,7.547919354407747,3.0463804987327734,34.336887632029715,66.0887652026618,3.041201025169207,19.651535334897407,4.311816904403742,1.5845343679010304,1.71011269408963,1.55765750658538
K11689,0.742208433977244,Suppressed,0,139.83578328828173,3,2.271156322436174,0.47810719499999993,1.8371936642528253,55.28593976597736,9.081110592520957,70.53898877105607,2.1069653735727556,1.3315823250288843,11.194590591147566,2.1658797109593855,28.28450801414339,70.85132471511531,2.951110669941556,21.579048999197944,11.447034194970984,0.3396358296228458,0.790622000199019,0.980427988177387
K21645,1.20999921871837,Enriched,1,24.556952008150944,2,1.388534586043858,0.5059569819999999,1.0,56.15478307640975,8.768836619730791,70.6169853106527,2.184145678459034,1.3417396916916988,11.69455415104864,2.182316003114189,24.714865712373314,67.2286575547126,3.7840898011993813,20.599672218665773,12.14155006687829,0.1056455686210254,1.9504153097468,1.96784125180542
K09799,1.40991718968257,Enriched,1,131.21634784924012,5,4.403779991023378,0.5346946872,1.4801465872414297,56.01734779062284,6.902040852621996,72.1639638833696,4.466205108755773,1.2807132851779794,6.44272835211798,5.387354993279271,37.5737490644423,74.68285453823387,3.369599960339904,12.1805203066758,2.640400905758415,1.4841422488988516,0.268366694768338,0.560846006707915
K22820,1.80638344890856,Suppressed,0,427.2765026368172,7,5.587248576831698,0.5239312802,2.3061211663685226,66.92563497466705,5.444651002620818,71.51667931543123,4.558694389324105,1.2283412852794175,5.765646922274639,3.606078314762861,36.875473313997894,75.8018201649523,3.0071617326347355,14.334582255989181,3.4491423215357044,1.128435433318615,0.639040111114071,0.784671749486685
K01727,0.58266270500589,Enriched,1,222.73075117912808,4,2.097134623139903,0.3392312760500001,1.0,78.98148768439147,1.3535076595304125,72.50172152348654,3.1347740739269723,1.1917206549258619,9.19620937231471,3.66,35.32688846393634,64.14128202454508,3.217171523109078,19.874727045574378,3.6706771912914307,1.9705440386336157,0.611302348856495,1.01545891509709
K07051,0.598595766073434,Enriched,1,283.87365590853636,12,9.042122548535994,1.0588894091121215,1.2829325162419751,59.7503305372098,5.770012724659484,69.84498711555183,4.088288086874646,1.2167830429227031,4.701949677731927,3.6836269871043785,40.3206994967995,62.09153227675927,2.924090824367703,14.16881833093624,6.767478740843693,1.4165665206978855,0.444489222017506,0.730179279779765
K02300,1.38215315491674,Enriched,1,57.221101030122135,2,1.956368300267803,0.0690037244,1.0,55.215732203331825,5.978972871576837,63.676734437688594,1.5017719630649198,1.317444456872284,21.06330699246852,1.98,25.392552481373453,45.17579057851211,3.405588878382341,19.9700296495512,4.082303425127227,0.0,1.00175770781214,1.06162972693824
K00290,0.845049453642173,Enriched,1,311.36311671708876,18,4.610271228341442,0.8561017404973855,1.8859518217308218,73.58760829584055,2.8117572329517726,72.06527320169586,2.9560627914767394,1.2176352660948895,8.454318738145792,3.1170501116003138,34.03320571730962,66.67335191532256,3.171739876173896,19.960336469671294,3.5143822095768082,1.7451929530096153,0.289975649716063,0.352376555940861
K17938,0.808967355333465,Enriched,1,54.41374311570299,1,1.0,0.0,1.0,56.17,8.64,70.60544495,2.063821,1.36,12.59799178320213,2.09,23.86039886039886,65.88319088319089,3.9173789173789175,21.367521367521366,11.396011396011396,0.0,1.65484757018098,2.11476931834339
K01421,0.611108588905252,Enriched,1,789.9818240851345,10,8.03134831258597,0.5454490225222222,1.0979130109411614,55.570595334450616,5.926523256890639,70.99475246224937,3.7072619272637284,1.2763901724432958,4.922640467881484,3.6755084574636956,38.20748180269738,77.58946493770782,2.441085973484454,16.22368276861335,1.638942713884894,1.2648695221509103,0.736197341650825,0.164280449222877
K16416,2.71736112683246,Suppressed,0,57.81908071159418,12,6.678460519395488,1.1365609534636363,2.7084792796013564,57.54196816756414,4.892684534349013,71.14170043523231,4.240165780165745,1.2575640671304489,4.656047147876191,3.6500651110526565,41.191659556878356,79.06390281179127,2.51060289215884,14.392122917364071,1.922235893594203,1.3041354322419265,0.437593661311675,0.484407200661575
K22900,1.05460959911567,Suppressed,0,92.90690828290103,9,6.859736560357523,0.9735480965222223,1.0,56.630518390262125,6.767533999542499,68.24957017454743,3.2545031613764377,1.2487625541713083,6.165318642780196,3.202119844906532,37.23912132977799,51.25817070763326,2.3936097900533073,15.851758149473975,10.654739948913075,1.0547416697588385,0.635725472629257,0.987691071429083
K02001,0.77170739185851,Enriched,1,345.3194368821899,5,4.30230144077809,0.1805229095,2.0878370872518497,59.81298254057035,6.813137796884092,72.10354171625069,5.484776479216439,1.2544564367868172,5.8627085637541825,6.1899999999999995,38.760635818640395,79.15573845265052,3.915629750798689,11.384951956226132,1.8103653475480002,0.9907840488951654,0.263572045514571,0.43481483132286
K00558,2.54725823689609,Enriched,1,430.0406944957073,8,6.765316639663825,0.9818948378428571,4.128657800823772,58.19261058483149,7.482632680819067,71.83757864910822,4.856729751527259,1.2888891580224162,6.849855625064441,4.985151351910761,37.343536021903326,73.71251273549184,3.493142453627049,12.625556264729955,3.674510524037789,1.1410037324114104,0.644791383888485,0.676108189580616
K14338,0.734010185830778,Enriched,1,247.43308126558998,4,3.116591852352124,0.46469580599999993,1.4274777243617989,55.100023445698156,7.883737342988967,70.58376510929959,3.554008325571718,1.3031749677153877,6.115970980541295,3.1311865080344012,34.5878228247504,79.8038898942851,3.2526177881220986,16.677811979754438,2.404249262724634,0.5531304121086142,1.03633831894182,0.33839274697016
K00968,1.10957085255637,Suppressed,0,98.73474271851296,3,2.583917675983509,0.5284744471333334,1.0,56.31568398415121,5.059611567731871,70.66847400750443,3.6374872791098043,1.2663754289571578,4.489229997981257,3.918488984904622,35.759624712619974,72.18256713691787,2.2781818073400437,17.572500114860194,1.370171723405268,1.1973958528732038,1.81660927278156,1.53920119046039
K07518,0.528412653739604,Suppressed,0,483.22167464112994,4,1.3265915141307225,0.4468009471666667,1.9384774905701392,83.2290414754754,2.2166798547045468,70.15272376823468,2.305759007625462,1.0552664556896605,15.884447171162714,2.0923519312096706,23.21474680250854,50.3327316774033,4.030771387764299,23.049166348605706,7.195747388009575,0.014445020455150174,1.86011724828624,1.62305428207623
K15786,0.780084702188309,Enriched,1,35.87341228016954,2,1.846154986247256,0.6881179631000001,1.0,59.220835747203175,3.891120504202536,71.66249416829152,4.440730910137024,1.2372398091534262,5.749069571445273,3.3603620993123124,40.50312228879483,76.85449137871471,2.6798865018783156,12.773553235350729,2.5289724283252832,1.0675100047855821,0.96731996959094,1.61949055489791
K07029,0.637816604867918,Enriched,1,800.1772474748826,35,7.959140269414213,1.268640007340168,4.056300036255572,74.00904689954942,2.9303387144774407,71.46730018237896,2.9416373619247493,1.20328462715512,9.973334374917213,2.9401958009083944,33.21892487346061,62.520663527402206,3.119071582492515,19.779926813613628,4.485076636621755,1.5728522625592496,0.244804488181461,0.477088217575506
K00066,0.500327516893669,Suppressed,0,758.9126028481072,5,4.3499088844211204,0.89963593426,0.9999999999999999,57.38732832161665,4.39956516384446,69.262771272303,3.7072015772694518,1.2691775163507166,7.466062445829406,3.2575582571794555,38.1978512697512,67.65835961907253,2.237995898310113,16.21114947271529,3.7429510801561072,0.920992666765959,0.988884658387612,1.60285415244795
K14164,0.606637633226357,Suppressed,0,556.2532457892225,7,5.82449833914315,0.7715575781238095,1.4967165735071644,56.554008464038894,5.080504848892466,70.23155069137346,3.683554219188386,1.2706279040202164,5.149680041654518,3.1667262962378744,39.13276586858789,77.4725465742775,2.9429841248769795,15.964632706447386,1.7410521334432378,1.0454220565346986,0.465919936833662,0.383461858974211
K00045,0.676521864175218,Suppressed,0,242.48045222162315,2,1.8843960699524127,0.30891351089999997,1.670804576310303,51.18459307970444,7.217889666081746,69.66128996624946,2.017251721938111,1.313291954236897,5.4532700746731475,2.6940414101131642,29.516075664624985,76.95114673036875,2.650014164252257,21.688524441205992,1.7677120762769571,0.6295497984838523,1.15480453277437,0.433561364261753
K07654,0.952139006891324,Enriched,1,1070.99072907399,23,8.503601182389573,1.0730721239778656,3.0787665040711567,69.27479234207529,3.486241544104908,71.69847103072759,3.4378843800863184,1.225242273019981,7.645103815982432,3.715107374334425,36.48731300179169,68.41583990443644,2.9721140517732247,18.061142396823147,3.3066550924582243,1.616090598749342,0.147388919098887,0.496730701774562
K21166,0.546665554871909,Suppressed,0,345.36107297646214,6,3.3530936854464817,0.3911751631866666,1.1155172467212764,74.56462737967503,2.1877833169857963,72.06480242268687,3.128115999857986,1.209847187354025,8.245292160873486,3.135955390691389,35.26259050847416,67.07322712840822,3.192389542290427,19.65406517271297,3.3051772819210012,1.7839790990939501,2.20642078299808,1.61797417716366
K02672,0.606572753464719,Suppressed,0,359.11474224426524,7,5.365783161970192,0.9182259086952383,1.0,60.386628694186726,6.796627322642921,69.16838240812879,3.80547341944871,1.232942697838926,8.564642950683766,2.816818149343659,36.04109325510109,52.71175037340852,2.762584806021951,17.485234927532623,11.496793600638862,1.0502744659936571,0.209206842549205,0.468836164258584
K21471,0.888557459911329,Enriched,1,1124.2874343363856,23,12.173721939394907,1.0242724026237155,4.188642360176894,67.53905176281,4.234200114634291,71.2915235149174,3.093411773882817,1.2235832657030488,8.586864699482625,3.132874997326996,33.31688869028719,68.25106202962412,3.1217849184863704,18.738521782626833,3.5364206017962956,1.2622237246909271,0.167155548992895,0.503166136873068
K09815,0.679800965952123,Enriched,1,480.8636158041927,9,6.581866498618366,0.4992373099166667,1.1400916679717654,55.32587006974397,7.208833984691747,70.69612718207844,3.262405303983802,1.284564633930135,5.522874110774558,3.4883363710205684,34.41677617193161,76.03320275715144,2.8440463621539878,17.751062181395678,2.1389881323678046,0.8537311394786766,0.208007966370469,0.251529168108737
K15781,0.925588831175884,Suppressed,0,105.58117676270585,25,4.743569072007248,1.099960550287333,2.6021581408698493,74.23816803736952,2.7823887142229595,71.86936864075659,2.9813690046815595,1.207075342489617,8.657549046088594,3.3359249970518325,34.53419349999179,63.191008812556696,3.116584368180682,19.54974069710826,4.733248011801011,1.7654752356528824,0.745396491697255,0.431780529945755
K09607,0.98919256495027,Enriched,1,1903.5858401801,17,9.99936311182995,0.9540419192205883,3.3682324780006168,56.42205032343543,5.5153192069026575,70.81915246523869,3.642475236906438,1.2714392636132625,4.775660834031396,3.548319960801324,38.07941009487333,76.43665185869422,2.3968136106037496,16.246260422413066,2.3803043066160634,1.4485914093919718,0.149557210508658,0.411018662292658
K02647,5.63699938487943,Enriched,1,0.7632367004697497,4,3.20259144147023,0.6227737297666667,2.069517149463845,63.82525794243054,6.959916372454231,72.0313005359931,3.9232732270001165,1.2552812129454782,7.3448685955717,3.119090841148525,32.39859996665844,75.28607568287809,3.312927113829943,14.92396695551237,4.001329290847881,0.9147758938646336,0.485631027902162,0.650527754515692
K10001,0.756954278879772,Suppressed,0,419.82445305882305,1,1.0,0.0,3.0,56.02,9.91,70.71920343,3.249915,1.18,3.6924042628807214,3.0,32.283259567820885,79.14605571465765,2.6034886748242645,13.798489976568602,18.745118458734705,1.0413954699297059,0.82997490629371,0.800792165272686
K14743,2.52553302129791,Suppressed,0,114.25553613930299,9,5.743069699744903,0.5432851733722222,2.643685662485051,62.3053537431251,5.211202671520708,71.58337432524407,4.437790128922042,1.231637214466218,5.810734026785183,3.719108606995883,39.31606501903319,77.0496942339466,2.8967722373711484,13.408659449403533,3.1078367953484154,1.037512433691475,0.5515310705862,0.694652201403793
K07131,0.853536339624228,Enriched,1,478.4478157103518,21,10.562746740719836,0.9710747761866666,4.895664437031167,64.99155599947427,4.06050943360999,71.65811377912122,3.9747328459292315,1.239834491664362,6.305436004879654,3.9542625529970565,37.99099864156752,73.57154426725087,2.912791886281521,16.077399899567784,2.5482713943185775,1.5145513580738292,0.178949620550642,0.581474193252307
K11782,0.531676210508428,Enriched,1,507.98080687804605,7,4.987649445650871,0.7989817726285715,1.4316329812336572,53.098921929877264,7.124059674829964,72.3365202163264,3.410218358783183,1.2868056789645388,7.747931882936044,3.9315789083281345,33.70047251134388,75.83933457636348,3.3386026074543693,13.772959146712394,3.5516304723738137,1.2490025608677529,0.365963961676882,0.340264434828723
K05913,0.94920872920586,Enriched,1,29.151190015509567,3,1.7695165364268586,0.9890652606,1.0,56.197688005120455,8.298309293415905,70.01908661646618,2.686260883351972,1.3113234797415625,10.092944931203448,2.0748183128043562,29.606276797873296,65.2634278273758,2.5222006520255724,20.635948709786792,10.240323029472647,0.5708340358237302,0.26913926837598,0.391020343826379
K01856,0.722744985832086,Enriched,1,230.43463249034357,2,1.9993050268516848,0.2079804089,1.0,62.86866386412978,8.293427203867743,72.10954525876936,6.2971194025005275,1.2802636310667495,5.948020339323685,6.19,41.494095467022035,80.87414219099811,3.9077986812446657,10.81567615809957,1.6795684067296088,0.921153006983733,0.270573762492435,0.206858948950105
K17324,0.535465943667824,Enriched,1,81.13584519408836,1,1.0,0.0,1.0,56.02,9.91,70.71920343,3.249915,1.18,3.6924042628807214,3.0,32.283259567820885,79.14605571465765,2.6034886748242645,13.798489976568602,18.745118458734705,1.0413954699297059,0.702379733278484,0.428167891477854
K00479,0.536202016428137,Suppressed,0,652.0449069332254,4,3.7290509870409965,1.08046223865,0.9999999999999999,61.12121075622783,5.425936706228702,69.04154726468771,5.053340736942572,1.152985179061043,5.918722542367433,2.4788966926482625,38.85896998380867,41.94795599530291,1.9711289836083494,15.006010244676057,10.58322590511747,1.7361393066641235,0.132660043936737,0.377493910670804
K02002,0.682943333280231,Enriched,1,280.50031734095523,3,2.9910742687505927,0.186613589,1.0,60.62220938483688,8.630028832808064,72.13506114817935,5.608708706721722,1.2652456755900958,6.340786849687735,6.1899999999999995,41.75614659739837,81.78642991032704,3.9575016067246915,11.66204823853299,1.542927567782632,1.0719788353931168,0.474515777859571,0.780138568666321
K09123,1.29864675475302,Enriched,1,19.17959835963582,1,1.0,0.0,2.0,63.28,8.35,71.90850756,2.944112,1.19,4.415592885053286,1.67,39.6689497716895,60.21689497716895,1.141552511415525,19.691780821917806,13.698630136986301,1.4269406392694064,0.657716137716373,0.423293317947355
K23980,0.844628861649024,Enriched,1,60.68830191261426,25,8.676341528306184,1.2333108983473335,1.31735034999198,73.16984951680101,3.5878483381180852,71.04706387162788,2.7189336189057323,1.1845087725542591,10.758082083374005,2.574299722723086,29.734742148618086,60.95968533751885,3.2986010309382476,20.801742220866807,5.199574058333678,1.0315590829558046,0.365627863671914,0.378173241127723
K13507,1.02053129488611,Enriched,1,19.214295104862696,5,4.685677846368439,0.8685326664399999,1.0,57.68282481911365,7.008577243993808,70.64205132073712,3.149717991032696,1.1912064132497069,6.345344831522303,1.751656627085285,39.44681588630324,53.4688424312524,1.8619655987678887,17.582639150530234,10.053759592013092,2.0376499287518146,1.41228361004648,1.39095523852458
K21191,2.30755632228956,Suppressed,0,128.46568643679888,1,1.0,0.0,2.0,63.7,3.53,70.97697363,5.001353,1.25,3.798971998177293,3.66,39.91663994870151,78.5508175697339,2.8855402372555305,14.748316768194934,0.9618467457518436,1.4427701186277653,1.38257131237948,1.51200541619931
K21449,0.651380900460188,Enriched,1,1632.7147542787782,36,18.739407686649656,1.2249343142314284,5.420960852427945,66.65984714279546,4.45511603783404,70.4800985921174,3.612430561028945,1.1936314814038096,8.06060894576185,3.152093527597377,35.02532365890265,61.3338411636032,2.99758944733484,16.989187067391082,6.283534923062558,1.1306589954173343,0.334516559099721,0.360675451592839
K16431,1.57438883344688,Enriched,1,82.6062129478574,6,2.9014013086967387,1.224796507013333,1.0,76.77307517509666,2.9943752877554215,70.15718851698836,2.7191258709694615,1.1041002855615265,13.01568657255073,2.498123970833549,27.093419350505968,54.97693031488244,3.6794447964028527,21.469129997905473,6.048725315978479,0.36146595649044777,0.306042107509361,0.192470301603975
K15312,3.29666240235703,Enriched,1,2.289710101409249,2,1.9988667286305366,0.2789311994,1.0,56.12913433331201,6.021895609694826,71.37358197596467,3.986097352171832,1.2538217010083272,6.929472338397385,6.190000000000001,33.617243224856054,92.54705442002863,3.7773157263465613,13.16029684674788,2.3149389069007746,0.7846366090555831,0.60109733013925,0.360492420734109
K18286,0.879351289697143,Enriched,1,402.0968734735264,6,3.3544188649813753,0.54350680426,1.5628859069825327,61.54466023775933,4.033314359949566,71.31734037327648,4.668573045025566,1.222296261571118,4.926910066106771,3.820895282267034,43.071240348275076,78.33217572419635,2.627527986173563,13.026056577042205,2.3091020330794905,1.1928866372147882,0.242183875740835,0.431846240879291
K11532,0.580554706042963,Enriched,1,443.5975929225337,7,4.142320441349106,0.9012462059047619,1.6639888443694857,54.30939489558132,7.065706400001072,64.23950027924384,1.5659902760174527,1.346011411048699,17.156939696165164,1.980828218760904,26.06430289687677,40.56361094424962,2.2006752540073067,20.56841297985863,7.34886136711044,0.07688741961809197,0.911328261340496,1.51324698465291
K18353,3.08622219955715,Enriched,1,83.05481552205548,18,12.752449763159381,1.134289557086928,1.7258212877037296,58.82912758650957,6.067515375367384,70.34002757006482,4.35357228566533,1.23728317874739,4.778170216325574,3.960258779316967,40.217326834826885,65.01846530940163,2.755983601485904,13.318614620154861,5.282234907609043,1.359552110414839,0.658598599596673,0.758910681503839
K16423,2.32635174129943,Enriched,1,132.62367060679335,4,2.8328982261599336,0.5064075055666667,1.2498746913260117,60.766538546636625,5.448088669188766,71.29756408364585,4.8183868301680866,1.2640173511898545,5.0508563089182195,3.679766835574589,38.651102479853506,79.4449203362081,3.0862303228620025,13.696510328813975,1.8256467417434123,1.1652230928401845,0.356876817017331,0.715059381485612
K00485,2.83648145719894,Suppressed,0,53.315645096632885,19,8.166951196482282,1.0705028553602338,1.5205890466864245,67.7360758355911,4.391060905692524,70.87558353079383,3.2272514947881494,1.2163065469834025,7.3920105684415915,3.2199227394517473,35.71695697047454,59.97444690683322,3.0010266252860816,17.836438887515925,6.930075524963848,1.5437175008233084,0.525146595256572,0.764491731887712
K19545,2.20280607946755,Enriched,1,21.994834729549712,3,2.8932842130658667,0.34700776906666664,1.0,59.854581135772996,9.000364417780348,71.9857642979901,5.595279578117049,1.2940341802726638,6.389575298680185,4.35154149586333,40.035911240674665,77.6841795853442,3.571773438029414,11.259494432185608,2.5964536730157572,0.7893040198765404,0.435544543578626,0.610321888778899
K01392,0.531508554706817,Suppressed,0,852.172964032204,8,5.416265330936403,1.0254643467214286,1.1300491743350798,55.1208979847751,7.196432094154371,69.91770926807203,2.765188983900465,1.2892488041304118,4.177917924293889,2.9923405118986874,32.16391080885391,70.78668754737498,2.187522814269276,19.58902230891149,3.0117898977468114,1.4114936389339585,0.246985094277824,0.704610740152454
K08642,2.04569595963966,Suppressed,0,101.42801112569248,12,5.897034144537492,1.091406222301515,1.3799935905995047,57.44605711939818,4.398969060648595,70.95265041749094,4.616432908327468,1.2360484464260135,4.300854029498305,3.8808644491809186,43.02970480583545,75.42413899756693,2.729741893038696,13.366306662927173,1.9841601495467112,1.2504847920270468,0.877210070438779,0.764768802399181
K18058,4.24875512348602,Enriched,1,2.9968411547085494,1,1.0,0.0,1.0,63.31,8.16,72.44765375,6.531843,1.27,5.970749756232658,6.19,42.21954161640531,80.09650180940893,3.860072376357057,10.253317249698432,1.5681544028950543,1.0856453558504222,0.597433305108798,0.645740785822284
K15269,0.827615072456427,Enriched,1,219.68074469733142,22,7.2727463915456,1.2240276327865802,1.3134967928563683,75.37416950318185,2.7262482929132585,71.11175134984435,3.0974816433495684,1.1665565801687159,10.745760838804285,2.838410324780636,31.877378333045503,61.758103359820126,3.40197205365701,19.719973230185783,4.48847713755452,1.1416359205962414,0.175477799073784,0.344086782880694
K07123,2.17757723319725,Suppressed,0,55.59935495544613,5,4.143154439482688,0.09186026958,1.2284140211848413,62.02348597249204,5.564971056675857,67.81896288098291,5.637782142393338,1.1234012518203522,5.194425421049008,3.67,45.37645326011544,34.72714668868262,2.3304652756721933,12.525844221762672,12.231292792673429,1.934137380932167,0.172155103424147,0.243903774765864
K12953,1.75301145484583,Suppressed,0,135.8241163030476,2,1.9155032134382532,1.6852675671,1.0,54.689225191280286,5.637986001696509,69.40716173650358,3.8988514231125637,1.2293753754604504,4.906538369640995,3.6664584584868165,40.278552884944304,57.153893176501896,2.092472153907361,12.936139239492334,11.745123635605587,0.9440493234860636,0.62981604959456,0.625529969046233
K16027,3.06762138874551,Suppressed,0,34.990085829864135,1,1.0,0.0,1.0,63.31,8.16,72.44765375,6.531843,1.27,5.970749756232658,6.19,42.21954161640531,80.09650180940893,3.860072376357057,10.253317249698432,1.5681544028950543,1.0856453558504222,0.955341918611646,1.21163502728909
K16163,0.620219330938907,Enriched,1,451.7648806585325,11,3.5911552193851675,0.5637197177200001,1.076265877984556,75.8442424931311,2.222402026316832,72.29478900978889,3.1905758712513363,1.2074031239000684,8.910963851736103,3.949154840175196,34.53332910873956,66.27189623658452,3.265134161443398,19.320021898212765,3.5896385354667175,1.8183815847327007,0.345586569139633,0.280179920523097
K05375,1.29720185412755,Enriched,1,77.53655407656858,12,6.427318968880776,0.7687474654181818,3.262315403974295,58.079150439872045,4.229619876789924,71.09659701261936,4.344326040049206,1.249804476419315,4.346275107120927,3.6437148307171934,41.80656990847123,78.92404893418124,2.605869140737744,14.10041064651915,1.746355576049135,1.3231195034265006,0.125932665311982,0.228905118741144
K02009,1.21833413782722,Enriched,1,89.8886582262489,12,8.851288020439391,0.581663077989394,1.2211366521148357,55.82418658190953,5.63492058044186,70.88281407986896,3.5446163192771127,1.272529845020085,4.4931117091175725,3.6223621835709743,38.26258973058055,77.74525708453416,2.5312694681038184,16.58850922390884,1.796000675077101,1.3554091692715802,0.267644079269539,0.263024727243194
K09166,0.530834321926992,Enriched,1,427.9981032430148,8,5.019662849404547,0.9444938287071428,1.460901925126414,56.921427998107724,6.783724187790783,68.90728146651082,4.514188727840295,1.207694852814305,5.3084277266218365,4.121545022474917,40.645980393565424,48.5273093286109,2.4881166374493913,12.619780778373414,12.410866836881038,1.1611238684658318,0.425785717025993,0.698117734584734
K06399,6.94234222147573,Enriched,1,0.0,4,2.897217035077598,0.58415033735,1.0,63.39723428871309,5.055269644094265,67.83281755099189,5.858584855523382,1.1113384786729534,4.98010930025203,3.5533305390002816,44.66530050689337,33.887644038557774,2.3983741601057385,12.61987151536141,12.105348478844736,2.0266518686762773,0.257845323508377,0.425522784780969
K22719,0.500270637391388,Suppressed,0,626.295069438599,23,4.318823179617222,1.2873615941320158,2.362857384025504,78.97232676970556,2.338732506021667,71.4982960730162,2.7264385343375257,1.1763164255431495,11.376748095336447,2.405921197121452,31.214030348883224,58.431568820891584,3.413076055484044,21.03228636175508,5.204261138940598,1.4662052491333604,0.345309953264103,0.916532047396516
K16383,4.43332227586925,Enriched,1,1.5264734009394993,1,1.0,0.0,1.0,59.5,5.33,72.29501901,5.67638,1.24,4.932721206120802,6.19,37.70631758679568,70.00569151963575,3.9840637450199203,10.813887307911212,1.8497438816163916,0.9960159362549801,0.944330726597129,0.910819084705683
K18676,0.832511217870958,Enriched,1,283.09713136478337,3,1.6249248087870742,1.3739925550666667,0.9999999999999999,61.49128473969562,3.083430630388138,71.22200851661336,4.882976683118639,1.2103334962715728,4.570741289664243,3.851668858432234,44.16249694235214,78.34298399931627,2.4631259916896138,12.325596963471595,2.698445287841376,1.306654188998865,0.889966862536789,1.18553097993364
K03778,0.938017888862525,Enriched,1,171.50839359456964,5,4.685230614094359,1.0364576101799998,1.0,58.090046370955285,6.211739841047611,70.8240560193575,4.437427748644684,1.2266563771279793,5.832635577285439,5.179647913868193,34.72763938966807,75.92663541354446,3.3300940831170194,12.455579606244255,3.6115546150546147,1.1129370627174056,1.18193181102225,1.06904711771681
K23424,0.678283449194159,Suppressed,0,262.46104394946923,13,9.175786001408735,1.0377913240128207,1.2781281752377611,55.294925472397345,7.709300227944035,69.00487133043694,3.08075662548453,1.2500066219936334,6.094224846098061,3.17537026958166,36.16911018528108,54.652346258456376,2.396927437567133,16.976671537998516,10.532481369851387,1.0400781297693218,0.255380132941763,0.625018074659177
K09141,0.684060252770419,Suppressed,0,178.99232259844257,3,2.948860253440851,0.04444310073333333,1.0,61.85186762487892,4.279309704337486,67.66477486007099,5.742512937967383,1.1799299292783159,2.458550917668852,2.0,30.13952636699863,33.18232174224535,1.8287353842586112,10.992778027995909,8.67888266846235,1.2847011287946102,0.247485625790593,0.342573835395668
K16435,2.50656304258639,Enriched,1,44.76619400285248,2,1.846154986247256,0.6881179631000001,1.0,59.220835747203175,3.891120504202536,71.66249416829152,4.440730910137024,1.2372398091534262,5.749069571445273,3.3603620993123124,40.50312228879483,76.85449137871471,2.6798865018783156,12.773553235350729,2.5289724283252832,1.0675100047855821,0.460280686770008,0.598204688432646
K21178,1.93563394854834,Suppressed,0,31.86868464398076,3,2.8143884427256327,0.18219977126666667,1.5066216545028983,60.318286248294335,4.119110098047483,70.85002255490521,4.358007352146817,1.258838263265512,4.100247604046704,3.66,40.53771142656733,80.02143743688084,2.2874406151089715,15.217613938079847,1.4700724890100787,1.5466319857024113,1.74307478435912,1.36255309813902
K01932,1.03726194421338,Enriched,1,125.44649727369739,6,5.268145372127059,1.0452931817533335,1.729615946852733,62.872195654772995,6.957062623044924,69.73880229056678,5.7647982103409285,1.192810604082077,5.797179875127706,3.975434416695411,43.491671280437565,53.815034445897304,2.931569054506496,12.074606335963505,7.8875849677964505,1.426922457546691,0.800895814545112,0.573747316501826
K17752,0.595656395635835,Enriched,1,248.10257525358006,17,10.315630190949927,1.2407436983308826,1.7625464109818831,54.622537875072524,6.861090485978522,70.27211081994008,3.291015630381798,1.2524627397231758,5.337344364153709,3.3305450062995257,36.684809962153324,65.03519412070771,2.178535954495007,17.901892185663353,5.068436913265796,1.4285134576108658,0.796833491800146,0.539310079204931
K07009,1.51094929205305,Enriched,1,149.8089049054123,5,4.448758479815201,0.5075803817800001,1.3977506882402615,55.15648242689702,7.023360712695613,71.94691734469541,3.9463866888714367,1.2881236326423506,7.072383653975768,6.19,36.836341857507335,81.6250047458969,3.2903119140095365,12.982151080654912,2.633805440758988,1.6168899140604458,0.393888753850299,0.785797527485289
K16049,1.50083509953182,Suppressed,0,214.9347801174239,5,4.768412598275873,0.51553372182,1.2606430464939669,60.58574747159148,6.0563622912360415,71.13929115386786,3.863212627030811,1.2531483219235393,5.422146181899512,3.353704989804729,39.19119352288206,78.78475417118315,2.3182046644048255,15.11950233899482,3.1287707579788178,1.286705007167811,0.723932693397388,0.645175863637101
K18911,0.865755175937817,Enriched,1,529.2300400310144,18,12.223252363548363,1.3069077449313724,1.1800573657286604,56.338538995874956,6.66513309874832,68.755970765944,2.500677055900807,1.285884396624575,10.194067777540276,2.571929895423271,29.804473274443843,64.97949701057198,3.2654552442931433,18.69196844722131,5.354247933343996,0.536626536932478,0.390984072627541,0.589136718527546
K06726,1.89565325822641,Enriched,1,13.143689101139023,4,3.419772676891101,0.2582004205833333,1.4700036211087235,58.047754151009734,8.290522060734085,72.09084356452543,5.173853754704269,1.2757185301890415,6.266235576290042,4.324085624198367,39.146832578314985,74.83101684847445,3.6011876008071586,11.51989461181927,2.5901387040722224,0.8888143593065972,0.879104301139395,0.885882543234963
K03890,0.644723112063881,Enriched,1,680.6522217008005,10,2.802959861865442,0.604772078611111,1.9861491596328005,76.4239948223316,2.3752230943045163,72.28749793140612,2.8256339050628725,1.2104225115923828,9.061299445020893,3.6644437150964966,33.281277524689294,63.791939378425845,3.081066519507274,20.823942955245904,3.610446934074848,1.9310397029729758,0.257698222746981,0.381568760041642
K22886,0.891376429154811,Suppressed,0,256.4191344483764,2,1.195160889578092,0.6347490170000001,1.9567041049168266,83.29528356928515,0.8641198688539671,72.79760059838372,2.8515511512373077,1.1812988768524952,10.271733612076382,3.66,33.681779244768265,60.95562927489653,3.3312972256339908,21.092246405522758,4.198611528489123,2.1134755875412963,1.36269873057308,1.41513371537718
K05501,0.731647816470932,Suppressed,0,150.76727683712554,4,2.435495968950317,1.0509902505500002,1.1197553362278811,54.8975399228214,8.836984769381894,70.07365770856248,2.6144687192626472,1.2981577850601116,9.505923112079513,2.184748041851073,30.699585193081138,66.9436627976652,2.549396218931941,19.710263358377546,11.11730398424666,0.7043456224434337,0.500745425474268,0.520357869953394
K18930,1.13377554628258,Enriched,1,575.948022894162,1,1.0,0.0,1.0,51.85,8.11,72.84223873,3.00492,1.3,8.985264166766504,2.67,30.14048531289911,74.8403575989783,3.5759897828863347,14.303959131545339,3.8314176245210727,0.5108556832694764,0.713271827141819,0.90614598992502
K00464,1.30949662022663,Enriched,1,39.080206470661686,3,2.711087226347777,0.04444310073333333,1.5414174621215915,63.5053923892993,4.127899684006297,67.6816150654802,5.85956930503196,1.1772418107238596,2.319080181521292,2.0,29.91156011281241,33.22069603219357,1.859912661582466,10.836036569217425,8.77265294866889,1.387977241548375,0.264844863364589,0.435243392330929
K18369,0.556706501506283,Enriched,1,560.4908653243954,18,4.389215351008618,1.1872642894359475,1.105014991539445,74.68671340134338,2.781302610259915,71.85779507539289,3.3654738598797422,1.197269936648305,8.680713981627848,4.011454600810058,35.38854656241936,59.74599961598285,3.1165822834507373,18.547998524165106,5.851764820984046,1.858079735037583,0.52340494116504,0.247681152416281
K10794,0.689689369971566,Suppressed,0,74.5466522709054,1,1.0,0.0,1.0,56.17,8.64,70.60544495,2.063821,1.36,12.59799178320213,2.09,23.86039886039886,65.88319088319089,3.9173789173789175,21.367521367521366,11.396011396011396,0.0,0.987588533667313,0.918336508029626
K18692,6.51780465584891,Enriched,1,0.0,5,3.7525300116962725,0.46102003808,1.0,62.33860073076072,5.127521840866896,67.78798184428754,5.5290066304383325,1.120169924163538,5.044664203541573,3.5559551369031768,45.28924412898299,35.658718979603385,2.3345397672836303,12.637174394477837,12.034549232129201,2.035501522074472,0.418489700352639,0.423378869892609
K13653,1.20891142594543,Enriched,1,183.81980075642707,10,6.470726750382066,1.2822938346800001,1.9798838040221645,60.634365194985406,5.221488697640092,70.54614650703256,4.8081658098658995,1.2194967290415808,6.104346414348288,3.768201175500117,41.47921999897178,65.68990099392327,2.594186061770065,13.90551781545083,5.922514958687239,1.2149343558594798,0.656481464273563,0.825032002502376
K18907,4.94894321334639,Enriched,1,1.4564890556782997,1,1.0,0.0,1.0,52.46,3.5,63.71606388,1.384734,1.27,22.386971071700412,1.98,23.809523809523807,44.21768707482993,2.834467120181406,22.675736961451246,2.834467120181406,0.0,0.158679411880016,0.198248655648478
K18197,1.28727248387366,Suppressed,0,136.54759512214383,8,4.269735368206815,0.9892381306857142,3.7001294286651625,63.950053740926975,5.361859634944375,68.75721540516095,5.4519937633866995,1.142318237110751,5.645691352995273,3.589854742052806,43.874144781442894,43.443590862574084,2.682476209036115,12.692623085244138,10.387758360951096,1.7625762174608781,0.182064576363137,0.129847090306147
K10547,1.17649234154818,Enriched,1,286.637256912619,7,5.726925698647094,0.9725520132190477,1.317264181940341,52.51303500747461,7.08668216223882,71.16460186855895,3.090129820394593,1.3106278542442122,6.60203397284982,3.333576924448471,37.42929216938007,78.47163474035106,2.320356006329576,16.309717556628105,3.746596138683373,1.454189953021179,0.755865281306629,1.00864434148623
K07451,1.44839369865536,Enriched,1,47.62306646703863,22,5.736324201769913,1.269316877796104,1.17313042675981,78.5927275357776,2.9016696200134415,70.84139795768738,2.847414112191861,1.1509757674870296,12.394378222387825,2.5311020701274813,30.02514171797524,54.879006159672485,3.516473635368286,20.64613915422422,5.961912025847543,1.0737863184996985,0.364258922694925,0.577190978709394
K02027,0.659406652597996,Enriched,1,8334.85045633402,25,14.503617007918951,1.1281850130633335,7.134964392756601,58.3360165595503,5.628827606880506,70.94014320922787,4.007528981584442,1.2646295284992468,5.24124474016324,3.6365949127114345,38.19592292334338,75.85094969621733,2.9311018719364745,15.19911665941904,2.9065395198743373,1.2056368378428541,0.299640380945508,0.586677063945376
K19203,1.02525141318514,Enriched,1,23.002130356222494,5,4.491442205985069,0.9385612578,1.0504670451376257,57.23518714083993,7.238624424655071,69.87445120958323,3.1853569898313157,1.2752867243551442,3.9218473370983524,3.467748385058939,38.417813582557486,68.6131210644726,2.670951638302361,16.145985867951957,5.700758814244816,1.4463328782230946,0.268436168157714,0.453877574531522
K15760,2.2088647322454,Suppressed,0,76.22003371141267,5,3.582794224190625,0.50590806548,0.9999999999999999,63.90280723589012,5.353167128356048,67.82216293054485,5.748822699964413,1.1168484414067612,5.137552979622224,3.6024019252566144,45.00028257087108,33.62904748541241,2.380332543804661,12.550085239890034,12.120304834421912,1.9228682997522186,0.35001731385022,0.477619117401387
K08738,0.665631933987396,Enriched,1,1639.8360332616564,32,12.712391105286907,1.2928652229790323,9.661089209238721,63.586432240596636,3.964983958994701,70.83260069505813,3.774150931373617,1.2242316017622727,7.073902372053958,3.3406235225711494,37.69431493603043,70.49699489805622,2.819019953729987,16.32867883848181,3.2825805357076683,1.2513460405253072,0.682754085892517,0.982468238733912
K06950,0.835685253988755,Enriched,1,124.27629409330181,4,3.4758016977183437,0.8760727912333334,1.0000000000000002,59.1712772615722,7.249267013803325,72.14271910363868,5.281195301633418,1.2384014202982474,5.489983951250227,5.852228237718143,39.055652960095046,75.95818566191005,3.8277806337338722,11.559629190955192,3.452792988249916,1.105082779302763,0.619558418495264,0.802005103374599
K02521,1.60355167144398,Suppressed,0,51.12367673666634,5,3.397181888380168,0.79139987026,1.0,56.73622155658119,7.8682160296669625,68.35329937729595,3.4899088571107555,1.2129059332546939,4.964232700096885,3.7326243181404726,40.141446205214805,43.05553303379092,2.4478915549573546,13.170156765882727,15.090634249625385,1.2015021309027492,0.411025412954997,0.489842507238437
K03381,0.858038505308581,Suppressed,0,201.37577482848815,5,3.8711017803545356,0.9459812241400002,1.0,64.23446393739323,4.4009298637374075,71.35471072490515,4.6485394248765575,1.2330088241535784,5.412634866345575,3.3604787424084765,38.23057182696831,75.61454917654888,2.8027473068750157,13.86549395541786,2.90071199685451,1.183668300765036,0.537441475066116,0.702476245096537
K04691,0.631227376997393,Suppressed,0,119.29955843047458,2,1.9998448688565038,0.0477178215,1.0,62.740793207696385,4.150293479481869,67.6876357226528,6.1636290990983955,1.17,2.6051388112188762,2.0,30.564870289839355,33.81851671322035,1.9440411267419173,10.83630380552709,8.67440709012703,1.5257217093088946,0.801631079015819,1.68944138051747
K01095,0.515651994115131,Suppressed,0,332.55130608747413,10,4.5748114729935185,0.9418966132999997,1.4397027284563044,57.479995203368986,8.37847774818844,68.4750547473048,3.1932870384215395,1.2295497484683704,5.46071469889617,3.453677944840714,38.79238157608981,44.753868834682436,2.5285966314564043,13.987078740685492,14.55309862961773,1.1520685184000372,0.440777879564179,0.659477055180828
K13652,0.760828471677572,Suppressed,0,291.5039020971696,6,3.4349296666517506,1.1409805175866665,1.7897274829801606,51.41038427213844,7.561761668675668,70.68765040876382,2.693987498939457,1.30441438113113,5.914192756487608,3.505645597960063,30.345666051737403,67.73472980953457,2.382882242836646,19.375519747465816,2.6557981798913515,1.2074937414272102,0.573805743361762,1.35161660049644
K02351,0.534767082655309,Enriched,1,1022.2907308866593,19,7.827566504590573,0.941654152271345,1.3250854511361547,69.35288740259831,3.4765070328566043,71.8469676329856,3.2648729532149847,1.2291913226774431,7.815723778089308,3.5246037353594466,35.644547645424836,69.1224417153159,2.9496693985634996,18.569222205459653,3.440739475866328,1.6555022497679857,0.231770565981525,0.329243905630568
K17320,1.78656322478699,Enriched,1,197.2274277244559,6,5.093235799990303,0.25498790965999996,3.415398858083297,58.78745143041688,7.669355054150718,71.89789918440351,5.190188769920727,1.2730509879902003,6.240713119285001,5.185733465831628,38.26470758981026,79.5633069619946,3.7240111620261436,11.716198253808859,2.3382733111314513,0.8412599922312022,0.759034507398231,0.874359039135525
K14581,0.904153774107235,Suppressed,0,95.6953263630828,1,1.0,0.0,1.0,59.69,9.96,68.24446978,2.487784,1.24,4.421605734259887,3.67,39.81871155713823,41.11362900615086,2.9135642602784073,12.949174490126255,14.891550663645193,1.2949174490126254,0.36509361213254,0.501577412883032
K00852,0.776527296322412,Enriched,1,1177.076628012019,22,6.277628893518905,1.175848547360606,2.0433398596216867,75.54337881198447,2.4539143757404496,71.67141733934736,3.0735312732652664,1.1783144484864052,10.028222917756082,2.8635769723891182,32.63162429759486,63.31370831123608,3.326805353635579,19.61141064437858,4.415150957436877,1.373487296471743,0.34207083461456,0.738473300250451
K16925,0.650804589090936,Enriched,1,182.75639948258387,2,1.5679610916888582,0.6588510958,1.0,52.74955674733776,7.076730184466802,70.42104701637905,2.8886019379116417,1.3016617938737591,3.139024641135867,2.22,35.896976494181985,78.21661010934127,3.3285766503495453,18.755190718438936,2.1352785709941378,1.1238585238193994,0.298857473129243,0.439477177673967
K19123,1.98988423035265,Enriched,1,58.44234872154153,5,4.078238563491915,0.40249812945999996,1.4028975340511995,58.24953516216924,4.050525347583191,70.9657619506157,4.279838179229241,1.2499074754862696,4.260723515081301,3.7226513970780086,42.54137458609299,80.12471264376917,2.275471891051462,14.423317771778969,1.5702225581239038,1.4180236914790023,0.0931100413477923,0.425802678913523
K15719,1.41669912361621,Suppressed,0,21.748654987282418,5,4.430679371682825,0.5549739494600001,1.0,54.44846487315466,5.46161168829145,71.16595181126127,3.657851034596975,1.2696942432844673,5.0533784366100925,3.4515988880642716,40.853189171503146,80.18579753692826,2.253891461251639,14.93063833998666,2.0278668886986173,1.3060840042852107,0.443087783152464,0.483989677898516
K02418,0.60872635102924,Suppressed,0,170.59790060289018,5,2.5480497052623092,0.55060726454,1.0,59.30907973497888,8.980318781750016,68.11260432640923,3.248803321658418,1.2184137198467977,4.59785580467701,3.6112046384619907,40.69628928344511,39.811637094660966,2.697381244324416,12.699486704381941,13.974410049459834,1.3795438366665054,0.360415328849572,0.300365663776831
K13727,1.55661821394526,Suppressed,0,20.31992332778562,3,2.9988936630347864,0.12374390613333335,1.0,56.10391608793749,6.788662399178917,67.73653173484954,5.394021479508027,1.1568740978565706,5.101183672394931,3.6700000000000004,44.82744253231577,36.3210261317255,2.066459481182971,12.645561931220438,12.294134240801792,1.7073771968962186,0.414659347806696,0.483835289709164
K02385,1.44030258191918,Suppressed,0,29.717413271837092,4,2.549134756006544,1.3209553163166665,1.0,55.82293648640315,7.954709775407494,69.7070981251911,3.3004506118444255,1.239829213594179,6.2894375441931825,3.309627299493913,34.92486750737253,53.799427610135,2.35378024170182,14.190702794778927,14.009929951392184,0.7452365941041919,0.431001061725518,0.415001807832333
K16446,6.37510863461446,Suppressed,0,15.628882685433672,4,3.823341641853959,0.4322849382666667,0.9999999999999999,58.225118261529694,4.808794433592879,71.06992948452726,3.9931257817560133,1.2667676107200865,4.820430236382731,3.532084298856575,39.377781030519195,79.78644068195693,2.277245260603116,15.238198743402076,1.9253127386984041,1.4434836937667752,0.663983480089735,0.619849052404188
K19224,2.15077150268923,Enriched,1,20.496118724791717,5,3.5878590695794195,0.5073168312,2.0789710375592163,55.8806189065914,6.468029035729005,70.60009188099052,3.014697690022115,1.289582629947381,3.841448599856942,2.7578479759086787,35.42311937342752,79.21352594755162,2.9112191456574585,18.50926372926505,2.2798830902537564,1.3153092435550349,0.533058420549391,0.792780263182018
K13315,2.40740707439138,Enriched,1,53.190494210650606,14,5.091087604043041,1.0369904184021979,1.037594322043393,72.2190811270642,3.343106869943253,71.4591615952787,3.209609297280042,1.202913953449999,8.120687797602244,3.7367503359554224,36.53394460260332,59.65129936315486,2.949621092488347,18.156383691300515,6.331169965618483,1.7862563031110605,0.689320267600263,0.860683492193999
K01222,0.593341283511554,Enriched,1,424.3565851764153,4,3.242543989008938,0.2582004205833333,2.4236454552029665,58.3478339385979,7.376540674921185,72.1664644000971,5.260590385039505,1.2605869583769942,5.888270966102234,5.0784201619407545,38.8871022184478,73.84313243804584,3.7622036904372504,11.430516056516954,2.2474199177248306,0.9618879105353777,0.392036894177663,0.385914417281509
K07156,0.538022539581516,Enriched,1,297.2695249945387,6,5.28107818913321,1.0786657917533333,1.0,57.24380255549074,5.51783093323046,69.8160760395222,3.342474456001247,1.2810350143998432,5.579076630814861,3.115590631182053,35.68977800209493,71.96840801478031,2.744972556420254,17.794268900139418,2.1119637897671444,1.1613846302805955,0.532099020238016,0.7449852359798
K00232,0.510784013044488,Suppressed,0,837.8927063887128,16,4.488319685755598,0.9286859920274999,2.0691705861499488,73.95119325656913,2.690588803826949,71.96928100156202,3.0386750214642033,1.2101568427742175,8.25888690812716,3.0754611059005206,34.49811831958485,65.42897320428305,3.203640224820037,19.831391515277712,3.8020049672667455,1.7697746733835928,0.979577208976266,0.692462767720141
K19231,0.764366786300673,Suppressed,0,304.08701993293516,13,4.785331061382967,1.2287816432179488,1.0576911172988113,78.50522014630283,2.103914166913625,70.86666074634155,2.7468723929718446,1.1436011721145634,12.66110706333707,2.3740069669543824,29.57561334612116,55.93308939895304,3.4997624760737316,21.27397129223468,5.706915612646834,1.0505585480222093,1.04027219515816,0.655566035404018
K10798,1.5620800604085,Enriched,1,19.83756311481005,4,3.581374783509316,0.11134271603333334,1.7236691487675193,57.00832782704234,5.938465291529626,67.67344991877556,5.155902683842955,1.1936366392817188,3.6482316047099355,2.0,33.65138982270495,35.19931966053295,2.0031233933666406,10.866017915903607,8.16970232045475,1.7440653694824069,1.25127481790426,0.946176464323595
K08365,0.702377575618075,Enriched,1,43.50518843005958,8,2.3927640581619456,1.1194271544357144,1.074155977662818,78.313357023102,2.2120851502671606,72.03005157232928,2.710016884907768,1.210427108398167,10.869066930102703,2.5466867739615884,32.38573822653123,60.43345589663618,3.3999489087930588,20.403712522548663,4.546757284472725,1.8184672526799563,1.0759206563246,1.801023152784
K02026,0.663165654355356,Enriched,1,5633.817166784175,25,14.635759679662067,1.129007925328667,5.636890636238189,57.34490063145919,5.450865788759475,70.8005480644385,4.014042536762754,1.2557154345700163,5.098449396993603,3.876805197150467,39.70642729263403,74.86738806447372,2.774735430459956,14.613109298344371,3.377781912334726,1.234330666206438,0.296813003444153,0.645174481888176
K22723,1.71243096151263,Suppressed,0,81.85144555768984,4,1.957375216303997,0.2170037316,1.8009953669033345,53.339406494967236,7.073834731057666,68.33355924708694,3.7573138444479257,1.2134814128884925,5.219944008917504,3.67,39.27326089560311,43.49592413013381,2.0788009660282736,13.205801664005946,16.131971757574135,1.003189823376373,0.496577351165586,0.385580956112438
K23988,0.987251437825035,Suppressed,0,93.67861429367298,15,10.668048752239553,1.105778196232381,1.585023348455101,57.224815948898474,5.976199199150666,70.68530205550472,3.7924859444889503,1.260363349487083,5.248878600473124,3.1928550484472464,38.962598675609634,73.59233335550238,2.6790541931674983,15.678297557819619,4.008951965329903,1.2928844560548447,0.672648712142176,0.532387023268315
K02008,0.56427507058554,Enriched,1,354.7506844650189,11,8.369226669262126,0.5277871759018181,1.341997810747113,56.792084526746024,5.419309542060077,71.13700567262332,3.8601821145006205,1.2604544706767744,4.637856026790721,3.689006458158223,39.557813351323304,79.46015257095846,2.767687088416227,15.27834968588202,1.9637519402947843,1.2524823088354367,0.271434855024525,0.632473691356317
K05548,0.788000295215367,Suppressed,0,154.4715972967753,1,1.0,0.0,1.0,63.7,3.53,70.97697363,5.001353,1.25,3.798971998177293,3.66,39.91663994870151,78.5508175697339,2.8855402372555305,14.748316768194934,0.9618467457518436,1.4427701186277653,2.02649638466545,1.97204436116653
K01184,1.36024664459229,Suppressed,0,42.67196738432864,6,3.3025101811244926,0.5352182125866667,1.6491863276888326,64.86866250292712,4.75115178816872,67.89130093945239,5.623539290891473,1.1071114172426206,5.073131778077281,3.6501397161096514,45.63120193971113,36.38327800795739,2.4156905724110875,12.777611538542125,12.50446167896398,2.0020720332530173,0.294795069990726,0.621248714054872
K11624,2.79579642498719,Enriched,1,1.4564890556782997,1,1.0,0.0,1.0,55.35,9.42,72.19494445,3.993076,1.23,7.262571511286036,6.19,42.371155021389285,83.92748013852108,4.074149521287431,13.648400896312895,1.2222448563862294,1.425952332450601,0.354666734522664,0.573975821436705
K02657,0.556314396847186,Suppressed,0,254.9131308429311,6,2.3751388744455193,0.7517941520733334,1.1016765958311852,78.66965423052149,3.0776192561104745,70.09698316971254,2.4164013913923323,1.0939451876300785,14.76871223625489,2.166768214246016,24.75103688557849,51.99464889411999,3.8214219702502406,22.491938399749024,7.915430798211522,0.1456331138433179,0.703147599477545,1.11269353363981
K16870,0.560720782208149,Suppressed,0,135.21413613638353,18,6.877692497425738,1.0685678541986927,1.5935727911577018,74.66404171657618,2.8282181411533283,71.40134898652467,3.169187999140082,1.1654625293259224,10.24350275030713,3.1444567788511844,33.09785087396233,63.6200592073939,3.320532304829379,19.33471883741167,4.463599197875778,1.1840150768562965,1.0701856293558,1.04606861964687
K02025,0.716407029015471,Enriched,1,6127.117811888584,24,12.68438929270596,1.1364792040887681,6.021454810896207,57.767637398768926,5.118285815284738,70.81187511139618,3.9738387773228823,1.2588480214728381,5.0346409010233195,3.6877613531009032,39.474052583931766,76.0229103659261,2.7677003629076324,15.053138757874002,2.8782587259194203,1.2708609485112672,0.240819148672814,0.575110822480541
K00556,0.517966456673097,Suppressed,0,146.72667074609498,10,6.9182541331891985,1.1088271045755558,1.3272755546397672,58.24288248819977,6.245259070537051,68.98087909948953,4.169427215899906,1.2017550470176603,4.799313444217256,3.683863152145266,42.333379508288616,50.94271584866854,2.4344994578205106,13.035140065549946,10.942837212786758,1.2989519640463083,0.96179810161815,0.414719338607198
K06876,2.73472439329025,Enriched,1,72.48077390337049,2,1.856976704545958,1.7146588069000002,1.0,60.4579122255776,8.881619095472688,71.45743087936683,5.199379410531993,1.2559207379181236,5.234322917116797,5.201701399625588,38.16549984499774,80.84790740007352,3.534956426653226,12.10798060836892,7.0396179539051795,0.8507070580647917,0.408719681880305,0.73152523878771
K16899,0.523634319141275,Enriched,1,1350.5417520005994,8,5.910861141177454,1.2854154969178568,1.2018296468507932,55.239301522722855,8.320114330358269,66.76231604594943,2.42415878216231,1.2866844760970464,10.81454710116113,2.858207968469687,33.766728881102715,45.43269739102756,2.6862288759060453,15.814573884829917,11.070244308760259,0.5918181874207994,0.845230061738294,1.10458666786334
K13010,0.636648658082228,Enriched,1,234.43488984519317,23,10.318188348355747,1.217954561129644,2.0652294375087767,67.4932862702972,4.079392172109895,71.09184024971796,3.643660592115314,1.2264234701404872,7.375078545162981,3.549811801314903,37.531171490969584,64.84351247160117,2.983192537650277,16.683184846883844,4.946222619205565,1.517961003414505,0.107175499763451,0.283636216036228
K14054,1.14643105447974,Suppressed,0,216.45584413057486,7,4.4080138792048835,1.0029594861142859,1.0693400837402633,55.73342141284734,5.2446636738834025,70.44143531709648,3.84040041296165,1.2663893827867199,3.987283538980212,3.4695350701840186,39.819431884689614,76.26563202420901,2.157563245455015,15.573374773075654,2.1115640655604904,1.5210992892441528,0.715976043959911,0.778380831742735
K22298,1.79506502416114,Enriched,1,25.391112160331264,13,8.430972519585689,1.2605545411666668,1.3644119674595503,60.69266740208245,5.065944285820201,70.98388195523495,4.319388549064301,1.2479446720699034,6.069757160907778,3.3947833881611595,38.99610993225409,73.53533006163978,2.7630634921511894,14.88655774099266,4.262826421451015,1.057621051928288,0.383314587652233,0.515944511169019
K07224,0.995241806414095,Enriched,1,314.5655462747181,11,4.570207159921507,0.7590139507563637,1.11655300659771,71.78536538067208,2.7694246969989815,71.88914213280192,2.9591355831369683,1.221450781433833,7.915917996724559,3.079438147375086,35.03217951592215,68.31230594988621,3.0883097302824205,19.671668759886625,3.3219243620896877,1.789391881396559,0.264439076066729,0.568289317347572
K01066,0.546752424682637,Enriched,1,1069.2223175629117,2,1.6454157347934195,0.4283864673,1.0,59.546180531395656,7.587308436401742,70.02265891250048,2.4451422861209897,1.282242368599172,6.662501430070806,2.30922095807409,29.03475333414498,78.989123878059,3.074826487419886,19.94652855829682,3.786965642728233,0.4666225207698923,0.489777860302789,0.544496371083582
K06945,0.576836062734367,Enriched,1,631.9951469658333,16,8.058393176141013,0.5896782098083333,4.173662400253883,68.66139593475653,3.4033312333526493,71.90975826272573,3.6559557242628835,1.2274622866977571,7.210804399454088,3.9983015712677767,36.88905002490146,70.66774335168553,3.0213096870952776,17.32380435774707,2.8376380896952784,1.628846617823614,0.63253869830467,0.175800820588481
K22322,3.45445033252529,Enriched,1,2.310528148545375,3,2.956344396225872,1.1612831662666667,1.0,55.746156714665645,8.794657605463218,70.37631448645473,5.351753542621488,1.224937324435234,6.024903018775623,5.162129190831687,41.722827703271854,61.67859376052222,3.2914418114873776,11.990044300573732,5.803164792321638,1.4263543150710287,0.3452730426771,0.534876607527978
K06136,0.817820491360156,Suppressed,0,291.0321320105605,5,4.2307998531588,1.0850668663799998,1.0,57.78753975643802,6.457541597107403,69.33968871894749,3.7891673423528434,1.2337592645854158,4.589432479358084,3.666305803908598,40.24687439911886,56.159033802304826,2.457351557987095,13.285265991436125,10.618568087453696,1.1464499165864834,0.505605735206872,0.990280684360198
K00116,1.18931807831551,Enriched,1,37.85389764309567,9,6.393412036266266,1.199611210238889,1.0,54.38797281923969,6.9589162009018635,66.42219933310986,2.2233103784277684,1.3285704576423667,15.026193939723237,2.541825354908106,27.737968334503734,49.68938575467538,2.455344263756214,19.965746867145064,6.636656897019053,0.1668083076068288,0.621465307246114,0.7023144933479
K21613,4.2093201735481,Enriched,1,1.54035209903025,1,1.0,0.0,1.0,63.28,8.35,71.90850756,2.944112,1.19,4.415592885053286,1.67,39.6689497716895,60.21689497716895,1.141552511415525,19.691780821917806,13.698630136986301,1.4269406392694064,0.2199895403606,0.274200037698104
K06027,1.91853267683801,Enriched,1,11.945728524561948,5,2.743544245841265,1.34247561168,0.9999999999999999,57.02670608680248,8.504580291465057,70.34385404719325,2.990042584465218,1.3063749143841266,9.299261996040684,2.659929855167311,31.01042608686972,68.79881724172402,2.7037968781325845,19.28909360398309,9.70762200575158,0.5637397839232088,0.716467831406946,0.658274665154185
K07226,0.551903670144489,Suppressed,0,252.6610578068311,3,1.9982320207473674,1.2387617821333332,0.9999999999999998,64.91725953334551,4.405587061757358,68.2912295969658,5.376645428704669,1.1093112108662158,5.085635500399642,3.2382541493673,44.8934487449001,38.15095924864784,2.500270921396338,13.588996442547982,11.488131346154645,2.252976004889217,0.266596656703295,0.354971369625063
K03617,0.684563906009532,Suppressed,0,109.19434657831637,2,1.9898564685944882,0.0332120598,1.0,62.54249240825892,5.939340856846333,71.84337999276278,2.9337368092448424,1.1624810600096613,7.253457477505428,1.67,39.461562526814035,59.925836731180624,1.503749953169852,20.24440517048418,11.771935732982017,1.7971471295536807,0.618077597015473,0.820170392727194
K03573,1.87703935354088,Suppressed,0,72.41925886841149,5,3.984632964652221,0.09186026958,1.0,63.48473433185772,5.163344324719162,67.78809361642632,5.633203400685793,1.117393184709203,5.182369394754039,3.67,45.808805970149535,35.17969487234211,2.340680178870442,12.670192655847432,12.260262402571186,1.9319538270422334,0.261275419538494,0.479415089135828
K15468,2.17436546668173,Suppressed,0,21.182431730954892,1,1.0,0.0,1.0,55.35,9.42,72.19494445,3.993076,1.23,7.262571511286036,6.19,42.371155021389285,83.92748013852108,4.074149521287431,13.648400896312895,1.2222448563862294,1.425952332450601,0.379240345314015,0.332808995252369
K09880,0.807488335371045,Suppressed,0,360.39221858358934,3,2.172587858049915,1.0921722152666666,0.9999999999999999,58.20609018575144,8.430929045494192,70.00502153920003,2.909481197984688,1.300961242038774,10.537895621339844,2.4987108321202522,29.239854532643562,59.936218823579914,3.474975799107368,18.730016329654383,12.004645074648419,0.38058015427104996,0.558809260402481,0.425013203306901
K03791,0.615489294652697,Suppressed,0,244.03045534057048,2,1.9961974606656259,0.374103002,1.0,51.185968774359864,7.076762366295182,70.0193467487826,2.235400242987544,1.3106167449766055,3.519844535782858,2.9844056383155957,31.19492855567495,73.14268245690107,2.5879944757747313,22.0090015599398,1.2643371071205032,1.1804452956475964,0.18918718335096,0.324335108278349
K20469,1.61843833330047,Suppressed,0,102.81451583610958,22,6.5118089291645305,1.0044935261636363,2.34233055829523,70.47523470882248,3.300738748273545,71.78636966421166,3.1050101254153133,1.2239287384249404,7.617651493472644,3.3905920532850926,35.411889278542745,68.04326386738703,3.039206751714672,19.21100785030837,3.4182637166080565,1.7407812745169287,1.00965849028295,0.980399225358085
K05782,0.835633506404464,Enriched,1,309.1026939731178,5,3.8742149695343957,1.1028281683599999,1.8797170495811681,69.6857673322158,8.559514791096108,72.14078595659107,3.5993650704295597,1.2491557762216865,8.661784577911655,2.6227544742038877,28.64354884621471,72.36699642329519,3.120546911947232,15.014303534614466,6.956310697542454,1.1233680432220043,0.19936706237713,0.276689050070597
K05554,1.8733938362229,Enriched,1,42.76183067027659,5,3.665372314335974,0.49196759333999995,1.5243494806830775,59.65163644515463,3.609745219628767,71.0805271858036,4.571693219364654,1.2399750920003747,4.307952402397546,3.8877701674585596,41.58983604938602,80.51532765526802,2.770283742083911,13.949516141888735,1.315301401825544,1.279936806554772,0.331429338830384,0.622750906511451
K01664,0.796356571140154,Enriched,1,319.35669207774254,6,2.2125348053082052,0.6069817578933333,0.9999999999999999,78.65287731873296,1.9038048344189684,72.53395954246906,2.9679475292559854,1.2018707643909978,9.44661337592159,3.6238807727014186,33.978564049983504,64.05963031018224,3.197861789612615,20.323426207645728,3.8396196345663953,1.9962049278476244,0.148243465656668,0.308940963827134
K21165,0.889155191880355,Suppressed,0,166.660097389449,5,2.838189242131436,0.37418677008,1.114014717808367,75.29995574573503,1.9725171409396378,72.2047768721233,3.080849217880449,1.2038399826121318,8.663217611880496,3.3171559928848353,35.5672742133376,66.40078662958572,3.1693621712384004,19.621028394339483,3.406784735331647,1.8024571628621555,2.05993109495475,1.6669612911725
K02315,0.914910764502244,Enriched,1,358.2329457552167,9,6.582698523572873,1.0710177474166669,1.8167590850553297,62.915253967552445,5.555073991776159,70.01783344477779,5.806113338501764,1.1872752466189087,5.106314400229091,4.856471508536611,41.834946218443314,55.21929549712947,3.143895634957912,11.705898840894216,6.752011667418335,1.417454233159038,0.381615886658588,0.445457901170791
K05795,2.37245992586956,Enriched,1,54.402333485318444,6,5.719714685024594,0.25498790965999996,2.6784731054382322,58.7534881404531,7.357484629437085,71.98055567875625,5.125570204075054,1.2595187217220989,6.231869703619676,5.801617610774009,38.5684122277045,80.86741782569524,3.844715925167809,11.853595606773071,1.9937433402274338,0.9602108147166651,0.604442641229934,0.712973227651936
K14668,2.74620560856638,Enriched,1,19.977531805332443,8,5.436526132877862,0.4662692172785715,1.0,55.780511142266235,5.535611735412187,71.03880897835424,3.9190805498258494,1.270613391247386,4.535523220648535,4.171732087149835,40.23152555151071,81.71181497562712,2.5382182229046415,15.329320421042949,1.4044195988994022,1.4165168583154242,0.537546769666258,0.84142822778913
K03804,1.09387426733468,Suppressed,0,59.68100628594147,3,2.3803340999928086,0.09648902873333333,1.0,64.96929259136249,4.956014979376121,67.85998380321485,5.759086863538941,1.106743870738797,5.240826116656456,3.67,45.64966220389411,33.933970713980784,2.4618447562752896,12.466268065421167,12.200020460823955,2.0469820071561626,0.671651452982817,0.67889953905173
K14136,0.841700745589584,Suppressed,0,294.3381979037522,13,4.200248197542562,1.0875284384743589,1.0633628061817892,73.03440002847049,3.3263578286278284,71.38803609422236,3.0751705098165085,1.1987295376027935,8.34526091317923,3.6986075569594683,35.977421958210186,57.55401866035983,2.954385733747915,18.626428397772624,6.768030825894568,1.8477890374888801,2.24189826194373,2.16596851647371
K10005,0.871190363474708,Enriched,1,580.9173479555677,12,4.308049581834858,0.7556964116878787,1.1514069771810624,74.75386074749287,2.4820053609763852,72.20419169590194,3.1876350173151717,1.2107144181051315,8.880960417601653,3.532034505159754,34.400461386105306,66.9106871040282,3.2229920580405103,19.09084863354052,3.8584528287271582,1.7291634629012103,0.212730164067191,0.495083425299426
K14631,0.861174656344336,Enriched,1,35.187099274006364,5,3.949659447448579,0.72890842536,1.0,51.51668314519334,6.499806588546848,71.10147658495823,3.1798683238885532,1.2992637388706392,5.149685502708998,3.658858328222702,39.89149104478252,81.07684502629225,2.0978984997775463,15.714205682090737,2.061703052203627,1.639429747956691,0.965808604033831,0.540067181886334
K23176,1.71272474698231,Enriched,1,143.64655740284192,6,5.01169669747805,0.5835401903600002,1.4635095639418483,59.546325996797684,5.13227209340177,71.75856344770854,4.913915702568967,1.2537360626745027,5.613531636462517,4.95409844559836,41.24788112026097,77.63105359501205,2.99302496993318,12.058289348876164,2.175911220501562,1.4241074910564295,0.43280362701854,0.733589390427163
K05342,1.3938030717499,Enriched,1,551.3060261330444,13,9.11287249053867,0.7525384644974361,1.7369334349823013,58.48802441067459,5.73272648616645,71.51817989224868,4.133838383081593,1.2660269550749383,5.557284522066156,3.69438678552699,38.42614939181592,77.98646399507294,2.7677847773571376,14.42903327669124,2.4757868459275145,1.2780925746557064,0.429337086920423,0.665255434407584
K03716,3.2442757694123,Enriched,1,19.116553363419992,3,2.4053352468643987,0.7349121080666667,1.0,53.30604787814363,6.837454028001963,72.04135323327857,3.465758409020061,1.3136055456891562,7.293296517201452,6.19,36.2686651692373,77.317174338831,2.879593238579937,13.293424822935975,3.164723247818971,2.062295160291373,0.295608880237229,0.564865155420957
K03466,0.510734330752817,Enriched,1,9885.26338275914,37,14.510514860019777,1.2560539497462464,4.697397262829774,69.20453496775184,4.001416020609958,70.96146419494126,3.25319741444094,1.2005506270482673,8.842570767975642,3.16519867330779,34.120602710365,63.4878458138817,3.1863821733021607,18.11997606253413,5.123466600785422,1.2035645562957202,0.19477323041514,0.446703550477095
K11410,1.23357115665671,Enriched,1,164.59515812836344,13,5.185857404635112,0.5217809077564102,1.1053207550449566,71.85533892674579,3.0218343840821666,71.98736261557187,3.0866663919987163,1.2203274962436272,8.135526392883579,3.5831037587439023,35.01990676951185,68.03032977132769,3.0305974265122075,19.39331681420175,3.22788707843662,1.7031560458800514,0.150325808820637,0.420797336292442
K11962,0.741287672128377,Suppressed,0,471.1297345802841,7,3.2563966449362205,0.927214595457143,1.5919168440540712,54.85421643741543,7.812842322387651,68.40095151662129,3.5178561969027053,1.220805616532405,5.016255757511524,3.7142737355250004,39.36892514829431,44.00655688059408,2.310028133457364,13.152092711947006,15.607375831899168,1.0710565650625057,0.400340503841475,0.433619594662655
K03749,0.85041802096205,Suppressed,0,113.06510576657872,8,1.9670420470034957,1.0437700400178571,1.0813338241587716,80.96808855338989,2.740137577324974,69.98256186438503,2.5972182577747223,1.07268072404497,14.960867833158158,2.191861625048952,24.81179908188284,49.688350471707736,3.953698704694143,22.02508401482262,7.776025028754151,0.16953180396408335,0.212542753023805,0.167961257926594
K03298,1.13144676722697,Enriched,1,212.23363325474966,25,9.391152579042542,1.2946732633106666,1.2477513141973673,73.69954000388023,3.515122493197608,70.58670030770841,2.9462079225305526,1.1761231155370708,10.810974133225566,2.7272564513993895,32.37343120726802,58.033451752941104,3.3028295356012625,19.60037498762452,5.819652343289616,1.135115141856379,0.522669931607397,0.941282892251921
K10240,1.7985840664389,Enriched,1,489.1687653686046,10,6.905829056738164,0.7245410365488888,2.0307844365631893,59.23807606217429,4.8502740681847625,71.09880146905662,4.449748922224632,1.2550340879096265,4.287874694983893,4.07407604001288,39.850306247886614,78.90771441544817,2.8312985265919504,14.533906651401086,1.8974148443744867,1.334699250451002,0.469935113392757,0.802746986181201
K15924,0.967789905937043,Suppressed,0,140.7368678632096,11,7.347555605312217,1.0460311615927271,1.9311951253606237,56.891707714770355,7.1328656764522895,68.94345714155098,4.460792617484379,1.2050127124770125,5.62371741414265,3.374926372281216,41.18504832809322,47.73074957765245,2.3039702034832055,13.05799211860624,12.21009502811381,1.2231776121948577,0.746152448250398,0.528306814925426
K04092,0.888400786437479,Enriched,1,43.94050316097435,1,1.0,0.0,1.0,62.45,8.42,71.78880604,6.074454,1.29,5.926458575536172,6.19,40.8059168579444,81.6118337158888,3.9530731956133636,11.349145626115787,1.7852588625350676,0.7651109410864575,0.367745265125381,0.705211743594544
K09912,0.788774588492784,Suppressed,0,117.43457293361364,2,1.1191015930530208,0.3463670443,1.9761877078589274,84.40134851128019,2.0995423573451855,70.14191149070642,2.333240997867401,1.0476199334851433,16.153874913581898,2.09,23.07393926916379,49.79547653327687,4.112168999939594,23.01457814203149,7.1034734414486875,0.0,0.374271160180572,0.873683943413948
K10232,0.695908218850504,Enriched,1,788.7169390858098,7,4.898081654008761,0.4918677563523809,1.160763986099432,60.8623318282997,4.300454933645694,71.2779040348305,4.774649640772744,1.2388743141950378,4.996027781138439,4.172915840188,40.678769864243435,80.70459729910473,2.935619743339933,13.236617494374986,1.7432049499785163,1.2373374598172124,0.371015292349679,0.712136663071147
K14166,1.44775871866504,Enriched,1,469.524336271405,10,6.920066140498893,0.8518158986133333,4.11741957657962,60.63690622282796,7.152631277074289,72.05885216267339,4.871217457192783,1.2452578578851088,6.245073397489971,4.90593354011148,37.107693047455896,73.17103098237305,3.5823479012923825,12.545774995835641,3.6747873936947,0.9822756026263276,0.512123188565527,0.7187371362632
K16396,1.87632492473028,Enriched,1,22.946615563859492,7,5.7968456654302996,0.6588146326571428,1.1572468245064416,58.16153589482064,4.729185924890806,71.37073076842738,4.554982116633978,1.258116192248064,4.914402096456012,3.743216948125735,41.79530518248385,78.2562000940943,2.7415406681057704,13.250687795296088,1.8393483320811614,1.332482685569814,0.539121174667005,0.760453386382533
K15581,0.528604807275598,Enriched,1,834.7760180873339,17,10.586507556027493,1.040355421097059,1.7704289928792285,57.736159227103194,5.991994167667898,69.97581343589756,3.7193703949023726,1.2417892344290833,4.888890302732784,3.5456371776422406,39.39948534818153,64.53766677199768,2.5794054068924304,14.634192937873264,6.572513619230853,1.2059399055387245,0.15848321421974,0.409620574899475
K10108,1.04731637166648,Enriched,1,50.24281935406713,1,1.0,0.0,3.0,56.02,9.91,70.71920343,3.249915,1.18,3.6924042628807214,3.0,32.283259567820885,79.14605571465765,2.6034886748242645,13.798489976568602,18.745118458734705,1.0413954699297059,0.713569755157052,1.12832058464838
K13687,0.738208377717765,Suppressed,0,134.6772002374943,12,2.4758144043252517,1.111005673448485,1.8090819376640115,78.23783195898498,1.8835183553656256,72.1651618632835,2.996597795741831,1.1933314453840205,9.291868298809588,3.5354500250617695,34.089988067824834,60.00688723760343,3.1287956946241207,20.161518680887326,4.971367876288625,1.9472313172600264,0.324165582272923,0.440438484760808
K22797,3.08653856046752,Suppressed,0,35.01243383825709,1,1.0,0.0,1.0,63.7,3.53,70.97697363,5.001353,1.25,3.798971998177293,3.66,39.91663994870151,78.5508175697339,2.8855402372555305,14.748316768194934,0.9618467457518436,1.4427701186277653,1.06922571375581,0.87487563389993
K08640,1.95357619499212,Enriched,1,112.23282382729717,6,4.5203459505606105,1.1710228688333333,1.7063028342808721,55.459901449490644,5.042271056092439,67.41585896713738,2.794848968845889,1.2952136482480676,12.369599973966375,3.0346902227624413,31.14917064102473,54.46058531382582,2.150520597955988,18.27132779835638,5.721339060428667,0.6038201623985597,0.316384365170454,0.605293463740767
K00851,0.979045847675805,Enriched,1,839.0000015275815,11,7.9256451051353,0.6985258268763637,1.0,55.17715481723901,6.873881522506223,70.82492589361621,3.042118118127151,1.2842379802459238,6.029807270620324,3.0936405458954117,34.173617173601556,78.16819667039094,3.2958775836505185,17.49652774719883,3.3299125371976865,0.768695638087334,0.378774130692434,0.688919199650863
K19268,1.05996155343321,Suppressed,0,212.05837696419295,2,1.9999852100160076,0.0639598291,1.0,63.057538702596254,2.7921733537628834,71.06404517490682,5.032754801679274,1.2299230844561329,4.072766844007704,3.66,42.468505381074536,78.13817090545493,2.5871021615520506,13.423739409341582,1.464685804743986,1.3756854104432938,1.25616758714718,1.10113059995618
K02458,0.604181758411607,Suppressed,0,402.14499501672566,12,4.015110186253554,0.9851196945833334,1.0602908282498806,73.74119343926007,4.220509483401333,69.72641957899133,2.5278172688005234,1.1242600111931824,12.816529129041822,2.4643599614420943,27.258473086989344,49.7641101531604,3.561375577864559,20.52573295278904,9.515865137548131,0.28160242949416864,0.562898185794864,0.776926100407801
K13498,0.745185358200314,Enriched,1,230.59225365701204,8,5.3192807463316045,1.1425028724214286,1.1201639685695701,54.084489168651764,6.7699037369841,66.14335909570514,2.441242374868959,1.320315467940116,12.236914942196222,2.1784523690802646,29.63778027215784,42.65158923202277,1.673140855037615,18.54971298593227,8.083216048630872,0.6846598651610285,1.20460121770344,1.30162613587026
K22819,1.23179687624187,Suppressed,0,293.37394873017723,6,4.840333652059321,0.4515639441866666,1.7699593504582487,59.127889609904564,4.303412786583857,70.92232989000165,4.203177520560749,1.2454446475219083,4.626217372160625,3.476289783176101,40.47355069729921,78.8011794740194,2.742656224700458,14.841980447008277,1.793966202817276,1.1173585353908713,0.70599899157144,1.10820649478448
K21336,2.88655171311763,Suppressed,0,35.61488380106831,5,3.9231030531265154,0.5613378043799999,1.0,58.40553428302755,5.0057703552016175,70.74978484174382,4.033847501776336,1.2670017606496893,4.455015284998452,3.663862088295728,37.13262118803798,74.58310523086908,2.442297323542327,16.68708701438755,1.3702365545978044,1.2329501298372738,1.35840023384801,1.55596460809155
K15653,4.86229410650423,Suppressed,0,19.92836550720737,4,3.209158553791377,1.0993037497666667,1.6741837452672332,59.03441530401531,4.390070835263284,70.27739351598238,4.467815721747733,1.2330336182707564,4.480208983719818,3.70677580746598,40.99214065761138,68.28236860886985,2.4265836548155573,13.417065796732139,6.287465097263523,1.1816063759284166,0.518142285745528,0.431825842529327
K03784,0.551879482891622,Enriched,1,440.08580167173204,7,2.685209955146468,1.106551460409524,1.0,77.35667817345113,3.3695171981918435,70.24718568377241,2.393923043551562,1.1102724725045485,13.5288100115493,2.2918787527449975,24.90457689484204,55.390430666642104,3.7836742679961373,22.284758157704363,6.145232525532864,0.2996319819954931,0.245288274298042,0.391743935408795
K02841,0.602989237202536,Suppressed,0,518.3884097681184,2,1.8752415084605714,0.7555660774999999,1.0,53.30446230249964,8.661470185648419,72.51974532507728,3.5778794630463717,1.3032249718458973,8.313263176129983,2.5248762669346263,32.78650414835117,74.56472654115053,3.4489871699357417,13.48807547249741,3.7759768554002258,0.5513549685137832,1.06145709273851,1.05657927004217
K07448,1.35100074932066,Enriched,1,250.68516232767539,9,2.884255486911854,0.9496030452277778,1.3688248901340727,76.93262822888742,3.777918874835077,70.40592782115216,2.58916499216843,1.1175779928263172,14.356994089608683,2.4748123845556123,25.6777440591877,56.312654309496956,3.8686130905091125,21.70446314185035,7.1229172026899965,0.157985287036221,0.373226784584126,0.506358655072658
K15836,0.847517108776374,Suppressed,0,624.8021110732715,11,7.300361889275371,0.8527468889163635,3.109751568676298,59.47331459742986,6.718475779865594,68.18579829388761,4.696306594913552,1.1704696484888073,5.080136195598712,3.744565067164621,42.645313983514924,39.429307911022335,2.419590087253045,12.719952039643141,13.166015467897527,1.5498716107983697,0.880487787502342,1.12991524452804
K10187,1.25817746345635,Enriched,1,130.94935005983672,7,5.170655760758577,0.4836666464190477,1.0721775059175875,58.41825930992985,3.910969007225015,71.22236925782268,4.513434558012659,1.2369670344245844,4.571741336662457,4.1705358451599714,41.80386979825955,80.43271843413122,2.857790740923224,13.510726225109861,1.4452291048711194,1.2204106188581045,0.277829119525429,0.439186377909475
K10007,0.661983614557807,Enriched,1,426.3875241955578,14,5.243029729397776,0.7112229143967034,1.1738200904112148,73.02152631047583,2.815666365091908,72.0309937917925,3.2344598460506013,1.2184126211092106,8.245315464381084,3.4639365767403536,34.965870096774815,68.0137880751347,3.2308369989817503,19.068843215131263,3.5410963078168214,1.7007539836521046,0.102322905291827,0.4499193246191
K08717,1.73651457048193,Enriched,1,32.113334424991244,1,1.0,0.0,1.0,63.31,8.16,72.44765375,6.531843,1.27,5.970749756232658,6.19,42.21954161640531,80.09650180940893,3.860072376357057,10.253317249698432,1.5681544028950543,1.0856453558504222,0.298260826159206,0.449945573752161
K16783,1.35143688708281,Suppressed,0,107.31795145107087,1,1.0,0.0,1.0,91.88,9.76,71.98668873,4.124325,1.17,9.698556733526093,2.67,23.029045643153527,69.29460580912864,3.3195020746887964,16.804979253112034,9.95850622406639,0.8298755186721991,0.39151102866368,0.539037808281837
K18955,0.884851373271087,Enriched,1,616.1830238858719,17,5.542990364513066,0.5775971384044117,4.141666316155497,73.28727092422982,2.8362783186335294,72.1144869861989,3.2453269026597296,1.2159638604889944,8.24330583651533,3.5424694625863196,35.0859106606163,67.62411978824555,3.193859657786335,19.010288814601456,3.391192757756154,1.722658396282246,0.248055561265741,0.628605100971278
K02422,0.570171395127799,Suppressed,0,136.42444544979455,3,2.5426693541234644,1.3106187176,1.0,75.16190386159923,9.797093987700201,71.80765133337248,4.281391929720984,1.2228895258167702,8.06700322161186,2.535853410421384,29.623177516314627,72.00901885669374,3.1977034175436243,14.642297927453537,8.493357629508695,0.7791079032981696,0.464398022463226,0.474806896511904
K20274,1.98688822318977,Enriched,1,72.80234737868756,3,1.296286894564455,0.7408022339999999,0.9999999999999999,82.46219522284808,1.0888688052622424,72.83059912996751,2.8075496612080757,1.1871748810610465,10.316430981608914,6.19,33.27899384750955,60.933211062132216,3.351077886555108,20.987718001798893,4.2375393896670825,2.1414491721843714,0.607267182323676,0.844203567138728
K08167,0.712996733955785,Enriched,1,727.0016912550467,18,7.149466168111014,0.8063353981915032,3.4350422823093614,70.68792068357178,3.12617877667897,71.9902310639562,3.615503759936456,1.22095901255444,7.606945989653807,3.808429981324723,36.71719385042726,69.94097000945327,3.103907412745509,17.633798090498047,3.1689152588247023,1.6446801004814673,0.178910326469939,0.363056897129863
K13771,0.592323148215603,Enriched,1,321.2186176520899,10,8.797041579712399,1.1226511876422225,1.188691947320245,57.89739049291469,6.726300567109677,70.41160560195847,4.7387939028003645,1.2207280790852122,6.397843067582823,3.773246154640796,39.76635478730356,56.64781860252618,2.87764353852419,12.80227617485693,7.207905547088427,1.6302398368694668,0.478476029475611,0.746918790614992
K13633,1.54712224294357,Enriched,1,280.11194244362486,26,13.268943185147316,1.167603772928923,3.374135999817745,63.796171343694745,4.844876010117381,70.94192381438198,3.6990456712098645,1.2333518261178078,6.356521986524885,3.7476146331547344,38.033356151099554,66.32905522114409,2.832686796145349,15.854754892898574,5.40038416029817,1.3949226839833306,0.604499711138369,0.899524949583807
K03974,0.755590723209443,Enriched,1,266.60986230587764,5,3.9207599011197476,0.7131294635800001,1.3609338862472127,53.601842662517434,7.394087690825565,64.06976437368874,1.4569612503366953,1.3557306597591627,17.779214648528736,1.980224334125605,26.26986259174519,39.97084241011393,2.182994991997836,20.819191251024215,6.326859934377182,0.006223436071897222,0.95943228043555,1.24333323262932
K10820,0.733286083528912,Enriched,1,609.7734345338505,14,9.84183340432231,0.9241015751076924,1.0471360708395003,54.519559893857284,6.883694228553083,70.08357262254086,3.007139702133529,1.2766577630423925,4.605401061660738,3.3597095948225197,37.182351563288414,72.16038781331312,2.5865636730777455,16.974622188516506,4.176103129028288,1.1556620702772427,0.53883067136914,0.643828909390379
K13275,4.58954094846851,Enriched,1,0.7632367004697497,2,1.3997087687014615,0.6800461258,1.0,63.658989556882176,4.016867568296333,71.13162297206613,5.162291648942086,1.2521030996470686,4.027345250001154,3.926042105354152,40.15880153293056,78.71335396868088,2.988017147145592,14.275645173148806,1.0256030167394812,1.4052166704999447,0.420053834466331,0.165022942148196
K15532,0.838212494985866,Suppressed,0,325.0779672099677,13,7.559952063104618,1.111152662151282,1.8931412548820719,56.15827799821607,5.451607197790822,69.66671384388896,4.137102180972134,1.219049151478883,5.132003763466288,3.646193666457072,41.117727905234474,58.382830479920564,2.388133238533149,13.437489650972108,9.066589089823372,1.333944858804464,0.635809463514685,1.16404232558298
K11621,5.53475613152001,Enriched,1,0.0,1,1.0,0.0,1.0,58.9,7.94,67.66201223,6.0659,1.15,5.440247943421422,3.67,45.872878918607995,32.499280989358645,2.1570319240724762,13.373597929249351,12.65458728789186,1.5818234109864826,0.383255860180789,0.398127538936778
K02013,0.618849300454317,Enriched,1,2086.379771079517,24,9.310941026592177,1.1520994313923911,1.2827279842881225,69.29709120347712,3.7906678735837946,71.26481217069406,3.0606705697019074,1.230185127930425,8.6551716230492,3.3726357756880683,33.97157271740965,66.37271224588402,2.9389133201234436,19.1603374032918,3.863067828913986,1.5417092425711276,0.486414016803519,0.749434157621012
K03231,1.54789916985239,Suppressed,0,23.583762271897594,1,1.0,0.0,1.0,67.96,3.72,67.7269827,6.17492,1.17,1.9433450149961455,2.0,29.297417384059983,33.32407664537628,1.9439044709802833,10.413773951680088,9.025270758122744,1.6662038322688142,0.725276250785608,0.964772279150381
K09692,1.70518884394423,Enriched,1,193.11014054228428,9,6.863521076920515,0.7966172459777777,1.36432245209103,56.8704768780168,5.912653450179018,71.52086689832619,4.325915112804828,1.2591911912447817,5.426389829620583,4.110444708710485,39.3208906334891,80.82178121302023,3.1683652413410326,13.698634717339884,2.237670564694931,1.0588915778306671,0.521869654251606,0.744397723165457
K15524,0.967056371079725,Enriched,1,151.78998112314585,5,3.294240274944896,1.0624734389200001,1.6113723051321336,54.272133332299504,8.48387474195377,72.45133833766442,3.5093418664618863,1.2844481699896702,7.884333877969088,2.7326263594992697,34.221864615915266,72.62755978573628,3.2641938252954743,14.39424812019336,4.789303696051686,0.8408777249500738,0.397367209842485,0.470082659244256
K07265,1.11653958736893,Enriched,1,99.36178450651563,1,1.0,0.0,1.0,56.17,8.64,70.60544495,2.063821,1.36,12.59799178320213,2.09,23.86039886039886,65.88319088319089,3.9173789173789175,21.367521367521366,11.396011396011396,0.0,1.1048257321974,1.17453729632907
K16301,0.991020687213463,Enriched,1,342.5675937601338,9,6.507517918341457,0.9825563260111109,1.327607122054715,54.82193091742192,5.857238460894223,69.92239091033727,3.162226973819941,1.268367113546463,4.655272910599487,3.030459699578792,37.143140764115905,76.04514056488917,2.6766139460136817,17.791365465384843,3.0548685904646953,1.1486520784157073,0.270518138261119,0.589563305642505
K06211,2.92957760056715,Enriched,1,52.95878402128151,9,5.402997713288277,1.0886455923722225,1.4910227250575812,57.58973256386656,4.637363250078746,71.4020066063041,4.429027519077453,1.24650732360896,5.359194526199596,3.693758761728885,41.974647832111,76.4907791319233,2.655716456969488,12.800617865696017,2.682692964464604,1.2550887684000624,0.519433360861977,0.691978964419412
K05275,1.05840845544719,Enriched,1,702.3975881163586,28,5.235164826191703,1.1895381454859788,3.9390660299701126,74.46517703442255,2.4715633656350247,72.08965820988512,3.383400523772571,1.2040956823844384,8.464683984714387,3.7099814744097794,35.71755373885428,64.27520962102099,3.154078088659643,18.65047409673119,4.231803703770333,1.8111564209254505,0.373284194986235,0.635521522934629
K02120,0.660602277949421,Suppressed,0,276.92184427057157,1,1.0,0.0,1.0,67.96,3.72,67.7269827,6.17492,1.17,1.9433450149961455,2.0,29.297417384059983,33.32407664537628,1.9439044709802833,10.413773951680088,9.025270758122744,1.6662038322688142,0.440950568458524,0.900495921254206
K19696,0.500981588741284,Suppressed,0,303.99586928889596,3,1.5474236945302986,1.2409852460666666,1.2526414466878457,81.19703652399618,2.85497506798981,70.20814777348065,2.3445010805537887,1.083070248043571,15.671243697948457,2.133420911805657,23.3445176338495,51.82593635297881,4.089979081078612,22.71765460287883,7.499014818707447,0.008102881632794746,0.899472758827393,0.918187627368855
K15771,0.601196315790434,Enriched,1,610.0906607285625,9,2.8711147480017254,0.5775536231055556,1.07464803476637,76.32461004059056,2.443562136497787,72.30384389421323,2.748970053550739,1.2109580791411352,9.282773780753132,2.8560437239912613,33.03052199259295,65.40349986298195,3.294742798468591,20.422194786184644,3.9873020503288763,1.8878946456925194,0.422317246358988,0.159825919186054
K14291,1.83946450697165,Suppressed,0,44.81383033972074,6,3.8693129266671478,0.20686917929333332,1.0,57.15480615682988,7.662734661726516,68.2112524842403,3.580533231158457,1.2082255159698874,4.939789638816204,3.6700000000000004,40.51112555067752,41.829794126113214,2.3825336157869517,13.113666202477354,15.200510380236743,1.2155983040971365,0.507977591050318,0.532422749989963
K12240,2.14992876073591,Enriched,1,35.20791732114248,7,4.903006728611693,0.4799061990857143,1.8383623545733117,58.36071537863275,4.6147345255675685,70.84636838605493,4.149902327121616,1.2631942462364916,3.8747882853591946,3.5351420940158214,40.4152156658933,79.86635617078001,2.627773045685703,15.606887866637202,1.38291328259745,1.4060581558094323,0.458843157245556,0.670116825048422
K01046,1.09163681250671,Enriched,1,194.7919912930938,25,8.69376816171455,1.1624118362773332,2.3067547971214046,74.23969911095092,3.354034997374796,71.14635010680627,3.2604770499653646,1.1776873470502074,9.095263348610112,3.1390277284881223,34.03252389043344,60.653442118513006,3.195010767654878,18.640952415208055,5.549288451804294,1.3987223048192632,0.565073612002851,0.651688641282172
K06447,0.769302151422865,Enriched,1,340.96009198744827,2,1.7906860200238488,0.0955864465,2.4613249816575107,52.554986123807744,7.927814694422257,63.928517772196415,1.4594267037874604,1.364986123807738,18.31415247272701,1.98,27.068805005065865,38.867321560920374,2.1638355795811988,20.81170280065896,4.614548294387757,0.0,0.882461224174073,1.26415327205651
K16150,1.75387283815126,Enriched,1,361.21566560866887,23,13.839771349120122,1.2639463917667981,2.6668648967479567,57.2043562211814,5.511843468198882,70.23415553014364,4.057338853522745,1.2473038581732538,6.313808433624572,3.3620092706618623,39.416200713162944,67.8082792218175,2.5527169672232413,14.594999778091815,4.790419132896262,1.1480293031143511,0.597805954490156,0.883100449879328
K05711,1.23734690569834,Enriched,1,22.00871342764047,1,1.0,0.0,1.0,63.31,8.16,72.44765375,6.531843,1.27,5.970749756232658,6.19,42.21954161640531,80.09650180940893,3.860072376357057,10.253317249698432,1.5681544028950543,1.0856453558504222,0.282329593874054,0.688045572713268
K01233,1.64539880286548,Enriched,1,54.04359419706831,1,1.0,0.0,1.0,62.45,8.42,71.78880604,6.074454,1.29,5.926458575536172,6.19,40.8059168579444,81.6118337158888,3.9530731956133636,11.349145626115787,1.7852588625350676,0.7651109410864575,0.596571315605951,0.794237107106804
K09759,1.53618319811328,Enriched,1,212.93535492026044,4,3.153975756077182,0.5413099730666666,0.9999999999999999,57.66993834044284,7.910198307417397,70.77327576348901,2.785639758879238,1.2885496775874685,7.158715568804039,2.374046311342026,30.16251862399214,77.65916301654232,3.1872980910693376,18.005136505101,3.783662445490529,0.4920928460184435,0.312801477877269,0.623394806175489
K12583,1.58526286448023,Suppressed,0,247.00435763207864,24,11.286651986175427,1.0790370576014494,1.8395402784522537,69.94567690091623,3.7179438100208655,70.79678653527648,3.0205953916016246,1.19991754524467,9.548311205441719,2.9312781791233897,32.29189312306858,64.66213717914874,3.126860856734921,19.526276166413684,4.0894532249219555,1.086416390443191,0.474959163714384,0.757563073560733
K05878,0.517121801060761,Enriched,1,375.20069681419915,7,4.949105950531234,0.4830171987809524,1.6038462393622277,57.5612003103936,4.69889623603447,71.21319763491502,4.420201865601634,1.2504336566113767,4.606042532573234,4.212644169898777,42.52263797469385,79.54027115799393,2.4783250880364935,13.705057216588129,1.7189462160696347,1.3387813532167834,0.157521734416606,0.313478801526725
K17641,1.55277495794599,Enriched,1,241.54467090146838,10,7.6111620238285935,0.6115005776644444,1.9736887050703535,60.688545598286105,5.141860643334547,71.47772029960898,4.802454464186904,1.2499398665041876,5.236969699872724,4.008486477590403,41.11917531846987,77.69995324216359,2.890787730298107,12.909396416343316,2.262623921756867,1.2263855822170093,0.334291618902511,0.598805989469662
K07663,0.517082544834066,Suppressed,0,233.1547191872552,9,3.2580484553152695,1.1909814513166668,0.9999999999999999,74.97380603243973,3.918095825716929,69.82284396067155,2.492177591132304,1.1111148930652284,13.000778074505526,2.466164496022195,26.855729989486694,49.564349835819954,3.6382453848395455,20.46712824164188,9.194707747621992,0.25129636683653694,0.823352270953269,0.763544529107299
K14287,0.538363644147121,Suppressed,0,889.0633403112212,7,2.3129142714296007,0.924458679095238,1.0769626309969405,78.92120882741483,3.047593974484241,70.11844243731703,2.359196222744151,1.0937973154745697,15.03339469924644,2.1456030381623523,24.11286967113925,51.65085849693175,3.893145526603937,22.571070355775056,7.790135741703019,0.07775999352520158,0.534280407625766,0.616815250613013
K22462,4.90784723294894,Enriched,1,1.4564890556782997,17,9.436852799168783,1.163989891682353,2.154973691206152,59.412891641009494,4.674152544002617,70.59946504521304,4.5179390506493,1.2277701192869104,4.772400330677083,3.7929655265508946,41.33833555174289,70.05990076965048,2.6425710034776397,14.083068291054813,3.8792900828384456,1.5114734106801206,0.325259135955677,0.469887654137627
K01218,1.25730342803306,Enriched,1,643.650013685297,13,10.04140158856357,1.0904132066153844,3.1185543275799796,59.63426433796634,5.333562070705721,70.3858004112705,4.955835479267073,1.2119143070710052,5.7447723546879015,4.202983010311407,41.17846954400756,61.12346981730965,2.7777679514623133,12.447190465497927,6.153637126504347,1.5629166214430275,0.501827542388428,0.773684123359891
K16397,2.2269504061603,Suppressed,0,35.003964527954885,3,2.491773525590872,1.0903772756666668,1.0,64.34182192440966,5.529189925572597,68.67083229121714,5.6361749468541715,1.140392372867713,5.4661929065778665,3.3585063624349907,44.64777755843771,42.90262917010865,2.622749368942237,12.731230331858988,10.575089799672497,1.7855260305644327,0.51819502249653,0.805662745425071
K13832,0.901786264157671,Suppressed,0,285.97729094381185,2,1.996201479677524,0.14449397049999999,1.0,54.173122823446484,6.6402016776425565,67.67312209839884,5.028113236319259,1.1965410471492637,4.288325641097503,2.0,35.382181003773375,36.23188545340024,2.096793710324567,10.877590040674347,7.8939396282566605,1.9438683110895227,0.863098100549482,0.804405555781439
K10242,2.09630258501469,Enriched,1,329.31193596781935,13,9.06096366176725,0.7670842055820513,1.7393327130186311,57.71719016796548,4.891332431087402,71.29479155592625,4.2150946357436165,1.2583756081989732,4.866106823911311,3.7823388982781507,39.5914874823675,78.78612240481289,2.906688725910777,14.134584308779877,2.2393674790884406,1.3266735113886647,0.52490256678798,0.79667613409283
K15981,0.641302931200451,Suppressed,0,622.7366866058549,13,7.680521870041838,0.6739131704307693,2.574893883405524,58.18659424854561,5.358649562469294,70.64515308626883,3.717494333955657,1.268780264393008,4.77025828223455,3.5007779566931427,36.876086625817116,77.77949336347075,2.482162798025597,16.85224415317711,1.872888694110994,1.2057084537069542,1.61223003723365,1.42147552803833
K09946,0.770427691397986,Enriched,1,69.7017642399403,5,2.9045931629659654,1.40237145488,1.0444559719089437,57.997437291203745,3.046979190552708,67.9210355693828,3.5695205779014247,1.231541142795549,11.321284561289957,2.8470647380388248,35.10239392150442,60.968663082397605,2.466614281988282,16.27676548634579,3.2857826209320047,0.7531908778018027,1.22193834504755,1.05149683364718
K18778,0.506414421503759,Suppressed,0,231.6171844075731,1,1.0,0.0,2.0,56.02,9.91,70.71920343,3.249915,1.18,3.6924042628807214,3.0,32.283259567820885,79.14605571465765,2.6034886748242645,13.798489976568602,18.745118458734705,1.0413954699297059,0.583957820639428,1.40997958239312
K06384,3.20904542148846,Enriched,1,1.3726260123263494,3,1.1357803382633698,1.1462201530666667,1.0,83.72285897175443,0.932417064392286,72.84676809105994,2.7897214917950026,1.1806922575660703,10.47767303922066,3.765316728462227,33.329486691053624,60.42285141108319,3.3647726825768642,21.378396888937004,4.346593358564097,2.134198762239693,0.247328756984504,0.230294290028655
K03831,0.62819784054957,Suppressed,0,205.435669005398,8,5.471590345578689,1.18905257985,1.0,52.72719517505499,7.530167785329185,71.00536224709923,2.3675520686602307,1.306796118486191,7.284964863218202,2.8782299526428927,29.93220734415335,68.70534634677648,2.5450536789247207,19.782909019390388,5.037975126678678,1.1948218066985408,0.389959044099492,0.410770045842959
K07153,0.522629181557337,Suppressed,0,212.56932803132295,1,1.0,0.0,1.0,85.09,1.94,70.13060445,2.339813,1.04,16.240614100357593,2.09,23.054755043227665,49.40304652120214,4.116920543433511,23.054755043227665,6.99876492383697,0.0,1.12243533354794,0.694486376141008
K22476,0.991047999247402,Enriched,1,114.21543000628758,15,3.5919831132306457,0.9774362989657142,1.8757318041689244,76.4920276839257,2.0728381463005126,72.34337407971911,3.185948265539228,1.1981835632887947,8.902439254087652,3.559356629448881,35.26804181648092,64.3210051184919,3.232006913227679,19.321830406274046,3.9479038909138224,1.89065857411438,0.258787935910352,0.502558763091247
K13671,1.30331575960101,Enriched,1,543.416554962026,11,6.880413795902181,0.6284900144181819,2.6872961554442503,60.05171487958853,4.555031915095465,71.49430172455328,4.56730127815277,1.2474621328263515,5.324431087440637,3.7821193323840268,40.598683454396586,77.49503283254374,2.7896720011038174,13.183994070856967,2.2558729753286855,1.287156196427191,0.323246385903668,0.624015174277448
K12429,2.44580624680956,Enriched,1,99.56008530874915,5,4.019311970614896,0.9477194369599999,1.5334867874624643,55.51075647545754,6.356587896591154,71.98712161841019,3.4544211685824573,1.2715972699228404,8.20458189577041,3.53236607375863,30.370317366165217,69.60334741971467,3.4605132978152193,16.09373013911697,4.701954628518328,0.5023406683330695,0.631157155347778,0.955550529387358
K16653,0.803117109053204,Suppressed,0,300.65733311501805,13,2.6904923704206216,1.1038374938948716,1.7758879059430384,78.28300354650635,1.823183258483027,72.22357618515029,3.1401250788048745,1.1894578129575903,9.246439808002526,3.8049183592473375,35.07762504675554,60.783626006195036,3.1873549095802387,19.64001654354496,5.0453996284436435,1.933279511904023,2.31156626544521,2.23171611054273
K06995,0.64949948295594,Suppressed,0,105.22431568735448,2,1.9850710370550368,0.1656633525,1.0,54.505158983854415,8.635733246958488,68.3604821183985,2.921086326115103,1.2399999999999998,4.866666081499847,3.6699999999999995,38.62370314586636,43.783446524138455,2.391753079222863,13.196274717944185,16.13574490225523,0.9857043494920115,0.485039826230315,0.884536992515725
K10002,0.761834138385862,Suppressed,0,208.6536302231092,2,1.6123790570869108,0.5059569819999999,1.1842053859807962,56.14236919210288,8.873940840195612,70.626399874717,2.2823059030795068,1.326843030523457,10.957534596635563,2.2576269012425247,25.411935168072016,68.32628201868236,3.675353258112736,19.973265018650153,12.74975649911454,0.19183065449705414,0.67471078514958,1.01236778358649
K11901,0.830205285525993,Suppressed,0,146.84276146696763,1,1.0,0.0,1.0,50.45,7.6,68.45121749,3.25998,1.24,5.214755918747968,3.67,37.689065212001,45.87155963302752,1.983635011157947,13.389536325316143,17.108851971237293,0.7438631291842301,0.374087325548328,0.530174230121705
K16164,0.761571086822407,Enriched,1,46.72045193085393,9,7.409339680441866,0.564696640761111,1.5650564791420796,61.65151608155118,6.667596102000515,71.69090932385811,4.635914351025546,1.266613983268757,6.121528136834105,4.165677343174255,37.05800389363569,77.36951763648761,3.2250495030201227,13.35808733743691,2.875699309085208,1.2558610347573242,0.623303230938245,0.94660138611898
K09883,0.517545472671761,Enriched,1,826.6234285534441,4,3.9206510307894207,0.17580886523333336,1.278011470821308,54.54008722379907,7.340550801748616,63.976742628306745,1.44633691075196,1.3537256355790739,18.328457917876037,1.9800000000000002,26.06905435362684,41.59340697738004,2.5339581545435,20.371244995313276,6.454871721019014,0.0,0.755204088913846,1.15808777323465
K15515,0.506281214990238,Suppressed,0,389.5948013617646,1,1.0,0.0,1.0,50.45,7.6,68.45121749,3.25998,1.24,5.214755918747968,3.67,37.689065212001,45.87155963302752,1.983635011157947,13.389536325316143,17.108851971237293,0.7438631291842301,1.52340180228461,1.68710298302476
K03272,1.19062132480379,Enriched,1,747.3043416645409,12,9.03721210709921,1.060695804828788,1.230209998643374,57.945296184000334,6.386917533039245,69.85503496303177,3.7573478162652867,1.2582286084865757,5.914858643190336,3.6199581460619306,38.467038920061164,63.12036454495622,2.645262190569268,14.055745250262316,7.088105814343249,1.0964205122230257,0.541308084738318,0.720066465842605
K03810,1.34448393433403,Enriched,1,30.999236891766117,3,2.864215325427499,0.9830894018666667,1.3820766703034049,56.7889725798734,7.477854209283679,71.7684614390451,3.928677451224358,1.2263013702530612,5.52859703134108,3.5700546310596097,40.589025833811704,63.53088940036976,2.8872466342119325,15.591501462828681,6.691451567079815,1.8109231492871103,0.716690902914438,0.916789178552011
K18800,1.15813765493872,Suppressed,0,124.10950711304729,2,1.2318328107636842,0.5059569819999999,1.9465666156076047,56.16198499234114,8.707860398178344,70.61152345058974,2.1271980166275135,1.350381990809369,12.12213610198868,2.1386243797970796,24.310460814262143,66.59187063787503,3.8471733149990777,20.963082403730485,11.788699058634755,0.0556452844492529,0.424114809035381,0.990227456023187
K05350,0.883526998223252,Enriched,1,2859.042040768161,30,14.709114563066676,1.233389805966207,4.382314374878305,57.64617385403637,5.447416580008009,70.343410825651,4.082902164722111,1.2500544422715247,5.106213816804695,3.638569149670621,40.0088864329467,69.56846338672332,2.6949831771347585,14.227289839897232,4.7507202852126085,1.2926951994615956,0.465798714905422,0.677147559062087
K06378,0.687838105182028,Enriched,1,55.16463107933881,7,2.0962445581703855,0.5988421996190475,1.1210825282971733,79.50804844873099,1.9195719626380727,72.77526223266693,3.036138353247217,1.1981824613016323,9.928342260996553,4.423677531583809,33.722044476559276,62.64493351113352,3.3839366862018494,19.953612642028585,4.068267351688899,1.9866344340265774,0.286561154403636,0.404449477230983
K17734,0.693435794941537,Suppressed,0,2185.535372930001,20,9.910475946269989,1.1351259276410526,3.3023264619978625,69.66554102868415,3.2436472034598736,71.21600137316551,3.575882606981432,1.1863380100868404,8.541307900119937,3.2116284717406725,35.3008226923749,65.41108462108987,3.1649953182199355,17.52621601730823,4.5006417061234325,1.1519164841578078,0.782001245382908,0.861778774917361
K06413,6.54088707352636,Enriched,1,0.0,6,5.073228563860971,1.12763452022,1.3337189815664452,67.6344835101331,4.814466443258491,70.77246143360726,4.849210669637127,1.1949903394617682,5.501743234244912,3.652219627051913,40.00411205822497,69.30718943903673,2.826693480942118,14.07421413217088,4.8878862076189105,1.4812074694824686,0.402727709258586,0.31691149615674
K03583,0.557133053205985,Suppressed,0,1749.6235583407215,18,3.531190672748734,1.2444443193849672,2.5317593513822882,77.38479427407312,3.2266789395626687,70.03693902130726,2.54309796956166,1.1019047419636145,13.340731861088754,2.3163956577682527,26.247561946678864,54.08718805030732,3.7260349239464974,21.692071552673955,6.743455000533396,0.27517320188217914,0.773651564190809,0.944194616596507
K10219,0.65839704845471,Suppressed,0,391.36051515592607,2,1.3103657652962712,0.5866799062,1.0,54.958053272707474,9.198957408682398,70.50955422106477,2.0778388564956214,1.3277491098841772,11.005912959116177,2.1596769375337423,29.631629506018346,72.2184568749029,2.6367586998732055,21.948648919347917,11.18493587295405,0.42793972195644936,0.778711627908488,1.15475668740998
K19580,2.20232929688672,Suppressed,0,25.187159367143668,4,2.563733492451376,1.4492887741666667,1.168409141959376,62.30282377129585,4.9089586745909335,70.65539837963952,5.307011663386549,1.2445891483787295,4.2305861916609935,4.0113192633285415,39.80502617917639,71.97539852950044,2.954973066979416,13.62307805034489,2.641388092360844,1.3928160564351306,1.66151476124271,2.06570086545017
K21802,0.981546233197892,Suppressed,0,258.8692830358023,5,4.7352673510336345,0.27318703122,1.562421746277862,56.31794187611948,4.665812069253616,70.82512618296002,3.879470620188593,1.262740184302343,3.8473894988689143,3.4400248231515067,41.178897328758794,80.21363584426231,2.546974977920814,15.727476295756647,1.3662747131712787,1.3766729364580925,0.869690932622695,0.948156071999711
K06221,1.5767972021562,Enriched,1,164.24041786907637,9,6.383855163452507,0.9370819367722222,2.143194418419778,60.01899976605627,7.890734400805439,71.82526187244733,3.8866953883072846,1.2719673169063337,6.942715998851018,3.946541516051976,33.77994579154606,76.02604212431791,3.043647757444785,14.783856760024047,3.748951192107379,1.0661414210132187,0.618822079440866,0.899677255964096
K01753,2.12374059751689,Enriched,1,14.263196022152698,8,4.837306159211789,0.47691285470000006,1.4244158127983644,59.421860259422246,3.7684240453827553,71.25644138164506,4.720424150351563,1.2343538250760564,4.532981730376433,3.917623031491359,42.782931932893895,78.91387888293858,2.726882476028619,13.075507162757948,1.6084131128601173,1.2338237272400479,0.212356133625623,0.114591027098647
K02462,0.574648674549713,Suppressed,0,389.2887595465293,10,2.559913738516612,0.8800044294711109,1.0225471219641542,77.78955804382451,3.1234283739221658,69.6413677748168,2.845293482929664,1.077328341474172,13.434213162704287,2.467821422794847,27.46318465057305,47.41933229953652,3.6164931561546068,20.534721303711923,8.977833798492927,0.3123734478082873,0.437076631276784,0.644452238782369
K07645,0.512293669677502,Suppressed,0,670.5239653369654,5,2.439407993845414,0.9930444818999999,1.0964004794733053,76.30328545604638,3.6359870640626135,69.93249662262798,2.4385690894644445,1.1078207019548223,14.086315307070679,2.315293511114276,25.877862083773707,51.62565141858163,3.661053452512766,21.573511528446264,8.887855876593278,0.1511773409585999,0.262985264338648,0.351915996975616
K03430,0.682966909744793,Suppressed,0,268.8827533891138,6,2.519101963170544,1.1563807865400002,1.0551320981818875,52.95995784951913,7.222580013266391,68.8588622623304,3.634975389382001,1.2337074451019323,5.3202070289178005,3.258471772024908,37.04741562130083,47.797273046586156,2.0625901751902918,13.421216649429008,14.70476649428117,0.8800070012626708,0.497215795216054,0.868010299238166
K13328,3.22017851816103,Enriched,1,6.652237919398772,1,1.0,0.0,2.0,59.5,5.33,72.29501901,5.67638,1.24,4.932721206120802,6.19,37.70631758679568,70.00569151963575,3.9840637450199203,10.813887307911212,1.8497438816163916,0.9960159362549801,0.215450395777556,0.197536968476266
K02232,0.676338097526443,Enriched,1,697.5412765010541,12,9.084729156594278,0.9150145436848485,1.041595738986652,56.84636896262852,6.198220312064903,71.15205534351266,3.5626693116528956,1.2733994263014539,6.497552476437685,3.259799901602938,36.15526822090639,76.88787012416212,3.006646073808211,15.556020290549409,3.5893833789641816,0.9251109545861118,0.582746743756857,0.676997957035722
K16868,1.38864505859964,Suppressed,0,28.834086821531695,16,2.7763163144464094,1.1587002228441667,1.8225164716213018,77.65154671907908,2.0281710880845214,72.03620567930457,3.024641173097332,1.1874677441833144,9.203937944032173,3.2686589863448132,34.79480851409276,59.01487472738029,3.1760501055583736,19.885791690558385,5.555217362551463,1.9485881687313427,0.468878887629959,1.24001730002275
K06905,1.181806549899,Suppressed,0,84.57434957394959,13,7.76347341248716,1.2691398779102567,1.2665583845311992,53.4954933527528,7.551513087657394,68.94344301483262,2.756800343531418,1.2832484728846105,6.60150859070418,3.3938013233287108,33.90273721128812,56.89573419167844,2.2424037229158986,17.64250457345763,8.352528290647516,0.8696644351324204,1.22066753039695,1.52333471185558
K11746,1.48345607387512,Suppressed,0,54.32447068456248,4,3.269101609384615,1.0214784076666665,1.2125845103304713,60.0797462662177,6.5500379705241984,68.92164867425947,4.432981337747607,1.1967689441644227,7.550967400427508,3.1150516199226077,37.42048963131252,46.165245194455174,2.945914615305172,15.453861453567031,12.228406967181083,1.3779695913965515,0.272919150601507,0.133780742815266
K12645,4.37410596995931,Enriched,1,3.599291117519774,1,1.0,0.0,2.0,55.35,9.42,72.19494445,3.993076,1.23,7.262571511286036,6.19,42.371155021389285,83.92748013852108,4.074149521287431,13.648400896312895,1.2222448563862294,1.425952332450601,0.571823404111713,0.809996012404301
K03087,0.556880061131317,Enriched,1,313.0591944176309,7,2.7772206238870534,1.0361286827238094,1.0,76.97008513019908,2.0525330198647422,72.29190359709658,2.980456363002064,1.2059551814751186,9.326427431526135,2.950742691590961,33.79048170783188,64.87977502529397,3.2663017419336247,20.142989395110604,4.035321218301661,1.7893716753118272,0.474862806711141,0.114619409008151
K03921,0.610365950419383,Enriched,1,575.9315521276309,14,4.336202887673137,0.9151191929252747,1.1021045017166342,71.8668690903091,2.953530370973563,72.0034248568047,2.8420629777048205,1.2190712045436167,8.362294130007031,3.273580621628058,34.398007215477115,66.33454022736083,3.134494427652673,20.062481397658114,3.521585960588655,1.75211988898409,0.520091822946711,0.632937024735312
K17836,0.689025695318201,Enriched,1,1834.2856503845549,22,15.540074331800735,1.259880755096537,2.242568608810682,57.4039724657578,5.830863440270497,68.85455640189286,3.34280821577081,1.2861925894499813,9.746821470004258,3.108639788982568,34.41162510555896,63.50946869802772,2.822816644662653,16.336843812352825,3.969143126665293,0.8836624470154057,0.862860888437981,1.13507958069362
K03297,0.745657512381432,Enriched,1,113.50076874913543,9,6.873470550068294,0.7360308335111111,1.2321030810224036,57.63642598420108,5.457474142505944,71.12462623636964,4.268253665359985,1.2636114831502057,4.652166093386815,3.793118198221371,41.53115301694752,79.7810973457065,2.4788237909747135,14.526263847296368,1.952712509936739,1.335030160849742,0.31868922256151,0.683454566122171
K14534,0.605757275547555,Suppressed,0,264.9383590782691,6,3.471427896895789,0.8148874597400001,1.0,55.16209037755189,8.215373763622253,69.4698537910339,3.2864138537709167,1.2802452654665273,8.71657780231044,2.2958183098769465,32.00300407766275,56.99698492833656,2.419217522636628,18.204769552473053,10.234109434620649,0.9025007571547135,0.20509549573628,0.446254976719032
K11325,1.06223524595946,Suppressed,0,65.26078276638738,3,2.0715377226226734,0.5251763156666667,1.0,61.350116671288305,3.2159578551847043,71.43920231446494,5.095151937221981,1.2170104153468644,4.6729935354729495,4.315002629478256,43.46516837364149,76.78231051034491,2.73610229991936,11.988339869765573,1.8867117861867906,1.2605762185058258,0.893684169346467,0.425785150194679
K18334,0.641404433219734,Enriched,1,422.0927542582888,6,3.279114370855927,0.86190235158,1.9546887902632946,62.55949363222492,5.138606602279518,71.34291026354437,5.252519395002831,1.2582295725459136,4.511740047993417,4.246205537402144,39.77859132422333,78.05531490092646,3.1886423822460586,13.475064428098067,1.6735437352246811,1.2384876715656974,0.425140880346425,0.603418139977846
K10233,0.831220569569352,Enriched,1,458.60390410130384,9,5.64990508359931,0.5500500892222222,1.427797978601644,59.011053122805556,4.573416685552104,71.33879751692758,4.53407117625659,1.2486943178039556,4.873765998526569,3.8022784831856007,40.91069996778428,79.3249007922302,2.9104648873417838,13.772252028360986,1.5870370165441838,1.2023682683743815,0.485079308019528,0.722932081228157
K14952,2.31315017380453,Enriched,1,104.71960746598593,1,1.0,0.0,1.0,50.23,5.78,72.07682674,2.601334,1.34,7.688362970691191,nan,33.543577981651374,74.54128440366972,2.293577981651376,13.761467889908257,4.013761467889909,2.5802752293577984,0.560096742786837,0.716503952476824
K02441,1.32435377330834,Enriched,1,17.778624096320524,3,2.6142660894687477,0.764332889,0.9999999999999999,56.4333042213217,6.766327726539123,67.89788052574853,5.596932074615743,1.1766990895874512,3.902176817072239,2.972109810999608,36.63038316821641,31.751249727353052,2.0450374016202897,11.167836886309711,10.704967350747548,1.6458979441300656,1.14426838494493,0.668794919071153
K03632,1.63918669882577,Suppressed,0,314.89524080869546,5,2.777366535541951,0.19087253871999998,1.972354878709122,55.5917024497499,6.7337574095633475,68.22847344543098,4.1521623504010545,1.1940143788543924,5.233298641718569,3.67,40.58311035349707,41.69793222760408,2.1401560164896805,13.145052448391727,15.42331288461515,1.176840359403701,0.297165942032909,0.307324855395748
K16118,3.20828818254729,Enriched,1,34.36775692636616,13,7.008104556358502,0.6051953746461539,6.1639179345516215,57.92160953895243,4.416639634365907,71.08571552119247,4.273973888151052,1.2541553229890083,4.397128150783043,3.6996624983810795,41.49066063451732,79.4290128091227,2.597385087789888,14.382070109578134,1.645178441980349,1.3475284725625225,0.542009497692542,0.601651668292316
K15518,3.74904956356658,Enriched,1,1.4495497066329246,1,1.0,0.0,1.0,54.87,9.14,70.49217077,1.980654,1.34,11.612326029685144,2.09,29.41176470588235,71.64404223227753,2.6395173453996983,22.62443438914027,10.558069381598793,0.3770739064856712,0.299803931257918,0.513672421650912
K06977,1.00235515186912,Suppressed,0,46.76114891867681,8,3.112757722097096,1.2141435956035715,1.0680317782291135,76.1745004918345,3.2977069670356727,70.06548784977853,2.4780047200121276,1.1109829047016304,13.3281315722317,2.287837659409771,26.079841572290988,54.57712437047399,3.7007883437555136,21.985337307863354,7.017266364822444,0.3337410779577364,0.692407159447259,1.08367605017174
K04068,0.602593011586853,Enriched,1,71.18507158535073,4,3.8356351712747663,0.8502432805833333,1.0,59.49604258487543,6.141938662682384,69.30619353715699,5.108638552613786,1.1980718437506341,4.199194169744673,3.5181648546402693,34.57141866726276,51.5688410788514,2.6423174431964545,11.954991227484651,5.977115255556459,1.3358807500514502,1.23187855059533,0.94047311590023
K17234,1.12640067538004,Suppressed,0,120.432944049579,5,2.7733755070640025,0.5286525660400001,1.0,55.2432937845469,6.5406178290294985,68.20480618124594,4.043820110678702,1.1954257072048942,5.141938792189892,3.6238915486792003,40.522020645894386,42.55333082790506,2.110699570343709,13.195090315280172,15.339615617896996,1.1992784414753506,0.37634626464567,0.444202209576771
K02919,0.680385445066465,Enriched,1,68.88842213489609,17,6.344395350895024,1.2723409579941176,1.1025096542042625,76.57433910758498,3.0451206858623387,70.69559759601925,2.7581030755246863,1.1594900371281245,11.544647261611933,2.51369402039128,30.311135985437446,56.257112316460606,3.434532505311183,20.734793222835926,6.065863779761482,1.0843443109891908,0.483857876432044,1.07307640466517
K10829,0.618281678882417,Enriched,1,67.36288784040597,8,6.400136202220158,0.5172677366035714,0.9999999999999999,57.67290000272449,5.402021608196516,70.75500514763864,3.664984387609833,1.2629770125782762,4.2587118082668605,3.4443156707786664,37.537380654598635,76.40755421067463,2.6916474714997745,17.069313755572733,1.7391584833169083,1.2135939728901985,0.380449558084539,0.311929481729436
K12428,1.65491464579089,Enriched,1,56.61511989242111,1,1.0,0.0,1.0,63.31,8.16,72.44765375,6.531843,1.27,5.970749756232658,6.19,42.21954161640531,80.09650180940893,3.860072376357057,10.253317249698432,1.5681544028950543,1.0856453558504222,0.488981100387384,0.562811380175217
K12685,1.85133392363159,Enriched,1,52.75542208290136,4,3.1980909995152413,0.9469704541666667,1.4066413416560335,55.99980478672024,7.659173683787423,65.59427005411509,1.7008590539163928,1.3351067982021407,17.811268985951752,2.030745398608936,27.08199276878285,53.11124249039647,3.366031952330561,19.687549361484013,6.476263247987604,0.12086120828500445,0.267030265578715,0.707758737949809
K20754,0.554055936455723,Suppressed,0,207.4710783058797,17,10.179908437535689,1.1575425855617647,2.500863541248616,58.0012464700084,5.406123863259171,70.80845819023993,3.978433336820799,1.2539495409958068,4.805792470680671,3.2963742599854546,39.22973698808297,73.67612310775507,2.6417993612156714,15.008607535985261,4.075067571830174,1.2777186620932988,0.691412631016479,0.955674135745777
K22390,1.28321573621384,Enriched,1,20.181484598520044,19,3.507972924478437,1.1564252371005848,2.720896571696399,76.88160643150552,2.1742904124389972,72.0926735336055,3.033250532997093,1.201610123022696,8.899652588403388,3.2718556362380053,33.9367743581741,62.04565410605601,3.1504268148950136,20.274901186598623,4.167633413654617,1.9232678393048774,0.9822053558711,1.37111599069827
K14274,0.669676196668325,Enriched,1,607.8557689162325,7,5.627045882455325,0.8242501590571427,1.1179646827858656,56.23342001980368,5.902571094719889,70.82771929688566,3.5956579921380176,1.2839964086482667,5.014239364825553,3.5638977936054874,37.33988885559219,77.69880532544752,2.7517032279162046,16.604556301886802,3.0139999186751925,1.2342781330367736,0.406009511702295,0.627596684915998
K08484,0.521460890717074,Enriched,1,1066.350159440112,18,3.854803693853171,1.2543520222503266,1.0412398486650007,75.5977099332714,2.5131030405363655,71.44037296294665,2.8201517207127518,1.207569655043237,10.412099569894215,2.6143181874607815,33.01289009449244,60.168014479297774,3.2147065171662352,20.14513622692186,4.582692470531978,1.7547896312026083,0.934209083285823,1.04649861981774
K06617,1.56963717398955,Suppressed,0,46.677285875324856,5,3.984632964652221,0.09186026958,1.0,63.48473433185772,5.163344324719162,67.78809361642632,5.633203400685793,1.117393184709203,5.182369394754039,3.67,45.808805970149535,35.17969487234211,2.340680178870442,12.670192655847432,12.260262402571186,1.9319538270422334,0.447076927439341,0.414846683224573
K05569,1.03165512642089,Enriched,1,173.84726999410395,5,3.4558069627665295,1.2335068514,1.0,58.130838802164575,5.057293792293445,71.39905628186939,4.124333086889677,1.2750120100838003,5.69145539985562,3.241243759953581,35.772032161412454,73.84423538400462,2.8434685450975605,14.172443318233755,2.7712672912279817,1.4926686473143889,0.567589395264099,0.733727504926469
K06223,0.694907264889966,Enriched,1,354.79478962699733,12,6.102472548503226,1.0312872990575759,1.045101551556546,57.59055669276745,7.518531257228306,68.58002192334281,3.917823167829195,1.213586675799593,4.865001520896913,3.791587535121959,39.61443271478917,44.407415893115825,2.5159309063901802,12.731602452496706,13.476544227036918,1.1979729908046681,0.707233037170325,0.303278926043877
K07504,2.94972710345271,Suppressed,0,51.71165714657936,3,2.9994520913131537,0.3408347339333333,1.0,59.28345216707645,4.071414497060748,70.74704622430644,4.169820498367852,1.253906345865372,3.496567195650133,3.1671715676800103,40.05245849265087,78.45360100500712,2.8508513427252558,15.724557111796262,1.590225643227956,1.3227459892020264,0.487517551108343,0.500809983132065
K14337,1.14920602775808,Suppressed,0,226.90920514461672,7,5.325367042013767,0.5283428241619047,1.7658508232528967,58.964061747015855,4.737745374745202,70.98484468651529,4.057709522712074,1.2543134036569648,4.191945135553748,3.1536466155316036,39.495270276885755,78.12345993856978,2.8927541777343047,15.420820302930636,1.9977772939589729,1.2162167948834557,0.79612615766416,0.869902068246585
K13049,0.582066424307241,Enriched,1,267.35440177527556,21,7.910750093559922,1.2298873558742858,1.3943255623169148,68.65420473543097,3.510431701842507,70.99622485023411,3.067330404330189,1.2317467156262263,8.640517261330386,3.107688863147793,34.58171769604091,64.46570116038323,2.8415294375289046,19.34395511738498,3.7118856335925616,1.5070069471220975,0.7939446075531,1.0532227309223
K09935,1.57435107958724,Enriched,1,88.6421222063542,3,2.648294534969688,1.0751919962666667,1.303367720207239,60.190442148621216,4.861238096009233,70.20979542771845,5.894614531935489,1.208407631905786,3.980151379818876,4.2989711097891945,34.67076481702206,53.74686558990217,3.06338188524396,10.886518373967188,4.877936850566952,1.2142979179806754,0.52213091510959,0.721002910416753
K11900,0.575300040893391,Suppressed,0,545.6520376291636,1,1.0,0.0,1.0,56.02,9.91,70.71920343,3.249915,1.18,3.6924042628807214,3.0,32.283259567820885,79.14605571465765,2.6034886748242645,13.798489976568602,18.745118458734705,1.0413954699297059,0.404161139820528,0.476348996356959
K19702,1.4779461029618,Enriched,1,289.91803447733537,16,10.614515258140164,1.1883778896991666,1.4650309652255356,57.937046110340816,5.288334822540578,70.6881241862585,3.9570785596022597,1.2584029991110235,5.464308817213126,3.266711811288984,38.33634723351057,74.66846477584727,2.682426355610766,15.632881054948395,3.7116562263472286,1.1785756026141616,0.21545769531406,0.593829027920948
K00435,0.845159622279257,Enriched,1,43.77818646205901,7,2.686207925765992,0.5256958549238095,1.0154779650676495,77.21638369510914,2.264657917771009,72.23038160329993,2.9010708678683184,1.2052931930707442,9.16820984790817,3.3832665250565843,33.30444895898299,64.30246625815919,3.173844774102029,20.63307695052291,3.7558994640246532,1.8215471556117442,1.45315767168886,1.64289342673125
K17763,0.547808357462772,Enriched,1,622.6048389739927,21,6.706245233032826,1.189381201515238,1.2383590095361579,70.28162796572455,4.2117642102416495,71.0126642415081,3.1245060615558207,1.2073605314034943,8.042170678948658,3.3812152531784383,35.8803588950634,56.73818396467579,3.0029531849954076,18.03258794525935,7.468912460339153,1.6294218471307804,1.03437977108411,0.958099307667216
K03740,4.72906218373828,Enriched,1,0.770176049515125,2,1.9898564685944882,0.0332120598,1.0,62.54249240825892,5.939340856846333,71.84337999276278,2.9337368092448424,1.1624810600096613,7.253457477505428,1.67,39.461562526814035,59.925836731180624,1.503749953169852,20.24440517048418,11.771935732982017,1.7971471295536807,0.392890209878274,0.379209194778332
K19125,0.773989664028125,Enriched,1,42.99507082090252,2,1.9999852100160076,0.0639598291,1.0,63.057538702596254,2.7921733537628834,71.06404517490682,5.032754801679274,1.2299230844561329,4.072766844007704,3.66,42.468505381074536,78.13817090545493,2.5871021615520506,13.423739409341582,1.464685804743986,1.3756854104432938,0.34041970261886,0.491061124330231
K03563,0.767961531589258,Suppressed,0,146.64339855755048,3,1.3967000108545018,1.162846912,1.0,83.62210954142411,2.213864350123708,70.19915844843018,2.338816517834979,1.0543938107878446,15.712025596517284,2.105716257184226,22.932673518254223,50.254382038338484,4.024476719386099,22.947551840615674,7.187958287934364,0.022487132900595303,0.196330005449846,0.145561122616981
K21014,1.79775598493434,Enriched,1,61.28381252638011,3,2.8932842130658667,0.34700776906666664,1.0,59.854581135772996,9.000364417780348,71.9857642979901,5.595279578117049,1.2940341802726638,6.389575298680185,4.35154149586333,40.035911240674665,77.6841795853442,3.571773438029414,11.259494432185608,2.5964536730157572,0.7893040198765404,0.380831242904782,0.662628808090358
K22033,1.89430354909237,Enriched,1,109.85984153734341,6,5.182597922878536,0.45831940286666667,1.0544794198741012,57.339226241284635,4.892352340380274,71.02201926482435,4.192051711046065,1.262073102971768,4.413939556937079,3.728337224139187,41.79665653892285,80.34389439611903,2.3537707298996002,14.6970946676077,1.5728586343895452,1.4063845039138558,0.317307402143083,0.680721158872303
K11895,0.675837349037074,Suppressed,0,203.33238222176453,1,1.0,0.0,1.0,50.45,7.6,68.45121749,3.25998,1.24,5.214755918747968,3.67,37.689065212001,45.87155963302752,1.983635011157947,13.389536325316143,17.108851971237293,0.7438631291842301,0.422344306045007,0.277939130998499
K02671,0.58686175459876,Suppressed,0,225.37450503654054,3,2.3604481281619027,1.0442421125333332,0.9999999999999998,55.54513430537295,8.68459442980579,70.37849810377888,2.247168296040188,1.3384901144258556,11.538835500762287,2.0849678294944103,27.326112977015093,67.25307479713821,3.1114845855013753,21.48589679413934,10.76859395007031,0.2828953103415884,0.442978881281362,0.794497460544777
K00313,0.835655782254718,Enriched,1,45.56412744854911,2,1.99197694694731,0.37344911140000003,1.0,58.07067420211821,7.373844851111211,72.08891907901982,5.269055832351794,1.2718639509081926,5.828917934834131,4.3828587842067925,37.9971666874243,71.81737957159729,3.619046732502982,11.25095962679513,2.6735466756195416,0.8323353826184319,0.452423312228224,0.296485207152734
K07494,0.626747586082571,Suppressed,0,190.55790293281083,9,5.181729944506027,0.9608385128499999,2.498916239448158,59.295825819262184,4.980165188759846,70.53450705546199,4.457593987365906,1.2491860485505533,4.553136336865313,3.7455358740714786,40.40877216734259,72.3139435832056,2.485366933296932,14.074952112965711,4.556885264903427,1.289304261149454,0.977425477409346,1.00719224898432
K17623,1.48772799291057,Suppressed,0,50.10979001259011,2,1.3098872427138288,0.3516976286,1.0000000000000002,51.09576110911084,7.625983287230494,68.39090529307529,3.4744124273699755,1.2331220710272217,5.231988342410546,3.6699999999999995,38.314483983117576,44.84963093619026,1.996886251726004,13.388318290248504,16.768450681037244,0.807901254742509,0.303998580581884,0.648807225286787
K14052,4.59595726464745,Enriched,1,6.056727305632923,8,6.156412858690557,0.6461012847035714,1.7135940700038697,58.17191877294382,7.858035938478502,71.60524724979264,3.26921051702928,1.2927814668014135,7.115433036162578,3.585344975669195,31.048751507240464,73.02297609371756,2.8589591963416336,16.59273036782661,3.5659017497331824,1.2109299227243877,0.440386578486839,0.453591138478626
K18208,2.54503923254073,Enriched,1,59.07855632313025,1,1.0,0.0,1.0,63.31,8.16,72.44765375,6.531843,1.27,5.970749756232658,6.19,42.21954161640531,80.09650180940893,3.860072376357057,10.253317249698432,1.5681544028950543,1.0856453558504222,0.700458553453032,0.865484621943594
K00122,0.92036733154964,Enriched,1,168.83089945063747,16,9.23551992701664,1.184316931715,1.389712427859294,57.590444939552036,6.401874125121369,68.36352604215547,3.550272309731315,1.295999786463014,9.392255301737265,3.181065008753508,36.36790974837551,62.960680064298074,2.842916839494874,15.022987668910083,3.4979822832578753,0.7756954601419341,0.735669092934603,1.11774497521482
K10622,2.20966829559515,Enriched,1,10.944781392127096,3,2.8932842130658667,0.34700776906666664,1.0,59.854581135772996,9.000364417780348,71.9857642979901,5.595279578117049,1.2940341802726638,6.389575298680185,4.35154149586333,40.035911240674665,77.6841795853442,3.571773438029414,11.259494432185608,2.5964536730157572,0.7893040198765404,0.168258444847505,0.550845094789994
K00477,1.13608776121512,Suppressed,0,55.213797377463884,15,11.40485688127328,1.1712549669066668,1.099408250797466,56.70268653370162,6.641858484982915,69.5229100709025,3.3358595714391144,1.25941410631843,6.658595531105262,3.5694055633186954,37.00228297626687,63.38536912514825,2.437900755305747,16.09834347041061,5.294821354989288,1.2448918774633428,1.01067150339361,1.14444008358959
K00257,1.33408675588356,Enriched,1,11.441020303193424,11,3.9358112034355184,0.5151418153381818,1.1016897020057828,75.35562752011654,2.5682259129697425,72.16619807922781,3.179467894412185,1.2102452888579882,8.570067233797936,3.2921641562550312,34.41890011823638,66.48625983194889,3.277827148478793,19.47289226854763,3.6310635370910274,1.7397244571610444,0.55525572611813,0.433580683484008
K11391,4.23367740964623,Enriched,1,4.194801731285623,3,2.812065709638954,0.16247907853333332,1.0,61.157581326072446,6.788180985823943,72.20375498398951,5.981820401133059,1.2598120814863063,5.4323082683667385,6.19,39.570127730760696,75.35361033932591,3.946536835050753,10.814767527721488,1.766007509955365,0.9591789591684705,0.729634060375518,0.655199402267948
K09693,2.25775127042806,Enriched,1,113.62685874156709,4,3.7365798077656973,0.9272934020333334,1.8314900988477343,57.34326502993949,6.8895544536559115,71.54800507037504,4.3367092973240515,1.2417297649003702,6.302272496001353,5.707412726937984,34.95428413877893,88.38190511168503,3.59657863288974,12.632660281426563,4.651021951280199,0.923004125963564,0.509228755612162,0.66185313644147
K09822,1.32984294437837,Enriched,1,222.7068732094783,6,4.557288255259203,1.1058891643066666,1.0,55.646107639624944,7.957636015109532,71.45323078298588,4.329642706015512,1.2740372320724704,6.988709924289601,2.8507015335965384,34.071078136905555,66.63407018213152,3.191744256511617,12.49538048370544,4.490199369423165,0.9015179096891781,0.209667703823817,0.257029455180711
K00752,0.523942852221595,Enriched,1,181.1038360892127,1,1.0,0.0,1.0,50.22,3.78,70.98540496,2.033773,1.22,7.867151348749344,6.19,26.896828582898436,102.76997189883582,3.6130068245684464,14.853472501003614,2.8101164191087915,0.8028904054596548,1.61429897947155,1.26949640534617
K12434,1.62006079094793,Enriched,1,45.108585525305664,6,4.903208524623173,0.50345919444,3.100489658381166,58.699539573766046,5.617898598576575,71.7204462114748,5.115278494004134,1.2555073346434562,4.832869654146038,4.718058282781939,40.52141497423015,76.05471584920839,3.3670841820657866,12.478304912010008,1.5858091757364996,1.0880926003792317,0.189090674802806,0.120265317575098
K08372,0.78843519875219,Enriched,1,1369.4784418374345,16,4.582420446707192,0.7137685231266666,3.26921797186303,74.89755875126568,2.4596529322352154,72.238173276689,3.3305857551118554,1.2095281099036437,8.415393380433498,3.6231342078545903,35.179582757533666,66.79722809703703,3.2365499528285837,18.91125852998662,3.508218259592812,1.785498868845339,0.118917903954623,0.457683333135847
K20938,1.56983996795746,Enriched,1,11.708018092596845,2,1.3360545918111535,1.5424039076,1.0845404122320113,51.92789564267709,7.291785578983553,69.6369006640758,2.1330213463778946,1.2990097464098385,5.724063730178372,2.285941521540969,30.669039095872385,81.19717090683032,2.9795863291508464,20.137998503759718,3.654334784344189,0.43297579274188525,0.309012060744215,0.544128279564367
K07118,1.41472132446882,Enriched,1,167.25360678958182,8,4.740814458047977,0.7781716554892856,2.065802043952794,59.78477843640127,4.103498511650377,71.01771226964419,4.554436265709761,1.250207049109623,4.211877343150317,3.728663152865327,41.472227915308764,78.75786386130622,2.513588416733744,14.266470915046826,1.53856470180298,1.3967633592782982,0.33701289014481,0.594727637364346
