Section,Context,KO,Day,Near_reference_threshold,Strong_replacement_threshold,N,Value,Reference_value,Percent,Note
Frozen 70-d summary,Unplanted,,70,,,,0.54,0.13,87.9,Frozen manuscript statistic from Final Statistics Master
Frozen 70-d summary,Tomato-planted,,70,,,,0.593,0.119,91.3,Frozen manuscript statistic from Final Statistics Master
Frozen integrated 14-70 d summary,Unplanted,,14-70,,,,0.551,0.097,92.1,Frozen manuscript statistic
Frozen integrated 14-70 d summary,Tomato-planted,,14-70,,,,0.555,0.076,95.3,Frozen manuscript statistic
Threshold sensitivity,Unplanted,,70,0.1,0.5,143,82,,57.34265734265734,Denominator = near-reference KOs with evaluable provider replacement
Threshold sensitivity,Unplanted,,70,0.25,0.5,330,179,,54.24242424242424,Denominator = near-reference KOs with evaluable provider replacement
Threshold sensitivity,Unplanted,,70,0.5,0.5,585,306,,52.30769230769231,Denominator = near-reference KOs with evaluable provider replacement
Threshold sensitivity,Tomato-planted,,70,0.1,0.5,53,25,,47.16981132075472,Denominator = near-reference KOs with evaluable provider replacement
Threshold sensitivity,Tomato-planted,,70,0.25,0.5,133,67,,50.37593984962406,Denominator = near-reference KOs with evaluable provider replacement
Threshold sensitivity,Tomato-planted,,70,0.5,0.5,325,180,,55.38461538461539,Denominator = near-reference KOs with evaluable provider replacement
70-d KO-level provider replacement,Unplanted,K02613,70,0.25,0.5,19,0.5444329065794711,0.19956616551893408,,Function_log2FC=0.097545146926023; abs=0.097545146926023
70-d KO-level provider replacement,Tomato-planted,K02613,70,0.25,0.5,19,0.6003635765095675,0.1251363273014417,,Function_log2FC=0.541441409460448; abs=0.541441409460448
70-d KO-level provider replacement,Unplanted,K09929,70,0.25,0.5,2,0.5572646406339988,0.2430142952843165,,Function_log2FC=-0.842434374657357; abs=0.842434374657357
70-d KO-level provider replacement,Tomato-planted,K09929,70,0.25,0.5,2,0.6460715637800736,0.3021071596457733,,Function_log2FC=-0.782444386701702; abs=0.782444386701702
70-d KO-level provider replacement,Unplanted,K04719,70,0.25,0.5,2,0.1261452031054708,0.05807482359652549,,Function_log2FC=1.03324597735654; abs=1.03324597735654
70-d KO-level provider replacement,Tomato-planted,K04719,70,0.25,0.5,2,0.08985275262053541,0.09507161224418176,,Function_log2FC=0.750670240569512; abs=0.750670240569512
70-d KO-level provider replacement,Unplanted,K02651,70,0.25,0.5,3,0.11603722596050997,0.036610748264627964,,Function_log2FC=0.158326522955153; abs=0.158326522955153
70-d KO-level provider replacement,Tomato-planted,K02651,70,0.25,0.5,3,0.16044791082288554,0.029564917755173767,,Function_log2FC=0.959281340692478; abs=0.959281340692478
70-d KO-level provider replacement,Unplanted,K09160,70,0.25,0.5,3,0.23848217447352496,0.04083952313255374,,Function_log2FC=0.240358014682565; abs=0.240358014682565
70-d KO-level provider replacement,Tomato-planted,K09160,70,0.25,0.5,3,0.30244528029189255,0.035073153250858746,,Function_log2FC=0.76012156532451; abs=0.76012156532451
70-d KO-level provider replacement,Unplanted,K06959,70,0.25,0.5,19,0.4619944631512204,0.24556909431291674,,Function_log2FC=0.754191956511082; abs=0.754191956511082
70-d KO-level provider replacement,Tomato-planted,K06959,70,0.25,0.5,19,0.5523503845231427,0.2157483940129692,,Function_log2FC=0.864199427560734; abs=0.864199427560734
70-d KO-level provider replacement,Unplanted,K05341,70,0.25,0.5,3,0.30469618023808887,0.09724188565452149,,Function_log2FC=-0.296811145791534; abs=0.296811145791534
70-d KO-level provider replacement,Tomato-planted,K05341,70,0.25,0.5,3,0.36646086934560373,0.02085016157309214,,Function_log2FC=-0.217615622725885; abs=0.217615622725885
70-d KO-level provider replacement,Unplanted,K07394,70,0.25,0.5,5,0.3194893566929945,0.17888493068669825,,Function_log2FC=-0.2244897046165; abs=0.2244897046165
70-d KO-level provider replacement,Tomato-planted,K07394,70,0.25,0.5,5,0.4936742865921256,0.19974383753479222,,Function_log2FC=-0.857175440913472; abs=0.857175440913472
70-d KO-level provider replacement,Unplanted,K21138,70,0.25,0.5,2,0.005520991232605105,0.0072185384837548106,,Function_log2FC=1.54809126282688; abs=1.54809126282688
70-d KO-level provider replacement,Tomato-planted,K21138,70,0.25,0.5,2,0.0023316791130717496,0.004929575051741963,,Function_log2FC=1.26417416572976; abs=1.26417416572976
70-d KO-level provider replacement,Unplanted,K15067,70,0.25,0.5,5,0.20401408198701562,0.12245081741330417,,Function_log2FC=-0.142004574110749; abs=0.142004574110749
70-d KO-level provider replacement,Tomato-planted,K15067,70,0.25,0.5,5,0.2477091218444941,0.1738473185398959,,Function_log2FC=0.136176876928347; abs=0.136176876928347
70-d KO-level provider replacement,Unplanted,K01821,70,0.25,0.5,9,0.5330452020790972,0.33596643537579185,,Function_log2FC=0.364465827549617; abs=0.364465827549617
70-d KO-level provider replacement,Tomato-planted,K01821,70,0.25,0.5,9,0.5371581872940165,0.2579367894544904,,Function_log2FC=0.627003202685708; abs=0.627003202685708
70-d KO-level provider replacement,Unplanted,K00055,70,0.25,0.5,5,0.28399037115465586,0.23054916357246702,,Function_log2FC=0.231282126888251; abs=0.231282126888251
70-d KO-level provider replacement,Tomato-planted,K00055,70,0.25,0.5,5,0.39479319651139844,0.2681553249710401,,Function_log2FC=0.395245612821147; abs=0.395245612821147
70-d KO-level provider replacement,Unplanted,K23725,70,0.25,0.5,4,0.8680729067215507,0.1659825656227979,,Function_log2FC=1.81929600096406; abs=1.81929600096406
70-d KO-level provider replacement,Tomato-planted,K23725,70,0.25,0.5,4,0.8714163771128416,0.15638624163629192,,Function_log2FC=2.11741941156825; abs=2.11741941156825
70-d KO-level provider replacement,Unplanted,K21700,70,0.25,0.5,2,0.6503203153719859,0.04636326551662939,,Function_log2FC=-0.681339451378353; abs=0.681339451378353
70-d KO-level provider replacement,Tomato-planted,K21700,70,0.25,0.5,2,0.7400594164307427,0.02702922769225745,,Function_log2FC=-0.860291605639952; abs=0.860291605639952
70-d KO-level provider replacement,Unplanted,K22617,70,0.25,0.5,6,0.3305566408248114,0.06647164304329274,,Function_log2FC=0.0746613564997825; abs=0.0746613564997825
70-d KO-level provider replacement,Tomato-planted,K22617,70,0.25,0.5,6,0.2770244659287877,0.046707689707031735,,Function_log2FC=0.428081913287186; abs=0.428081913287186
70-d KO-level provider replacement,Unplanted,K00365,70,0.25,0.5,11,0.778023694827742,0.057567890064790905,,Function_log2FC=-0.824769529280167; abs=0.824769529280167
70-d KO-level provider replacement,Tomato-planted,K00365,70,0.25,0.5,11,0.8288565312498426,0.05201650506393545,,Function_log2FC=-0.512573842587286; abs=0.512573842587286
70-d KO-level provider replacement,Unplanted,K02650,70,0.25,0.5,13,0.3280247899894757,0.1584497201349382,,Function_log2FC=-0.249180004012109; abs=0.249180004012109
70-d KO-level provider replacement,Tomato-planted,K02650,70,0.25,0.5,13,0.20683114609119702,0.139709337389983,,Function_log2FC=-0.879035131088772; abs=0.879035131088772
70-d KO-level provider replacement,Unplanted,K03226,70,0.25,0.5,6,0.20555328383602373,0.36830625468196176,,Function_log2FC=0.513599486120733; abs=0.513599486120733
70-d KO-level provider replacement,Tomato-planted,K03226,70,0.25,0.5,6,0.17098006620082395,0.3967792948441693,,Function_log2FC=-0.317737541960177; abs=0.317737541960177
70-d KO-level provider replacement,Unplanted,K13592,70,0.25,0.5,3,0.3085961544180826,0.14506003748916035,,Function_log2FC=0.159358794221061; abs=0.159358794221061
70-d KO-level provider replacement,Tomato-planted,K13592,70,0.25,0.5,3,0.41750362876776625,0.07006432605162737,,Function_log2FC=0.684133890569382; abs=0.684133890569382
70-d KO-level provider replacement,Unplanted,K00956,70,0.25,0.5,12,0.7949606881064402,0.08050018516415788,,Function_log2FC=-0.121799706841626; abs=0.121799706841626
70-d KO-level provider replacement,Tomato-planted,K00956,70,0.25,0.5,12,0.8076571816010014,0.07788080282619567,,Function_log2FC=-0.352143489216051; abs=0.352143489216051
70-d KO-level provider replacement,Unplanted,K18199,70,0.25,0.5,15,0.678205838919522,0.15600969070015777,,Function_log2FC=0.427316596857808; abs=0.427316596857808
70-d KO-level provider replacement,Tomato-planted,K18199,70,0.25,0.5,15,0.7269320013375659,0.09590818008516792,,Function_log2FC=0.743526224231479; abs=0.743526224231479
70-d KO-level provider replacement,Unplanted,K17677,70,0.25,0.5,5,0.3699634640088184,0.23021004375278356,,Function_log2FC=4.22219730876762; abs=4.22219730876762
70-d KO-level provider replacement,Tomato-planted,K17677,70,0.25,0.5,5,0.2749082357341527,0.17132699817499925,,Function_log2FC=4.30347874986183; abs=4.30347874986183
70-d KO-level provider replacement,Unplanted,K03933,70,0.25,0.5,7,0.6450758152939429,0.2579784016763971,,Function_log2FC=2.20885645560886; abs=2.20885645560886
70-d KO-level provider replacement,Tomato-planted,K03933,70,0.25,0.5,7,0.6498416204450621,0.27269577203882844,,Function_log2FC=3.09393543560196; abs=3.09393543560196
70-d KO-level provider replacement,Unplanted,K18785,70,0.25,0.5,9,0.23554720351903333,0.3444902625998368,,Function_log2FC=0.28472155838764; abs=0.28472155838764
70-d KO-level provider replacement,Tomato-planted,K18785,70,0.25,0.5,9,0.3092998303426051,0.3569184069753563,,Function_log2FC=0.0158672976842028; abs=0.0158672976842028
70-d KO-level provider replacement,Unplanted,K23054,70,0.25,0.5,3,0.14146075246740436,0.0721572637345249,,Function_log2FC=-0.861648988162008; abs=0.861648988162008
70-d KO-level provider replacement,Tomato-planted,K23054,70,0.25,0.5,3,0.0749908423387873,0.06946852332016047,,Function_log2FC=-1.20254642100835; abs=1.20254642100835
70-d KO-level provider replacement,Unplanted,K07714,70,0.25,0.5,18,0.35153495553702263,0.3002147390909745,,Function_log2FC=-0.0780059926847458; abs=0.0780059926847458
70-d KO-level provider replacement,Tomato-planted,K07714,70,0.25,0.5,18,0.2513995479291891,0.307498511420301,,Function_log2FC=-0.43381904131687; abs=0.43381904131687
70-d KO-level provider replacement,Unplanted,K18301,70,0.25,0.5,27,0.6487422509684567,0.14371373183112282,,Function_log2FC=-1.7665520526035; abs=1.7665520526035
70-d KO-level provider replacement,Tomato-planted,K18301,70,0.25,0.5,27,0.7021847519671295,0.1146775421183623,,Function_log2FC=-2.01042612540373; abs=2.01042612540373
70-d KO-level provider replacement,Unplanted,K13327,70,0.25,0.5,4,0.4944008781890898,0.2257043493602715,,Function_log2FC=1.37004815873394; abs=1.37004815873394
70-d KO-level provider replacement,Tomato-planted,K13327,70,0.25,0.5,4,0.5775898435538249,0.1556644110996713,,Function_log2FC=1.67612890752676; abs=1.67612890752676
70-d KO-level provider replacement,Unplanted,K18148,70,0.25,0.5,2,0.2455470795779416,0.2006514566488502,,Function_log2FC=1.6558057152063; abs=1.6558057152063
70-d KO-level provider replacement,Tomato-planted,K18148,70,0.25,0.5,2,0.2653423457139045,0.21138170693243596,,Function_log2FC=2.87890251112089; abs=2.87890251112089
70-d KO-level provider replacement,Unplanted,K02451,70,0.25,0.5,2,0.0792811172077201,0.014050413055649223,,Function_log2FC=0.0813460175585374; abs=0.0813460175585374
70-d KO-level provider replacement,Tomato-planted,K02451,70,0.25,0.5,2,0.0953307682681735,0.0166510499551489,,Function_log2FC=-0.784813327562892; abs=0.784813327562892
70-d KO-level provider replacement,Unplanted,K18567,70,0.25,0.5,2,0.1659573890280419,0.03664834383399812,,Function_log2FC=2.98627446377455; abs=2.98627446377455
70-d KO-level provider replacement,Tomato-planted,K18567,70,0.25,0.5,2,0.5038294358596387,0.00014695258263031086,,Function_log2FC=2.86280146678419; abs=2.86280146678419
70-d KO-level provider replacement,Unplanted,K18225,70,0.25,0.5,3,0.7140747684608881,0.10136428953321064,,Function_log2FC=0.448885969665604; abs=0.448885969665604
70-d KO-level provider replacement,Tomato-planted,K18225,70,0.25,0.5,3,0.7080989641681867,0.11442391973612101,,Function_log2FC=0.486721857105652; abs=0.486721857105652
70-d KO-level provider replacement,Unplanted,K13788,70,0.25,0.5,9,0.6232300850933709,0.21156925265291407,,Function_log2FC=0.0846910286896728; abs=0.0846910286896728
70-d KO-level provider replacement,Tomato-planted,K13788,70,0.25,0.5,9,0.644093242222157,0.20571989537694843,,Function_log2FC=0.928819416952156; abs=0.928819416952156
70-d KO-level provider replacement,Unplanted,K20975,70,0.25,0.5,11,0.3573780582024446,0.1089518282316096,,Function_log2FC=0.426313626794364; abs=0.426313626794364
70-d KO-level provider replacement,Tomato-planted,K20975,70,0.25,0.5,11,0.3043751570247762,0.1273522134474843,,Function_log2FC=-0.287007896671177; abs=0.287007896671177
70-d KO-level provider replacement,Unplanted,K01446,70,0.25,0.5,14,0.8442648525626214,0.10600665070473705,,Function_log2FC=1.08090866081004; abs=1.08090866081004
70-d KO-level provider replacement,Tomato-planted,K01446,70,0.25,0.5,14,0.8435191595024893,0.08339721847913431,,Function_log2FC=1.60235601241881; abs=1.60235601241881
70-d KO-level provider replacement,Tomato-planted,K15313,70,0.25,0.5,2,0.5349788533131397,0.4645651874061001,,Function_log2FC=4.10838495737596; abs=4.10838495737596
70-d KO-level provider replacement,Unplanted,K12710,70,0.25,0.5,5,0.877527593573052,0.07328826675774125,,Function_log2FC=-1.09830621671796; abs=1.09830621671796
70-d KO-level provider replacement,Tomato-planted,K12710,70,0.25,0.5,5,0.9425608121012675,0.09066836252460492,,Function_log2FC=0.57920003275259; abs=0.57920003275259
70-d KO-level provider replacement,Unplanted,K16862,70,0.25,0.5,3,0.13070595651310601,0.0649492518813028,,Function_log2FC=2.74868804658934; abs=2.74868804658934
70-d KO-level provider replacement,Tomato-planted,K16862,70,0.25,0.5,3,0.11782538300697863,0.0640324988474059,,Function_log2FC=1.10689568908217; abs=1.10689568908217
70-d KO-level provider replacement,Unplanted,K06940,70,0.25,0.5,12,0.33293993093113555,0.18442559572761516,,Function_log2FC=-0.380877572224036; abs=0.380877572224036
70-d KO-level provider replacement,Tomato-planted,K06940,70,0.25,0.5,12,0.29769524247639234,0.22609249302862056,,Function_log2FC=-0.736043803528636; abs=0.736043803528636
70-d KO-level provider replacement,Unplanted,K15916,70,0.25,0.5,7,0.7224948480133155,0.026571963988967037,,Function_log2FC=0.234013419953939; abs=0.234013419953939
70-d KO-level provider replacement,Tomato-planted,K15916,70,0.25,0.5,7,0.7355623428512662,0.03747642540320563,,Function_log2FC=0.679674055747714; abs=0.679674055747714
70-d KO-level provider replacement,Unplanted,K03633,70,0.25,0.5,4,0.08127864313194755,0.26476904389027667,,Function_log2FC=0.929250376824234; abs=0.929250376824234
70-d KO-level provider replacement,Tomato-planted,K03633,70,0.25,0.5,4,0.1539906977198954,0.2633121879020316,,Function_log2FC=0.138973370759592; abs=0.138973370759592
70-d KO-level provider replacement,Unplanted,K16046,70,0.25,0.5,2,0.007596833697084471,0.017892097096313175,,Function_log2FC=-0.865662270450503; abs=0.865662270450503
70-d KO-level provider replacement,Tomato-planted,K16046,70,0.25,0.5,2,0.017852952480673756,0.014753693269258628,,Function_log2FC=-1.15503376971878; abs=1.15503376971878
70-d KO-level provider replacement,Unplanted,K10200,70,0.25,0.5,7,0.7815656513738831,0.12175518253334697,,Function_log2FC=1.09175085405206; abs=1.09175085405206
70-d KO-level provider replacement,Tomato-planted,K10200,70,0.25,0.5,7,0.7879056376339458,0.14308540898577826,,Function_log2FC=2.21819069009232; abs=2.21819069009232
70-d KO-level provider replacement,Unplanted,K06219,70,0.25,0.5,12,0.8433709502498492,0.05994258679097937,,Function_log2FC=-1.20901773172564; abs=1.20901773172564
70-d KO-level provider replacement,Tomato-planted,K06219,70,0.25,0.5,12,0.8726190310326973,0.04847960144919207,,Function_log2FC=-3.20168794080293; abs=3.20168794080293
70-d KO-level provider replacement,Unplanted,K10111,70,0.25,0.5,2,0.5544073619119239,0.4064141129437113,,Function_log2FC=0.412160455897366; abs=0.412160455897366
70-d KO-level provider replacement,Tomato-planted,K10111,70,0.25,0.5,2,0.21397256131222228,0.1060284533755172,,Function_log2FC=1.16444836225432; abs=1.16444836225432
70-d KO-level provider replacement,Unplanted,K20370,70,0.25,0.5,9,0.1358180152159252,0.3224124759776691,,Function_log2FC=0.810765554733303; abs=0.810765554733303
70-d KO-level provider replacement,Tomato-planted,K20370,70,0.25,0.5,9,0.2437454947286786,0.3297333458774137,,Function_log2FC=-0.0663505255023421; abs=0.0663505255023421
70-d KO-level provider replacement,Unplanted,K20484,70,0.25,0.5,6,0.42112474275032674,0.4867250067413356,,Function_log2FC=0.992444558836447; abs=0.992444558836447
70-d KO-level provider replacement,Tomato-planted,K20484,70,0.25,0.5,6,0.684641088080678,0.4741311681613015,,Function_log2FC=1.34988834785312; abs=1.34988834785312
70-d KO-level provider replacement,Unplanted,K19978,70,0.25,0.5,3,0.1421097678751479,0.09143182756323634,,Function_log2FC=1.49722058988696; abs=1.49722058988696
70-d KO-level provider replacement,Tomato-planted,K19978,70,0.25,0.5,3,0.22107970937735222,0.17175844400674717,,Function_log2FC=2.21055527966097; abs=2.21055527966097
70-d KO-level provider replacement,Unplanted,K01118,70,0.25,0.5,13,0.4002795261218001,0.19481609651688403,,Function_log2FC=0.4063077261403; abs=0.4063077261403
70-d KO-level provider replacement,Tomato-planted,K01118,70,0.25,0.5,13,0.5215258707655864,0.2001740741103784,,Function_log2FC=0.767458302852824; abs=0.767458302852824
70-d KO-level provider replacement,Unplanted,K02281,70,0.25,0.5,4,0.20153017539239565,0.026947247291087578,,Function_log2FC=0.273052504453315; abs=0.273052504453315
70-d KO-level provider replacement,Tomato-planted,K02281,70,0.25,0.5,4,0.2527973178823656,0.019165038577891324,,Function_log2FC=1.08506634297483; abs=1.08506634297483
70-d KO-level provider replacement,Unplanted,K18687,70,0.25,0.5,6,0.7793615028424836,0.0922875762591766,,Function_log2FC=-0.369010183571057; abs=0.369010183571057
70-d KO-level provider replacement,Tomato-planted,K18687,70,0.25,0.5,6,0.8157535073291928,0.10357213879402863,,Function_log2FC=-0.297274186861011; abs=0.297274186861011
70-d KO-level provider replacement,Unplanted,K16424,70,0.25,0.5,3,0.13943596452279883,0.09512188275668118,,Function_log2FC=-0.119492378696265; abs=0.119492378696265
70-d KO-level provider replacement,Tomato-planted,K16424,70,0.25,0.5,3,0.06259351632732764,0.10228121115389684,,Function_log2FC=1.53585726612404; abs=1.53585726612404
70-d KO-level provider replacement,Unplanted,K01181,70,0.25,0.5,24,0.4464476294301344,0.22983205913839738,,Function_log2FC=0.386749469075871; abs=0.386749469075871
70-d KO-level provider replacement,Tomato-planted,K01181,70,0.25,0.5,24,0.5302232123717855,0.1828331214568904,,Function_log2FC=0.556363921097583; abs=0.556363921097583
70-d KO-level provider replacement,Unplanted,K22969,70,0.25,0.5,8,0.3446063161479516,0.14703325892081676,,Function_log2FC=0.152523491772818; abs=0.152523491772818
70-d KO-level provider replacement,Tomato-planted,K22969,70,0.25,0.5,8,0.3646523266641089,0.17611159298828405,,Function_log2FC=0.498737377318139; abs=0.498737377318139
70-d KO-level provider replacement,Unplanted,K06402,70,0.25,0.5,20,0.6294320507759358,0.12353529204420446,,Function_log2FC=-0.380778220771882; abs=0.380778220771882
70-d KO-level provider replacement,Tomato-planted,K06402,70,0.25,0.5,20,0.6592017302008709,0.09026723451883731,,Function_log2FC=-0.393519793718313; abs=0.393519793718313
70-d KO-level provider replacement,Unplanted,K14414,70,0.25,0.5,3,0.23067964567429916,0.052584869871103744,,Function_log2FC=0.0251868766334606; abs=0.0251868766334606
70-d KO-level provider replacement,Tomato-planted,K14414,70,0.25,0.5,3,0.12115962345852643,0.04908008053377063,,Function_log2FC=-0.596499117659788; abs=0.596499117659788
70-d KO-level provider replacement,Unplanted,K14727,70,0.25,0.5,9,0.8460511801688967,0.15681883155662726,,Function_log2FC=-0.0791426067736305; abs=0.0791426067736305
70-d KO-level provider replacement,Tomato-planted,K14727,70,0.25,0.5,9,0.8994835225431432,0.14765921813116298,,Function_log2FC=0.356853500430896; abs=0.356853500430896
70-d KO-level provider replacement,Unplanted,K23227,70,0.25,0.5,7,0.8185691650309598,0.07366632556009937,,Function_log2FC=0.944311645769687; abs=0.944311645769687
70-d KO-level provider replacement,Tomato-planted,K23227,70,0.25,0.5,7,0.8541251504181591,0.0851284947617306,,Function_log2FC=0.897699832890255; abs=0.897699832890255
70-d KO-level provider replacement,Unplanted,K22552,70,0.25,0.5,20,0.5047626564081914,0.15177721989396784,,Function_log2FC=0.629212538244286; abs=0.629212538244286
70-d KO-level provider replacement,Tomato-planted,K22552,70,0.25,0.5,20,0.627060380773944,0.17859523080965442,,Function_log2FC=1.15641649724146; abs=1.15641649724146
70-d KO-level provider replacement,Unplanted,K16117,70,0.25,0.5,5,0.7883889569443314,0.08220614322567033,,Function_log2FC=2.68375415951704; abs=2.68375415951704
70-d KO-level provider replacement,Tomato-planted,K16117,70,0.25,0.5,5,0.9064818779313012,0.06540352107366196,,Function_log2FC=5.89272608058976; abs=5.89272608058976
70-d KO-level provider replacement,Unplanted,K18234,70,0.25,0.5,3,0.8326134473859843,0.19546945673044877,,Function_log2FC=1.08341630019924; abs=1.08341630019924
70-d KO-level provider replacement,Tomato-planted,K18234,70,0.25,0.5,3,0.7475016878445302,0.09982804082625654,,Function_log2FC=1.29460093436103; abs=1.29460093436103
70-d KO-level provider replacement,Unplanted,K18855,70,0.25,0.5,9,0.8313458388143171,0.047613374593055736,,Function_log2FC=-0.623592619013054; abs=0.623592619013054
70-d KO-level provider replacement,Tomato-planted,K18855,70,0.25,0.5,9,0.8336731173624173,0.05102145928595477,,Function_log2FC=-0.378380300724977; abs=0.378380300724977
70-d KO-level provider replacement,Unplanted,K16645,70,0.25,0.5,9,0.8811790790152949,0.04481053298586789,,Function_log2FC=-1.1486542614438; abs=1.1486542614438
70-d KO-level provider replacement,Tomato-planted,K16645,70,0.25,0.5,9,0.8782114174793609,0.0377680993888738,,Function_log2FC=-2.68712475283729; abs=2.68712475283729
70-d KO-level provider replacement,Unplanted,K01506,70,0.25,0.5,6,0.38168408906429474,0.33890375699198194,,Function_log2FC=1.32287030061126; abs=1.32287030061126
70-d KO-level provider replacement,Tomato-planted,K01506,70,0.25,0.5,6,0.3375898122426023,0.28962274110704367,,Function_log2FC=2.29958218290338; abs=2.29958218290338
70-d KO-level provider replacement,Unplanted,K19124,70,0.25,0.5,2,0.1659573890280419,0.03664834383399812,,Function_log2FC=-0.0897440083909237; abs=0.0897440083909237
70-d KO-level provider replacement,Tomato-planted,K19124,70,0.25,0.5,2,0.5038294358596387,0.00014695258263031086,,Function_log2FC=0.637358017145054; abs=0.637358017145054
70-d KO-level provider replacement,Unplanted,K14519,70,0.25,0.5,7,0.9326058007195213,0.2758805503706569,,Function_log2FC=0.924941641083287; abs=0.924941641083287
70-d KO-level provider replacement,Tomato-planted,K14519,70,0.25,0.5,7,0.9465383769961109,0.2719961558187037,,Function_log2FC=1.4050445181174; abs=1.4050445181174
70-d KO-level provider replacement,Unplanted,K16066,70,0.25,0.5,19,0.8171017593211498,0.07809807086689122,,Function_log2FC=-0.888399572704909; abs=0.888399572704909
70-d KO-level provider replacement,Tomato-planted,K16066,70,0.25,0.5,19,0.8339638867617355,0.06770413389277871,,Function_log2FC=-0.540721113697082; abs=0.540721113697082
70-d KO-level provider replacement,Unplanted,K04117,70,0.25,0.5,3,0.016383086442052722,0.0422220564310214,,Function_log2FC=-0.700751867472821; abs=0.700751867472821
70-d KO-level provider replacement,Tomato-planted,K04117,70,0.25,0.5,3,0.03867851210897291,0.008195063675489778,,Function_log2FC=-0.697379835423291; abs=0.697379835423291
70-d KO-level provider replacement,Unplanted,K23170,70,0.25,0.5,6,0.14761242888679368,0.0570374948452794,,Function_log2FC=-0.281799404195956; abs=0.281799404195956
70-d KO-level provider replacement,Tomato-planted,K23170,70,0.25,0.5,6,0.1131325265475953,0.0873185145732758,,Function_log2FC=0.499545561988615; abs=0.499545561988615
70-d KO-level provider replacement,Unplanted,K15582,70,0.25,0.5,17,0.4916318510751988,0.2556783023390721,,Function_log2FC=0.342173979147628; abs=0.342173979147628
70-d KO-level provider replacement,Tomato-planted,K15582,70,0.25,0.5,17,0.5889661684545727,0.26750789716505563,,Function_log2FC=0.496292447537556; abs=0.496292447537556
70-d KO-level provider replacement,Unplanted,K10680,70,0.25,0.5,12,0.49723031312449295,0.36666325863007904,,Function_log2FC=0.483845469679422; abs=0.483845469679422
70-d KO-level provider replacement,Tomato-planted,K10680,70,0.25,0.5,12,0.4405868117407502,0.26347799909105923,,Function_log2FC=0.706601396413324; abs=0.706601396413324
70-d KO-level provider replacement,Unplanted,K16559,70,0.25,0.5,5,0.23513194866350617,0.16446591803055655,,Function_log2FC=-1.2619609651711; abs=1.2619609651711
70-d KO-level provider replacement,Tomato-planted,K16559,70,0.25,0.5,5,0.38000929540610884,0.12638399034992012,,Function_log2FC=-3.07623183247398; abs=3.07623183247398
70-d KO-level provider replacement,Unplanted,K23359,70,0.25,0.5,13,0.6471614914289865,0.14032303029671786,,Function_log2FC=-0.305760322004443; abs=0.305760322004443
70-d KO-level provider replacement,Tomato-planted,K23359,70,0.25,0.5,13,0.6658833877340139,0.11099764982970758,,Function_log2FC=-0.815427437623579; abs=0.815427437623579
70-d KO-level provider replacement,Unplanted,K18587,70,0.25,0.5,3,0.09082597031746151,0.030532592297400435,,Function_log2FC=0.441023829948964; abs=0.441023829948964
70-d KO-level provider replacement,Tomato-planted,K18587,70,0.25,0.5,3,0.1295576806991147,0.02094725722141559,,Function_log2FC=1.07174731641519; abs=1.07174731641519
70-d KO-level provider replacement,Unplanted,K19181,70,0.25,0.5,7,0.28476006958503214,0.18982084353470632,,Function_log2FC=0.474439901845292; abs=0.474439901845292
70-d KO-level provider replacement,Tomato-planted,K19181,70,0.25,0.5,7,0.4322923122071957,0.15969612697298938,,Function_log2FC=0.97626711640579; abs=0.97626711640579
70-d KO-level provider replacement,Unplanted,K18013,70,0.25,0.5,19,0.722333306774671,0.0992959974001049,,Function_log2FC=-0.0409883876366081; abs=0.0409883876366081
70-d KO-level provider replacement,Tomato-planted,K18013,70,0.25,0.5,19,0.733678431296952,0.07998751240492796,,Function_log2FC=0.260718899909609; abs=0.260718899909609
70-d KO-level provider replacement,Unplanted,K21961,70,0.25,0.5,7,0.8665150398301342,0.09493401008625735,,Function_log2FC=1.19028012075035; abs=1.19028012075035
70-d KO-level provider replacement,Tomato-planted,K21961,70,0.25,0.5,7,0.825782631769198,0.09754811425720625,,Function_log2FC=2.47878901315094; abs=2.47878901315094
70-d KO-level provider replacement,Unplanted,K01230,70,0.25,0.5,6,0.22050707573529466,0.14173449271471036,,Function_log2FC=1.98562336565116; abs=1.98562336565116
70-d KO-level provider replacement,Tomato-planted,K01230,70,0.25,0.5,6,0.20286584596028365,0.12790691367209023,,Function_log2FC=3.14403429582864; abs=3.14403429582864
70-d KO-level provider replacement,Unplanted,K01202,70,0.25,0.5,2,0.42106689049423063,0.37485306137382435,,Function_log2FC=-2.70298429937563; abs=2.70298429937563
70-d KO-level provider replacement,Tomato-planted,K01202,70,0.25,0.5,2,0.42223799267114237,0.37637504384761067,,Function_log2FC=-1.89723192980599; abs=1.89723192980599
70-d KO-level provider replacement,Unplanted,K17329,70,0.25,0.5,12,0.8817545608971571,0.05882413968800918,,Function_log2FC=-0.324856567634081; abs=0.324856567634081
70-d KO-level provider replacement,Tomato-planted,K17329,70,0.25,0.5,12,0.8902106925023068,0.040553720976648076,,Function_log2FC=0.518395195974574; abs=0.518395195974574
70-d KO-level provider replacement,Unplanted,K00561,70,0.25,0.5,4,0.09932714674289692,0.15242558798895053,,Function_log2FC=0.643249547110327; abs=0.643249547110327
70-d KO-level provider replacement,Tomato-planted,K00561,70,0.25,0.5,4,0.17997453156713838,0.1263770209784431,,Function_log2FC=0.872057685960292; abs=0.872057685960292
70-d KO-level provider replacement,Unplanted,K07217,70,0.25,0.5,2,0.08694563702872349,0.03907300508854328,,Function_log2FC=-0.0977448995809126; abs=0.0977448995809126
70-d KO-level provider replacement,Tomato-planted,K07217,70,0.25,0.5,2,0.0011504873902393464,0.021979481896902076,,Function_log2FC=-0.178443246893143; abs=0.178443246893143
70-d KO-level provider replacement,Unplanted,K14187,70,0.25,0.5,2,0.0291306240899952,0.017850247243773598,,Function_log2FC=-0.0602944793245163; abs=0.0602944793245163
70-d KO-level provider replacement,Tomato-planted,K14187,70,0.25,0.5,2,0.028816864929871344,0.018674167524981716,,Function_log2FC=-0.998188238146413; abs=0.998188238146413
70-d KO-level provider replacement,Unplanted,K16436,70,0.25,0.5,4,0.17399666429273217,0.1427500169669524,,Function_log2FC=0.0698453674362712; abs=0.0698453674362712
70-d KO-level provider replacement,Tomato-planted,K16436,70,0.25,0.5,4,0.28191422160099977,0.14173834551023168,,Function_log2FC=0.44467100419317; abs=0.44467100419317
70-d KO-level provider replacement,Unplanted,K00216,70,0.25,0.5,4,0.6627311492388723,0.1212020517913309,,Function_log2FC=-1.32748615659686; abs=1.32748615659686
70-d KO-level provider replacement,Tomato-planted,K00216,70,0.25,0.5,4,0.699635883207121,0.09987372778653089,,Function_log2FC=-0.112925993890079; abs=0.112925993890079
70-d KO-level provider replacement,Unplanted,K13276,70,0.25,0.5,2,0.03909766435433634,0.013189583074526251,,Function_log2FC=-0.0451329565470376; abs=0.0451329565470376
70-d KO-level provider replacement,Tomato-planted,K13276,70,0.25,0.5,2,0.03066158796955709,0.0162868795834534,,Function_log2FC=-0.0249351928024589; abs=0.0249351928024589
70-d KO-level provider replacement,Unplanted,K04030,70,0.25,0.5,2,0.031858641885971734,0.007936703577155674,,Function_log2FC=0.417646387353353; abs=0.417646387353353
70-d KO-level provider replacement,Tomato-planted,K04030,70,0.25,0.5,2,0.011110743053162841,0.012191603431673555,,Function_log2FC=0.322558749295133; abs=0.322558749295133
70-d KO-level provider replacement,Unplanted,K19295,70,0.25,0.5,4,0.5160921258813225,0.13435044173732208,,Function_log2FC=0.299071969140431; abs=0.299071969140431
70-d KO-level provider replacement,Tomato-planted,K19295,70,0.25,0.5,4,0.6538718403794648,0.19658168252241923,,Function_log2FC=-0.342399053333485; abs=0.342399053333485
70-d KO-level provider replacement,Unplanted,K01387,70,0.25,0.5,5,0.12005397178927574,0.4075260890240868,,Function_log2FC=1.86597001695523; abs=1.86597001695523
70-d KO-level provider replacement,Tomato-planted,K01387,70,0.25,0.5,5,0.13426022053624403,0.39771350697477764,,Function_log2FC=0.683618406864762; abs=0.683618406864762
70-d KO-level provider replacement,Unplanted,K05822,70,0.25,0.5,2,0.02484711479347368,0.1045398985274266,,Function_log2FC=1.34369611735788; abs=1.34369611735788
70-d KO-level provider replacement,Tomato-planted,K05822,70,0.25,0.5,2,0.08520841398643483,0.09185873328619085,,Function_log2FC=-0.0911417449830776; abs=0.0911417449830776
70-d KO-level provider replacement,Unplanted,K04027,70,0.25,0.5,3,0.09822001874541303,0.27130660557592,,Function_log2FC=-0.135297055937675; abs=0.135297055937675
70-d KO-level provider replacement,Tomato-planted,K04027,70,0.25,0.5,3,0.330786990740241,0.230376158014728,,Function_log2FC=-0.515753212404986; abs=0.515753212404986
70-d KO-level provider replacement,Unplanted,K20866,70,0.25,0.5,4,0.8064865791887565,0.08075694571916486,,Function_log2FC=-0.185612895301014; abs=0.185612895301014
70-d KO-level provider replacement,Tomato-planted,K20866,70,0.25,0.5,4,0.726315860784323,0.08304986812669835,,Function_log2FC=-0.271646644044907; abs=0.271646644044907
70-d KO-level provider replacement,Unplanted,K16013,70,0.25,0.5,3,0.855218334876496,0.01007218452631055,,Function_log2FC=0.285852929466164; abs=0.285852929466164
70-d KO-level provider replacement,Tomato-planted,K16013,70,0.25,0.5,3,0.7114306065072351,0.012487236467147972,,Function_log2FC=0.820386244404688; abs=0.820386244404688
70-d KO-level provider replacement,Unplanted,K05567,70,0.25,0.5,5,0.6966537560344142,0.09318751925322802,,Function_log2FC=0.930555165187853; abs=0.930555165187853
70-d KO-level provider replacement,Tomato-planted,K05567,70,0.25,0.5,5,0.7296298276818757,0.07353332938387824,,Function_log2FC=0.863598186993398; abs=0.863598186993398
70-d KO-level provider replacement,Unplanted,K16213,70,0.25,0.5,2,0.0021171056511885837,0.04586842926979707,,Function_log2FC=0.10063576149807; abs=0.10063576149807
70-d KO-level provider replacement,Tomato-planted,K16213,70,0.25,0.5,2,0.07835454222890184,0.04270462499598185,,Function_log2FC=-0.171436390217779; abs=0.171436390217779
70-d KO-level provider replacement,Unplanted,K01494,70,0.25,0.5,20,0.48689884175930265,0.21494042634998495,,Function_log2FC=0.299424101256419; abs=0.299424101256419
70-d KO-level provider replacement,Tomato-planted,K01494,70,0.25,0.5,20,0.5924758794157211,0.19750707220662367,,Function_log2FC=0.146120286722408; abs=0.146120286722408
70-d KO-level provider replacement,Unplanted,K08976,70,0.25,0.5,5,0.32922853763358517,0.0977812234970585,,Function_log2FC=-0.0803160961877387; abs=0.0803160961877387
70-d KO-level provider replacement,Tomato-planted,K08976,70,0.25,0.5,5,0.19855843213704577,0.08812388269124279,,Function_log2FC=-0.301437695758534; abs=0.301437695758534
70-d KO-level provider replacement,Unplanted,K21119,70,0.25,0.5,6,0.5572488654351027,0.21946520858267773,,Function_log2FC=0.290277128191139; abs=0.290277128191139
70-d KO-level provider replacement,Tomato-planted,K21119,70,0.25,0.5,6,0.5968175823975627,0.23878884068886938,,Function_log2FC=-0.28552688587337; abs=0.28552688587337
70-d KO-level provider replacement,Unplanted,K05936,70,0.25,0.5,5,0.3339236406778953,0.3185567909710211,,Function_log2FC=0.613013907255465; abs=0.613013907255465
70-d KO-level provider replacement,Tomato-planted,K05936,70,0.25,0.5,5,0.44341385423692853,0.3200237777069044,,Function_log2FC=0.878514403082843; abs=0.878514403082843
70-d KO-level provider replacement,Unplanted,K07077,70,0.25,0.5,7,0.9429259076423869,0.07834245066685844,,Function_log2FC=0.0854946633586752; abs=0.0854946633586752
70-d KO-level provider replacement,Tomato-planted,K07077,70,0.25,0.5,7,0.9214256006641043,0.0686651007131589,,Function_log2FC=0.455044192645646; abs=0.455044192645646
70-d KO-level provider replacement,Unplanted,K23786,70,0.25,0.5,8,0.4934034033595063,0.23071516025499475,,Function_log2FC=2.35502852808459; abs=2.35502852808459
70-d KO-level provider replacement,Tomato-planted,K23786,70,0.25,0.5,8,0.4864573847081868,0.24527493175389364,,Function_log2FC=3.58611176066208; abs=3.58611176066208
70-d KO-level provider replacement,Unplanted,K01539,70,0.25,0.5,9,0.9451744725317398,0.037788649367296,,Function_log2FC=0.471751184184572; abs=0.471751184184572
70-d KO-level provider replacement,Tomato-planted,K01539,70,0.25,0.5,9,0.8979602251008618,0.02478883602867579,,Function_log2FC=-0.175111978069689; abs=0.175111978069689
70-d KO-level provider replacement,Unplanted,K07068,70,0.25,0.5,11,0.7403178489788582,0.09801905902349667,,Function_log2FC=-0.561411911740146; abs=0.561411911740146
70-d KO-level provider replacement,Tomato-planted,K07068,70,0.25,0.5,11,0.7738040804731109,0.1053085140792632,,Function_log2FC=-0.64420897966706; abs=0.64420897966706
70-d KO-level provider replacement,Unplanted,K06203,70,0.25,0.5,11,0.5034410024483977,0.21493975614184177,,Function_log2FC=0.685611243825542; abs=0.685611243825542
70-d KO-level provider replacement,Tomato-planted,K06203,70,0.25,0.5,11,0.5863996866086868,0.23443273020783417,,Function_log2FC=1.21097267056413; abs=1.21097267056413
70-d KO-level provider replacement,Unplanted,K18220,70,0.25,0.5,8,0.8273179693947987,0.08178817957015481,,Function_log2FC=-0.15130748362828; abs=0.15130748362828
70-d KO-level provider replacement,Tomato-planted,K18220,70,0.25,0.5,8,0.8800623115999457,0.08130457641742173,,Function_log2FC=0.710799948042272; abs=0.710799948042272
70-d KO-level provider replacement,Unplanted,K01617,70,0.25,0.5,6,0.8861188104873999,0.15545782648107545,,Function_log2FC=1.04576569506807; abs=1.04576569506807
70-d KO-level provider replacement,Tomato-planted,K01617,70,0.25,0.5,6,0.8746842152108316,0.17517315835003194,,Function_log2FC=1.52597738949789; abs=1.52597738949789
70-d KO-level provider replacement,Unplanted,K04093,70,0.25,0.5,4,0.8226344213337441,0.1090475499257008,,Function_log2FC=0.221244207050188; abs=0.221244207050188
70-d KO-level provider replacement,Tomato-planted,K04093,70,0.25,0.5,4,0.8998866554078491,0.11937036296437112,,Function_log2FC=1.33971757204031; abs=1.33971757204031
70-d KO-level provider replacement,Unplanted,K07454,70,0.25,0.5,5,0.32567562068226125,0.22828833283760802,,Function_log2FC=0.015462354227501; abs=0.015462354227501
70-d KO-level provider replacement,Tomato-planted,K07454,70,0.25,0.5,5,0.5320320749630503,0.22250194606792395,,Function_log2FC=0.68134160374406; abs=0.68134160374406
70-d KO-level provider replacement,Unplanted,K22822,70,0.25,0.5,6,0.7845332225179302,0.09595605678694609,,Function_log2FC=-0.388468148138796; abs=0.388468148138796
70-d KO-level provider replacement,Tomato-planted,K22822,70,0.25,0.5,6,0.7700990428447954,0.07773452263949096,,Function_log2FC=-0.254316373982029; abs=0.254316373982029
70-d KO-level provider replacement,Unplanted,K15922,70,0.25,0.5,4,0.12169622190930844,0.06129622827046888,,Function_log2FC=1.57726865204614; abs=1.57726865204614
70-d KO-level provider replacement,Tomato-planted,K15922,70,0.25,0.5,4,0.11058034093138953,0.05959749130121447,,Function_log2FC=0.365336909894479; abs=0.365336909894479
70-d KO-level provider replacement,Unplanted,K00887,70,0.25,0.5,2,0.2206064147103925,0.010903217550598893,,Function_log2FC=0.50165962747557; abs=0.50165962747557
70-d KO-level provider replacement,Tomato-planted,K00887,70,0.25,0.5,2,0.28315865443423016,0.01584543483331946,,Function_log2FC=-0.777882615477841; abs=0.777882615477841
70-d KO-level provider replacement,Unplanted,K01941,70,0.25,0.5,8,0.21768496472649265,0.3524629346463069,,Function_log2FC=0.284278687541086; abs=0.284278687541086
70-d KO-level provider replacement,Tomato-planted,K01941,70,0.25,0.5,8,0.2953219890169564,0.35793568534960385,,Function_log2FC=-0.313170198667076; abs=0.313170198667076
70-d KO-level provider replacement,Unplanted,K00273,70,0.25,0.5,14,0.7566458613131143,0.13272031164316245,,Function_log2FC=-0.10324119160515; abs=0.10324119160515
70-d KO-level provider replacement,Tomato-planted,K00273,70,0.25,0.5,14,0.7660443463996611,0.0998431231107687,,Function_log2FC=0.443031787527393; abs=0.443031787527393
70-d KO-level provider replacement,Unplanted,K07640,70,0.25,0.5,4,0.36685344102787637,0.10380672363953934,,Function_log2FC=-0.886348137186227; abs=0.886348137186227
70-d KO-level provider replacement,Tomato-planted,K07640,70,0.25,0.5,4,0.25434043824895297,0.04286403448464356,,Function_log2FC=-0.549336191073503; abs=0.549336191073503
70-d KO-level provider replacement,Unplanted,K03811,70,0.25,0.5,14,0.7879201065300588,0.08316922162962445,,Function_log2FC=0.363430132510847; abs=0.363430132510847
70-d KO-level provider replacement,Tomato-planted,K03811,70,0.25,0.5,14,0.807938645057406,0.07858623693431885,,Function_log2FC=0.347008638333903; abs=0.347008638333903
70-d KO-level provider replacement,Unplanted,K09801,70,0.25,0.5,3,0.13385997106779027,0.019265506670404567,,Function_log2FC=-0.0722772789755978; abs=0.0722772789755978
70-d KO-level provider replacement,Tomato-planted,K09801,70,0.25,0.5,3,0.1798732352841187,0.036135472649003214,,Function_log2FC=-0.52898336283217; abs=0.52898336283217
70-d KO-level provider replacement,Unplanted,K17840,70,0.25,0.5,3,0.8786750852916533,0.05666508292816765,,Function_log2FC=-0.217211913241126; abs=0.217211913241126
70-d KO-level provider replacement,Tomato-planted,K17840,70,0.25,0.5,3,0.8908607401264352,0.011390419718514011,,Function_log2FC=-0.108473921464093; abs=0.108473921464093
70-d KO-level provider replacement,Unplanted,K07693,70,0.25,0.5,15,0.624471463420647,0.1015589909777638,,Function_log2FC=0.250709652727167; abs=0.250709652727167
70-d KO-level provider replacement,Tomato-planted,K07693,70,0.25,0.5,15,0.7499597514596117,0.07525782782883872,,Function_log2FC=0.518023983056402; abs=0.518023983056402
70-d KO-level provider replacement,Unplanted,K17947,70,0.25,0.5,8,0.7690681933788548,0.08439190596275281,,Function_log2FC=0.757209986114296; abs=0.757209986114296
70-d KO-level provider replacement,Tomato-planted,K17947,70,0.25,0.5,8,0.7974532045105952,0.07139052100560996,,Function_log2FC=0.839251187471575; abs=0.839251187471575
70-d KO-level provider replacement,Unplanted,K20420,70,0.25,0.5,18,0.8258160102916688,0.16954889350780838,,Function_log2FC=-0.0111456002772745; abs=0.0111456002772745
70-d KO-level provider replacement,Tomato-planted,K20420,70,0.25,0.5,18,0.8309335825554909,0.16458431475983504,,Function_log2FC=0.885992499820757; abs=0.885992499820757
70-d KO-level provider replacement,Unplanted,K09744,70,0.25,0.5,6,0.14560486677238088,0.36601056046957225,,Function_log2FC=0.225385875474056; abs=0.225385875474056
70-d KO-level provider replacement,Tomato-planted,K09744,70,0.25,0.5,6,0.1689883079764855,0.3595873938366625,,Function_log2FC=0.0824384596274168; abs=0.0824384596274168
70-d KO-level provider replacement,Unplanted,K09681,70,0.25,0.5,18,0.7112696579416236,0.16105689977065307,,Function_log2FC=2.68587238966256; abs=2.68587238966256
70-d KO-level provider replacement,Tomato-planted,K09681,70,0.25,0.5,18,0.7639240765259465,0.14262400268549671,,Function_log2FC=1.52348005243528; abs=1.52348005243528
70-d KO-level provider replacement,Unplanted,K02071,70,0.25,0.5,2,0.7810357632779121,0.03730409711047215,,Function_log2FC=0.249120037207136; abs=0.249120037207136
70-d KO-level provider replacement,Tomato-planted,K02071,70,0.25,0.5,2,0.8020032380077267,0.054896975362235,,Function_log2FC=0.650875386403397; abs=0.650875386403397
70-d KO-level provider replacement,Unplanted,K12436,70,0.25,0.5,2,0.2166462027135162,0.07793962558581355,,Function_log2FC=0.444737140983032; abs=0.444737140983032
70-d KO-level provider replacement,Tomato-planted,K12436,70,0.25,0.5,2,0.2385421893813505,0.016993747604781534,,Function_log2FC=1.43129349281539; abs=1.43129349281539
70-d KO-level provider replacement,Unplanted,K19355,70,0.25,0.5,6,0.0704356813833964,0.2762737763743733,,Function_log2FC=0.285141229448773; abs=0.285141229448773
70-d KO-level provider replacement,Tomato-planted,K19355,70,0.25,0.5,6,0.14331371699024506,0.2735010411281824,,Function_log2FC=0.460726593996819; abs=0.460726593996819
70-d KO-level provider replacement,Unplanted,K09956,70,0.25,0.5,3,0.37048654920442076,0.31663179782883577,,Function_log2FC=0.899521523192568; abs=0.899521523192568
70-d KO-level provider replacement,Tomato-planted,K09956,70,0.25,0.5,3,0.4031289579700503,0.24125735686600921,,Function_log2FC=1.82944790306977; abs=1.82944790306977
70-d KO-level provider replacement,Unplanted,K15578,70,0.25,0.5,6,0.0373772203964402,0.09778685425811444,,Function_log2FC=-0.204728748173874; abs=0.204728748173874
70-d KO-level provider replacement,Tomato-planted,K15578,70,0.25,0.5,6,0.12009384795381738,0.09772344653451669,,Function_log2FC=-0.825869127843253; abs=0.825869127843253
70-d KO-level provider replacement,Unplanted,K07710,70,0.25,0.5,4,0.2678453672795914,0.0563654737954417,,Function_log2FC=-0.405637596726921; abs=0.405637596726921
70-d KO-level provider replacement,Tomato-planted,K07710,70,0.25,0.5,4,0.07169190078237811,0.07017940250433694,,Function_log2FC=-0.573365431729398; abs=0.573365431729398
70-d KO-level provider replacement,Unplanted,K06985,70,0.25,0.5,6,0.32684768991774293,0.15434810516660452,,Function_log2FC=0.415305417652285; abs=0.415305417652285
70-d KO-level provider replacement,Tomato-planted,K06985,70,0.25,0.5,6,0.41605951594351787,0.07916147237114347,,Function_log2FC=0.763096204015932; abs=0.763096204015932
70-d KO-level provider replacement,Unplanted,K07044,70,0.25,0.5,7,0.33758605219288523,0.05276490230655259,,Function_log2FC=0.627686350971318; abs=0.627686350971318
70-d KO-level provider replacement,Tomato-planted,K07044,70,0.25,0.5,7,0.2704299188080192,0.04219091598665289,,Function_log2FC=0.847472960261236; abs=0.847472960261236
70-d KO-level provider replacement,Unplanted,K07496,70,0.25,0.5,27,0.6080638780522726,0.2056942124583373,,Function_log2FC=1.11063214181431; abs=1.11063214181431
70-d KO-level provider replacement,Tomato-planted,K07496,70,0.25,0.5,27,0.677276370036051,0.15986944517307886,,Function_log2FC=1.97687161433949; abs=1.97687161433949
70-d KO-level provider replacement,Unplanted,K14340,70,0.25,0.5,9,0.3390567383240724,0.217539670128333,,Function_log2FC=2.37594853700545; abs=2.37594853700545
70-d KO-level provider replacement,Tomato-planted,K14340,70,0.25,0.5,9,0.3935535452378711,0.14863530908746042,,Function_log2FC=3.38607749596506; abs=3.38607749596506
70-d KO-level provider replacement,Unplanted,K14647,70,0.25,0.5,12,0.5254124224360055,0.1818948180566418,,Function_log2FC=0.699148947724145; abs=0.699148947724145
70-d KO-level provider replacement,Tomato-planted,K14647,70,0.25,0.5,12,0.5924793244274863,0.19285078969711142,,Function_log2FC=-0.419886185298602; abs=0.419886185298602
70-d KO-level provider replacement,Unplanted,K24017,70,0.25,0.5,10,0.8398815782278961,0.0688858783284297,,Function_log2FC=0.463250437017962; abs=0.463250437017962
70-d KO-level provider replacement,Tomato-planted,K24017,70,0.25,0.5,10,0.8486327876259345,0.058214732803854925,,Function_log2FC=1.88123767020116; abs=1.88123767020116
70-d KO-level provider replacement,Unplanted,K00869,70,0.25,0.5,9,0.34739779949829386,0.29610812947300313,,Function_log2FC=0.720031646663808; abs=0.720031646663808
70-d KO-level provider replacement,Tomato-planted,K00869,70,0.25,0.5,9,0.3372544084856088,0.34525607163482747,,Function_log2FC=0.252814115623718; abs=0.252814115623718
70-d KO-level provider replacement,Unplanted,K06560,70,0.25,0.5,8,0.24792907887594204,0.10037407719339186,,Function_log2FC=0.0775884745515698; abs=0.0775884745515698
70-d KO-level provider replacement,Tomato-planted,K06560,70,0.25,0.5,8,0.1424880135239935,0.0938918318056617,,Function_log2FC=0.170318015626788; abs=0.170318015626788
70-d KO-level provider replacement,Unplanted,K04065,70,0.25,0.5,12,0.23212648428660113,0.2589411091906057,,Function_log2FC=-0.471177671841376; abs=0.471177671841376
70-d KO-level provider replacement,Tomato-planted,K04065,70,0.25,0.5,12,0.28689028643549314,0.25238382721284586,,Function_log2FC=-0.68766767694121; abs=0.68766767694121
70-d KO-level provider replacement,Unplanted,K04095,70,0.25,0.5,14,0.4982929454975536,0.38514199690986006,,Function_log2FC=-0.444694098587219; abs=0.444694098587219
70-d KO-level provider replacement,Tomato-planted,K04095,70,0.25,0.5,14,0.5643756627037533,0.3607038692967456,,Function_log2FC=2.14535522938884; abs=2.14535522938884
70-d KO-level provider replacement,Unplanted,K10004,70,0.25,0.5,2,0.11250024655339252,0.05458291787513305,,Function_log2FC=-0.312809145271877; abs=0.312809145271877
70-d KO-level provider replacement,Tomato-planted,K10004,70,0.25,0.5,2,0.1269036468927405,0.04410109465668807,,Function_log2FC=-0.432605762889751; abs=0.432605762889751
70-d KO-level provider replacement,Unplanted,K16429,70,0.25,0.5,7,0.8189603242580287,0.0567954854053865,,Function_log2FC=-3.13214294488216; abs=3.13214294488216
70-d KO-level provider replacement,Tomato-planted,K16429,70,0.25,0.5,7,0.850393694037248,0.0649405897465468,,Function_log2FC=-3.61698459654997; abs=3.61698459654997
70-d KO-level provider replacement,Unplanted,K01197,70,0.25,0.5,8,0.7960723010012096,0.5461531602292763,,Function_log2FC=0.100484155410938; abs=0.100484155410938
70-d KO-level provider replacement,Tomato-planted,K01197,70,0.25,0.5,8,0.90297104234521,0.5203183925342787,,Function_log2FC=0.652587529293301; abs=0.652587529293301
70-d KO-level provider replacement,Unplanted,K21064,70,0.25,0.5,23,0.59947671199425,0.1913452070929691,,Function_log2FC=0.3557037142766; abs=0.3557037142766
70-d KO-level provider replacement,Tomato-planted,K21064,70,0.25,0.5,23,0.659478391027352,0.1662286697546587,,Function_log2FC=-1.24117587568854; abs=1.24117587568854
70-d KO-level provider replacement,Unplanted,K09879,70,0.25,0.5,9,0.4508253761199233,0.32929552993699046,,Function_log2FC=1.08137990337887; abs=1.08137990337887
70-d KO-level provider replacement,Tomato-planted,K09879,70,0.25,0.5,9,0.5329727968554981,0.2982456230260678,,Function_log2FC=1.45373959882881; abs=1.45373959882881
70-d KO-level provider replacement,Unplanted,K11741,70,0.25,0.5,14,0.5519323867071806,0.24419859822673592,,Function_log2FC=0.585120949328849; abs=0.585120949328849
70-d KO-level provider replacement,Tomato-planted,K11741,70,0.25,0.5,14,0.5693632011029331,0.26585079204055767,,Function_log2FC=1.18841148902393; abs=1.18841148902393
70-d KO-level provider replacement,Unplanted,K21159,70,0.25,0.5,13,0.6997368772648376,0.13141251623605155,,Function_log2FC=0.43802431160081; abs=0.43802431160081
70-d KO-level provider replacement,Tomato-planted,K21159,70,0.25,0.5,13,0.7233879465042026,0.15283644598477622,,Function_log2FC=1.27824787648223; abs=1.27824787648223
70-d KO-level provider replacement,Unplanted,K09153,70,0.25,0.5,3,0.9451522025323597,0.018510349002531304,,Function_log2FC=-0.353590483465819; abs=0.353590483465819
70-d KO-level provider replacement,Tomato-planted,K09153,70,0.25,0.5,3,0.7029065695402386,0.014067687970575738,,Function_log2FC=-1.45062128995985; abs=1.45062128995985
70-d KO-level provider replacement,Unplanted,K02659,70,0.25,0.5,7,0.42972310533874175,0.11613166178571313,,Function_log2FC=-0.227457380042184; abs=0.227457380042184
70-d KO-level provider replacement,Tomato-planted,K02659,70,0.25,0.5,7,0.4599830935391942,0.11416669625704964,,Function_log2FC=-0.58777348013316; abs=0.58777348013316
70-d KO-level provider replacement,Unplanted,K09966,70,0.25,0.5,2,0.7576172529437264,0.13097457664035378,,Function_log2FC=-0.380207326445438; abs=0.380207326445438
70-d KO-level provider replacement,Tomato-planted,K09966,70,0.25,0.5,2,0.7036367157704224,0.12517289189602562,,Function_log2FC=-0.951200287947107; abs=0.951200287947107
70-d KO-level provider replacement,Unplanted,K00938,70,0.25,0.5,7,0.3723428896439726,0.2691578337262744,,Function_log2FC=0.596567374552557; abs=0.596567374552557
70-d KO-level provider replacement,Tomato-planted,K00938,70,0.25,0.5,7,0.37362227191797065,0.2857037382214836,,Function_log2FC=-0.464230904706758; abs=0.464230904706758
70-d KO-level provider replacement,Unplanted,K00271,70,0.25,0.5,11,0.932394024823623,0.07629481289134743,,Function_log2FC=0.0737049878587977; abs=0.0737049878587977
70-d KO-level provider replacement,Tomato-planted,K00271,70,0.25,0.5,11,0.9215680440867576,0.058929333165188474,,Function_log2FC=0.466683965815489; abs=0.466683965815489
70-d KO-level provider replacement,Unplanted,K23555,70,0.25,0.5,11,0.3230542720409528,0.2927275547766025,,Function_log2FC=0.272861792318588; abs=0.272861792318588
70-d KO-level provider replacement,Tomato-planted,K23555,70,0.25,0.5,11,0.3123687591653062,0.3167417370853354,,Function_log2FC=-0.0965815785428223; abs=0.0965815785428223
70-d KO-level provider replacement,Unplanted,K07407,70,0.25,0.5,20,0.3816830365460931,0.2825002168899315,,Function_log2FC=0.083179033618966; abs=0.083179033618966
70-d KO-level provider replacement,Tomato-planted,K07407,70,0.25,0.5,20,0.5179552322722505,0.20085643765344519,,Function_log2FC=0.520701131497942; abs=0.520701131497942
70-d KO-level provider replacement,Unplanted,K02228,70,0.25,0.5,3,0.3981942542196904,0.3867076498011636,,Function_log2FC=0.615725715773561; abs=0.615725715773561
70-d KO-level provider replacement,Tomato-planted,K02228,70,0.25,0.5,3,0.6743595229231534,0.3956186976209266,,Function_log2FC=0.304812476158476; abs=0.304812476158476
70-d KO-level provider replacement,Unplanted,K02230,70,0.25,0.5,10,0.34617644810522324,0.32996043342810116,,Function_log2FC=0.265718371105803; abs=0.265718371105803
70-d KO-level provider replacement,Tomato-planted,K02230,70,0.25,0.5,10,0.3699088430804496,0.320414201280464,,Function_log2FC=0.507675191631705; abs=0.507675191631705
70-d KO-level provider replacement,Unplanted,K01631,70,0.25,0.5,3,0.2190482697482592,0.02173552878559455,,Function_log2FC=0.393911422393401; abs=0.393911422393401
70-d KO-level provider replacement,Tomato-planted,K01631,70,0.25,0.5,3,0.2692134413933574,0.019105543950122345,,Function_log2FC=0.373704783684021; abs=0.373704783684021
70-d KO-level provider replacement,Unplanted,K05364,70,0.25,0.5,26,0.7380760482611878,0.12554604625029034,,Function_log2FC=-0.212850497836514; abs=0.212850497836514
70-d KO-level provider replacement,Tomato-planted,K05364,70,0.25,0.5,26,0.7626250686756705,0.11224440759687984,,Function_log2FC=0.46457729414542; abs=0.46457729414542
70-d KO-level provider replacement,Unplanted,K02553,70,0.25,0.5,2,0.14528171770397785,0.11414225137695976,,Function_log2FC=1.33610659947806; abs=1.33610659947806
70-d KO-level provider replacement,Tomato-planted,K02553,70,0.25,0.5,2,0.17773223449823644,0.2275367615273381,,Function_log2FC=1.72324154507792; abs=1.72324154507792
70-d KO-level provider replacement,Unplanted,K02361,70,0.25,0.5,5,0.7902400393682618,0.1012161055833145,,Function_log2FC=-0.507218266276116; abs=0.507218266276116
70-d KO-level provider replacement,Tomato-planted,K02361,70,0.25,0.5,5,0.82183127622637,0.08208188771739937,,Function_log2FC=-0.623282911259902; abs=0.623282911259902
70-d KO-level provider replacement,Unplanted,K00114,70,0.25,0.5,5,0.10210742919872927,0.11543857985792581,,Function_log2FC=-0.668624453180939; abs=0.668624453180939
70-d KO-level provider replacement,Tomato-planted,K00114,70,0.25,0.5,5,0.08056753402251171,0.07915457327139269,,Function_log2FC=-0.973286669135571; abs=0.973286669135571
70-d KO-level provider replacement,Unplanted,K15983,70,0.25,0.5,10,0.7636209957040101,0.09169209148735928,,Function_log2FC=-0.468129304257784; abs=0.468129304257784
70-d KO-level provider replacement,Tomato-planted,K15983,70,0.25,0.5,10,0.8150158042237068,0.06538831875971463,,Function_log2FC=-0.911878534259546; abs=0.911878534259546
70-d KO-level provider replacement,Unplanted,K12955,70,0.25,0.5,19,0.6698938966109785,0.14279172379262603,,Function_log2FC=0.0207063467912538; abs=0.0207063467912538
70-d KO-level provider replacement,Tomato-planted,K12955,70,0.25,0.5,19,0.7088320086827572,0.14620554917657685,,Function_log2FC=0.645563263719103; abs=0.645563263719103
70-d KO-level provider replacement,Unplanted,K16074,70,0.25,0.5,3,0.10023405857678304,0.22613772749099273,,Function_log2FC=0.390973048519283; abs=0.390973048519283
70-d KO-level provider replacement,Tomato-planted,K16074,70,0.25,0.5,3,0.05019170208573373,0.10515321588647356,,Function_log2FC=0.302874120501495; abs=0.302874120501495
70-d KO-level provider replacement,Unplanted,K20483,70,0.25,0.5,11,0.8197651433179701,0.256364130162822,,Function_log2FC=0.403446822856636; abs=0.403446822856636
70-d KO-level provider replacement,Tomato-planted,K20483,70,0.25,0.5,11,0.8605377986302336,0.3143534916750859,,Function_log2FC=0.563538330321254; abs=0.563538330321254
70-d KO-level provider replacement,Unplanted,K14055,70,0.25,0.5,13,0.23815588455249975,0.18977966568971172,,Function_log2FC=0.425416977307917; abs=0.425416977307917
70-d KO-level provider replacement,Tomato-planted,K14055,70,0.25,0.5,13,0.1854866972865683,0.1830147511805036,,Function_log2FC=-1.19073827387246; abs=1.19073827387246
70-d KO-level provider replacement,Unplanted,K18586,70,0.25,0.5,4,0.12169622190930844,0.06129622827046888,,Function_log2FC=1.08800844892316; abs=1.08800844892316
70-d KO-level provider replacement,Tomato-planted,K18586,70,0.25,0.5,4,0.11058034093138953,0.05959749130121447,,Function_log2FC=0.769891936065025; abs=0.769891936065025
70-d KO-level provider replacement,Unplanted,K01661,70,0.25,0.5,15,0.7602410108510748,0.07870318474265946,,Function_log2FC=-0.46072987735472; abs=0.46072987735472
70-d KO-level provider replacement,Tomato-planted,K01661,70,0.25,0.5,15,0.7478827743651553,0.07759969319159735,,Function_log2FC=-0.381274219106564; abs=0.381274219106564
70-d KO-level provider replacement,Unplanted,K15982,70,0.25,0.5,9,0.7852577123977814,0.10658048752767878,,Function_log2FC=0.0763511854935511; abs=0.0763511854935511
70-d KO-level provider replacement,Tomato-planted,K15982,70,0.25,0.5,9,0.7895013896020527,0.09304641336528309,,Function_log2FC=-0.226312381435318; abs=0.226312381435318
70-d KO-level provider replacement,Unplanted,K18688,70,0.25,0.5,15,0.739009857091974,0.10262795696791004,,Function_log2FC=-0.391491390767068; abs=0.391491390767068
70-d KO-level provider replacement,Tomato-planted,K18688,70,0.25,0.5,15,0.7910434261688963,0.06718691898889094,,Function_log2FC=-0.48730688743536; abs=0.48730688743536
70-d KO-level provider replacement,Unplanted,K03822,70,0.25,0.5,4,0.10247565510373811,0.05228615046724294,,Function_log2FC=1.15881732773493; abs=1.15881732773493
70-d KO-level provider replacement,Tomato-planted,K03822,70,0.25,0.5,4,0.09319476998432763,0.05046372894133934,,Function_log2FC=0.64043391826415; abs=0.64043391826415
70-d KO-level provider replacement,Unplanted,K14987,70,0.25,0.5,6,0.25252145088750333,0.3179180186544375,,Function_log2FC=0.365992382409613; abs=0.365992382409613
70-d KO-level provider replacement,Tomato-planted,K14987,70,0.25,0.5,6,0.3205673812757819,0.27906785701055076,,Function_log2FC=0.951478854078368; abs=0.951478854078368
70-d KO-level provider replacement,Unplanted,K17675,70,0.25,0.5,4,0.13753512955275815,0.3033872797450561,,Function_log2FC=0.205274104419871; abs=0.205274104419871
70-d KO-level provider replacement,Tomato-planted,K17675,70,0.25,0.5,4,0.1861152234248727,0.29750912956995945,,Function_log2FC=0.540959793142367; abs=0.540959793142367
70-d KO-level provider replacement,Unplanted,K08100,70,0.25,0.5,2,0.2200094336139893,0.04822416471103558,,Function_log2FC=0.226673036604171; abs=0.226673036604171
70-d KO-level provider replacement,Tomato-planted,K08100,70,0.25,0.5,2,0.2640179974072032,0.011423985776849279,,Function_log2FC=0.071463455758585; abs=0.071463455758585
70-d KO-level provider replacement,Unplanted,K16567,70,0.25,0.5,4,0.22185978236023363,0.21179961657061913,,Function_log2FC=-1.22063961537601; abs=1.22063961537601
70-d KO-level provider replacement,Tomato-planted,K16567,70,0.25,0.5,4,0.28579439582500793,0.11220946255769493,,Function_log2FC=-2.40573116061646; abs=2.40573116061646
70-d KO-level provider replacement,Unplanted,K01493,70,0.25,0.5,9,0.4516498623529604,0.3951120409599089,,Function_log2FC=1.41101835906374; abs=1.41101835906374
70-d KO-level provider replacement,Tomato-planted,K01493,70,0.25,0.5,9,0.5139441613001512,0.3957383291238853,,Function_log2FC=0.931664438596105; abs=0.931664438596105
70-d KO-level provider replacement,Unplanted,K10202,70,0.25,0.5,8,0.4885719333924491,0.14212658533578842,,Function_log2FC=1.30390429984648; abs=1.30390429984648
70-d KO-level provider replacement,Tomato-planted,K10202,70,0.25,0.5,8,0.5638892835720055,0.0927018788393196,,Function_log2FC=2.60090523174629; abs=2.60090523174629
70-d KO-level provider replacement,Unplanted,K09986,70,0.25,0.5,10,0.300518424311416,0.28049453140888336,,Function_log2FC=0.3117138663908; abs=0.3117138663908
70-d KO-level provider replacement,Tomato-planted,K09986,70,0.25,0.5,10,0.2967651938358902,0.24727418738076173,,Function_log2FC=0.71466291394617; abs=0.71466291394617
70-d KO-level provider replacement,Unplanted,K13532,70,0.25,0.5,3,0.24874764205087227,0.04729204560026036,,Function_log2FC=-0.0235241880975928; abs=0.0235241880975928
70-d KO-level provider replacement,Tomato-planted,K13532,70,0.25,0.5,3,0.05616413442526619,0.0532202986042815,,Function_log2FC=2.175286577471; abs=2.175286577471
70-d KO-level provider replacement,Unplanted,K07074,70,0.25,0.5,14,0.4270577541095175,0.2369542958569918,,Function_log2FC=0.888469924684227; abs=0.888469924684227
70-d KO-level provider replacement,Tomato-planted,K07074,70,0.25,0.5,14,0.43061036167665445,0.15193665497407138,,Function_log2FC=1.13674041524293; abs=1.13674041524293
70-d KO-level provider replacement,Unplanted,K09932,70,0.25,0.5,4,0.9347308730913354,0.012219748326412476,,Function_log2FC=-0.337659327797789; abs=0.337659327797789
70-d KO-level provider replacement,Tomato-planted,K09932,70,0.25,0.5,4,0.890980861596916,0.01241142150250133,,Function_log2FC=0.776489487967416; abs=0.776489487967416
70-d KO-level provider replacement,Unplanted,K21065,70,0.25,0.5,4,0.13914602672616544,0.09708359932072373,,Function_log2FC=0.113611390915288; abs=0.113611390915288
70-d KO-level provider replacement,Tomato-planted,K21065,70,0.25,0.5,4,0.29048783814578494,0.07209320784903733,,Function_log2FC=0.610370869315444; abs=0.610370869315444
70-d KO-level provider replacement,Unplanted,K09146,70,0.25,0.5,3,0.3524909868770885,0.07815452590157246,,Function_log2FC=-0.771364860253325; abs=0.771364860253325
70-d KO-level provider replacement,Tomato-planted,K09146,70,0.25,0.5,3,0.4893615558358912,0.021595158460749747,,Function_log2FC=-2.5357015992526; abs=2.5357015992526
70-d KO-level provider replacement,Unplanted,K06974,70,0.25,0.5,2,0.0021171056511885837,0.04586842926979707,,Function_log2FC=-0.0354612341614324; abs=0.0354612341614324
70-d KO-level provider replacement,Tomato-planted,K06974,70,0.25,0.5,2,0.07835454222890184,0.04270462499598185,,Function_log2FC=0.181710979127221; abs=0.181710979127221
70-d KO-level provider replacement,Unplanted,K23366,70,0.25,0.5,2,0.2166462027135162,0.07793962558581355,,Function_log2FC=2.5520174168484; abs=2.5520174168484
70-d KO-level provider replacement,Tomato-planted,K23366,70,0.25,0.5,2,0.2385421893813505,0.016993747604781534,,Function_log2FC=3.09806021332772; abs=3.09806021332772
70-d KO-level provider replacement,Unplanted,K02497,70,0.25,0.5,5,0.9485410207768259,0.026000757041539806,,Function_log2FC=1.92500787179255; abs=1.92500787179255
70-d KO-level provider replacement,Tomato-planted,K02497,70,0.25,0.5,5,0.854438656596111,0.02504373741369309,,Function_log2FC=2.15479820796561; abs=2.15479820796561
70-d KO-level provider replacement,Unplanted,K15921,70,0.25,0.5,8,0.3279994865813574,0.25930707370967887,,Function_log2FC=1.29218766389109; abs=1.29218766389109
70-d KO-level provider replacement,Tomato-planted,K15921,70,0.25,0.5,8,0.5265440330799199,0.23524060373847042,,Function_log2FC=1.3370297407007; abs=1.3370297407007
70-d KO-level provider replacement,Unplanted,K18546,70,0.25,0.5,9,0.9051304199017125,0.09610741770811264,,Function_log2FC=-0.131530855122814; abs=0.131530855122814
70-d KO-level provider replacement,Tomato-planted,K18546,70,0.25,0.5,9,0.9450114531014208,0.11322990365857069,,Function_log2FC=0.243659259900355; abs=0.243659259900355
70-d KO-level provider replacement,Unplanted,K04127,70,0.25,0.5,16,0.6441701069862493,0.20995500343424486,,Function_log2FC=0.152516407433772; abs=0.152516407433772
70-d KO-level provider replacement,Tomato-planted,K04127,70,0.25,0.5,16,0.6756815782871866,0.20695750294172668,,Function_log2FC=0.402660910627463; abs=0.402660910627463
70-d KO-level provider replacement,Unplanted,K07651,70,0.25,0.5,6,0.37421092028992115,0.1139358968682107,,Function_log2FC=0.23018441702172; abs=0.23018441702172
70-d KO-level provider replacement,Tomato-planted,K07651,70,0.25,0.5,6,0.4173178244693355,0.06734374253216607,,Function_log2FC=0.0658653618385122; abs=0.0658653618385122
70-d KO-level provider replacement,Unplanted,K19511,70,0.25,0.5,2,0.6588923521263337,0.06729806980876854,,Function_log2FC=-0.740022956254977; abs=0.740022956254977
70-d KO-level provider replacement,Tomato-planted,K19511,70,0.25,0.5,2,0.79020777216462,0.07611763110632336,,Function_log2FC=-1.46323578927256; abs=1.46323578927256
70-d KO-level provider replacement,Tomato-planted,K00646,70,0.25,0.5,2,0.46264310458729696,0.4288510606745206,,Function_log2FC=2.08622144402064; abs=2.08622144402064
70-d KO-level provider replacement,Unplanted,K12444,70,0.25,0.5,7,0.6235889348502818,0.13721225137298249,,Function_log2FC=-1.46837651631151; abs=1.46837651631151
70-d KO-level provider replacement,Tomato-planted,K12444,70,0.25,0.5,7,0.6675199612468513,0.11807479219860559,,Function_log2FC=-2.73618364751499; abs=2.73618364751499
70-d KO-level provider replacement,Unplanted,K14251,70,0.25,0.5,3,0.6964871762421705,0.6017918124423256,,Function_log2FC=4.23466217839174; abs=4.23466217839174
70-d KO-level provider replacement,Tomato-planted,K14251,70,0.25,0.5,3,0.4868357551304313,0.38895778113411494,,Function_log2FC=2.73937191662087; abs=2.73937191662087
70-d KO-level provider replacement,Unplanted,K06518,70,0.25,0.5,2,0.8105513813161083,0.07857129416918784,,Function_log2FC=-0.407286604810743; abs=0.407286604810743
70-d KO-level provider replacement,Tomato-planted,K06518,70,0.25,0.5,2,0.8319503182121073,0.13057915330833347,,Function_log2FC=-0.122324554748965; abs=0.122324554748965
70-d KO-level provider replacement,Unplanted,K03404,70,0.25,0.5,9,0.32999721239591295,0.3034592418276755,,Function_log2FC=0.681136036010839; abs=0.681136036010839
70-d KO-level provider replacement,Tomato-planted,K03404,70,0.25,0.5,9,0.3815935563382178,0.28523131208792823,,Function_log2FC=0.99864725934891; abs=0.99864725934891
70-d KO-level provider replacement,Unplanted,K14954,70,0.25,0.5,7,0.7857189920068629,0.0722351928554033,,Function_log2FC=-0.308022285037283; abs=0.308022285037283
70-d KO-level provider replacement,Tomato-planted,K14954,70,0.25,0.5,7,0.82221193618544,0.049566335371713156,,Function_log2FC=-0.519618123988252; abs=0.519618123988252
70-d KO-level provider replacement,Unplanted,K08152,70,0.25,0.5,6,0.9717708170630054,0.04962828592004221,,Function_log2FC=-0.893941897753344; abs=0.893941897753344
70-d KO-level provider replacement,Tomato-planted,K08152,70,0.25,0.5,6,0.9161193210165265,0.03857326742849985,,Function_log2FC=-4.69086304777477; abs=4.69086304777477
70-d KO-level provider replacement,Unplanted,K18297,70,0.25,0.5,7,0.4687616053471069,0.3825294947457389,,Function_log2FC=1.22399890692858; abs=1.22399890692858
70-d KO-level provider replacement,Tomato-planted,K18297,70,0.25,0.5,7,0.28273032867687553,0.3729861001623298,,Function_log2FC=0.736548488578264; abs=0.736548488578264
70-d KO-level provider replacement,Unplanted,K11472,70,0.25,0.5,11,0.8612017034295029,0.043556663941951894,,Function_log2FC=-0.0304533473021192; abs=0.0304533473021192
70-d KO-level provider replacement,Tomato-planted,K11472,70,0.25,0.5,11,0.8449220618286525,0.04424533349049606,,Function_log2FC=0.0327713827572028; abs=0.0327713827572028
70-d KO-level provider replacement,Unplanted,K11173,70,0.25,0.5,4,0.7293510488404693,0.1236363011716598,,Function_log2FC=-0.774054090685948; abs=0.774054090685948
70-d KO-level provider replacement,Tomato-planted,K11173,70,0.25,0.5,4,0.715799930864229,0.12819258700962174,,Function_log2FC=-2.36321099782546; abs=2.36321099782546
70-d KO-level provider replacement,Unplanted,K16937,70,0.25,0.5,7,0.7666226165998845,0.28518090961989073,,Function_log2FC=0.132501437375784; abs=0.132501437375784
70-d KO-level provider replacement,Tomato-planted,K16937,70,0.25,0.5,7,0.7784001504125342,0.2629591157016669,,Function_log2FC=0.459820877783203; abs=0.459820877783203
70-d KO-level provider replacement,Unplanted,K07720,70,0.25,0.5,12,0.23915750334628405,0.22826458363842356,,Function_log2FC=0.957706065681888; abs=0.957706065681888
70-d KO-level provider replacement,Tomato-planted,K07720,70,0.25,0.5,12,0.3271537859217065,0.17351544752725048,,Function_log2FC=0.0253442620698974; abs=0.0253442620698974
70-d KO-level provider replacement,Unplanted,K04074,70,0.25,0.5,11,0.7946231177795723,0.056814413567816885,,Function_log2FC=-0.138711006045712; abs=0.138711006045712
70-d KO-level provider replacement,Tomato-planted,K04074,70,0.25,0.5,11,0.8242684085140024,0.06440984101643853,,Function_log2FC=0.0343771751944134; abs=0.0343771751944134
70-d KO-level provider replacement,Unplanted,K00702,70,0.25,0.5,9,0.12340238792263886,0.3305860553741754,,Function_log2FC=0.458134907653586; abs=0.458134907653586
70-d KO-level provider replacement,Tomato-planted,K00702,70,0.25,0.5,9,0.19701676875265195,0.34947279668496567,,Function_log2FC=-0.112583072673952; abs=0.112583072673952
70-d KO-level provider replacement,Unplanted,K07048,70,0.25,0.5,6,0.9365766459819509,0.4857928212987782,,Function_log2FC=-0.17690382316273; abs=0.17690382316273
70-d KO-level provider replacement,Tomato-planted,K07048,70,0.25,0.5,6,0.9070146050166696,0.4179810323187227,,Function_log2FC=0.140910680590061; abs=0.140910680590061
70-d KO-level provider replacement,Unplanted,K05770,70,0.25,0.5,15,0.417630756702907,0.16632574674179407,,Function_log2FC=0.275750012840656; abs=0.275750012840656
70-d KO-level provider replacement,Tomato-planted,K05770,70,0.25,0.5,15,0.48468273658111444,0.17627082765850666,,Function_log2FC=0.425061692709913; abs=0.425061692709913
70-d KO-level provider replacement,Unplanted,K02491,70,0.25,0.5,4,0.4832479835970135,0.21102890118955342,,Function_log2FC=0.165859129037993; abs=0.165859129037993
70-d KO-level provider replacement,Tomato-planted,K02491,70,0.25,0.5,4,0.4331858525436611,0.14785216114631838,,Function_log2FC=0.364150409953396; abs=0.364150409953396
70-d KO-level provider replacement,Unplanted,K00018,70,0.25,0.5,4,0.03089449898127531,0.13247797595436828,,Function_log2FC=-0.343849536413948; abs=0.343849536413948
70-d KO-level provider replacement,Tomato-planted,K00018,70,0.25,0.5,4,0.14804557206581878,0.12142966964270883,,Function_log2FC=-0.61907294456583; abs=0.61907294456583
70-d KO-level provider replacement,Unplanted,K09794,70,0.25,0.5,6,0.2770011592949825,0.13194252378382487,,Function_log2FC=-0.37097600563752; abs=0.37097600563752
70-d KO-level provider replacement,Tomato-planted,K09794,70,0.25,0.5,6,0.39578582958346425,0.12878873314803296,,Function_log2FC=-0.534078944564969; abs=0.534078944564969
70-d KO-level provider replacement,Unplanted,K21284,70,0.25,0.5,5,0.8013916595558606,0.08699144792900368,,Function_log2FC=1.00157352459561; abs=1.00157352459561
70-d KO-level provider replacement,Tomato-planted,K21284,70,0.25,0.5,5,0.8834704405367573,0.0626722003597218,,Function_log2FC=2.86070786426957; abs=2.86070786426957
70-d KO-level provider replacement,Unplanted,K13639,70,0.25,0.5,16,0.836137913142324,0.0924781965833414,,Function_log2FC=-0.229476604292661; abs=0.229476604292661
70-d KO-level provider replacement,Tomato-planted,K13639,70,0.25,0.5,16,0.8475158751739665,0.07598249172179436,,Function_log2FC=0.506245272429709; abs=0.506245272429709
70-d KO-level provider replacement,Tomato-planted,K13541,70,0.25,0.5,4,0.8931377676451957,0.8143849243259478,,Function_log2FC=2.20622323276095; abs=2.20622323276095
70-d KO-level provider replacement,Unplanted,K13963,70,0.25,0.5,9,0.6352560193553888,0.1624015826233313,,Function_log2FC=0.406585197682669; abs=0.406585197682669
70-d KO-level provider replacement,Tomato-planted,K13963,70,0.25,0.5,9,0.6550824551758153,0.10234134220789837,,Function_log2FC=-0.11090163892159; abs=0.11090163892159
70-d KO-level provider replacement,Unplanted,K16697,70,0.25,0.5,15,0.42468630398248214,0.1981986219910495,,Function_log2FC=1.92089218021814; abs=1.92089218021814
70-d KO-level provider replacement,Tomato-planted,K16697,70,0.25,0.5,15,0.4753993251985032,0.1371209609921805,,Function_log2FC=2.24088815458381; abs=2.24088815458381
70-d KO-level provider replacement,Unplanted,K16869,70,0.25,0.5,2,0.031051768828056135,0.022028033433039055,,Function_log2FC=0.0; abs=0.0
70-d KO-level provider replacement,Tomato-planted,K16869,70,0.25,0.5,2,0.06798776796974457,0.00475187935402796,,Function_log2FC=-0.28976887710164; abs=0.28976887710164
70-d KO-level provider replacement,Unplanted,K18352,70,0.25,0.5,9,0.8297427453603965,0.21277195143187885,,Function_log2FC=0.628125228311927; abs=0.628125228311927
70-d KO-level provider replacement,Tomato-planted,K18352,70,0.25,0.5,9,0.8295678847765733,0.22802994613702046,,Function_log2FC=0.566906280855026; abs=0.566906280855026
70-d KO-level provider replacement,Unplanted,K01321,70,0.25,0.5,3,0.01616456143005307,0.05109890822561119,,Function_log2FC=1.4620769278744; abs=1.4620769278744
70-d KO-level provider replacement,Tomato-planted,K01321,70,0.25,0.5,3,0.06140718282601436,0.04862814559979389,,Function_log2FC=0.945397959165697; abs=0.945397959165697
70-d KO-level provider replacement,Unplanted,K23086,70,0.25,0.5,5,0.9292527531584109,0.09302276479266258,,Function_log2FC=-0.467819623512841; abs=0.467819623512841
70-d KO-level provider replacement,Tomato-planted,K23086,70,0.25,0.5,5,0.9833102657380665,0.09704644488863193,,Function_log2FC=-0.831114207873208; abs=0.831114207873208
70-d KO-level provider replacement,Unplanted,K07396,70,0.25,0.5,3,0.11783170005138742,0.21005761404258433,,Function_log2FC=-0.173035993525635; abs=0.173035993525635
70-d KO-level provider replacement,Tomato-planted,K07396,70,0.25,0.5,3,0.16431154960671546,0.17346756364121085,,Function_log2FC=-0.165530650561477; abs=0.165530650561477
70-d KO-level provider replacement,Unplanted,K23778,70,0.25,0.5,11,0.8293609581932311,0.07546270483139997,,Function_log2FC=-0.916313687361938; abs=0.916313687361938
70-d KO-level provider replacement,Tomato-planted,K23778,70,0.25,0.5,11,0.8984513102290852,0.05562992382853124,,Function_log2FC=2.73222748938964; abs=2.73222748938964
70-d KO-level provider replacement,Unplanted,K03457,70,0.25,0.5,13,0.8428137844978233,0.05086861268798483,,Function_log2FC=0.0183406750427783; abs=0.0183406750427783
70-d KO-level provider replacement,Tomato-planted,K03457,70,0.25,0.5,13,0.8440224045500607,0.054933140654127834,,Function_log2FC=0.121648444965798; abs=0.121648444965798
70-d KO-level provider replacement,Unplanted,K16648,70,0.25,0.5,13,0.7608004015873382,0.10199885076751578,,Function_log2FC=-0.269865242862318; abs=0.269865242862318
70-d KO-level provider replacement,Tomato-planted,K16648,70,0.25,0.5,13,0.8160588779383585,0.07360454503956133,,Function_log2FC=0.198994905460165; abs=0.198994905460165
70-d KO-level provider replacement,Unplanted,K05570,70,0.25,0.5,5,0.5475767417581714,0.06812794655726069,,Function_log2FC=0.752236853093384; abs=0.752236853093384
70-d KO-level provider replacement,Tomato-planted,K05570,70,0.25,0.5,5,0.5711475298358979,0.09232269388231307,,Function_log2FC=0.430845037212936; abs=0.430845037212936
70-d KO-level provider replacement,Unplanted,K14669,70,0.25,0.5,4,0.7565842156707259,0.6718039027580882,,Function_log2FC=1.91676471388225; abs=1.91676471388225
70-d KO-level provider replacement,Tomato-planted,K14669,70,0.25,0.5,4,0.5928614940828072,0.4651284995609847,,Function_log2FC=3.7343174446837; abs=3.7343174446837
70-d KO-level provider replacement,Unplanted,K19668,70,0.25,0.5,13,0.8021022367537431,0.11239444999988521,,Function_log2FC=0.256394181680737; abs=0.256394181680737
70-d KO-level provider replacement,Tomato-planted,K19668,70,0.25,0.5,13,0.8322349717726528,0.11990850601462048,,Function_log2FC=0.238263991635154; abs=0.238263991635154
70-d KO-level provider replacement,Unplanted,K10253,70,0.25,0.5,2,0.07603654808748721,0.016150715742070026,,Function_log2FC=0.31469685082286; abs=0.31469685082286
70-d KO-level provider replacement,Tomato-planted,K10253,70,0.25,0.5,2,0.10205487100524008,0.02365063144611912,,Function_log2FC=0.891580626702777; abs=0.891580626702777
70-d KO-level provider replacement,Unplanted,K01457,70,0.25,0.5,6,0.24845437420643302,0.2891725048317617,,Function_log2FC=0.190381223218267; abs=0.190381223218267
70-d KO-level provider replacement,Tomato-planted,K01457,70,0.25,0.5,6,0.26823389968883266,0.2790012237601942,,Function_log2FC=-0.622319809048277; abs=0.622319809048277
70-d KO-level provider replacement,Unplanted,K00226,70,0.25,0.5,6,0.18955290424745674,0.10484220508155646,,Function_log2FC=-0.221596578468577; abs=0.221596578468577
70-d KO-level provider replacement,Tomato-planted,K00226,70,0.25,0.5,6,0.15052743848865813,0.09757277344221212,,Function_log2FC=-0.389894034551635; abs=0.389894034551635
70-d KO-level provider replacement,Unplanted,K07002,70,0.25,0.5,6,0.9002900532321619,0.0915892608905595,,Function_log2FC=0.960055306948391; abs=0.960055306948391
70-d KO-level provider replacement,Tomato-planted,K07002,70,0.25,0.5,6,0.93415274927133,0.1145289241181726,,Function_log2FC=0.83786236966653; abs=0.83786236966653
70-d KO-level provider replacement,Unplanted,K02529,70,0.25,0.5,32,0.6391074998715893,0.20605576507221177,,Function_log2FC=0.379557843569057; abs=0.379557843569057
70-d KO-level provider replacement,Tomato-planted,K02529,70,0.25,0.5,32,0.7333124612073726,0.1852505248478968,,Function_log2FC=0.749797368182939; abs=0.749797368182939
70-d KO-level provider replacement,Unplanted,K20500,70,0.25,0.5,3,0.16833802612429735,0.18052602525396025,,Function_log2FC=2.34973660249732; abs=2.34973660249732
70-d KO-level provider replacement,Tomato-planted,K20500,70,0.25,0.5,3,0.08152859145574055,0.10589420521103711,,Function_log2FC=4.63833010162718; abs=4.63833010162718
70-d KO-level provider replacement,Unplanted,K05337,70,0.25,0.5,20,0.6390051707319047,0.12498923947161468,,Function_log2FC=0.330935040262989; abs=0.330935040262989
70-d KO-level provider replacement,Tomato-planted,K05337,70,0.25,0.5,20,0.7208670414588685,0.10334213636528258,,Function_log2FC=0.679430880983236; abs=0.679430880983236
70-d KO-level provider replacement,Unplanted,K01846,70,0.25,0.5,2,0.1659573890280419,0.03664834383399812,,Function_log2FC=-1.28659971260842; abs=1.28659971260842
70-d KO-level provider replacement,Tomato-planted,K01846,70,0.25,0.5,2,0.5038294358596387,0.00014695258263031086,,Function_log2FC=-0.585744821750248; abs=0.585744821750248
70-d KO-level provider replacement,Unplanted,K10117,70,0.25,0.5,13,0.8727018424744363,0.13566176064755492,,Function_log2FC=0.52186541863849; abs=0.52186541863849
70-d KO-level provider replacement,Tomato-planted,K10117,70,0.25,0.5,13,0.9030679939987235,0.13150411713649895,,Function_log2FC=0.98818396704739; abs=0.98818396704739
70-d KO-level provider replacement,Unplanted,K16694,70,0.25,0.5,6,0.14677622567535684,0.30880092337902704,,Function_log2FC=-0.0183580376748935; abs=0.0183580376748935
70-d KO-level provider replacement,Tomato-planted,K16694,70,0.25,0.5,6,0.2637702693584874,0.31051419968731875,,Function_log2FC=0.455909352840293; abs=0.455909352840293
70-d KO-level provider replacement,Unplanted,K22902,70,0.25,0.5,2,0.03605369005009618,0.04499994385642028,,Function_log2FC=-1.2046111252737; abs=1.2046111252737
70-d KO-level provider replacement,Tomato-planted,K22902,70,0.25,0.5,2,0.5248375911291543,0.0003240616377717942,,Function_log2FC=-1.51798250020614; abs=1.51798250020614
70-d KO-level provider replacement,Unplanted,K07455,70,0.25,0.5,16,0.7647582117885545,0.1070842323411069,,Function_log2FC=3.39299113670605; abs=3.39299113670605
70-d KO-level provider replacement,Tomato-planted,K07455,70,0.25,0.5,16,0.7672421470453328,0.07061343874385631,,Function_log2FC=2.34900824553241; abs=2.34900824553241
70-d KO-level provider replacement,Unplanted,K19794,70,0.25,0.5,3,0.8433475893170664,0.014907508886222878,,Function_log2FC=-1.32556315036074; abs=1.32556315036074
70-d KO-level provider replacement,Tomato-planted,K19794,70,0.25,0.5,3,0.787799637713436,0.016479928359273508,,Function_log2FC=-1.067521983014; abs=1.067521983014
70-d KO-level provider replacement,Unplanted,K09786,70,0.25,0.5,8,0.2711725784838231,0.3146825615562859,,Function_log2FC=-0.101123175452669; abs=0.101123175452669
70-d KO-level provider replacement,Tomato-planted,K09786,70,0.25,0.5,8,0.20159031063523708,0.2998592553728975,,Function_log2FC=-0.736077444596969; abs=0.736077444596969
70-d KO-level provider replacement,Unplanted,K01194,70,0.25,0.5,17,0.4784857954292281,0.11535728084040535,,Function_log2FC=0.238205143091459; abs=0.238205143091459
70-d KO-level provider replacement,Tomato-planted,K01194,70,0.25,0.5,17,0.5745911372342714,0.1320529010016606,,Function_log2FC=-0.0836728272721822; abs=0.0836728272721822
70-d KO-level provider replacement,Unplanted,K00301,70,0.25,0.5,16,0.6569769010408141,0.14993605018423842,,Function_log2FC=-0.00828964490223318; abs=0.00828964490223318
70-d KO-level provider replacement,Tomato-planted,K00301,70,0.25,0.5,16,0.7033670727538238,0.10697906093861181,,Function_log2FC=-0.0379559243920763; abs=0.0379559243920763
70-d KO-level provider replacement,Unplanted,K20265,70,0.25,0.5,2,0.020177891795901126,0.024698882539841094,,Function_log2FC=0.00210535710476109; abs=0.00210535710476109
70-d KO-level provider replacement,Tomato-planted,K20265,70,0.25,0.5,2,0.06576780061176032,0.023566065587909163,,Function_log2FC=-0.0882260444052672; abs=0.0882260444052672
70-d KO-level provider replacement,Unplanted,K21885,70,0.25,0.5,10,0.8566858433016846,0.042940691026347254,,Function_log2FC=-0.215092943196319; abs=0.215092943196319
70-d KO-level provider replacement,Tomato-planted,K21885,70,0.25,0.5,10,0.8509185833941887,0.0415469549321498,,Function_log2FC=0.176550337158537; abs=0.176550337158537
70-d KO-level provider replacement,Unplanted,K01302,70,0.25,0.5,22,0.4041448460427247,0.19168538022758286,,Function_log2FC=-0.857870623312453; abs=0.857870623312453
70-d KO-level provider replacement,Tomato-planted,K01302,70,0.25,0.5,22,0.5012321804110391,0.18603780830453334,,Function_log2FC=-0.478322282369097; abs=0.478322282369097
70-d KO-level provider replacement,Unplanted,K19267,70,0.25,0.5,27,0.7014584903201501,0.1188869165272603,,Function_log2FC=0.330280749625843; abs=0.330280749625843
70-d KO-level provider replacement,Tomato-planted,K19267,70,0.25,0.5,27,0.7244746212547515,0.09288201463155062,,Function_log2FC=0.576656130234039; abs=0.576656130234039
70-d KO-level provider replacement,Unplanted,K17108,70,0.25,0.5,6,0.8630441376662137,0.05494153958913683,,Function_log2FC=-0.777678616949453; abs=0.777678616949453
70-d KO-level provider replacement,Tomato-planted,K17108,70,0.25,0.5,6,0.934214196488526,0.05723099903532422,,Function_log2FC=0.121421935937438; abs=0.121421935937438
70-d KO-level provider replacement,Unplanted,K07506,70,0.25,0.5,25,0.3791213182892777,0.17205254423345034,,Function_log2FC=0.287557420241108; abs=0.287557420241108
70-d KO-level provider replacement,Tomato-planted,K07506,70,0.25,0.5,25,0.42314768531601527,0.1507659242014395,,Function_log2FC=-0.113934654617083; abs=0.113934654617083
70-d KO-level provider replacement,Unplanted,K09922,70,0.25,0.5,8,0.24459318519270962,0.16090523209727964,,Function_log2FC=0.151558471310742; abs=0.151558471310742
70-d KO-level provider replacement,Tomato-planted,K09922,70,0.25,0.5,8,0.2784122241616119,0.16522467184912779,,Function_log2FC=-0.108110388479475; abs=0.108110388479475
70-d KO-level provider replacement,Unplanted,K21993,70,0.25,0.5,3,0.355408073834129,0.27506736374229135,,Function_log2FC=0.492833030208313; abs=0.492833030208313
70-d KO-level provider replacement,Tomato-planted,K21993,70,0.25,0.5,3,0.38412476046910193,0.29743724889690937,,Function_log2FC=3.2410217197304; abs=3.2410217197304
70-d KO-level provider replacement,Unplanted,K01312,70,0.25,0.5,14,0.5934479938006759,0.17929943019734126,,Function_log2FC=-0.488967615035512; abs=0.488967615035512
70-d KO-level provider replacement,Tomato-planted,K01312,70,0.25,0.5,14,0.6350372939838677,0.19676261673891465,,Function_log2FC=0.893156149974122; abs=0.893156149974122
70-d KO-level provider replacement,Unplanted,K03599,70,0.25,0.5,9,0.2640349640002146,0.14233282721924242,,Function_log2FC=-0.0997832611614912; abs=0.0997832611614912
70-d KO-level provider replacement,Tomato-planted,K03599,70,0.25,0.5,9,0.3009218615377318,0.18608438333737556,,Function_log2FC=-0.69414790288517; abs=0.69414790288517
70-d KO-level provider replacement,Unplanted,K21394,70,0.25,0.5,2,0.22756993684889354,0.08806032718323814,,Function_log2FC=-0.0403224311510436; abs=0.0403224311510436
70-d KO-level provider replacement,Tomato-planted,K21394,70,0.25,0.5,2,0.1950536587268503,0.060717446567136624,,Function_log2FC=-0.286930552563078; abs=0.286930552563078
70-d KO-level provider replacement,Unplanted,K03897,70,0.25,0.5,10,0.6221156889733833,0.1974835335661955,,Function_log2FC=1.19046896658315; abs=1.19046896658315
70-d KO-level provider replacement,Tomato-planted,K03897,70,0.25,0.5,10,0.6242146032758161,0.19181168849766364,,Function_log2FC=1.74232351489475; abs=1.74232351489475
70-d KO-level provider replacement,Unplanted,K23262,70,0.25,0.5,12,0.6537484553708834,0.10060135242362672,,Function_log2FC=-0.252240527546425; abs=0.252240527546425
70-d KO-level provider replacement,Tomato-planted,K23262,70,0.25,0.5,12,0.7331695170241989,0.06145730442488133,,Function_log2FC=0.389659343278825; abs=0.389659343278825
70-d KO-level provider replacement,Tomato-planted,K00468,70,0.25,0.5,4,0.8154128350628579,0.7263052806992607,,Function_log2FC=2.63077827270152; abs=2.63077827270152
70-d KO-level provider replacement,Unplanted,K10800,70,0.25,0.5,6,0.1637050912475296,0.34892510986446656,,Function_log2FC=0.499246990306139; abs=0.499246990306139
70-d KO-level provider replacement,Tomato-planted,K10800,70,0.25,0.5,6,0.20491195520871036,0.3788415067833249,,Function_log2FC=-0.258062937221766; abs=0.258062937221766
70-d KO-level provider replacement,Unplanted,K07034,70,0.25,0.5,2,0.19630151365558846,0.1986012993477485,,Function_log2FC=0.26593634357027; abs=0.26593634357027
70-d KO-level provider replacement,Tomato-planted,K07034,70,0.25,0.5,2,0.4597125264932954,0.22300303725912368,,Function_log2FC=0.451912372302725; abs=0.451912372302725
70-d KO-level provider replacement,Unplanted,K01497,70,0.25,0.5,25,0.40611458705310205,0.28178157214413396,,Function_log2FC=0.286869197728897; abs=0.286869197728897
70-d KO-level provider replacement,Tomato-planted,K01497,70,0.25,0.5,25,0.457370950319924,0.2591278225427372,,Function_log2FC=0.672158557364638; abs=0.672158557364638
70-d KO-level provider replacement,Unplanted,K02405,70,0.25,0.5,20,0.56246082856652,0.16609017566924278,,Function_log2FC=-0.00992974420711753; abs=0.00992974420711753
70-d KO-level provider replacement,Tomato-planted,K02405,70,0.25,0.5,20,0.5829026696144435,0.18191372880427167,,Function_log2FC=0.115728887978986; abs=0.115728887978986
70-d KO-level provider replacement,Unplanted,K10006,70,0.25,0.5,13,0.8680189925803452,0.0834173628374778,,Function_log2FC=-0.0851605375176582; abs=0.0851605375176582
70-d KO-level provider replacement,Tomato-planted,K10006,70,0.25,0.5,13,0.8686324846210042,0.06090800264822218,,Function_log2FC=0.50907214613451; abs=0.50907214613451
70-d KO-level provider replacement,Unplanted,K17994,70,0.25,0.5,3,0.03269995613463309,0.05098732327901002,,Function_log2FC=-0.0288833369154557; abs=0.0288833369154557
70-d KO-level provider replacement,Tomato-planted,K17994,70,0.25,0.5,3,0.016069842505521403,0.014882683980796257,,Function_log2FC=-0.935969863313482; abs=0.935969863313482
70-d KO-level provider replacement,Unplanted,K21703,70,0.25,0.5,14,0.6469040508486512,0.14707445431777852,,Function_log2FC=-0.909075748488118; abs=0.909075748488118
70-d KO-level provider replacement,Tomato-planted,K21703,70,0.25,0.5,14,0.639608129019083,0.10779516735123547,,Function_log2FC=-0.830752170854018; abs=0.830752170854018
70-d KO-level provider replacement,Unplanted,K18844,70,0.25,0.5,5,0.6134623320730945,0.11760070391810949,,Function_log2FC=1.13237132071644; abs=1.13237132071644
70-d KO-level provider replacement,Tomato-planted,K18844,70,0.25,0.5,5,0.6437000130639638,0.13651075054362743,,Function_log2FC=1.53022274029425; abs=1.53022274029425
70-d KO-level provider replacement,Unplanted,K03824,70,0.25,0.5,11,0.5959793777255655,0.19003750445854456,,Function_log2FC=0.062897798079305; abs=0.062897798079305
70-d KO-level provider replacement,Tomato-planted,K03824,70,0.25,0.5,11,0.65530528097772,0.14595276433605667,,Function_log2FC=0.139653868654376; abs=0.139653868654376
70-d KO-level provider replacement,Unplanted,K12542,70,0.25,0.5,4,0.21570505693501454,0.0647080047611116,,Function_log2FC=0.123679421827107; abs=0.123679421827107
70-d KO-level provider replacement,Tomato-planted,K12542,70,0.25,0.5,4,0.22683977487433435,0.028535468396318323,,Function_log2FC=0.649164438984145; abs=0.649164438984145
70-d KO-level provider replacement,Unplanted,K04091,70,0.25,0.5,4,0.2930115829091581,0.0670016775882755,,Function_log2FC=-0.347336430870721; abs=0.347336430870721
70-d KO-level provider replacement,Tomato-planted,K04091,70,0.25,0.5,4,0.4751261893495978,0.030075791272386403,,Function_log2FC=-0.790555138924468; abs=0.790555138924468
70-d KO-level provider replacement,Unplanted,K15733,70,0.25,0.5,3,0.3630404196034903,0.34154712396699466,,Function_log2FC=0.568936527774369; abs=0.568936527774369
70-d KO-level provider replacement,Tomato-planted,K15733,70,0.25,0.5,3,0.357062239464071,0.3406894147173952,,Function_log2FC=1.8580157774389; abs=1.8580157774389
70-d KO-level provider replacement,Unplanted,K07150,70,0.25,0.5,3,0.7386073437556785,0.02117936701058957,,Function_log2FC=-0.425192982113673; abs=0.425192982113673
70-d KO-level provider replacement,Tomato-planted,K07150,70,0.25,0.5,3,0.2865571728860886,0.019768614557977373,,Function_log2FC=-0.564769835208736; abs=0.564769835208736
70-d KO-level provider replacement,Unplanted,K13584,70,0.25,0.5,4,0.20585737530422504,0.04022111086839101,,Function_log2FC=0.155992129428364; abs=0.155992129428364
70-d KO-level provider replacement,Tomato-planted,K13584,70,0.25,0.5,4,0.2611997582950393,0.030427851226824232,,Function_log2FC=0.583000494300084; abs=0.583000494300084
70-d KO-level provider replacement,Unplanted,K04044,70,0.25,0.5,16,0.27302713862679423,0.3021583409154378,,Function_log2FC=-0.193299018568968; abs=0.193299018568968
70-d KO-level provider replacement,Tomato-planted,K04044,70,0.25,0.5,16,0.2875501326885655,0.30428695682196244,,Function_log2FC=-0.81784650582595; abs=0.81784650582595
70-d KO-level provider replacement,Unplanted,K17993,70,0.25,0.5,4,0.6453877989004337,0.04017054626477042,,Function_log2FC=-0.822700669214857; abs=0.822700669214857
70-d KO-level provider replacement,Tomato-planted,K17993,70,0.25,0.5,4,0.4096273558649535,0.04342308814164504,,Function_log2FC=-0.689453942102041; abs=0.689453942102041
70-d KO-level provider replacement,Unplanted,K02015,70,0.25,0.5,9,0.28242904208732506,0.24598656049204232,,Function_log2FC=0.379269735304811; abs=0.379269735304811
70-d KO-level provider replacement,Tomato-planted,K02015,70,0.25,0.5,9,0.4189956827619798,0.14612862680822644,,Function_log2FC=0.670334287665899; abs=0.670334287665899
70-d KO-level provider replacement,Unplanted,K06720,70,0.25,0.5,11,0.7940114364412907,0.10759843756825928,,Function_log2FC=0.0905971120116757; abs=0.0905971120116757
70-d KO-level provider replacement,Tomato-planted,K06720,70,0.25,0.5,11,0.8496994269743223,0.07874304466982533,,Function_log2FC=0.26623833395089; abs=0.26623833395089
70-d KO-level provider replacement,Unplanted,K01630,70,0.25,0.5,2,0.09458704264133244,0.050629171930973965,,Function_log2FC=-0.598225583523464; abs=0.598225583523464
70-d KO-level provider replacement,Tomato-planted,K01630,70,0.25,0.5,2,0.09192104920578929,0.03858602160810769,,Function_log2FC=-0.881465585754746; abs=0.881465585754746
70-d KO-level provider replacement,Unplanted,K13634,70,0.25,0.5,2,0.03415861607183402,0.0017205537227819037,,Function_log2FC=0.0120900954167836; abs=0.0120900954167836
70-d KO-level provider replacement,Tomato-planted,K13634,70,0.25,0.5,2,0.07383661045390821,0.0012597729120910897,,Function_log2FC=-0.956208930288362; abs=0.956208930288362
70-d KO-level provider replacement,Unplanted,K21744,70,0.25,0.5,17,0.721345385214355,0.15843072819364332,,Function_log2FC=0.82056951496918; abs=0.82056951496918
70-d KO-level provider replacement,Tomato-planted,K21744,70,0.25,0.5,17,0.7415786393727302,0.1617407752390811,,Function_log2FC=1.08615503408021; abs=1.08615503408021
70-d KO-level provider replacement,Unplanted,K08168,70,0.25,0.5,2,0.8268287219211765,0.1062279576077301,,Function_log2FC=1.65971180634516; abs=1.65971180634516
70-d KO-level provider replacement,Tomato-planted,K08168,70,0.25,0.5,2,0.8836013836701231,0.12942280179176002,,Function_log2FC=1.89944145390848; abs=1.89944145390848
70-d KO-level provider replacement,Unplanted,K10561,70,0.25,0.5,8,0.8674075873024274,0.2509341715732202,,Function_log2FC=0.787266447591113; abs=0.787266447591113
70-d KO-level provider replacement,Tomato-planted,K10561,70,0.25,0.5,8,0.8354564941841695,0.24154206587082197,,Function_log2FC=0.686244096348908; abs=0.686244096348908
70-d KO-level provider replacement,Unplanted,K03336,70,0.25,0.5,9,0.6639967415683468,0.09706048123480362,,Function_log2FC=-0.20063204874786; abs=0.20063204874786
70-d KO-level provider replacement,Tomato-planted,K03336,70,0.25,0.5,9,0.8032275023789279,0.043225827756843714,,Function_log2FC=0.244648390370134; abs=0.244648390370134
70-d KO-level provider replacement,Unplanted,K13875,70,0.25,0.5,11,0.7636280595209423,0.16456827952130984,,Function_log2FC=-0.357645155394224; abs=0.357645155394224
70-d KO-level provider replacement,Tomato-planted,K13875,70,0.25,0.5,11,0.8002696349178436,0.1591516128375247,,Function_log2FC=-0.946674148908494; abs=0.946674148908494
70-d KO-level provider replacement,Unplanted,K21255,70,0.25,0.5,4,0.7248620551617466,0.0395554756369188,,Function_log2FC=-2.32285623818071; abs=2.32285623818071
70-d KO-level provider replacement,Tomato-planted,K21255,70,0.25,0.5,4,0.8207125781649287,0.022484940896691348,,Function_log2FC=-2.98950617877984; abs=2.98950617877984
70-d KO-level provider replacement,Unplanted,K01489,70,0.25,0.5,21,0.6573946306621264,0.16951798850446034,,Function_log2FC=0.328483960009555; abs=0.328483960009555
70-d KO-level provider replacement,Tomato-planted,K01489,70,0.25,0.5,21,0.7271242409092709,0.13218227646358216,,Function_log2FC=0.669106346667; abs=0.669106346667
70-d KO-level provider replacement,Unplanted,K05889,70,0.25,0.5,3,0.7037808122425673,0.043047196618686466,,Function_log2FC=-0.605378270216097; abs=0.605378270216097
70-d KO-level provider replacement,Tomato-planted,K05889,70,0.25,0.5,3,0.7193002765391311,0.08052412895103615,,Function_log2FC=-1.57526283348548; abs=1.57526283348548
70-d KO-level provider replacement,Unplanted,K04116,70,0.25,0.5,3,0.03192714624941949,0.04203135998053972,,Function_log2FC=-1.21904794828856; abs=1.21904794828856
70-d KO-level provider replacement,Tomato-planted,K04116,70,0.25,0.5,3,0.033359325691278086,0.013585111013584771,,Function_log2FC=-1.29480804574968; abs=1.29480804574968
70-d KO-level provider replacement,Unplanted,K11617,70,0.25,0.5,10,0.8334729393888067,0.09804907055329107,,Function_log2FC=0.731558194615448; abs=0.731558194615448
70-d KO-level provider replacement,Tomato-planted,K11617,70,0.25,0.5,10,0.8715724280134272,0.07311407734624836,,Function_log2FC=0.56039314657933; abs=0.56039314657933
70-d KO-level provider replacement,Unplanted,K08352,70,0.25,0.5,12,0.7134806261836459,0.1106442579619838,,Function_log2FC=-0.906974623612811; abs=0.906974623612811
70-d KO-level provider replacement,Tomato-planted,K08352,70,0.25,0.5,12,0.7199700974090318,0.08607905452424365,,Function_log2FC=-0.802138205742586; abs=0.802138205742586
70-d KO-level provider replacement,Unplanted,K01200,70,0.25,0.5,18,0.681017656511683,0.13003679129202714,,Function_log2FC=-0.701037660961364; abs=0.701037660961364
70-d KO-level provider replacement,Tomato-planted,K01200,70,0.25,0.5,18,0.7105062182671948,0.09328739434896603,,Function_log2FC=-0.802223609415202; abs=0.802223609415202
70-d KO-level provider replacement,Unplanted,K10003,70,0.25,0.5,2,0.33644914942469717,0.18761065979264746,,Function_log2FC=-0.31095043563891; abs=0.31095043563891
70-d KO-level provider replacement,Tomato-planted,K10003,70,0.25,0.5,2,0.23441133105580048,0.11745251219675734,,Function_log2FC=-0.673930011133904; abs=0.673930011133904
70-d KO-level provider replacement,Unplanted,K06169,70,0.25,0.5,8,0.3650827646696073,0.374948761284118,,Function_log2FC=0.560614454553936; abs=0.560614454553936
70-d KO-level provider replacement,Tomato-planted,K06169,70,0.25,0.5,8,0.2256257923590944,0.3655749800476611,,Function_log2FC=-0.403768885888421; abs=0.403768885888421
70-d KO-level provider replacement,Unplanted,K07116,70,0.25,0.5,9,0.5616119384705162,0.22600946503140656,,Function_log2FC=0.103767093114182; abs=0.103767093114182
70-d KO-level provider replacement,Tomato-planted,K07116,70,0.25,0.5,9,0.6344177569453232,0.2382796819792973,,Function_log2FC=0.49807523692399; abs=0.49807523692399
70-d KO-level provider replacement,Unplanted,K07816,70,0.25,0.5,6,0.8131494519834949,0.09107887768886896,,Function_log2FC=-0.984237201252055; abs=0.984237201252055
70-d KO-level provider replacement,Tomato-planted,K07816,70,0.25,0.5,6,0.8493090253484804,0.10706420949860915,,Function_log2FC=-0.307876802971012; abs=0.307876802971012
70-d KO-level provider replacement,Unplanted,K11250,70,0.25,0.5,6,0.6695765600772111,0.1980422697542063,,Function_log2FC=2.39189924501642; abs=2.39189924501642
70-d KO-level provider replacement,Tomato-planted,K11250,70,0.25,0.5,6,0.6608652329943041,0.21323527806455128,,Function_log2FC=2.65048244988272; abs=2.65048244988272
70-d KO-level provider replacement,Unplanted,K06306,70,0.25,0.5,4,0.10975534877012112,0.04131532519071912,,Function_log2FC=0.99396920277201; abs=0.99396920277201
70-d KO-level provider replacement,Tomato-planted,K06306,70,0.25,0.5,4,0.15219073966209612,0.04227140629167355,,Function_log2FC=0.871466443941835; abs=0.871466443941835
70-d KO-level provider replacement,Unplanted,K06937,70,0.25,0.5,9,0.13557818091293863,0.2525809939199282,,Function_log2FC=0.135436268528315; abs=0.135436268528315
70-d KO-level provider replacement,Tomato-planted,K06937,70,0.25,0.5,9,0.24631704628673742,0.2540037329585609,,Function_log2FC=-0.130877894154268; abs=0.130877894154268
70-d KO-level provider replacement,Unplanted,K08260,70,0.25,0.5,11,0.7899948508279592,0.09571641603874796,,Function_log2FC=2.48310084549156; abs=2.48310084549156
70-d KO-level provider replacement,Tomato-planted,K08260,70,0.25,0.5,11,0.8098303553126974,0.04825667490381455,,Function_log2FC=2.89348704694169; abs=2.89348704694169
70-d KO-level provider replacement,Unplanted,K03760,70,0.25,0.5,2,0.11250024655339252,0.05458291787513305,,Function_log2FC=0.539008864567971; abs=0.539008864567971
70-d KO-level provider replacement,Tomato-planted,K03760,70,0.25,0.5,2,0.1269036468927405,0.04410109465668807,,Function_log2FC=-0.305704730464929; abs=0.305704730464929
70-d KO-level provider replacement,Unplanted,K21832,70,0.25,0.5,5,0.9232525845576243,0.019023958009574016,,Function_log2FC=-0.535925542892835; abs=0.535925542892835
70-d KO-level provider replacement,Tomato-planted,K21832,70,0.25,0.5,5,0.8790643844782324,0.016132762424235655,,Function_log2FC=-0.852019323182524; abs=0.852019323182524
70-d KO-level provider replacement,Unplanted,K18382,70,0.25,0.5,7,0.7396136800992983,0.03314231107097574,,Function_log2FC=-0.878860126995914; abs=0.878860126995914
70-d KO-level provider replacement,Tomato-planted,K18382,70,0.25,0.5,7,0.7229951259022397,0.04979201253640063,,Function_log2FC=-1.06346634592714; abs=1.06346634592714
70-d KO-level provider replacement,Unplanted,K07695,70,0.25,0.5,19,0.8982663753642114,0.07146691137190028,,Function_log2FC=0.248348261159677; abs=0.248348261159677
70-d KO-level provider replacement,Tomato-planted,K07695,70,0.25,0.5,19,0.8969250696876409,0.07249031168651301,,Function_log2FC=0.631112864994952; abs=0.631112864994952
70-d KO-level provider replacement,Unplanted,K01414,70,0.25,0.5,6,0.09754777721464634,0.10553609483472493,,Function_log2FC=-0.150908846098844; abs=0.150908846098844
70-d KO-level provider replacement,Tomato-planted,K01414,70,0.25,0.5,6,0.1678034604236099,0.08594438596507314,,Function_log2FC=-1.01919366209286; abs=1.01919366209286
70-d KO-level provider replacement,Unplanted,K06177,70,0.25,0.5,10,0.5007894491817163,0.24694775759130466,,Function_log2FC=0.315521194441328; abs=0.315521194441328
70-d KO-level provider replacement,Tomato-planted,K06177,70,0.25,0.5,10,0.5434666776455164,0.13762106281313324,,Function_log2FC=0.546240939217741; abs=0.546240939217741
70-d KO-level provider replacement,Unplanted,K06218,70,0.25,0.5,10,0.6360262224925555,0.17635515198411655,,Function_log2FC=0.199563383639253; abs=0.199563383639253
70-d KO-level provider replacement,Tomato-planted,K06218,70,0.25,0.5,10,0.7124606347390066,0.11405085688438618,,Function_log2FC=-0.400220317489005; abs=0.400220317489005
70-d KO-level provider replacement,Unplanted,K09957,70,0.25,0.5,16,0.4264994755119076,0.19166468695289351,,Function_log2FC=0.689461433152554; abs=0.689461433152554
70-d KO-level provider replacement,Tomato-planted,K09957,70,0.25,0.5,16,0.4925027164080831,0.11127885195660078,,Function_log2FC=0.783005551580012; abs=0.783005551580012
70-d KO-level provider replacement,Unplanted,K14667,70,0.25,0.5,7,0.762114906179398,0.07350612099627267,,Function_log2FC=1.23701717895341; abs=1.23701717895341
70-d KO-level provider replacement,Tomato-planted,K14667,70,0.25,0.5,7,0.88463639424258,0.05648537479101494,,Function_log2FC=2.17831997350324; abs=2.17831997350324
70-d KO-level provider replacement,Unplanted,K17883,70,0.25,0.5,9,0.6521903256110135,0.09251422858293948,,Function_log2FC=-1.18622386158444; abs=1.18622386158444
70-d KO-level provider replacement,Tomato-planted,K17883,70,0.25,0.5,9,0.6775155598213318,0.04204456954524531,,Function_log2FC=-0.827344900461961; abs=0.827344900461961
70-d KO-level provider replacement,Unplanted,K17319,70,0.25,0.5,6,0.9218140371961228,0.8987028455879988,,Function_log2FC=1.00102513764225; abs=1.00102513764225
70-d KO-level provider replacement,Tomato-planted,K17319,70,0.25,0.5,6,0.7125930937374405,0.6128854890744262,,Function_log2FC=1.72036073972492; abs=1.72036073972492
70-d KO-level provider replacement,Unplanted,K04767,70,0.25,0.5,15,0.32083376507291445,0.14937523580159537,,Function_log2FC=0.219305925157389; abs=0.219305925157389
70-d KO-level provider replacement,Tomato-planted,K04767,70,0.25,0.5,15,0.3080832439466086,0.11215450209549584,,Function_log2FC=-0.439109370269813; abs=0.439109370269813
70-d KO-level provider replacement,Unplanted,K18545,70,0.25,0.5,5,0.4744275445330301,0.4324176612232635,,Function_log2FC=1.59010467891498; abs=1.59010467891498
70-d KO-level provider replacement,Tomato-planted,K18545,70,0.25,0.5,5,0.40503895525278544,0.36103985845213843,,Function_log2FC=1.92354889198858; abs=1.92354889198858
70-d KO-level provider replacement,Unplanted,K07285,70,0.25,0.5,3,0.1409384944828267,0.12203599026549608,,Function_log2FC=-1.12613740017776; abs=1.12613740017776
70-d KO-level provider replacement,Tomato-planted,K07285,70,0.25,0.5,3,0.18056716241734,0.1756723015279823,,Function_log2FC=-1.01705437612302; abs=1.01705437612302
70-d KO-level provider replacement,Unplanted,K07155,70,0.25,0.5,7,0.7336584090572227,0.31787052746035865,,Function_log2FC=-1.5705300092313; abs=1.5705300092313
70-d KO-level provider replacement,Tomato-planted,K07155,70,0.25,0.5,7,0.698604175728562,0.32149669554610344,,Function_log2FC=-2.61144423137632; abs=2.61144423137632
70-d KO-level provider replacement,Unplanted,K08221,70,0.25,0.5,9,0.8220805098257664,0.06946809691092029,,Function_log2FC=0.297056023946292; abs=0.297056023946292
70-d KO-level provider replacement,Tomato-planted,K08221,70,0.25,0.5,9,0.8633502466065167,0.0903241384570128,,Function_log2FC=0.663860535273952; abs=0.663860535273952
70-d KO-level provider replacement,Unplanted,K02475,70,0.25,0.5,8,0.8270280064141765,0.12144137365771385,,Function_log2FC=3.75229452744885; abs=3.75229452744885
70-d KO-level provider replacement,Tomato-planted,K02475,70,0.25,0.5,8,0.862037293262324,0.14697233477404678,,Function_log2FC=3.3234067545932; abs=3.3234067545932
70-d KO-level provider replacement,Tomato-planted,K05346,70,0.25,0.5,5,0.8771954642212324,0.8886372804883709,,Function_log2FC=1.33597811786323; abs=1.33597811786323
70-d KO-level provider replacement,Unplanted,K23169,70,0.25,0.5,4,0.16881068359725238,0.02943133183371079,,Function_log2FC=-0.321315221200362; abs=0.321315221200362
70-d KO-level provider replacement,Tomato-planted,K23169,70,0.25,0.5,4,0.21904847754356804,0.033638741608964524,,Function_log2FC=0.348356712996299; abs=0.348356712996299
70-d KO-level provider replacement,Unplanted,K19746,70,0.25,0.5,9,0.3040296756672949,0.17421687040257108,,Function_log2FC=0.273628986975711; abs=0.273628986975711
70-d KO-level provider replacement,Tomato-planted,K19746,70,0.25,0.5,9,0.3352299285700629,0.08440917275887577,,Function_log2FC=0.878638804142231; abs=0.878638804142231
70-d KO-level provider replacement,Unplanted,K14252,70,0.25,0.5,6,0.5941851897493162,0.3073817196952357,,Function_log2FC=2.73426893988198; abs=2.73426893988198
70-d KO-level provider replacement,Tomato-planted,K14252,70,0.25,0.5,6,0.6938502903077406,0.2492595593278982,,Function_log2FC=2.85156571807785; abs=2.85156571807785
70-d KO-level provider replacement,Unplanted,K00867,70,0.25,0.5,10,0.9062865936879227,0.05886946238824562,,Function_log2FC=-0.396930139196269; abs=0.396930139196269
70-d KO-level provider replacement,Tomato-planted,K00867,70,0.25,0.5,10,0.8923370041524712,0.04532815236584218,,Function_log2FC=-0.344450523889888; abs=0.344450523889888
70-d KO-level provider replacement,Unplanted,K05589,70,0.25,0.5,12,0.4046794881752543,0.16304323227262552,,Function_log2FC=-0.290093898324523; abs=0.290093898324523
70-d KO-level provider replacement,Tomato-planted,K05589,70,0.25,0.5,12,0.42346153440184614,0.20571357867267032,,Function_log2FC=-0.590776530985888; abs=0.590776530985888
70-d KO-level provider replacement,Unplanted,K01286,70,0.25,0.5,33,0.4999171116856054,0.2321746439507016,,Function_log2FC=0.0722390366881701; abs=0.0722390366881701
70-d KO-level provider replacement,Tomato-planted,K01286,70,0.25,0.5,33,0.5990056250178253,0.18173857238416652,,Function_log2FC=0.288312111861551; abs=0.288312111861551
70-d KO-level provider replacement,Unplanted,K07228,70,0.25,0.5,12,0.7182013907315925,0.11817068088288164,,Function_log2FC=0.426908829142234; abs=0.426908829142234
70-d KO-level provider replacement,Tomato-planted,K07228,70,0.25,0.5,12,0.7402919927544911,0.13405298177699332,,Function_log2FC=1.30750469204648; abs=1.30750469204648
70-d KO-level provider replacement,Unplanted,K03222,70,0.25,0.5,5,0.19942714010212698,0.43315510353248987,,Function_log2FC=-0.617628871517097; abs=0.617628871517097
70-d KO-level provider replacement,Tomato-planted,K03222,70,0.25,0.5,5,0.18570890318446528,0.4353881492756986,,Function_log2FC=-0.256140692370558; abs=0.256140692370558
70-d KO-level provider replacement,Unplanted,K15408,70,0.25,0.5,8,0.23041697577087214,0.20043481847670624,,Function_log2FC=0.572978748139505; abs=0.572978748139505
70-d KO-level provider replacement,Tomato-planted,K15408,70,0.25,0.5,8,0.23248143474580443,0.18657913691677658,,Function_log2FC=0.654261398540933; abs=0.654261398540933
70-d KO-level provider replacement,Unplanted,K05970,70,0.25,0.5,12,0.27505690197459903,0.21241029559261407,,Function_log2FC=0.218825645363109; abs=0.218825645363109
70-d KO-level provider replacement,Tomato-planted,K05970,70,0.25,0.5,12,0.3600346101877861,0.12573135418409812,,Function_log2FC=-0.143899406786854; abs=0.143899406786854
70-d KO-level provider replacement,Unplanted,K21480,70,0.25,0.5,4,0.46809990814701874,0.4758714066057481,,Function_log2FC=0.434958666002673; abs=0.434958666002673
70-d KO-level provider replacement,Tomato-planted,K21480,70,0.25,0.5,4,0.7368486634703452,0.4930474137453016,,Function_log2FC=1.29774297314467; abs=1.29774297314467
70-d KO-level provider replacement,Unplanted,K06975,70,0.25,0.5,16,0.5289681208273801,0.2683759110608902,,Function_log2FC=0.323782350245441; abs=0.323782350245441
70-d KO-level provider replacement,Tomato-planted,K06975,70,0.25,0.5,16,0.6077231535900838,0.2676068602001984,,Function_log2FC=0.703524732364515; abs=0.703524732364515
70-d KO-level provider replacement,Unplanted,K05791,70,0.25,0.5,6,0.7059146551834503,0.6631442557507014,,Function_log2FC=1.73138373034081; abs=1.73138373034081
70-d KO-level provider replacement,Tomato-planted,K05791,70,0.25,0.5,6,0.621774190334645,0.5316327782765388,,Function_log2FC=0.526930927140455; abs=0.526930927140455
70-d KO-level provider replacement,Tomato-planted,K15311,70,0.25,0.5,2,0.3651680076584507,0.30256262499433817,,Function_log2FC=2.78775427986301; abs=2.78775427986301
70-d KO-level provider replacement,Unplanted,K03651,70,0.25,0.5,27,0.32685034212666086,0.2145315230023146,,Function_log2FC=0.0938897662172514; abs=0.0938897662172514
70-d KO-level provider replacement,Tomato-planted,K03651,70,0.25,0.5,27,0.43223479541928594,0.1914829835997194,,Function_log2FC=0.538656585413822; abs=0.538656585413822
70-d KO-level provider replacement,Unplanted,K14629,70,0.25,0.5,4,0.663146233706031,0.5568661303515279,,Function_log2FC=1.56851127046527; abs=1.56851127046527
70-d KO-level provider replacement,Tomato-planted,K14629,70,0.25,0.5,4,0.664696069561208,0.5468009580896334,,Function_log2FC=3.37997040987185; abs=3.37997040987185
70-d KO-level provider replacement,Unplanted,K01809,70,0.25,0.5,18,0.25605074796871824,0.22434171334681988,,Function_log2FC=0.258926999692544; abs=0.258926999692544
70-d KO-level provider replacement,Tomato-planted,K01809,70,0.25,0.5,18,0.3403412826162568,0.134888868975987,,Function_log2FC=0.648896401029879; abs=0.648896401029879
70-d KO-level provider replacement,Unplanted,K00354,70,0.25,0.5,6,0.7822627992408495,0.3463238628294381,,Function_log2FC=2.49944242837746; abs=2.49944242837746
70-d KO-level provider replacement,Tomato-planted,K00354,70,0.25,0.5,6,0.8529134581063053,0.33863517255438824,,Function_log2FC=1.40165219848007; abs=1.40165219848007
70-d KO-level provider replacement,Unplanted,K12420,70,0.25,0.5,3,0.3997927354947948,0.37299478226749505,,Function_log2FC=2.52497142919778; abs=2.52497142919778
70-d KO-level provider replacement,Tomato-planted,K12420,70,0.25,0.5,3,0.2621869872847393,0.26916265732495365,,Function_log2FC=1.7680686428536; abs=1.7680686428536
70-d KO-level provider replacement,Unplanted,K14155,70,0.25,0.5,9,0.7717851384932816,0.2199900972935236,,Function_log2FC=0.277050689377013; abs=0.277050689377013
70-d KO-level provider replacement,Tomato-planted,K14155,70,0.25,0.5,9,0.7786094742070093,0.24487359920485346,,Function_log2FC=0.586573874139361; abs=0.586573874139361
70-d KO-level provider replacement,Unplanted,K01337,70,0.25,0.5,2,0.009412042094440229,0.047690847835574174,,Function_log2FC=-1.10560391010768; abs=1.10560391010768
70-d KO-level provider replacement,Tomato-planted,K01337,70,0.25,0.5,2,0.06504961100600852,0.04601971208672187,,Function_log2FC=-1.32609299374502; abs=1.32609299374502
70-d KO-level provider replacement,Unplanted,K02364,70,0.25,0.5,12,0.711137566753071,0.1425549495569266,,Function_log2FC=0.437648504391613; abs=0.437648504391613
70-d KO-level provider replacement,Tomato-planted,K02364,70,0.25,0.5,12,0.7478455142182021,0.1653037743917118,,Function_log2FC=1.5980894660642; abs=1.5980894660642
70-d KO-level provider replacement,Unplanted,K07393,70,0.25,0.5,6,0.8635214997770612,0.06649195130828074,,Function_log2FC=0.229465162814788; abs=0.229465162814788
70-d KO-level provider replacement,Tomato-planted,K07393,70,0.25,0.5,6,0.8840519114068168,0.0803068039829944,,Function_log2FC=0.697137681696871; abs=0.697137681696871
70-d KO-level provider replacement,Unplanted,K01082,70,0.25,0.5,18,0.356394981957351,0.22598170912259255,,Function_log2FC=0.26019295671285; abs=0.26019295671285
70-d KO-level provider replacement,Tomato-planted,K01082,70,0.25,0.5,18,0.4369443524259965,0.22521921244929255,,Function_log2FC=0.283792796080334; abs=0.283792796080334
70-d KO-level provider replacement,Unplanted,K06443,70,0.25,0.5,15,0.2991750792119061,0.2540240762684152,,Function_log2FC=0.5043278261533; abs=0.5043278261533
70-d KO-level provider replacement,Tomato-planted,K06443,70,0.25,0.5,15,0.43205965575919664,0.18334279143151244,,Function_log2FC=0.813878575606025; abs=0.813878575606025
70-d KO-level provider replacement,Unplanted,K16427,70,0.25,0.5,3,0.28913692069117725,0.29918034099512,,Function_log2FC=0.773580602299135; abs=0.773580602299135
70-d KO-level provider replacement,Tomato-planted,K16427,70,0.25,0.5,3,0.12891319006570567,0.14522402463269843,,Function_log2FC=1.34316615140645; abs=1.34316615140645
70-d KO-level provider replacement,Unplanted,K06415,70,0.25,0.5,7,0.19111088756344086,0.315056972723143,,Function_log2FC=-0.078239200514087; abs=0.078239200514087
70-d KO-level provider replacement,Tomato-planted,K06415,70,0.25,0.5,7,0.2034681830893837,0.29022934672126766,,Function_log2FC=-0.936601470318218; abs=0.936601470318218
70-d KO-level provider replacement,Unplanted,K02298,70,0.25,0.5,3,0.2190482697482592,0.02173552878559455,,Function_log2FC=0.519187053767311; abs=0.519187053767311
70-d KO-level provider replacement,Tomato-planted,K02298,70,0.25,0.5,3,0.2692134413933574,0.019105543950122345,,Function_log2FC=1.01033633660715; abs=1.01033633660715
70-d KO-level provider replacement,Unplanted,K18244,70,0.25,0.5,24,0.8274522803576956,0.07161529742270911,,Function_log2FC=-0.731108468728989; abs=0.731108468728989
70-d KO-level provider replacement,Tomato-planted,K18244,70,0.25,0.5,24,0.8259116917541645,0.07418898147062916,,Function_log2FC=-1.03298232670118; abs=1.03298232670118
70-d KO-level provider replacement,Unplanted,K22705,70,0.25,0.5,3,0.6856849517860698,0.12458018566719305,,Function_log2FC=-1.12989087363828; abs=1.12989087363828
70-d KO-level provider replacement,Tomato-planted,K22705,70,0.25,0.5,3,0.7638438631198983,0.10095884486367368,,Function_log2FC=-0.991476127508437; abs=0.991476127508437
70-d KO-level provider replacement,Unplanted,K04756,70,0.25,0.5,10,0.3321836504698977,0.109697164108703,,Function_log2FC=0.44551537690068; abs=0.44551537690068
70-d KO-level provider replacement,Tomato-planted,K04756,70,0.25,0.5,10,0.32425542777659216,0.09525969973099423,,Function_log2FC=0.853533639502032; abs=0.853533639502032
70-d KO-level provider replacement,Unplanted,K02476,70,0.25,0.5,11,0.8325442581183508,0.21963813583137942,,Function_log2FC=1.15661576308126; abs=1.15661576308126
70-d KO-level provider replacement,Tomato-planted,K02476,70,0.25,0.5,11,0.8567185519123338,0.25074127507554145,,Function_log2FC=2.16765791492594; abs=2.16765791492594
70-d KO-level provider replacement,Unplanted,K13409,70,0.25,0.5,3,0.25052759985107065,0.47373607804426865,,Function_log2FC=-0.491467022507315; abs=0.491467022507315
70-d KO-level provider replacement,Tomato-planted,K13409,70,0.25,0.5,3,0.0524402160331502,0.12799190602146543,,Function_log2FC=-1.01908130788897; abs=1.01908130788897
70-d KO-level provider replacement,Unplanted,K09386,70,0.25,0.5,11,0.6615739072092105,0.1459957747764583,,Function_log2FC=-0.324092293552005; abs=0.324092293552005
70-d KO-level provider replacement,Tomato-planted,K09386,70,0.25,0.5,11,0.7131390550376699,0.10565957288783136,,Function_log2FC=-0.428523739526136; abs=0.428523739526136
70-d KO-level provider replacement,Unplanted,K03426,70,0.25,0.5,22,0.5794818739242794,0.13144736651981118,,Function_log2FC=-0.0184343387916626; abs=0.0184343387916626
70-d KO-level provider replacement,Tomato-planted,K03426,70,0.25,0.5,22,0.6722123839143329,0.10934410642061247,,Function_log2FC=0.50063827469233; abs=0.50063827469233
70-d KO-level provider replacement,Unplanted,K22452,70,0.25,0.5,28,0.49704924754504276,0.1874242754704775,,Function_log2FC=0.131753696999108; abs=0.131753696999108
70-d KO-level provider replacement,Tomato-planted,K22452,70,0.25,0.5,28,0.524657736710538,0.17557563975011392,,Function_log2FC=-0.8899711316412; abs=0.8899711316412
70-d KO-level provider replacement,Unplanted,K00096,70,0.25,0.5,5,0.23418764471985826,0.27737447215038774,,Function_log2FC=0.422951950254855; abs=0.422951950254855
70-d KO-level provider replacement,Tomato-planted,K00096,70,0.25,0.5,5,0.35516528671028047,0.27350219406857984,,Function_log2FC=0.918618938534024; abs=0.918618938534024
70-d KO-level provider replacement,Unplanted,K21378,70,0.25,0.5,3,0.8027695559828187,0.19842299234296729,,Function_log2FC=-1.74847702119886; abs=1.74847702119886
70-d KO-level provider replacement,Tomato-planted,K21378,70,0.25,0.5,3,0.8278690807764952,0.20143452901660197,,Function_log2FC=-0.968851664577102; abs=0.968851664577102
70-d KO-level provider replacement,Unplanted,K02069,70,0.25,0.5,5,0.559134957373736,0.049377665287831836,,Function_log2FC=0.0209056138747281; abs=0.0209056138747281
70-d KO-level provider replacement,Tomato-planted,K02069,70,0.25,0.5,5,0.7079478579247367,0.015764934116049505,,Function_log2FC=0.0699326302669921; abs=0.0699326302669921
70-d KO-level provider replacement,Unplanted,K16384,70,0.25,0.5,8,0.7566238915791135,0.06782656224747129,,Function_log2FC=-0.0389870961657696; abs=0.0389870961657696
70-d KO-level provider replacement,Tomato-planted,K16384,70,0.25,0.5,8,0.887693703914615,0.040318876965162155,,Function_log2FC=1.39937745097614; abs=1.39937745097614
70-d KO-level provider replacement,Unplanted,K16051,70,0.25,0.5,7,0.6866400154091848,0.07815097981659765,,Function_log2FC=-0.670741812469339; abs=0.670741812469339
70-d KO-level provider replacement,Tomato-planted,K16051,70,0.25,0.5,7,0.7192729081478599,0.04266577355701118,,Function_log2FC=-0.95269546069178; abs=0.95269546069178
70-d KO-level provider replacement,Tomato-planted,K07586,70,0.25,0.5,2,0.46264310458729696,0.4288510606745206,,Function_log2FC=0.665184397762878; abs=0.665184397762878
70-d KO-level provider replacement,Unplanted,K02839,70,0.25,0.5,4,0.7575082208766167,0.6641589632472047,,Function_log2FC=3.09055472898936; abs=3.09055472898936
70-d KO-level provider replacement,Tomato-planted,K02839,70,0.25,0.5,4,0.7568100693210194,0.651366708822539,,Function_log2FC=6.90995209376597; abs=6.90995209376597
70-d KO-level provider replacement,Unplanted,K07559,70,0.25,0.5,9,0.4582865347378462,0.3567611887710436,,Function_log2FC=1.21032948539194; abs=1.21032948539194
70-d KO-level provider replacement,Tomato-planted,K07559,70,0.25,0.5,9,0.5619148049868957,0.3065802896479333,,Function_log2FC=2.00911557016439; abs=2.00911557016439
70-d KO-level provider replacement,Unplanted,K07039,70,0.25,0.5,6,0.8412296965040832,0.07170807758603001,,Function_log2FC=-0.867228327216957; abs=0.867228327216957
70-d KO-level provider replacement,Tomato-planted,K07039,70,0.25,0.5,6,0.8181291022078996,0.0857491392541303,,Function_log2FC=-0.26125935964468; abs=0.26125935964468
70-d KO-level provider replacement,Unplanted,K07177,70,0.25,0.5,11,0.8217494070421811,0.07070297638518813,,Function_log2FC=-0.486383212350897; abs=0.486383212350897
70-d KO-level provider replacement,Tomato-planted,K07177,70,0.25,0.5,11,0.8533876806931439,0.06727623763763589,,Function_log2FC=0.25307136425941; abs=0.25307136425941
70-d KO-level provider replacement,Unplanted,K03802,70,0.25,0.5,15,0.5151516438858398,0.14266274035517862,,Function_log2FC=-0.064212310879427; abs=0.064212310879427
70-d KO-level provider replacement,Tomato-planted,K03802,70,0.25,0.5,15,0.5847087514522802,0.10034701950217094,,Function_log2FC=-0.103278460188278; abs=0.103278460188278
70-d KO-level provider replacement,Unplanted,K10548,70,0.25,0.5,11,0.6541796890805073,0.11416825527264528,,Function_log2FC=0.98487272075179; abs=0.98487272075179
70-d KO-level provider replacement,Tomato-planted,K10548,70,0.25,0.5,11,0.6637113987612772,0.11429265352133053,,Function_log2FC=1.31056221639443; abs=1.31056221639443
70-d KO-level provider replacement,Unplanted,K11159,70,0.25,0.5,2,0.005520991232605105,0.0072185384837548106,,Function_log2FC=-1.31312157672039; abs=1.31312157672039
70-d KO-level provider replacement,Tomato-planted,K11159,70,0.25,0.5,2,0.0023316791130717496,0.004929575051741963,,Function_log2FC=-1.63981573848507; abs=1.63981573848507
70-d KO-level provider replacement,Unplanted,K20628,70,0.25,0.5,7,0.2109548898082153,0.1686090944431721,,Function_log2FC=0.931458930482645; abs=0.931458930482645
70-d KO-level provider replacement,Tomato-planted,K20628,70,0.25,0.5,7,0.3596556863656771,0.15386221437500114,,Function_log2FC=1.35925958170869; abs=1.35925958170869
70-d KO-level provider replacement,Unplanted,K05888,70,0.25,0.5,17,0.5497667143002151,0.21532311603193666,,Function_log2FC=0.439863715577822; abs=0.439863715577822
70-d KO-level provider replacement,Tomato-planted,K05888,70,0.25,0.5,17,0.6190082188113841,0.15197798497040454,,Function_log2FC=0.70352930030422; abs=0.70352930030422
70-d KO-level provider replacement,Unplanted,K15314,70,0.25,0.5,15,0.5132206409776772,0.12041011477244552,,Function_log2FC=0.0076570063565023; abs=0.0076570063565023
70-d KO-level provider replacement,Tomato-planted,K15314,70,0.25,0.5,15,0.5787740723814525,0.14306833746549988,,Function_log2FC=0.655646747741005; abs=0.655646747741005
70-d KO-level provider replacement,Unplanted,K19221,70,0.25,0.5,8,0.46297433942782185,0.3365760685883697,,Function_log2FC=0.405724009821382; abs=0.405724009821382
70-d KO-level provider replacement,Tomato-planted,K19221,70,0.25,0.5,8,0.48372710836808486,0.32044360614152434,,Function_log2FC=0.469938819190346; abs=0.469938819190346
70-d KO-level provider replacement,Unplanted,K05898,70,0.25,0.5,13,0.840252305572019,0.200905203306997,,Function_log2FC=-0.162610781989241; abs=0.162610781989241
70-d KO-level provider replacement,Tomato-planted,K05898,70,0.25,0.5,13,0.8680315667184125,0.20536780875189528,,Function_log2FC=-0.275587973010417; abs=0.275587973010417
70-d KO-level provider replacement,Unplanted,K11031,70,0.25,0.5,5,0.11425204302311413,0.28919154199709335,,Function_log2FC=1.38474706095278; abs=1.38474706095278
70-d KO-level provider replacement,Tomato-planted,K11031,70,0.25,0.5,5,0.17817484476902912,0.2683103697387117,,Function_log2FC=0.449557279718815; abs=0.449557279718815
70-d KO-level provider replacement,Unplanted,K22297,70,0.25,0.5,12,0.8316366505476563,0.16109697678454715,,Function_log2FC=-0.172484899735062; abs=0.172484899735062
70-d KO-level provider replacement,Tomato-planted,K22297,70,0.25,0.5,12,0.8661657715442601,0.16395656253080113,,Function_log2FC=0.305433313084368; abs=0.305433313084368
70-d KO-level provider replacement,Unplanted,K00635,70,0.25,0.5,20,0.7409343500045582,0.08009720059194408,,Function_log2FC=-0.49824167008459; abs=0.49824167008459
70-d KO-level provider replacement,Tomato-planted,K00635,70,0.25,0.5,20,0.7342772528493647,0.0650817782840674,,Function_log2FC=-0.320490734802148; abs=0.320490734802148
70-d KO-level provider replacement,Unplanted,K14520,70,0.25,0.5,2,0.8105513813161083,0.07857129416918784,,Function_log2FC=0.106961578979965; abs=0.106961578979965
70-d KO-level provider replacement,Tomato-planted,K14520,70,0.25,0.5,2,0.8319503182121073,0.13057915330833347,,Function_log2FC=-0.489861179506223; abs=0.489861179506223
70-d KO-level provider replacement,Unplanted,K03790,70,0.25,0.5,26,0.7973188287595538,0.07447131450276213,,Function_log2FC=0.176169278257932; abs=0.176169278257932
70-d KO-level provider replacement,Tomato-planted,K03790,70,0.25,0.5,26,0.8141199022717857,0.07046937247106005,,Function_log2FC=0.549360115400071; abs=0.549360115400071
70-d KO-level provider replacement,Unplanted,K16421,70,0.25,0.5,10,0.7829256463388139,0.1019440090241803,,Function_log2FC=0.774094042191363; abs=0.774094042191363
70-d KO-level provider replacement,Tomato-planted,K16421,70,0.25,0.5,10,0.8225451200692331,0.1231258451697629,,Function_log2FC=1.51355328340147; abs=1.51355328340147
70-d KO-level provider replacement,Unplanted,K03762,70,0.25,0.5,21,0.3636753254366326,0.18601498514718048,,Function_log2FC=0.173957455721599; abs=0.173957455721599
70-d KO-level provider replacement,Tomato-planted,K03762,70,0.25,0.5,21,0.4182072664982671,0.12093255235851764,,Function_log2FC=0.242676785554027; abs=0.242676785554027
70-d KO-level provider replacement,Unplanted,K07778,70,0.25,0.5,21,0.7300582774603975,0.13758955727712446,,Function_log2FC=0.108209373456293; abs=0.108209373456293
70-d KO-level provider replacement,Tomato-planted,K07778,70,0.25,0.5,21,0.8056859523561125,0.11072449485167092,,Function_log2FC=0.835039086711842; abs=0.835039086711842
70-d KO-level provider replacement,Unplanted,K21023,70,0.25,0.5,35,0.5641827653075165,0.15699796551271147,,Function_log2FC=-0.180353415358369; abs=0.180353415358369
70-d KO-level provider replacement,Tomato-planted,K21023,70,0.25,0.5,35,0.6313025406845597,0.1420197453514877,,Function_log2FC=-0.400598027847469; abs=0.400598027847469
70-d KO-level provider replacement,Unplanted,K02362,70,0.25,0.5,2,0.03909766435433634,0.013189583074526251,,Function_log2FC=0.762349688175311; abs=0.762349688175311
70-d KO-level provider replacement,Tomato-planted,K02362,70,0.25,0.5,2,0.03066158796955709,0.0162868795834534,,Function_log2FC=1.63655105255615; abs=1.63655105255615
70-d KO-level provider replacement,Unplanted,K01796,70,0.25,0.5,20,0.8558723539763455,0.09307727183659384,,Function_log2FC=0.133749816639912; abs=0.133749816639912
70-d KO-level provider replacement,Tomato-planted,K01796,70,0.25,0.5,20,0.8605702654464197,0.07714857381809592,,Function_log2FC=0.524136737988531; abs=0.524136737988531
70-d KO-level provider replacement,Unplanted,K10546,70,0.25,0.5,7,0.7188991221397922,0.10375053605658016,,Function_log2FC=0.64273706510065; abs=0.64273706510065
70-d KO-level provider replacement,Tomato-planted,K10546,70,0.25,0.5,7,0.7123575942580107,0.11846216051472531,,Function_log2FC=1.07261703581082; abs=1.07261703581082
70-d KO-level provider replacement,Unplanted,K09733,70,0.25,0.5,9,0.3987682656191796,0.35521961283229836,,Function_log2FC=0.472074801454925; abs=0.472074801454925
70-d KO-level provider replacement,Tomato-planted,K09733,70,0.25,0.5,9,0.369338152068069,0.31469629333381277,,Function_log2FC=0.528814925175915; abs=0.528814925175915
70-d KO-level provider replacement,Unplanted,K05996,70,0.25,0.5,12,0.6572512903914122,0.127641809751184,,Function_log2FC=0.143071953209704; abs=0.143071953209704
70-d KO-level provider replacement,Tomato-planted,K05996,70,0.25,0.5,12,0.6669994375297674,0.12070710299370845,,Function_log2FC=0.703669641495864; abs=0.703669641495864
70-d KO-level provider replacement,Unplanted,K22704,70,0.25,0.5,6,0.3364100453544643,0.5364428450044225,,Function_log2FC=-0.242498478856165; abs=0.242498478856165
70-d KO-level provider replacement,Tomato-planted,K22704,70,0.25,0.5,6,0.6949129978611557,0.5037672567906096,,Function_log2FC=-0.562153093186956; abs=0.562153093186956
70-d KO-level provider replacement,Unplanted,K04082,70,0.25,0.5,8,0.1932168755919317,0.3151208085191459,,Function_log2FC=-0.255846240188422; abs=0.255846240188422
70-d KO-level provider replacement,Tomato-planted,K04082,70,0.25,0.5,8,0.19970676944515844,0.29050148392743336,,Function_log2FC=-0.670598763805061; abs=0.670598763805061
70-d KO-level provider replacement,Unplanted,K00594,70,0.25,0.5,7,0.8245910480278018,0.14956031576266585,,Function_log2FC=0.637802512626139; abs=0.637802512626139
70-d KO-level provider replacement,Tomato-planted,K00594,70,0.25,0.5,7,0.8409458122327307,0.1725521225653118,,Function_log2FC=1.22187457816503; abs=1.22187457816503
70-d KO-level provider replacement,Unplanted,K09936,70,0.25,0.5,9,0.41385262321210287,0.10565425559778212,,Function_log2FC=0.366106494223946; abs=0.366106494223946
70-d KO-level provider replacement,Tomato-planted,K09936,70,0.25,0.5,9,0.5711902966729971,0.07150999979801441,,Function_log2FC=0.806382001293536; abs=0.806382001293536
70-d KO-level provider replacement,Unplanted,K02319,70,0.25,0.5,4,0.11917038314496058,0.23947486503590623,,Function_log2FC=-0.762229846957533; abs=0.762229846957533
70-d KO-level provider replacement,Tomato-planted,K02319,70,0.25,0.5,4,0.2986262842268253,0.19801086991590344,,Function_log2FC=-0.750917699392346; abs=0.750917699392346
70-d KO-level provider replacement,Unplanted,K02663,70,0.25,0.5,23,0.36376914716414005,0.17622029753401192,,Function_log2FC=-0.32281993043311; abs=0.32281993043311
70-d KO-level provider replacement,Tomato-planted,K02663,70,0.25,0.5,23,0.38615512759323234,0.20466270722612812,,Function_log2FC=-0.820540029449621; abs=0.820540029449621
70-d KO-level provider replacement,Unplanted,K05834,70,0.25,0.5,7,0.6292612495250881,0.20044129876823097,,Function_log2FC=-0.733159651213489; abs=0.733159651213489
70-d KO-level provider replacement,Tomato-planted,K05834,70,0.25,0.5,7,0.6925239262056886,0.12927984509264354,,Function_log2FC=-1.31729924953638; abs=1.31729924953638
70-d KO-level provider replacement,Unplanted,K09703,70,0.25,0.5,5,0.32943139581283826,0.08161796468550458,,Function_log2FC=-1.04812943444121; abs=1.04812943444121
70-d KO-level provider replacement,Tomato-planted,K09703,70,0.25,0.5,5,0.41036169405314693,0.025304294631290636,,Function_log2FC=-0.683413131044881; abs=0.683413131044881
70-d KO-level provider replacement,Unplanted,K18072,70,0.25,0.5,2,0.03357603558283473,0.02039762692582137,,Function_log2FC=-0.0964108360998013; abs=0.0964108360998013
70-d KO-level provider replacement,Tomato-planted,K18072,70,0.25,0.5,2,0.032987315973727505,0.02121218738257663,,Function_log2FC=-0.831329649346584; abs=0.831329649346584
70-d KO-level provider replacement,Tomato-planted,K05552,70,0.25,0.5,3,0.6292079401067533,0.4644223390806272,,Function_log2FC=3.13348448187452; abs=3.13348448187452
70-d KO-level provider replacement,Unplanted,K03606,70,0.25,0.5,10,0.37769792460755625,0.3510476612820271,,Function_log2FC=0.182255385211832; abs=0.182255385211832
70-d KO-level provider replacement,Tomato-planted,K03606,70,0.25,0.5,10,0.5286637595954745,0.36295538799838095,,Function_log2FC=-0.791904609925543; abs=0.791904609925543
70-d KO-level provider replacement,Unplanted,K09987,70,0.25,0.5,4,0.17064019208654496,0.03555773487834743,,Function_log2FC=0.103069947272293; abs=0.103069947272293
70-d KO-level provider replacement,Tomato-planted,K09987,70,0.25,0.5,4,0.22395160963819605,0.02567767255233983,,Function_log2FC=0.75341014623648; abs=0.75341014623648
70-d KO-level provider replacement,Unplanted,K09959,70,0.25,0.5,3,0.07591257233612592,0.21770637981260632,,Function_log2FC=0.563062099867063; abs=0.563062099867063
70-d KO-level provider replacement,Tomato-planted,K09959,70,0.25,0.5,3,0.24402960296863144,0.1712477465819378,,Function_log2FC=0.274432793170873; abs=0.274432793170873
70-d KO-level provider replacement,Unplanted,K03291,70,0.25,0.5,5,0.12768736713980083,0.3175674157974489,,Function_log2FC=0.442931473836797; abs=0.442931473836797
70-d KO-level provider replacement,Tomato-planted,K03291,70,0.25,0.5,5,0.2241871517214085,0.34978035647711925,,Function_log2FC=0.927479599960004; abs=0.927479599960004
70-d KO-level provider replacement,Unplanted,K09913,70,0.25,0.5,7,0.2313974795704709,0.3680672250157845,,Function_log2FC=1.06092684236301; abs=1.06092684236301
70-d KO-level provider replacement,Tomato-planted,K09913,70,0.25,0.5,7,0.2573440696481353,0.36955559207462657,,Function_log2FC=0.250228384410878; abs=0.250228384410878
70-d KO-level provider replacement,Unplanted,K02551,70,0.25,0.5,16,0.7156036786234323,0.1059617629347169,,Function_log2FC=-0.0594514451441456; abs=0.0594514451441456
70-d KO-level provider replacement,Tomato-planted,K02551,70,0.25,0.5,16,0.6954586505863798,0.09261847426283681,,Function_log2FC=0.353894195935282; abs=0.353894195935282
70-d KO-level provider replacement,Unplanted,K08776,70,0.25,0.5,7,0.38613333169029906,0.058519725012021934,,Function_log2FC=-0.718090788602008; abs=0.718090788602008
70-d KO-level provider replacement,Tomato-planted,K08776,70,0.25,0.5,7,0.2404693690324551,0.06343190306379848,,Function_log2FC=-1.0414761559947; abs=1.0414761559947
70-d KO-level provider replacement,Unplanted,K13787,70,0.25,0.5,25,0.655507541171409,0.13435578330695142,,Function_log2FC=0.190063625242965; abs=0.190063625242965
70-d KO-level provider replacement,Tomato-planted,K13787,70,0.25,0.5,25,0.6880689164200842,0.12911339066903793,,Function_log2FC=0.763303734118266; abs=0.763303734118266
70-d KO-level provider replacement,Unplanted,K22515,70,0.25,0.5,5,0.6439926526718209,0.09213415942289858,,Function_log2FC=-0.378091926446205; abs=0.378091926446205
70-d KO-level provider replacement,Tomato-planted,K22515,70,0.25,0.5,5,0.7279285265814232,0.14709504660849818,,Function_log2FC=-0.91525026205312; abs=0.91525026205312
70-d KO-level provider replacement,Unplanted,K21331,70,0.25,0.5,3,0.11946475655346817,0.04013736498917504,,Function_log2FC=0.142225492944651; abs=0.142225492944651
70-d KO-level provider replacement,Tomato-planted,K21331,70,0.25,0.5,3,0.41705754231170367,0.00025982484232213443,,Function_log2FC=-0.855729354357989; abs=0.855729354357989
70-d KO-level provider replacement,Unplanted,K01416,70,0.25,0.5,7,0.9644321915416633,0.14995192169992994,,Function_log2FC=0.00713732110252172; abs=0.00713732110252172
70-d KO-level provider replacement,Tomato-planted,K01416,70,0.25,0.5,7,0.9830470777118009,0.15373277703936553,,Function_log2FC=0.996621163455534; abs=0.996621163455534
70-d KO-level provider replacement,Unplanted,K13481,70,0.25,0.5,11,0.8257004419327152,0.03296346080863041,,Function_log2FC=-0.24552615082728; abs=0.24552615082728
70-d KO-level provider replacement,Tomato-planted,K13481,70,0.25,0.5,11,0.8063642014960233,0.030929225973653763,,Function_log2FC=-0.320993990093903; abs=0.320993990093903
70-d KO-level provider replacement,Unplanted,K00595,70,0.25,0.5,6,0.7911350982108769,0.18075873374991291,,Function_log2FC=0.329939508403562; abs=0.329939508403562
70-d KO-level provider replacement,Tomato-planted,K00595,70,0.25,0.5,6,0.8241295978129077,0.19649070608180047,,Function_log2FC=0.698587164556516; abs=0.698587164556516
70-d KO-level provider replacement,Unplanted,K13877,70,0.25,0.5,4,0.6046439620110465,0.21564187326323958,,Function_log2FC=-0.3274336512438; abs=0.3274336512438
70-d KO-level provider replacement,Tomato-planted,K13877,70,0.25,0.5,4,0.7199293454968191,0.29077346468610177,,Function_log2FC=-0.360517655907535; abs=0.360517655907535
70-d KO-level provider replacement,Unplanted,K06919,70,0.25,0.5,6,0.866792268302426,0.8106858964635839,,Function_log2FC=1.80250815328684; abs=1.80250815328684
70-d KO-level provider replacement,Tomato-planted,K06919,70,0.25,0.5,6,0.8216714683477097,0.7343333030773982,,Function_log2FC=1.93699429534353; abs=1.93699429534353
70-d KO-level provider replacement,Unplanted,K15891,70,0.25,0.5,4,0.25701080071056975,0.18264784912411453,,Function_log2FC=0.0135244575224647; abs=0.0135244575224647
70-d KO-level provider replacement,Tomato-planted,K15891,70,0.25,0.5,4,0.39183037990342584,0.1589894765854064,,Function_log2FC=0.259153630541758; abs=0.259153630541758
70-d KO-level provider replacement,Unplanted,K21687,70,0.25,0.5,22,0.4565813980873673,0.10854306864766841,,Function_log2FC=-0.476678271151518; abs=0.476678271151518
70-d KO-level provider replacement,Tomato-planted,K21687,70,0.25,0.5,22,0.5573960399994189,0.09710815147942456,,Function_log2FC=0.289451641555624; abs=0.289451641555624
70-d KO-level provider replacement,Unplanted,K13612,70,0.25,0.5,8,0.6475781611787841,0.24109680443258077,,Function_log2FC=1.7456277390345; abs=1.7456277390345
70-d KO-level provider replacement,Tomato-planted,K13612,70,0.25,0.5,8,0.5977431574217558,0.2476421489682583,,Function_log2FC=0.46295999150941; abs=0.46295999150941
70-d KO-level provider replacement,Unplanted,K23393,70,0.25,0.5,6,0.7258492606510791,0.6932656609203989,,Function_log2FC=0.499475801786699; abs=0.499475801786699
70-d KO-level provider replacement,Tomato-planted,K23393,70,0.25,0.5,6,0.6589645119788776,0.5981970583637533,,Function_log2FC=1.45380788108761; abs=1.45380788108761
70-d KO-level provider replacement,Unplanted,K06377,70,0.25,0.5,11,0.8313406661877766,0.11268381689691487,,Function_log2FC=0.906411334004769; abs=0.906411334004769
70-d KO-level provider replacement,Tomato-planted,K06377,70,0.25,0.5,11,0.8638360682269154,0.10711717141884491,,Function_log2FC=2.07451862816452; abs=2.07451862816452
70-d KO-level provider replacement,Unplanted,K00836,70,0.25,0.5,12,0.7976252155455774,0.11466566606264823,,Function_log2FC=0.372522059580121; abs=0.372522059580121
70-d KO-level provider replacement,Tomato-planted,K00836,70,0.25,0.5,12,0.8686100440277196,0.08621686032869495,,Function_log2FC=0.943254682503941; abs=0.943254682503941
70-d KO-level provider replacement,Unplanted,K07774,70,0.25,0.5,2,0.17890575258779295,0.07962708869110155,,Function_log2FC=0.588823327829803; abs=0.588823327829803
70-d KO-level provider replacement,Tomato-planted,K07774,70,0.25,0.5,2,0.23354609836612053,0.06064617382595973,,Function_log2FC=0.412722401210578; abs=0.412722401210578
70-d KO-level provider replacement,Unplanted,K21308,70,0.25,0.5,3,0.16217561309897596,0.03742375664749402,,Function_log2FC=-0.440982234885861; abs=0.440982234885861
70-d KO-level provider replacement,Tomato-planted,K21308,70,0.25,0.5,3,0.1753128209020212,0.0440018294448681,,Function_log2FC=-0.870179591556866; abs=0.870179591556866
70-d KO-level provider replacement,Unplanted,K16649,70,0.25,0.5,8,0.737571484187928,0.08294791354282284,,Function_log2FC=-0.824702255157464; abs=0.824702255157464
70-d KO-level provider replacement,Tomato-planted,K16649,70,0.25,0.5,8,0.7300034696319102,0.055524854706708204,,Function_log2FC=-1.03626228320055; abs=1.03626228320055
70-d KO-level provider replacement,Unplanted,K16047,70,0.25,0.5,16,0.6485707662886748,0.13165747331781089,,Function_log2FC=-0.0632676964401852; abs=0.0632676964401852
70-d KO-level provider replacement,Tomato-planted,K16047,70,0.25,0.5,16,0.6989488014698685,0.10119485729146534,,Function_log2FC=-0.699510296176486; abs=0.699510296176486
70-d KO-level provider replacement,Unplanted,K11735,70,0.25,0.5,6,0.8730197404173299,0.042355678309558165,,Function_log2FC=-0.0735811801076354; abs=0.0735811801076354
70-d KO-level provider replacement,Tomato-planted,K11735,70,0.25,0.5,6,0.8702384559985747,0.03488446956471352,,Function_log2FC=-0.458991010748089; abs=0.458991010748089
70-d KO-level provider replacement,Unplanted,K17713,70,0.25,0.5,26,0.39476393240337876,0.21114695068181905,,Function_log2FC=-0.474208892967239; abs=0.474208892967239
70-d KO-level provider replacement,Tomato-planted,K17713,70,0.25,0.5,26,0.4745680399814034,0.2196289234437329,,Function_log2FC=-0.84840057519818; abs=0.84840057519818
70-d KO-level provider replacement,Unplanted,K10189,70,0.25,0.5,7,0.17026890985676496,0.3484141508960936,,Function_log2FC=0.924514511577497; abs=0.924514511577497
70-d KO-level provider replacement,Tomato-planted,K10189,70,0.25,0.5,7,0.1799460890344513,0.36134197640648585,,Function_log2FC=2.05864408267333; abs=2.05864408267333
70-d KO-level provider replacement,Unplanted,K16029,70,0.25,0.5,3,0.12924296793046428,0.031043817138008287,,Function_log2FC=-2.11028610682753; abs=2.11028610682753
70-d KO-level provider replacement,Tomato-planted,K16029,70,0.25,0.5,3,0.263469806047636,0.00025140012758848035,,Function_log2FC=-5.26076248262141; abs=5.26076248262141
70-d KO-level provider replacement,Unplanted,K21686,70,0.25,0.5,7,0.8384682792406388,0.0979451257023272,,Function_log2FC=0.648817695251376; abs=0.648817695251376
70-d KO-level provider replacement,Tomato-planted,K21686,70,0.25,0.5,7,0.8345578228163198,0.0972766079316055,,Function_log2FC=1.0233656425762; abs=1.0233656425762
70-d KO-level provider replacement,Unplanted,K00853,70,0.25,0.5,16,0.5142076021140539,0.21139915405667994,,Function_log2FC=0.0647173221083035; abs=0.0647173221083035
70-d KO-level provider replacement,Tomato-planted,K00853,70,0.25,0.5,16,0.5670161441151695,0.20185222773126388,,Function_log2FC=0.65311631592682; abs=0.65311631592682
70-d KO-level provider replacement,Unplanted,K23117,70,0.25,0.5,8,0.498459390493173,0.2777177423721015,,Function_log2FC=-0.446983325741554; abs=0.446983325741554
70-d KO-level provider replacement,Tomato-planted,K23117,70,0.25,0.5,8,0.6635816513227426,0.23551160796172044,,Function_log2FC=0.782273421941056; abs=0.782273421941056
70-d KO-level provider replacement,Unplanted,K13018,70,0.25,0.5,21,0.6030259086304572,0.14916056669802688,,Function_log2FC=0.41494616182261; abs=0.41494616182261
70-d KO-level provider replacement,Tomato-planted,K13018,70,0.25,0.5,21,0.6286458686878278,0.14404900157464015,,Function_log2FC=0.37603265401444; abs=0.37603265401444
70-d KO-level provider replacement,Unplanted,K08691,70,0.25,0.5,4,0.802319424561989,0.07362833138361828,,Function_log2FC=-0.353044064851843; abs=0.353044064851843
70-d KO-level provider replacement,Tomato-planted,K08691,70,0.25,0.5,4,0.8415663118691211,0.11016743421907753,,Function_log2FC=-0.289345009811948; abs=0.289345009811948
70-d KO-level provider replacement,Unplanted,K01625,70,0.25,0.5,15,0.5780102008461885,0.3398770879180477,,Function_log2FC=0.211868892224509; abs=0.211868892224509
70-d KO-level provider replacement,Tomato-planted,K01625,70,0.25,0.5,15,0.664956277059776,0.34939912503869347,,Function_log2FC=0.48829007831859; abs=0.48829007831859
70-d KO-level provider replacement,Unplanted,K01182,70,0.25,0.5,4,0.7184410238826962,0.016644486433221653,,Function_log2FC=0.123503304240996; abs=0.123503304240996
70-d KO-level provider replacement,Tomato-planted,K01182,70,0.25,0.5,4,0.31557721656566107,0.024300153868541903,,Function_log2FC=0.262884942220082; abs=0.262884942220082
70-d KO-level provider replacement,Unplanted,K21214,70,0.25,0.5,4,0.7575082208766167,0.6641589632472047,,Function_log2FC=0.962155383697965; abs=0.962155383697965
70-d KO-level provider replacement,Tomato-planted,K21214,70,0.25,0.5,4,0.7568100693210194,0.651366708822539,,Function_log2FC=1.62351989530177; abs=1.62351989530177
70-d KO-level provider replacement,Unplanted,K06718,70,0.25,0.5,8,0.8502087298577052,0.1825976128820693,,Function_log2FC=0.558364585088653; abs=0.558364585088653
70-d KO-level provider replacement,Tomato-planted,K06718,70,0.25,0.5,8,0.8697199384101113,0.1713771427323572,,Function_log2FC=0.225188801956917; abs=0.225188801956917
70-d KO-level provider replacement,Unplanted,K16905,70,0.25,0.5,4,0.36932620249986475,0.07806781996550619,,Function_log2FC=-1.77992690858874; abs=1.77992690858874
70-d KO-level provider replacement,Tomato-planted,K16905,70,0.25,0.5,4,0.4732964009078774,0.02700890328102218,,Function_log2FC=-1.4932543437478; abs=1.4932543437478
70-d KO-level provider replacement,Unplanted,K04788,70,0.25,0.5,2,0.15705720585908492,0.19414180093518013,,Function_log2FC=1.97920321022893; abs=1.97920321022893
70-d KO-level provider replacement,Tomato-planted,K04788,70,0.25,0.5,2,0.35305759711687834,0.21580041696273145,,Function_log2FC=1.75841264276032; abs=1.75841264276032
70-d KO-level provider replacement,Unplanted,K02081,70,0.25,0.5,5,0.9083157914010582,0.065600346044161,,Function_log2FC=0.51230338214116; abs=0.51230338214116
70-d KO-level provider replacement,Tomato-planted,K02081,70,0.25,0.5,5,0.9686725227018873,0.06986292123952324,,Function_log2FC=0.973063582442012; abs=0.973063582442012
70-d KO-level provider replacement,Unplanted,K10621,70,0.25,0.5,4,0.7938640080707475,0.7204535566068766,,Function_log2FC=1.02968502041237; abs=1.02968502041237
70-d KO-level provider replacement,Tomato-planted,K10621,70,0.25,0.5,4,0.7935091172825874,0.7119708880482,,Function_log2FC=0.988710065400656; abs=0.988710065400656
70-d KO-level provider replacement,Unplanted,K10119,70,0.25,0.5,11,0.8814791125152407,0.18528730996311155,,Function_log2FC=0.602092492018534; abs=0.602092492018534
70-d KO-level provider replacement,Tomato-planted,K10119,70,0.25,0.5,11,0.8891932651529253,0.19351819362771666,,Function_log2FC=0.890115349462504; abs=0.890115349462504
70-d KO-level provider replacement,Unplanted,K11740,70,0.25,0.5,7,0.3460184611326869,0.10284660900004476,,Function_log2FC=0.478650464987111; abs=0.478650464987111
70-d KO-level provider replacement,Tomato-planted,K11740,70,0.25,0.5,7,0.11152665129619639,0.06723455493779601,,Function_log2FC=1.31595445068657; abs=1.31595445068657
70-d KO-level provider replacement,Unplanted,K05916,70,0.25,0.5,11,0.8898541895727782,0.10148471658573646,,Function_log2FC=0.745511354613748; abs=0.745511354613748
70-d KO-level provider replacement,Tomato-planted,K05916,70,0.25,0.5,11,0.8857016957620101,0.0865433762497067,,Function_log2FC=1.19768938031094; abs=1.19768938031094
70-d KO-level provider replacement,Unplanted,K00138,70,0.25,0.5,6,0.4354974695916153,0.15309041503991744,,Function_log2FC=0.180055605651879; abs=0.180055605651879
70-d KO-level provider replacement,Tomato-planted,K00138,70,0.25,0.5,6,0.4846798723777196,0.23650205546477887,,Function_log2FC=0.54319145238781; abs=0.54319145238781
70-d KO-level provider replacement,Unplanted,K22907,70,0.25,0.5,12,0.39638130707745506,0.0991245066333136,,Function_log2FC=-0.377725684426522; abs=0.377725684426522
70-d KO-level provider replacement,Tomato-planted,K22907,70,0.25,0.5,12,0.4236691778066127,0.06955219961980741,,Function_log2FC=-0.910631205535341; abs=0.910631205535341
70-d KO-level provider replacement,Unplanted,K23777,70,0.25,0.5,16,0.5855845608511245,0.11421944047872801,,Function_log2FC=1.26724527338806; abs=1.26724527338806
70-d KO-level provider replacement,Tomato-planted,K23777,70,0.25,0.5,16,0.6914189438123596,0.09224659842353866,,Function_log2FC=0.624496321076477; abs=0.624496321076477
70-d KO-level provider replacement,Unplanted,K16149,70,0.25,0.5,5,0.6260382600456047,0.05850462390614884,,Function_log2FC=-0.139603791594574; abs=0.139603791594574
70-d KO-level provider replacement,Tomato-planted,K16149,70,0.25,0.5,5,0.4096343244703966,0.06749036374322984,,Function_log2FC=-0.463052953508016; abs=0.463052953508016
70-d KO-level provider replacement,Unplanted,K06898,70,0.25,0.5,14,0.7248326849237127,0.10401940760603569,,Function_log2FC=-0.0757077875471915; abs=0.0757077875471915
70-d KO-level provider replacement,Tomato-planted,K06898,70,0.25,0.5,14,0.7088230081836354,0.08041520413772783,,Function_log2FC=-0.165853170126777; abs=0.165853170126777
70-d KO-level provider replacement,Unplanted,K18675,70,0.25,0.5,4,0.02972900749159882,0.12085232426950948,,Function_log2FC=-1.75098974202852; abs=1.75098974202852
70-d KO-level provider replacement,Tomato-planted,K18675,70,0.25,0.5,4,0.13976973024153866,0.11228177545915821,,Function_log2FC=-1.49713404871931; abs=1.49713404871931
70-d KO-level provider replacement,Unplanted,K14253,70,0.25,0.5,7,0.1951420126384246,0.2969656521252494,,Function_log2FC=1.96679951745248; abs=1.96679951745248
70-d KO-level provider replacement,Tomato-planted,K14253,70,0.25,0.5,7,0.4012828793991918,0.23608364289900313,,Function_log2FC=3.61201179919513; abs=3.61201179919513
70-d KO-level provider replacement,Unplanted,K09967,70,0.25,0.5,5,0.1119385205723501,0.3689707763404205,,Function_log2FC=-0.0143557754304622; abs=0.0143557754304622
70-d KO-level provider replacement,Tomato-planted,K09967,70,0.25,0.5,5,0.17294403818022136,0.3619153205300818,,Function_log2FC=-0.534538053688107; abs=0.534538053688107
70-d KO-level provider replacement,Unplanted,K03690,70,0.25,0.5,5,0.1627078422450299,0.1227701372158954,,Function_log2FC=-0.353561809628117; abs=0.353561809628117
70-d KO-level provider replacement,Tomato-planted,K03690,70,0.25,0.5,5,0.20013000615503726,0.17965930788082934,,Function_log2FC=-0.672759891923428; abs=0.672759891923428
70-d KO-level provider replacement,Unplanted,K19670,70,0.25,0.5,13,0.4438124651844834,0.20604248150958882,,Function_log2FC=-0.625279698818909; abs=0.625279698818909
70-d KO-level provider replacement,Tomato-planted,K19670,70,0.25,0.5,13,0.5146388806660739,0.11409585259016991,,Function_log2FC=-1.01367637136549; abs=1.01367637136549
70-d KO-level provider replacement,Unplanted,K08086,70,0.25,0.5,5,0.19399981984047515,0.12160805620432537,,Function_log2FC=-0.0982862179525202; abs=0.0982862179525202
70-d KO-level provider replacement,Tomato-planted,K08086,70,0.25,0.5,5,0.22305969893985939,0.1734510772847905,,Function_log2FC=-0.863285779379195; abs=0.863285779379195
70-d KO-level provider replacement,Unplanted,K00219,70,0.25,0.5,14,0.5794443845829969,0.15241035356155824,,Function_log2FC=-0.593949789568953; abs=0.593949789568953
70-d KO-level provider replacement,Tomato-planted,K00219,70,0.25,0.5,14,0.6732471634402526,0.1680989173394084,,Function_log2FC=-1.05314472977223; abs=1.05314472977223
70-d KO-level provider replacement,Unplanted,K03746,70,0.25,0.5,3,0.14776255267223598,0.033068091275278044,,Function_log2FC=-0.295022968437657; abs=0.295022968437657
70-d KO-level provider replacement,Tomato-planted,K03746,70,0.25,0.5,3,0.15925856535787683,0.04408599333179775,,Function_log2FC=0.168863067249994; abs=0.168863067249994
70-d KO-level provider replacement,Unplanted,K02457,70,0.25,0.5,7,0.28020494683909664,0.11830086528238747,,Function_log2FC=-0.137499703701878; abs=0.137499703701878
70-d KO-level provider replacement,Tomato-planted,K02457,70,0.25,0.5,7,0.3002380671859813,0.1675413960871231,,Function_log2FC=-0.193951138931566; abs=0.193951138931566
70-d KO-level provider replacement,Unplanted,K02363,70,0.25,0.5,2,0.26244471934448177,0.2506510643324025,,Function_log2FC=-0.586944446183341; abs=0.586944446183341
70-d KO-level provider replacement,Tomato-planted,K02363,70,0.25,0.5,2,0.13174664587015972,0.1487371740405306,,Function_log2FC=-0.997837686517226; abs=0.997837686517226
70-d KO-level provider replacement,Unplanted,K07644,70,0.25,0.5,2,0.1459893266956846,0.0624154233326321,,Function_log2FC=-0.705116101837753; abs=0.705116101837753
70-d KO-level provider replacement,Tomato-planted,K07644,70,0.25,0.5,2,0.09567302606544854,0.0016417734358655234,,Function_log2FC=-0.695174857012002; abs=0.695174857012002
70-d KO-level provider replacement,Unplanted,K13995,70,0.25,0.5,4,0.5431739134984095,0.18414380210294984,,Function_log2FC=0.612884360044971; abs=0.612884360044971
70-d KO-level provider replacement,Tomato-planted,K13995,70,0.25,0.5,4,0.5604825315454456,0.20315403591935682,,Function_log2FC=-0.314488954236315; abs=0.314488954236315
70-d KO-level provider replacement,Unplanted,K21684,70,0.25,0.5,3,0.40475545197218404,0.08599102449932555,,Function_log2FC=1.55773355113484; abs=1.55773355113484
70-d KO-level provider replacement,Tomato-planted,K21684,70,0.25,0.5,3,0.5312979070203407,0.03147322336448727,,Function_log2FC=2.27859463409195; abs=2.27859463409195
70-d KO-level provider replacement,Unplanted,K02224,70,0.25,0.5,8,0.32092537167902135,0.25447446047966993,,Function_log2FC=0.424857049905058; abs=0.424857049905058
70-d KO-level provider replacement,Tomato-planted,K02224,70,0.25,0.5,8,0.34707096629155254,0.2839210327710808,,Function_log2FC=0.728133876898955; abs=0.728133876898955
70-d KO-level provider replacement,Unplanted,K22757,70,0.25,0.5,8,0.4444389483510652,0.18926190491131725,,Function_log2FC=-0.258392765106449; abs=0.258392765106449
70-d KO-level provider replacement,Tomato-planted,K22757,70,0.25,0.5,8,0.4529722037257424,0.17801629647597564,,Function_log2FC=-0.0432079253440378; abs=0.0432079253440378
70-d KO-level provider replacement,Unplanted,K12543,70,0.25,0.5,5,0.19493708873843227,0.05163358297578528,,Function_log2FC=0.242749654426665; abs=0.242749654426665
70-d KO-level provider replacement,Tomato-planted,K12543,70,0.25,0.5,5,0.23817423872382598,0.02348747868517881,,Function_log2FC=0.538773670215137; abs=0.538773670215137
70-d KO-level provider replacement,Unplanted,K03271,70,0.25,0.5,20,0.6586981738306887,0.13936428039654616,,Function_log2FC=0.0711411239584412; abs=0.0711411239584412
70-d KO-level provider replacement,Tomato-planted,K03271,70,0.25,0.5,20,0.6960077116861854,0.13232983658821582,,Function_log2FC=0.3026383747346; abs=0.3026383747346
70-d KO-level provider replacement,Unplanted,K11783,70,0.25,0.5,4,0.3025391371910008,0.2840282530737154,,Function_log2FC=0.390972000264815; abs=0.390972000264815
70-d KO-level provider replacement,Tomato-planted,K11783,70,0.25,0.5,4,0.2180268745519443,0.20901670981528578,,Function_log2FC=0.721491178726767; abs=0.721491178726767
70-d KO-level provider replacement,Unplanted,K18351,70,0.25,0.5,8,0.7995764659178388,0.2300390212797307,,Function_log2FC=0.14782021793469; abs=0.14782021793469
70-d KO-level provider replacement,Tomato-planted,K18351,70,0.25,0.5,8,0.8101545249558644,0.2527396937753621,,Function_log2FC=0.703990189113091; abs=0.703990189113091
70-d KO-level provider replacement,Unplanted,K19200,70,0.25,0.5,13,0.37033404857836383,0.2501610276621661,,Function_log2FC=0.0459018191535237; abs=0.0459018191535237
70-d KO-level provider replacement,Tomato-planted,K19200,70,0.25,0.5,13,0.27885370325615233,0.26163085273882486,,Function_log2FC=-0.11290420672973; abs=0.11290420672973
70-d KO-level provider replacement,Unplanted,K01436,70,0.25,0.5,7,0.6324933927917015,0.3416679474289707,,Function_log2FC=0.477396409259834; abs=0.477396409259834
70-d KO-level provider replacement,Tomato-planted,K01436,70,0.25,0.5,7,0.7236491949582682,0.3275532072233135,,Function_log2FC=0.614426466723935; abs=0.614426466723935
70-d KO-level provider replacement,Unplanted,K15531,70,0.25,0.5,7,0.13898253321458764,0.3691859116185699,,Function_log2FC=0.424640234789941; abs=0.424640234789941
70-d KO-level provider replacement,Tomato-planted,K15531,70,0.25,0.5,7,0.1804349375432802,0.37165629125310584,,Function_log2FC=0.0651328423990319; abs=0.0651328423990319
70-d KO-level provider replacement,Unplanted,K17662,70,0.25,0.5,4,0.20675432444724962,0.05498707471411656,,Function_log2FC=0.395456015154518; abs=0.395456015154518
70-d KO-level provider replacement,Tomato-planted,K17662,70,0.25,0.5,4,0.3192912490054566,0.05913780072784189,,Function_log2FC=0.946725901901078; abs=0.946725901901078
70-d KO-level provider replacement,Tomato-planted,K02073,70,0.25,0.5,2,0.516373980481713,0.6354826649861073,,Function_log2FC=2.59613637645223; abs=2.59613637645223
70-d KO-level provider replacement,Unplanted,K01183,70,0.25,0.5,22,0.6701834114962576,0.15025732372618467,,Function_log2FC=0.346597996532821; abs=0.346597996532821
70-d KO-level provider replacement,Tomato-planted,K01183,70,0.25,0.5,22,0.7377920852512776,0.12427711200838973,,Function_log2FC=0.688443687109739; abs=0.688443687109739
70-d KO-level provider replacement,Unplanted,K14670,70,0.25,0.5,8,0.7807889841164134,0.11162568528635171,,Function_log2FC=0.749715271459184; abs=0.749715271459184
70-d KO-level provider replacement,Tomato-planted,K14670,70,0.25,0.5,8,0.856697295953872,0.06965540802851068,,Function_log2FC=1.26851395442778; abs=1.26851395442778
70-d KO-level provider replacement,Unplanted,K07652,70,0.25,0.5,13,0.646342779046335,0.2164180857830313,,Function_log2FC=0.0923876039943045; abs=0.0923876039943045
70-d KO-level provider replacement,Tomato-planted,K07652,70,0.25,0.5,13,0.6851161054060656,0.19706326201643623,,Function_log2FC=0.438050914560586; abs=0.438050914560586
70-d KO-level provider replacement,Unplanted,K01192,70,0.25,0.5,15,0.6263007072903026,0.184882176278573,,Function_log2FC=0.526129143063679; abs=0.526129143063679
70-d KO-level provider replacement,Tomato-planted,K01192,70,0.25,0.5,15,0.6869154892696226,0.14909026758724186,,Function_log2FC=0.670340817650755; abs=0.670340817650755
70-d KO-level provider replacement,Unplanted,K00248,70,0.25,0.5,32,0.6006242930386081,0.15705286442848215,,Function_log2FC=0.175387220458958; abs=0.175387220458958
70-d KO-level provider replacement,Tomato-planted,K00248,70,0.25,0.5,32,0.6157840522624679,0.13852558711535773,,Function_log2FC=0.589232544712562; abs=0.589232544712562
70-d KO-level provider replacement,Unplanted,K23465,70,0.25,0.5,8,0.6794446092879894,0.3135096081817913,,Function_log2FC=-0.459632789044709; abs=0.459632789044709
70-d KO-level provider replacement,Tomato-planted,K23465,70,0.25,0.5,8,0.7374802038957412,0.31177601590696136,,Function_log2FC=-0.454426648082879; abs=0.454426648082879
70-d KO-level provider replacement,Unplanted,K01666,70,0.25,0.5,11,0.7003235573587347,0.14175289105871242,,Function_log2FC=0.682132619798599; abs=0.682132619798599
70-d KO-level provider replacement,Tomato-planted,K01666,70,0.25,0.5,11,0.7272578227052543,0.13652062126075543,,Function_log2FC=1.01703173122275; abs=1.01703173122275
70-d KO-level provider replacement,Unplanted,K15576,70,0.25,0.5,5,0.11173513950884811,0.06934912304474908,,Function_log2FC=-0.15188632811401; abs=0.15188632811401
70-d KO-level provider replacement,Tomato-planted,K15576,70,0.25,0.5,5,0.0842551521878123,0.06611940312224136,,Function_log2FC=-0.800994632445027; abs=0.800994632445027
70-d KO-level provider replacement,Unplanted,K19126,70,0.25,0.5,2,0.1659573890280419,0.03664834383399812,,Function_log2FC=0.385693155984339; abs=0.385693155984339
70-d KO-level provider replacement,Tomato-planted,K19126,70,0.25,0.5,2,0.5038294358596387,0.00014695258263031086,,Function_log2FC=1.83950941526347; abs=1.83950941526347
70-d KO-level provider replacement,Unplanted,K11939,70,0.25,0.5,20,0.7393681944375317,0.14784423041983433,,Function_log2FC=0.0368536132817245; abs=0.0368536132817245
70-d KO-level provider replacement,Tomato-planted,K11939,70,0.25,0.5,20,0.7898277155598136,0.09818308566905444,,Function_log2FC=0.542291913895802; abs=0.542291913895802
70-d KO-level provider replacement,Unplanted,K15019,70,0.25,0.5,6,0.44130178175495366,0.16517595515469571,,Function_log2FC=-0.704560827866728; abs=0.704560827866728
70-d KO-level provider replacement,Tomato-planted,K15019,70,0.25,0.5,6,0.4022611932882758,0.048173289563520565,,Function_log2FC=-1.0105588380692; abs=1.0105588380692
70-d KO-level provider replacement,Unplanted,K06926,70,0.25,0.5,3,0.29051232297553303,0.07217971027278638,,Function_log2FC=1.12410499856515; abs=1.12410499856515
70-d KO-level provider replacement,Tomato-planted,K06926,70,0.25,0.5,3,0.47936595040543534,0.033858130155536424,,Function_log2FC=1.9293065872781; abs=1.9293065872781
70-d KO-level provider replacement,Unplanted,K00076,70,0.25,0.5,13,0.7769978143975711,0.11814060344253796,,Function_log2FC=-0.823315422449792; abs=0.823315422449792
70-d KO-level provider replacement,Tomato-planted,K00076,70,0.25,0.5,13,0.8013615932809584,0.09603618412381985,,Function_log2FC=-0.997890373849465; abs=0.997890373849465
70-d KO-level provider replacement,Unplanted,K05895,70,0.25,0.5,3,0.9737671343510403,0.18281965792586538,,Function_log2FC=0.168399205712369; abs=0.168399205712369
70-d KO-level provider replacement,Tomato-planted,K05895,70,0.25,0.5,3,1.0,0.17584172563415224,,Function_log2FC=0.608203333231349; abs=0.608203333231349
70-d KO-level provider replacement,Unplanted,K19551,70,0.25,0.5,7,0.0687374420673523,0.20912241515980495,,Function_log2FC=0.885904751735531; abs=0.885904751735531
70-d KO-level provider replacement,Tomato-planted,K19551,70,0.25,0.5,7,0.16850056971582203,0.22125777912212,,Function_log2FC=0.314593979374533; abs=0.314593979374533
70-d KO-level provider replacement,Unplanted,K06194,70,0.25,0.5,17,0.3363450822522186,0.10888577948462295,,Function_log2FC=-0.439925280830367; abs=0.439925280830367
70-d KO-level provider replacement,Tomato-planted,K06194,70,0.25,0.5,17,0.46225882092164294,0.1055822041112304,,Function_log2FC=-0.817158013352707; abs=0.817158013352707
70-d KO-level provider replacement,Unplanted,K11893,70,0.25,0.5,2,0.41231215833155177,0.03438871429206804,,Function_log2FC=-0.0143754984728437; abs=0.0143754984728437
70-d KO-level provider replacement,Tomato-planted,K11893,70,0.25,0.5,2,0.44026495645426367,0.15816327951043427,,Function_log2FC=0.00955790162723215; abs=0.00955790162723215
70-d KO-level provider replacement,Unplanted,K23356,70,0.25,0.5,6,0.914813086370854,0.14633141775303327,,Function_log2FC=0.33533710896533; abs=0.33533710896533
70-d KO-level provider replacement,Tomato-planted,K23356,70,0.25,0.5,6,0.9367864823711116,0.16291608654940945,,Function_log2FC=0.729196800177709; abs=0.729196800177709
70-d KO-level provider replacement,Unplanted,K09978,70,0.25,0.5,5,0.23777812755187153,0.158696493078555,,Function_log2FC=0.403681458085752; abs=0.403681458085752
70-d KO-level provider replacement,Tomato-planted,K09978,70,0.25,0.5,5,0.3654937059505288,0.1973995261496278,,Function_log2FC=1.45589738752896; abs=1.45589738752896
70-d KO-level provider replacement,Unplanted,K01707,70,0.25,0.5,7,0.8765354822683464,0.3376480838340582,,Function_log2FC=0.297072820984904; abs=0.297072820984904
70-d KO-level provider replacement,Tomato-planted,K01707,70,0.25,0.5,7,0.8066656214999584,0.30398148949835063,,Function_log2FC=0.967403798552122; abs=0.967403798552122
70-d KO-level provider replacement,Unplanted,K07517,70,0.25,0.5,5,0.9441514568665685,0.1258471269234667,,Function_log2FC=0.667454876758721; abs=0.667454876758721
70-d KO-level provider replacement,Tomato-planted,K07517,70,0.25,0.5,5,0.9822806909200961,0.13388720927933997,,Function_log2FC=-0.131002055975819; abs=0.131002055975819
70-d KO-level provider replacement,Unplanted,K21193,70,0.25,0.5,7,0.8653118013637585,0.08519671169111762,,Function_log2FC=-2.81618335772621; abs=2.81618335772621
70-d KO-level provider replacement,Tomato-planted,K21193,70,0.25,0.5,7,0.8824684483761946,0.09711762508455911,,Function_log2FC=-2.48871504370153; abs=2.48871504370153
70-d KO-level provider replacement,Unplanted,K03737,70,0.25,0.5,13,0.5728072133781176,0.1676679774993614,,Function_log2FC=-0.456763431168366; abs=0.456763431168366
70-d KO-level provider replacement,Tomato-planted,K03737,70,0.25,0.5,13,0.6047782016668706,0.13026962959616797,,Function_log2FC=-0.357339240886603; abs=0.357339240886603
70-d KO-level provider replacement,Unplanted,K07789,70,0.25,0.5,3,0.18986194377607524,0.09001339487293433,,Function_log2FC=-0.516098843914098; abs=0.516098843914098
70-d KO-level provider replacement,Tomato-planted,K07789,70,0.25,0.5,3,0.21357398395408356,0.06756960060236196,,Function_log2FC=-0.817458454893182; abs=0.817458454893182
70-d KO-level provider replacement,Unplanted,K05832,70,0.25,0.5,4,0.1464899679899764,0.1947546132221188,,Function_log2FC=1.00903785053327; abs=1.00903785053327
70-d KO-level provider replacement,Tomato-planted,K05832,70,0.25,0.5,4,0.14227249903403438,0.18015359918660187,,Function_log2FC=0.116002754179609; abs=0.116002754179609
70-d KO-level provider replacement,Unplanted,K00360,70,0.25,0.5,12,0.5377100578438805,0.1847965053993881,,Function_log2FC=-0.219176650241413; abs=0.219176650241413
70-d KO-level provider replacement,Tomato-planted,K00360,70,0.25,0.5,12,0.605489936927825,0.1252233919734656,,Function_log2FC=0.973661154030373; abs=0.973661154030373
70-d KO-level provider replacement,Unplanted,K08153,70,0.25,0.5,18,0.6908002855246848,0.1516028257119835,,Function_log2FC=0.821122944577052; abs=0.821122944577052
70-d KO-level provider replacement,Tomato-planted,K08153,70,0.25,0.5,18,0.7286754850727868,0.09593135416344,,Function_log2FC=-0.103673977331005; abs=0.103673977331005
70-d KO-level provider replacement,Unplanted,K01429,70,0.25,0.5,9,0.5301473999147577,0.2557172841094397,,Function_log2FC=-0.0388528610093013; abs=0.0388528610093013
70-d KO-level provider replacement,Tomato-planted,K01429,70,0.25,0.5,9,0.5795275183881138,0.16180132850638826,,Function_log2FC=0.309167797994473; abs=0.309167797994473
70-d KO-level provider replacement,Unplanted,K07000,70,0.25,0.5,3,0.20784019471002563,0.20918645479973816,,Function_log2FC=0.327247004016575; abs=0.327247004016575
70-d KO-level provider replacement,Tomato-planted,K07000,70,0.25,0.5,3,0.15229328133370795,0.08266603950690882,,Function_log2FC=-0.264975173035944; abs=0.264975173035944
70-d KO-level provider replacement,Unplanted,K23509,70,0.25,0.5,9,0.7824504009155582,0.08808867724963301,,Function_log2FC=0.564689994547827; abs=0.564689994547827
70-d KO-level provider replacement,Tomato-planted,K23509,70,0.25,0.5,9,0.8201123912505053,0.04700566326526196,,Function_log2FC=0.467294381187208; abs=0.467294381187208
70-d KO-level provider replacement,Unplanted,K05979,70,0.25,0.5,11,0.8361984717876427,0.05631853041886596,,Function_log2FC=0.196690767315963; abs=0.196690767315963
70-d KO-level provider replacement,Tomato-planted,K05979,70,0.25,0.5,11,0.8443679906533187,0.06021384172310663,,Function_log2FC=0.349410034396007; abs=0.349410034396007
70-d KO-level provider replacement,Unplanted,K03090,70,0.25,0.5,16,0.8855462653029911,0.13421607687469306,,Function_log2FC=0.276364329580349; abs=0.276364329580349
70-d KO-level provider replacement,Tomato-planted,K03090,70,0.25,0.5,16,0.8910930001832242,0.12522908462601542,,Function_log2FC=1.12299167810142; abs=1.12299167810142
70-d KO-level provider replacement,Unplanted,K18230,70,0.25,0.5,14,0.842019857864989,0.07679162511002181,,Function_log2FC=0.0410343534118974; abs=0.0410343534118974
70-d KO-level provider replacement,Tomato-planted,K18230,70,0.25,0.5,14,0.8686945119690521,0.0649008321865003,,Function_log2FC=0.595085851118601; abs=0.595085851118601
70-d KO-level provider replacement,Unplanted,K07258,70,0.25,0.5,17,0.5906248083392859,0.16247381122954602,,Function_log2FC=0.0749766476590091; abs=0.0749766476590091
70-d KO-level provider replacement,Tomato-planted,K07258,70,0.25,0.5,17,0.7127938857609535,0.16388963616992291,,Function_log2FC=0.374089584820064; abs=0.374089584820064
70-d KO-level provider replacement,Unplanted,K03710,70,0.25,0.5,15,0.7963383906818547,0.2917764174596976,,Function_log2FC=0.320349325998947; abs=0.320349325998947
70-d KO-level provider replacement,Tomato-planted,K03710,70,0.25,0.5,15,0.7983675916571655,0.28111113380422437,,Function_log2FC=0.413074216991139; abs=0.413074216991139
70-d KO-level provider replacement,Unplanted,K01210,70,0.25,0.5,2,0.03605369005009618,0.04499994385642028,,Function_log2FC=2.06879941307405; abs=2.06879941307405
70-d KO-level provider replacement,Tomato-planted,K01210,70,0.25,0.5,2,0.5248375911291543,0.0003240616377717942,,Function_log2FC=2.11097282731633; abs=2.11097282731633
70-d KO-level provider replacement,Unplanted,K06042,70,0.25,0.5,5,0.5282127940809411,0.5429266649654836,,Function_log2FC=0.254847528789646; abs=0.254847528789646
70-d KO-level provider replacement,Tomato-planted,K06042,70,0.25,0.5,5,0.6413504497877136,0.4079530754774787,,Function_log2FC=1.08936509254561; abs=1.08936509254561
70-d KO-level provider replacement,Unplanted,K21962,70,0.25,0.5,13,0.8115583935863437,0.10463776996826495,,Function_log2FC=0.355937847859115; abs=0.355937847859115
70-d KO-level provider replacement,Tomato-planted,K21962,70,0.25,0.5,13,0.8482194404915803,0.09546871300078434,,Function_log2FC=0.647696094314121; abs=0.647696094314121
70-d KO-level provider replacement,Unplanted,K03891,70,0.25,0.5,16,0.8372118320683187,0.07193183053556333,,Function_log2FC=-0.0810041842128738; abs=0.0810041842128738
70-d KO-level provider replacement,Tomato-planted,K03891,70,0.25,0.5,16,0.866112951001402,0.06393719516802875,,Function_log2FC=0.65673652571664; abs=0.65673652571664
70-d KO-level provider replacement,Unplanted,K15629,70,0.25,0.5,10,0.7210294266732397,0.19809715460090824,,Function_log2FC=1.99227941973751; abs=1.99227941973751
70-d KO-level provider replacement,Tomato-planted,K15629,70,0.25,0.5,10,0.721335655476422,0.24985953495886393,,Function_log2FC=2.45733855091937; abs=2.45733855091937
70-d KO-level provider replacement,Unplanted,K02381,70,0.25,0.5,3,0.235281059976675,0.07627510066696443,,Function_log2FC=0.453877480655222; abs=0.453877480655222
70-d KO-level provider replacement,Tomato-planted,K02381,70,0.25,0.5,3,0.2726171155055014,0.022750444063422304,,Function_log2FC=0.0773317308927957; abs=0.0773317308927957
70-d KO-level provider replacement,Unplanted,K23775,70,0.25,0.5,31,0.6745912719446449,0.1310126558860099,,Function_log2FC=0.0553672694554071; abs=0.0553672694554071
70-d KO-level provider replacement,Tomato-planted,K23775,70,0.25,0.5,31,0.7220946302541775,0.10739567165780269,,Function_log2FC=1.068932340121; abs=1.068932340121
70-d KO-level provider replacement,Unplanted,K16650,70,0.25,0.5,8,0.7566989888834925,0.08043829434348393,,Function_log2FC=-0.677263430591018; abs=0.677263430591018
70-d KO-level provider replacement,Tomato-planted,K16650,70,0.25,0.5,8,0.7865290325021197,0.05201134237319783,,Function_log2FC=-0.729096039095831; abs=0.729096039095831
70-d KO-level provider replacement,Unplanted,K02558,70,0.25,0.5,17,0.3107649957514656,0.12450523348800158,,Function_log2FC=-0.101546025448446; abs=0.101546025448446
70-d KO-level provider replacement,Tomato-planted,K02558,70,0.25,0.5,17,0.2911565351559131,0.1611363033874109,,Function_log2FC=-0.437358319332717; abs=0.437358319332717
70-d KO-level provider replacement,Unplanted,K16048,70,0.25,0.5,14,0.6632228342072262,0.1698419632084563,,Function_log2FC=-0.430319485322914; abs=0.430319485322914
70-d KO-level provider replacement,Tomato-planted,K16048,70,0.25,0.5,14,0.7202171243345165,0.14367831224436248,,Function_log2FC=-0.387343124866675; abs=0.387343124866675
70-d KO-level provider replacement,Unplanted,K02063,70,0.25,0.5,7,0.7246111020310015,0.1142275984073414,,Function_log2FC=-0.007018459573894; abs=0.007018459573894
70-d KO-level provider replacement,Tomato-planted,K02063,70,0.25,0.5,7,0.683974413180704,0.06207786463065346,,Function_log2FC=0.171169569466496; abs=0.171169569466496
70-d KO-level provider replacement,Unplanted,K01060,70,0.25,0.5,13,0.5184326981054738,0.3231939609120613,,Function_log2FC=0.900986875498498; abs=0.900986875498498
70-d KO-level provider replacement,Tomato-planted,K01060,70,0.25,0.5,13,0.6227418454205401,0.33254471456447177,,Function_log2FC=1.19959053881723; abs=1.19959053881723
70-d KO-level provider replacement,Unplanted,K09516,70,0.25,0.5,6,0.7641291037065966,0.08969259396416608,,Function_log2FC=-0.0813282190681905; abs=0.0813282190681905
70-d KO-level provider replacement,Tomato-planted,K09516,70,0.25,0.5,6,0.7236141800943584,0.062323477912214736,,Function_log2FC=-0.613007554277686; abs=0.613007554277686
70-d KO-level provider replacement,Unplanted,K03557,70,0.25,0.5,5,0.1281637183987591,0.12672583070571827,,Function_log2FC=-0.440679687272802; abs=0.440679687272802
70-d KO-level provider replacement,Tomato-planted,K03557,70,0.25,0.5,5,0.18650294510241672,0.18685469336135824,,Function_log2FC=-1.03911073716659; abs=1.03911073716659
70-d KO-level provider replacement,Unplanted,K10215,70,0.25,0.5,15,0.625123477531954,0.16858388537916277,,Function_log2FC=0.995457731995193; abs=0.995457731995193
70-d KO-level provider replacement,Tomato-planted,K10215,70,0.25,0.5,15,0.6719401798403078,0.08914859934968213,,Function_log2FC=1.792313992243; abs=1.792313992243
70-d KO-level provider replacement,Unplanted,K18828,70,0.25,0.5,9,0.2801582382710052,0.16532136341999465,,Function_log2FC=0.229864948632588; abs=0.229864948632588
70-d KO-level provider replacement,Tomato-planted,K18828,70,0.25,0.5,9,0.39377294601985224,0.12319985068683896,,Function_log2FC=-0.0693468743320765; abs=0.0693468743320765
70-d KO-level provider replacement,Unplanted,K21393,70,0.25,0.5,5,0.34328756740140637,0.18753825060318036,,Function_log2FC=-0.154935946409927; abs=0.154935946409927
70-d KO-level provider replacement,Tomato-planted,K21393,70,0.25,0.5,5,0.43081394048765287,0.12576236158268328,,Function_log2FC=0.368225372273154; abs=0.368225372273154
70-d KO-level provider replacement,Unplanted,K03152,70,0.25,0.5,7,0.16544041726836034,0.1555956136956285,,Function_log2FC=0.241956351315396; abs=0.241956351315396
70-d KO-level provider replacement,Tomato-planted,K03152,70,0.25,0.5,7,0.24922049757579517,0.12183977250582192,,Function_log2FC=-0.102485302268806; abs=0.102485302268806
70-d KO-level provider replacement,Unplanted,K16428,70,0.25,0.5,2,0.9637471856323174,0.19183961221687873,,Function_log2FC=-4.30470901153471; abs=4.30470901153471
70-d KO-level provider replacement,Tomato-planted,K16428,70,0.25,0.5,2,0.9830147043092595,0.20063773693523335,,Function_log2FC=-1.99606013821156; abs=1.99606013821156
70-d KO-level provider replacement,Unplanted,K00038,70,0.25,0.5,12,0.6578203858999434,0.10920835541684352,,Function_log2FC=-0.196841250845391; abs=0.196841250845391
70-d KO-level provider replacement,Tomato-planted,K00038,70,0.25,0.5,12,0.689436608056472,0.050283763572741814,,Function_log2FC=-0.0954942357511457; abs=0.0954942357511457
70-d KO-level provider replacement,Unplanted,K00768,70,0.25,0.5,14,0.8765955154923556,0.09079920729753513,,Function_log2FC=0.381704728475797; abs=0.381704728475797
70-d KO-level provider replacement,Tomato-planted,K00768,70,0.25,0.5,14,0.8724710840048817,0.07828072757826218,,Function_log2FC=0.484637222991128; abs=0.484637222991128
70-d KO-level provider replacement,Unplanted,K07274,70,0.25,0.5,4,0.12303184572772106,0.05162431149535666,,Function_log2FC=0.118186622519805; abs=0.118186622519805
70-d KO-level provider replacement,Tomato-planted,K07274,70,0.25,0.5,4,0.14638540628105534,0.031640055287086924,,Function_log2FC=-1.40753330279512; abs=1.40753330279512
70-d KO-level provider replacement,Unplanted,K18232,70,0.25,0.5,7,0.8089004268893435,0.07008213947241944,,Function_log2FC=1.03535760387197; abs=1.03535760387197
70-d KO-level provider replacement,Tomato-planted,K18232,70,0.25,0.5,7,0.8945654587908292,0.04556596655477676,,Function_log2FC=1.43645071028741; abs=1.43645071028741
70-d KO-level provider replacement,Unplanted,K21025,70,0.25,0.5,5,0.15212379195295858,0.12242501185987782,,Function_log2FC=-0.101382578486859; abs=0.101382578486859
70-d KO-level provider replacement,Tomato-planted,K21025,70,0.25,0.5,5,0.18396894789368445,0.17834869052907795,,Function_log2FC=-1.05816617438941; abs=1.05816617438941
70-d KO-level provider replacement,Unplanted,K18476,70,0.25,0.5,18,0.7049142673837135,0.12886236268080356,,Function_log2FC=0.0357558439525458; abs=0.0357558439525458
70-d KO-level provider replacement,Tomato-planted,K18476,70,0.25,0.5,18,0.7553760874446938,0.158812257371452,,Function_log2FC=0.681196628304492; abs=0.681196628304492
70-d KO-level provider replacement,Unplanted,K16050,70,0.25,0.5,10,0.8239678456841054,0.081421347000404,,Function_log2FC=0.0579875547434578; abs=0.0579875547434578
70-d KO-level provider replacement,Tomato-planted,K16050,70,0.25,0.5,10,0.8507188730029622,0.057574649046010166,,Function_log2FC=-0.0712193101256985; abs=0.0712193101256985
70-d KO-level provider replacement,Unplanted,K06714,70,0.25,0.5,2,0.3920742673393559,0.06312954030130702,,Function_log2FC=1.32038489828824; abs=1.32038489828824
70-d KO-level provider replacement,Tomato-planted,K06714,70,0.25,0.5,2,0.23957784386860412,0.05859273976931381,,Function_log2FC=2.70673959592152; abs=2.70673959592152
70-d KO-level provider replacement,Unplanted,K07641,70,0.25,0.5,12,0.42652300790220277,0.17792749245647682,,Function_log2FC=-0.241956493974517; abs=0.241956493974517
70-d KO-level provider replacement,Tomato-planted,K07641,70,0.25,0.5,12,0.32694722603008386,0.2047818537944567,,Function_log2FC=-0.889468572975298; abs=0.889468572975298
70-d KO-level provider replacement,Unplanted,K01449,70,0.25,0.5,5,0.17346259707059022,0.18654421546654126,,Function_log2FC=-1.20816634286113; abs=1.20816634286113
70-d KO-level provider replacement,Tomato-planted,K01449,70,0.25,0.5,5,0.2160551686392058,0.11757847564876642,,Function_log2FC=-0.752195091230922; abs=0.752195091230922
70-d KO-level provider replacement,Unplanted,K03332,70,0.25,0.5,2,0.15613774707851136,0.0775780391245988,,Function_log2FC=0.0182124411896666; abs=0.0182124411896666
70-d KO-level provider replacement,Tomato-planted,K03332,70,0.25,0.5,2,0.14417760354746287,0.07544206349521784,,Function_log2FC=0.728427748398677; abs=0.728427748398677
70-d KO-level provider replacement,Tomato-planted,K05793,70,0.25,0.5,2,0.7064086022742253,0.5086497506162182,,Function_log2FC=2.65531772255399; abs=2.65531772255399
70-d KO-level provider replacement,Unplanted,K05365,70,0.25,0.5,4,0.20293021371659475,0.1192616405416099,,Function_log2FC=-0.510470015637405; abs=0.510470015637405
70-d KO-level provider replacement,Tomato-planted,K05365,70,0.25,0.5,4,0.22312000555664727,0.16676208140136922,,Function_log2FC=-0.751041278057599; abs=0.751041278057599
70-d KO-level provider replacement,Unplanted,K05565,70,0.25,0.5,7,0.14973250297792123,0.1781047542807907,,Function_log2FC=0.571478031301399; abs=0.571478031301399
70-d KO-level provider replacement,Tomato-planted,K05565,70,0.25,0.5,7,0.22310387060664813,0.15231562818176297,,Function_log2FC=0.924268287979292; abs=0.924268287979292
70-d KO-level provider replacement,Unplanted,K14259,70,0.25,0.5,6,0.5870212236953168,0.17677498087666754,,Function_log2FC=-0.414782676759214; abs=0.414782676759214
70-d KO-level provider replacement,Tomato-planted,K14259,70,0.25,0.5,6,0.6582027337569539,0.198313602709615,,Function_log2FC=-0.0350161496324493; abs=0.0350161496324493
70-d KO-level provider replacement,Unplanted,K01788,70,0.25,0.5,8,0.5774931127311435,0.2206630313607379,,Function_log2FC=1.87801070149154; abs=1.87801070149154
70-d KO-level provider replacement,Tomato-planted,K01788,70,0.25,0.5,8,0.6112586063668124,0.2618818872889754,,Function_log2FC=2.76104847351401; abs=2.76104847351401
70-d KO-level provider replacement,Unplanted,K18968,70,0.25,0.5,12,0.7545895177292129,0.1857266054495181,,Function_log2FC=-0.93496857514318; abs=0.93496857514318
70-d KO-level provider replacement,Tomato-planted,K18968,70,0.25,0.5,12,0.7567017582480066,0.17133724616296145,,Function_log2FC=-1.85691966673683; abs=1.85691966673683
70-d KO-level provider replacement,Unplanted,K00046,70,0.25,0.5,10,0.6222224598857891,0.1732691965735633,,Function_log2FC=-0.410907782989602; abs=0.410907782989602
70-d KO-level provider replacement,Tomato-planted,K00046,70,0.25,0.5,10,0.6875827162907312,0.18150379433494213,,Function_log2FC=-0.542416998327569; abs=0.542416998327569
70-d KO-level provider replacement,Unplanted,K21567,70,0.25,0.5,9,0.5765028108818654,0.16702671086577872,,Function_log2FC=0.5572514523937; abs=0.5572514523937
70-d KO-level provider replacement,Tomato-planted,K21567,70,0.25,0.5,9,0.6252887086155883,0.09817734185207898,,Function_log2FC=0.62677905979234; abs=0.62677905979234
70-d KO-level provider replacement,Unplanted,K03367,70,0.25,0.5,8,0.576546900332235,0.1952625176402149,,Function_log2FC=1.44293641863898; abs=1.44293641863898
70-d KO-level provider replacement,Tomato-planted,K03367,70,0.25,0.5,8,0.6098221860543607,0.15224022104605076,,Function_log2FC=1.04226070434104; abs=1.04226070434104
70-d KO-level provider replacement,Unplanted,K20238,70,0.25,0.5,4,0.016976653735786412,0.06792722671083498,,Function_log2FC=0.537054691752708; abs=0.537054691752708
70-d KO-level provider replacement,Tomato-planted,K20238,70,0.25,0.5,4,0.09235085706949234,0.06431926813939007,,Function_log2FC=-0.527205437931727; abs=0.527205437931727
70-d KO-level provider replacement,Unplanted,K03230,70,0.25,0.5,9,0.2493016470890041,0.27228051781077506,,Function_log2FC=0.0338743095444879; abs=0.0338743095444879
70-d KO-level provider replacement,Tomato-planted,K03230,70,0.25,0.5,9,0.2080676098657363,0.2574385544964702,,Function_log2FC=-0.594485685548156; abs=0.594485685548156
70-d KO-level provider replacement,Unplanted,K16033,70,0.25,0.5,11,0.5329228370383905,0.18949283729153155,,Function_log2FC=-0.244630289103302; abs=0.244630289103302
70-d KO-level provider replacement,Tomato-planted,K16033,70,0.25,0.5,11,0.5726760123475202,0.20176786354449922,,Function_log2FC=-0.440529421432228; abs=0.440529421432228
70-d KO-level provider replacement,Unplanted,K23825,70,0.25,0.5,11,0.9228841004486837,0.1101233807814717,,Function_log2FC=0.936881888456198; abs=0.936881888456198
70-d KO-level provider replacement,Tomato-planted,K23825,70,0.25,0.5,11,0.9178416018961941,0.09941740586400805,,Function_log2FC=1.30338590715899; abs=1.30338590715899
70-d KO-level provider replacement,Unplanted,K00156,70,0.25,0.5,17,0.7865819223613162,0.1211560808595296,,Function_log2FC=0.406510098965356; abs=0.406510098965356
70-d KO-level provider replacement,Tomato-planted,K00156,70,0.25,0.5,17,0.7976314472457252,0.11076709496750375,,Function_log2FC=0.819899687155809; abs=0.819899687155809
70-d KO-level provider replacement,Unplanted,K08988,70,0.25,0.5,15,0.28590074608583776,0.1544912670516818,,Function_log2FC=0.452280593752634; abs=0.452280593752634
70-d KO-level provider replacement,Tomato-planted,K08988,70,0.25,0.5,15,0.32685682258762533,0.16054980054926288,,Function_log2FC=0.759274256099029; abs=0.759274256099029
70-d KO-level provider replacement,Unplanted,K10125,70,0.25,0.5,6,0.13110545905316529,0.31802059311428027,,Function_log2FC=0.367367016292771; abs=0.367367016292771
70-d KO-level provider replacement,Tomato-planted,K10125,70,0.25,0.5,6,0.24568208404728029,0.2934018301252153,,Function_log2FC=0.91569826002212; abs=0.91569826002212
70-d KO-level provider replacement,Unplanted,K07319,70,0.25,0.5,2,0.5732632703988763,0.06487913292432425,,Function_log2FC=2.97610694125909; abs=2.97610694125909
70-d KO-level provider replacement,Tomato-planted,K07319,70,0.25,0.5,2,0.7389111313555088,0.055336718973507656,,Function_log2FC=3.30599205689757; abs=3.30599205689757
70-d KO-level provider replacement,Unplanted,K18240,70,0.25,0.5,3,0.1295731434289175,0.12278576633084184,,Function_log2FC=-0.352803240366909; abs=0.352803240366909
70-d KO-level provider replacement,Tomato-planted,K18240,70,0.25,0.5,3,0.1936206715898669,0.18307144605935954,,Function_log2FC=-0.864751847007542; abs=0.864751847007542
70-d KO-level provider replacement,Unplanted,K04782,70,0.25,0.5,3,0.09345568807060553,0.02470746678581842,,Function_log2FC=1.08446697257037; abs=1.08446697257037
70-d KO-level provider replacement,Tomato-planted,K04782,70,0.25,0.5,3,0.13149460154066725,0.023389396058288464,,Function_log2FC=1.86416766822292; abs=1.86416766822292
70-d KO-level provider replacement,Unplanted,K00433,70,0.25,0.5,27,0.5972253828321638,0.19575373501817017,,Function_log2FC=0.431344818422566; abs=0.431344818422566
70-d KO-level provider replacement,Tomato-planted,K00433,70,0.25,0.5,27,0.644805100284068,0.11770627488759891,,Function_log2FC=0.484205958917424; abs=0.484205958917424
70-d KO-level provider replacement,Unplanted,K06189,70,0.25,0.5,9,0.24901155581353748,0.12233050410239726,,Function_log2FC=-0.263018175352619; abs=0.263018175352619
70-d KO-level provider replacement,Tomato-planted,K06189,70,0.25,0.5,9,0.3660578947630491,0.14862088311131472,,Function_log2FC=-0.750418989027734; abs=0.750418989027734
70-d KO-level provider replacement,Unplanted,K16907,70,0.25,0.5,3,0.14920948069596612,0.035629105118212795,,Function_log2FC=-1.07495933257356; abs=1.07495933257356
70-d KO-level provider replacement,Tomato-planted,K16907,70,0.25,0.5,3,0.34600280176758075,0.0002168226875310653,,Function_log2FC=-1.42091704199883; abs=1.42091704199883
70-d KO-level provider replacement,Unplanted,K03299,70,0.25,0.5,8,0.86423630227369,0.2623018740870264,,Function_log2FC=0.148794540067314; abs=0.148794540067314
70-d KO-level provider replacement,Tomato-planted,K03299,70,0.25,0.5,8,0.849691941901656,0.2657571935795259,,Function_log2FC=0.695906007103998; abs=0.695906007103998
70-d KO-level provider replacement,Unplanted,K05562,70,0.25,0.5,3,0.031572025275223854,0.014846116063885586,,Function_log2FC=0.559096992318045; abs=0.559096992318045
70-d KO-level provider replacement,Tomato-planted,K05562,70,0.25,0.5,3,0.027813555885749658,0.016535578390578287,,Function_log2FC=0.127593695149966; abs=0.127593695149966
70-d KO-level provider replacement,Unplanted,K03775,70,0.25,0.5,9,0.34062742258557555,0.15699150983773752,,Function_log2FC=-0.0360423244310664; abs=0.0360423244310664
70-d KO-level provider replacement,Tomato-planted,K03775,70,0.25,0.5,9,0.29556413900729755,0.21036794745584453,,Function_log2FC=-0.319149575395773; abs=0.319149575395773
70-d KO-level provider replacement,Unplanted,K07014,70,0.25,0.5,4,0.2312182663702573,0.29561885172009744,,Function_log2FC=-0.68399443215447; abs=0.68399443215447
70-d KO-level provider replacement,Tomato-planted,K07014,70,0.25,0.5,4,0.16732938013352877,0.2945149563738829,,Function_log2FC=-1.2619051260398; abs=1.2619051260398
70-d KO-level provider replacement,Unplanted,K01186,70,0.25,0.5,8,0.9036822931672559,0.15185827635930332,,Function_log2FC=0.352351628158087; abs=0.352351628158087
70-d KO-level provider replacement,Tomato-planted,K01186,70,0.25,0.5,8,0.911996881296229,0.1546774272334357,,Function_log2FC=1.10342244369105; abs=1.10342244369105
70-d KO-level provider replacement,Unplanted,K09136,70,0.25,0.5,4,0.6976332306854416,0.8580218436912137,,Function_log2FC=0.27977626670436; abs=0.27977626670436
70-d KO-level provider replacement,Tomato-planted,K09136,70,0.25,0.5,4,0.914120269082901,0.8325965833285203,,Function_log2FC=0.655360240659843; abs=0.655360240659843
70-d KO-level provider replacement,Unplanted,K11407,70,0.25,0.5,9,0.2866962658959734,0.12625285147173498,,Function_log2FC=-2.60654789702753; abs=2.60654789702753
70-d KO-level provider replacement,Tomato-planted,K11407,70,0.25,0.5,9,0.3951104091743013,0.1326232996297906,,Function_log2FC=-1.14134910316715; abs=1.14134910316715
70-d KO-level provider replacement,Unplanted,K09667,70,0.25,0.5,14,0.2923586990825122,0.13155999848980376,,Function_log2FC=-0.234068895741468; abs=0.234068895741468
70-d KO-level provider replacement,Tomato-planted,K09667,70,0.25,0.5,14,0.40414447833863215,0.12256954463938152,,Function_log2FC=-0.729093983234077; abs=0.729093983234077
70-d KO-level provider replacement,Unplanted,K00986,70,0.25,0.5,13,0.5141621280360354,0.3277163331585718,,Function_log2FC=-1.13578438241799; abs=1.13578438241799
70-d KO-level provider replacement,Tomato-planted,K00986,70,0.25,0.5,13,0.48116781118764695,0.3067521176519783,,Function_log2FC=-1.10577468193008; abs=1.10577468193008
70-d KO-level provider replacement,Unplanted,K19338,70,0.25,0.5,11,0.7730004222964818,0.1485806440190081,,Function_log2FC=0.382303252903376; abs=0.382303252903376
70-d KO-level provider replacement,Tomato-planted,K19338,70,0.25,0.5,11,0.8226543168864408,0.14348239447958802,,Function_log2FC=-0.121774823163531; abs=0.121774823163531
70-d KO-level provider replacement,Unplanted,K07794,70,0.25,0.5,5,0.47890117028948315,0.30816464709317226,,Function_log2FC=-0.016896753532619; abs=0.016896753532619
70-d KO-level provider replacement,Tomato-planted,K07794,70,0.25,0.5,5,0.4895361427444221,0.25747188780312885,,Function_log2FC=0.00729657203543424; abs=0.00729657203543424
70-d KO-level provider replacement,Unplanted,K05829,70,0.25,0.5,11,0.5773512662823429,0.14127295071811843,,Function_log2FC=0.0753894242905073; abs=0.0753894242905073
70-d KO-level provider replacement,Tomato-planted,K05829,70,0.25,0.5,11,0.6155337475930895,0.06261676090773864,,Function_log2FC=0.0553817468615147; abs=0.0553817468615147
70-d KO-level provider replacement,Unplanted,K10118,70,0.25,0.5,13,0.8597691617627788,0.1657371540891723,,Function_log2FC=0.734187554584859; abs=0.734187554584859
70-d KO-level provider replacement,Tomato-planted,K10118,70,0.25,0.5,13,0.8718294148085247,0.16014484545930868,,Function_log2FC=0.874102223217556; abs=0.874102223217556
70-d KO-level provider replacement,Unplanted,K00661,70,0.25,0.5,17,0.36936156099890777,0.24037375273000045,,Function_log2FC=0.801899176936482; abs=0.801899176936482
70-d KO-level provider replacement,Tomato-planted,K00661,70,0.25,0.5,17,0.3133126028407288,0.21103399389586802,,Function_log2FC=1.06792263148915; abs=1.06792263148915
70-d KO-level provider replacement,Unplanted,K09749,70,0.25,0.5,2,0.02674208459767266,0.0031275135802572573,,Function_log2FC=0.0737241833140368; abs=0.0737241833140368
70-d KO-level provider replacement,Tomato-planted,K09749,70,0.25,0.5,2,0.05275213178629337,0.007550124055251239,,Function_log2FC=0.110197261866091; abs=0.110197261866091
70-d KO-level provider replacement,Unplanted,K03826,70,0.25,0.5,6,0.7456576872547697,0.1539729649818635,,Function_log2FC=2.35502852808459; abs=2.35502852808459
70-d KO-level provider replacement,Tomato-planted,K03826,70,0.25,0.5,6,0.8489350617252274,0.09069667206207091,,Function_log2FC=0.720808313007463; abs=0.720808313007463
70-d KO-level provider replacement,Unplanted,K12506,70,0.25,0.5,3,0.23848217447352496,0.04083952313255374,,Function_log2FC=0.082138884565883; abs=0.082138884565883
70-d KO-level provider replacement,Tomato-planted,K12506,70,0.25,0.5,3,0.30244528029189255,0.035073153250858746,,Function_log2FC=0.563477436425914; abs=0.563477436425914
70-d KO-level provider replacement,Unplanted,K16647,70,0.25,0.5,5,0.36081084139742253,0.2629841561825311,,Function_log2FC=1.34754035292197; abs=1.34754035292197
70-d KO-level provider replacement,Tomato-planted,K16647,70,0.25,0.5,5,0.45596052908154805,0.23834608076558267,,Function_log2FC=1.39169879831275; abs=1.39169879831275
70-d KO-level provider replacement,Unplanted,K09985,70,0.25,0.5,4,0.21907588424630978,0.041365960204484374,,Function_log2FC=0.0623490259559614; abs=0.0623490259559614
70-d KO-level provider replacement,Tomato-planted,K09985,70,0.25,0.5,4,0.3011963670327992,0.03249162982453665,,Function_log2FC=0.615485618564005; abs=0.615485618564005
70-d KO-level provider replacement,Unplanted,K09780,70,0.25,0.5,21,0.4070102767615017,0.1422191389282609,,Function_log2FC=-0.283191798909154; abs=0.283191798909154
70-d KO-level provider replacement,Tomato-planted,K09780,70,0.25,0.5,21,0.463771694423752,0.10683921380428474,,Function_log2FC=0.1831342047051; abs=0.1831342047051
70-d KO-level provider replacement,Unplanted,K13525,70,0.25,0.5,13,0.5605704528584501,0.2097890452461185,,Function_log2FC=0.16819413811799; abs=0.16819413811799
70-d KO-level provider replacement,Tomato-planted,K13525,70,0.25,0.5,13,0.6077495038724154,0.12951467406283643,,Function_log2FC=0.58264661802842; abs=0.58264661802842
70-d KO-level provider replacement,Unplanted,K22502,70,0.25,0.5,2,0.9211556841003088,0.020114881932490482,,Function_log2FC=1.35761916559236; abs=1.35761916559236
70-d KO-level provider replacement,Tomato-planted,K22502,70,0.25,0.5,2,0.7938903975587028,0.015421765441472696,,Function_log2FC=1.82468417539153; abs=1.82468417539153
70-d KO-level provider replacement,Unplanted,K16652,70,0.25,0.5,10,0.8090979370748654,0.08543620004470565,,Function_log2FC=-1.75594220573307; abs=1.75594220573307
70-d KO-level provider replacement,Tomato-planted,K16652,70,0.25,0.5,10,0.8076366294153053,0.0736057048118102,,Function_log2FC=-1.55510624921582; abs=1.55510624921582
70-d KO-level provider replacement,Unplanted,K18030,70,0.25,0.5,4,0.19922332742497084,0.10570077693518799,,Function_log2FC=-0.968367414295299; abs=0.968367414295299
70-d KO-level provider replacement,Tomato-planted,K18030,70,0.25,0.5,4,0.18915296768671072,0.08218236268300783,,Function_log2FC=-1.11902531601597; abs=1.11902531601597
70-d KO-level provider replacement,Unplanted,K08169,70,0.25,0.5,6,0.3248411253141242,0.3176303218355845,,Function_log2FC=0.505918574582617; abs=0.505918574582617
70-d KO-level provider replacement,Tomato-planted,K08169,70,0.25,0.5,6,0.3440565439094346,0.18733510238294449,,Function_log2FC=0.676192363044213; abs=0.676192363044213
70-d KO-level provider replacement,Unplanted,K12308,70,0.25,0.5,19,0.549428461534797,0.2888099374922888,,Function_log2FC=0.425043406719421; abs=0.425043406719421
70-d KO-level provider replacement,Tomato-planted,K12308,70,0.25,0.5,19,0.648497491460404,0.2920712164640702,,Function_log2FC=0.967352768697175; abs=0.967352768697175
70-d KO-level provider replacement,Unplanted,K23228,70,0.25,0.5,8,0.8778656181219064,0.11208298514041334,,Function_log2FC=0.583095788811016; abs=0.583095788811016
70-d KO-level provider replacement,Tomato-planted,K23228,70,0.25,0.5,8,0.9113207075615792,0.13976029831126657,,Function_log2FC=1.03582532630799; abs=1.03582532630799
70-d KO-level provider replacement,Unplanted,K07485,70,0.25,0.5,15,0.49361790543111084,0.2289423436946679,,Function_log2FC=1.7955036661568; abs=1.7955036661568
70-d KO-level provider replacement,Tomato-planted,K07485,70,0.25,0.5,15,0.5370866845537616,0.20627768316772205,,Function_log2FC=2.24327567659465; abs=2.24327567659465
70-d KO-level provider replacement,Unplanted,K03223,70,0.25,0.5,4,0.1067447722362904,0.33579017300236186,,Function_log2FC=-0.825694892511537; abs=0.825694892511537
70-d KO-level provider replacement,Tomato-planted,K03223,70,0.25,0.5,4,0.1860044300361246,0.33122730951315893,,Function_log2FC=-1.48431046886002; abs=1.48431046886002
70-d KO-level provider replacement,Unplanted,K21575,70,0.25,0.5,6,0.3800756778808819,0.14870776776408537,,Function_log2FC=-0.0885664949295113; abs=0.0885664949295113
70-d KO-level provider replacement,Tomato-planted,K21575,70,0.25,0.5,6,0.17304112041826167,0.11042047920445149,,Function_log2FC=0.197572936422411; abs=0.197572936422411
70-d KO-level provider replacement,Unplanted,K09771,70,0.25,0.5,8,0.6530808103921766,0.1349688384181238,,Function_log2FC=0.714059982020488; abs=0.714059982020488
70-d KO-level provider replacement,Tomato-planted,K09771,70,0.25,0.5,8,0.6483041304889151,0.14533826712021575,,Function_log2FC=1.74546514350799; abs=1.74546514350799
70-d KO-level provider replacement,Unplanted,K07110,70,0.25,0.5,5,0.15834341920531175,0.06051944317767727,,Function_log2FC=0.359503910156462; abs=0.359503910156462
70-d KO-level provider replacement,Tomato-planted,K07110,70,0.25,0.5,5,0.22856608569546957,0.04519233769238561,,Function_log2FC=0.963808119960599; abs=0.963808119960599
70-d KO-level provider replacement,Unplanted,K07665,70,0.25,0.5,10,0.7839798306516794,0.058313103179217896,,Function_log2FC=-0.527726582997521; abs=0.527726582997521
70-d KO-level provider replacement,Tomato-planted,K07665,70,0.25,0.5,10,0.768814123400564,0.05543369802599408,,Function_log2FC=-0.321398742594248; abs=0.321398742594248
70-d KO-level provider replacement,Unplanted,K21337,70,0.25,0.5,2,0.13159888239030565,0.008300470341728733,,Function_log2FC=-3.37231456806872; abs=3.37231456806872
70-d KO-level provider replacement,Tomato-planted,K21337,70,0.25,0.5,2,0.1648772035166214,0.00017758032638931498,,Function_log2FC=-4.36199675883968; abs=4.36199675883968
70-d KO-level provider replacement,Unplanted,K09859,70,0.25,0.5,4,0.10426972126969464,0.30727657272043074,,Function_log2FC=0.110530019310423; abs=0.110530019310423
70-d KO-level provider replacement,Tomato-planted,K09859,70,0.25,0.5,4,0.12757253060943438,0.30497881091255075,,Function_log2FC=-0.537445360687521; abs=0.537445360687521
70-d KO-level provider replacement,Unplanted,K21162,70,0.25,0.5,8,0.3792398462577702,0.21776987529730718,,Function_log2FC=0.839876673834018; abs=0.839876673834018
70-d KO-level provider replacement,Tomato-planted,K21162,70,0.25,0.5,8,0.4595053677094222,0.14517357646698995,,Function_log2FC=1.1520109939574; abs=1.1520109939574
70-d KO-level provider replacement,Unplanted,K21163,70,0.25,0.5,3,0.6269798170586742,0.09770039761733364,,Function_log2FC=0.171446901003425; abs=0.171446901003425
70-d KO-level provider replacement,Tomato-planted,K21163,70,0.25,0.5,3,0.7844434853940873,0.051723035786488375,,Function_log2FC=0.648313700912426; abs=0.648313700912426
70-d KO-level provider replacement,Unplanted,K07536,70,0.25,0.5,4,0.7939074232857228,0.14791527300112267,,Function_log2FC=-0.191589955834628; abs=0.191589955834628
70-d KO-level provider replacement,Tomato-planted,K07536,70,0.25,0.5,4,0.8601051949488141,0.08600659406403544,,Function_log2FC=0.486978082745385; abs=0.486978082745385
70-d KO-level provider replacement,Unplanted,K14673,70,0.25,0.5,4,0.12161493638362816,0.0538956987162996,,Function_log2FC=1.59034821477521; abs=1.59034821477521
70-d KO-level provider replacement,Tomato-planted,K14673,70,0.25,0.5,4,0.22878880418719394,0.01762947095691165,,Function_log2FC=5.46761089040456; abs=5.46761089040456
70-d KO-level provider replacement,Unplanted,K21681,70,0.25,0.5,8,0.7344177007083884,0.1796728021577809,,Function_log2FC=0.474594817440774; abs=0.474594817440774
70-d KO-level provider replacement,Tomato-planted,K21681,70,0.25,0.5,8,0.7189981209032206,0.1510600794381864,,Function_log2FC=1.37033702602752; abs=1.37033702602752
70-d KO-level provider replacement,Unplanted,K13745,70,0.25,0.5,16,0.7920428787341303,0.07454661553723069,,Function_log2FC=0.945982025232171; abs=0.945982025232171
70-d KO-level provider replacement,Tomato-planted,K13745,70,0.25,0.5,16,0.7987309641020386,0.06549322935626813,,Function_log2FC=1.16155065682461; abs=1.16155065682461
70-d KO-level provider replacement,Unplanted,K08082,70,0.25,0.5,5,0.1472157707705202,0.08851601512046096,,Function_log2FC=-0.217185542875914; abs=0.217185542875914
70-d KO-level provider replacement,Tomato-planted,K08082,70,0.25,0.5,5,0.17176487382863403,0.0743215859611486,,Function_log2FC=-0.703138849768226; abs=0.703138849768226
70-d KO-level provider replacement,Unplanted,K15315,70,0.25,0.5,2,0.1659573890280419,0.03664834383399812,,Function_log2FC=-0.109632313358322; abs=0.109632313358322
70-d KO-level provider replacement,Tomato-planted,K15315,70,0.25,0.5,2,0.5038294358596387,0.00014695258263031086,,Function_log2FC=1.66545581431579; abs=1.66545581431579
70-d KO-level provider replacement,Unplanted,K03893,70,0.25,0.5,7,0.13726366596016332,0.3083544461291181,,Function_log2FC=0.530473099808433; abs=0.530473099808433
70-d KO-level provider replacement,Tomato-planted,K03893,70,0.25,0.5,7,0.38013589858164626,0.26513775540981444,,Function_log2FC=1.52112096304374; abs=1.52112096304374
70-d KO-level provider replacement,Unplanted,K08225,70,0.25,0.5,19,0.5689322258179519,0.107047924159493,,Function_log2FC=1.43728420929428; abs=1.43728420929428
70-d KO-level provider replacement,Tomato-planted,K08225,70,0.25,0.5,19,0.6705960778190477,0.07175569643827287,,Function_log2FC=-0.156125016469268; abs=0.156125016469268
70-d KO-level provider replacement,Unplanted,K05825,70,0.25,0.5,20,0.699859249559075,0.15122489042516984,,Function_log2FC=0.242578093909226; abs=0.242578093909226
70-d KO-level provider replacement,Tomato-planted,K05825,70,0.25,0.5,20,0.7392737811383103,0.1369076338904233,,Function_log2FC=0.545196377628816; abs=0.545196377628816
70-d KO-level provider replacement,Unplanted,K15876,70,0.25,0.5,10,0.29369321715887997,0.25577281979929634,,Function_log2FC=0.274955012597065; abs=0.274955012597065
70-d KO-level provider replacement,Tomato-planted,K15876,70,0.25,0.5,10,0.18365611998028716,0.290743168491955,,Function_log2FC=0.268344027126947; abs=0.268344027126947
70-d KO-level provider replacement,Unplanted,K02770,70,0.25,0.5,15,0.44418529945587903,0.1567841345584576,,Function_log2FC=0.329284768888308; abs=0.329284768888308
70-d KO-level provider replacement,Tomato-planted,K02770,70,0.25,0.5,15,0.4630158525932947,0.10891512402717386,,Function_log2FC=0.407705094523269; abs=0.407705094523269
70-d KO-level provider replacement,Unplanted,K11004,70,0.25,0.5,2,0.48573756222118936,0.38680976552587404,,Function_log2FC=0.0915360480708609; abs=0.0915360480708609
70-d KO-level provider replacement,Tomato-planted,K11004,70,0.25,0.5,2,0.2910421398226043,0.06202840947849045,,Function_log2FC=-0.588839946288067; abs=0.588839946288067
70-d KO-level provider replacement,Unplanted,K23301,70,0.25,0.5,6,0.374443192421825,0.28774188840034526,,Function_log2FC=-1.45012390358959; abs=1.45012390358959
70-d KO-level provider replacement,Tomato-planted,K23301,70,0.25,0.5,6,0.43123976320904334,0.2964141622998567,,Function_log2FC=-1.28368484461347; abs=1.28368484461347
70-d KO-level provider replacement,Unplanted,K18912,70,0.25,0.5,23,0.5646266862074705,0.23369802440363704,,Function_log2FC=0.046966226837388; abs=0.046966226837388
70-d KO-level provider replacement,Tomato-planted,K18912,70,0.25,0.5,23,0.6398469696331271,0.19237025476261416,,Function_log2FC=0.138275460203601; abs=0.138275460203601
70-d KO-level provider replacement,Unplanted,K12255,70,0.25,0.5,2,0.08823935737966215,0.1817619082053194,,Function_log2FC=-0.416045750431733; abs=0.416045750431733
70-d KO-level provider replacement,Tomato-planted,K12255,70,0.25,0.5,2,0.20077568613023494,0.15277218557903777,,Function_log2FC=0.311435486224264; abs=0.311435486224264
70-d KO-level provider replacement,Unplanted,K00571,70,0.25,0.5,14,0.30132480073125145,0.15345862284465098,,Function_log2FC=0.535884767494618; abs=0.535884767494618
70-d KO-level provider replacement,Tomato-planted,K00571,70,0.25,0.5,14,0.22499814318441178,0.16687539672389162,,Function_log2FC=0.245587121815321; abs=0.245587121815321
70-d KO-level provider replacement,Unplanted,K16044,70,0.25,0.5,16,0.7714119906890098,0.1477297318853089,,Function_log2FC=0.994518271768187; abs=0.994518271768187
70-d KO-level provider replacement,Tomato-planted,K16044,70,0.25,0.5,16,0.8054628881797792,0.15554945848483412,,Function_log2FC=1.56757915654549; abs=1.56757915654549
70-d KO-level provider replacement,Unplanted,K14671,70,0.25,0.5,10,0.7456855201692143,0.200958374198945,,Function_log2FC=0.778040170216543; abs=0.778040170216543
70-d KO-level provider replacement,Tomato-planted,K14671,70,0.25,0.5,10,0.7585007202957861,0.1999170934276619,,Function_log2FC=2.20156332859435; abs=2.20156332859435
70-d KO-level provider replacement,Unplanted,K18547,70,0.25,0.5,7,0.9034096888527945,0.21620698048817866,,Function_log2FC=1.59796263639701; abs=1.59796263639701
70-d KO-level provider replacement,Tomato-planted,K18547,70,0.25,0.5,7,0.9108268801731549,0.24733345533736795,,Function_log2FC=1.98121612198099; abs=1.98121612198099
70-d KO-level provider replacement,Tomato-planted,K09962,70,0.25,0.5,5,0.9101278734389284,0.9121514860357756,,Function_log2FC=1.6227708057109; abs=1.6227708057109
70-d KO-level provider replacement,Unplanted,K06330,70,0.25,0.5,9,0.11186161550059173,0.30580831171639744,,Function_log2FC=1.75766465404348; abs=1.75766465404348
70-d KO-level provider replacement,Tomato-planted,K06330,70,0.25,0.5,9,0.1778024012644496,0.32499552386460884,,Function_log2FC=0.118098359291786; abs=0.118098359291786
70-d KO-level provider replacement,Unplanted,K23107,70,0.25,0.5,29,0.6521495051427294,0.136901873554752,,Function_log2FC=0.121005452579488; abs=0.121005452579488
70-d KO-level provider replacement,Tomato-planted,K23107,70,0.25,0.5,29,0.6729268134819666,0.10806793947780483,,Function_log2FC=0.353062853907627; abs=0.353062853907627
70-d KO-level provider replacement,Unplanted,K06903,70,0.25,0.5,18,0.5020210890187301,0.26238432342536416,,Function_log2FC=0.33450916069404; abs=0.33450916069404
70-d KO-level provider replacement,Tomato-planted,K06903,70,0.25,0.5,18,0.5201364496950132,0.26165422844600394,,Function_log2FC=0.593604939869844; abs=0.593604939869844
70-d KO-level provider replacement,Unplanted,K09702,70,0.25,0.5,7,0.3875411681322383,0.24931299272177146,,Function_log2FC=0.417308850421422; abs=0.417308850421422
70-d KO-level provider replacement,Tomato-planted,K09702,70,0.25,0.5,7,0.542613503688061,0.28513010099271435,,Function_log2FC=0.968278543798613; abs=0.968278543798613
70-d KO-level provider replacement,Unplanted,K01178,70,0.25,0.5,4,0.3028463628820624,0.060959815433864806,,Function_log2FC=-0.32898055166722; abs=0.32898055166722
70-d KO-level provider replacement,Tomato-planted,K01178,70,0.25,0.5,4,0.40479000597489345,0.012638226851075032,,Function_log2FC=-0.220056778643074; abs=0.220056778643074
70-d KO-level provider replacement,Unplanted,K01659,70,0.25,0.5,4,0.17141468555423017,0.030062651593387116,,Function_log2FC=-0.359153980844277; abs=0.359153980844277
70-d KO-level provider replacement,Tomato-planted,K01659,70,0.25,0.5,4,0.2136283078663835,0.04656738981957201,,Function_log2FC=-1.11033293625063; abs=1.11033293625063
70-d KO-level provider replacement,Unplanted,K22293,70,0.25,0.5,3,0.4790226384742717,0.3228324310178553,,Function_log2FC=0.329889099025716; abs=0.329889099025716
70-d KO-level provider replacement,Tomato-planted,K22293,70,0.25,0.5,3,0.6418573832690101,0.30321889512909456,,Function_log2FC=0.736005678308064; abs=0.736005678308064
70-d KO-level provider replacement,Unplanted,K14735,70,0.25,0.5,3,0.6158245595572847,0.12593071722286905,,Function_log2FC=-0.293332166173955; abs=0.293332166173955
70-d KO-level provider replacement,Tomato-planted,K14735,70,0.25,0.5,3,0.6587786178479313,0.11633463680157323,,Function_log2FC=-0.588490022493585; abs=0.588490022493585
70-d KO-level provider replacement,Unplanted,K15270,70,0.25,0.5,7,0.2151726406750473,0.16565615854251142,,Function_log2FC=-0.487998071800506; abs=0.487998071800506
70-d KO-level provider replacement,Tomato-planted,K15270,70,0.25,0.5,7,0.2621018698124275,0.21786302217183118,,Function_log2FC=-0.984193120686467; abs=0.984193120686467
70-d KO-level provider replacement,Unplanted,K18336,70,0.25,0.5,20,0.4234871681815624,0.2521747909004433,,Function_log2FC=0.463636883176906; abs=0.463636883176906
70-d KO-level provider replacement,Tomato-planted,K18336,70,0.25,0.5,20,0.5017221723082353,0.2385804728941352,,Function_log2FC=-0.312285524179748; abs=0.312285524179748
70-d KO-level provider replacement,Unplanted,K01616,70,0.25,0.5,15,0.8744608290899637,0.06602225318700798,,Function_log2FC=-1.66523756405749; abs=1.66523756405749
70-d KO-level provider replacement,Tomato-planted,K01616,70,0.25,0.5,15,0.8792469578317994,0.05167093845019835,,Function_log2FC=-1.79780441993352; abs=1.79780441993352
70-d KO-level provider replacement,Unplanted,K15642,70,0.25,0.5,2,0.024330574048745834,0.0385737994085697,,Function_log2FC=0.0224305115459194; abs=0.0224305115459194
70-d KO-level provider replacement,Tomato-planted,K15642,70,0.25,0.5,2,0.011162986593817455,0.003563559306090369,,Function_log2FC=-0.834287748632922; abs=0.834287748632922
70-d KO-level provider replacement,Unplanted,K19005,70,0.25,0.5,5,0.24796341267074565,0.0748616911242146,,Function_log2FC=-0.293861579815378; abs=0.293861579815378
70-d KO-level provider replacement,Tomato-planted,K19005,70,0.25,0.5,5,0.3130612156279085,0.022763576152635814,,Function_log2FC=0.0832591551062396; abs=0.0832591551062396
70-d KO-level provider replacement,Unplanted,K01761,70,0.25,0.5,11,0.5912734272653535,0.1928524910424046,,Function_log2FC=0.237781001475469; abs=0.237781001475469
70-d KO-level provider replacement,Tomato-planted,K01761,70,0.25,0.5,11,0.6626713499613947,0.11249901107577631,,Function_log2FC=0.674698355536155; abs=0.674698355536155
70-d KO-level provider replacement,Unplanted,K22693,70,0.25,0.5,2,0.13258645698898303,0.031740630188406865,,Function_log2FC=-0.704208442078732; abs=0.704208442078732
70-d KO-level provider replacement,Tomato-planted,K22693,70,0.25,0.5,2,0.3367459886828601,0.00013128114398333612,,Function_log2FC=-1.40982934160874; abs=1.40982934160874
70-d KO-level provider replacement,Unplanted,K00563,70,0.25,0.5,4,0.6451908266304228,0.10103696410360459,,Function_log2FC=-0.182276347137112; abs=0.182276347137112
70-d KO-level provider replacement,Tomato-planted,K00563,70,0.25,0.5,4,0.6746955156745527,0.12137593241996411,,Function_log2FC=0.708601404843219; abs=0.708601404843219
70-d KO-level provider replacement,Unplanted,K18233,70,0.25,0.5,7,0.8278134599408382,0.08361610133946122,,Function_log2FC=1.14416321523048; abs=1.14416321523048
70-d KO-level provider replacement,Tomato-planted,K18233,70,0.25,0.5,7,0.9008659257604591,0.05596217071177349,,Function_log2FC=2.09277924488501; abs=2.09277924488501
70-d KO-level provider replacement,Unplanted,K01134,70,0.25,0.5,11,0.623323690272916,0.13262950383516883,,Function_log2FC=-0.012348374264237; abs=0.012348374264237
70-d KO-level provider replacement,Tomato-planted,K01134,70,0.25,0.5,11,0.6376990308467863,0.09914712173539601,,Function_log2FC=-0.0301841952955241; abs=0.0301841952955241
70-d KO-level provider replacement,Unplanted,K16432,70,0.25,0.5,3,0.9604550096335475,0.1440102966594862,,Function_log2FC=-4.51577878216716; abs=4.51577878216716
70-d KO-level provider replacement,Tomato-planted,K16432,70,0.25,0.5,3,0.9849544763106822,0.17866333985720217,,Function_log2FC=-1.58035581165781; abs=1.58035581165781
70-d KO-level provider replacement,Unplanted,K22694,70,0.25,0.5,3,0.695864511539263,0.11689892883398166,,Function_log2FC=0.0308094184758893; abs=0.0308094184758893
70-d KO-level provider replacement,Tomato-planted,K22694,70,0.25,0.5,3,0.7947731146760276,0.07231337209974462,,Function_log2FC=-0.50469191696759; abs=0.50469191696759
70-d KO-level provider replacement,Unplanted,K21251,70,0.25,0.5,5,0.8136030053341001,0.7511920565477392,,Function_log2FC=2.03923876899158; abs=2.03923876899158
70-d KO-level provider replacement,Tomato-planted,K21251,70,0.25,0.5,5,0.8079088580887417,0.744437022785957,,Function_log2FC=2.84714865930997; abs=2.84714865930997
70-d KO-level provider replacement,Unplanted,K03465,70,0.25,0.5,16,0.4470371689744858,0.24662682849370118,,Function_log2FC=0.472965086877661; abs=0.472965086877661
70-d KO-level provider replacement,Tomato-planted,K03465,70,0.25,0.5,16,0.5704895052249457,0.1733267607757308,,Function_log2FC=0.410274890197355; abs=0.410274890197355
70-d KO-level provider replacement,Unplanted,K07008,70,0.25,0.5,10,0.7425640984706414,0.1030303336424556,,Function_log2FC=-0.244324277189634; abs=0.244324277189634
70-d KO-level provider replacement,Tomato-planted,K07008,70,0.25,0.5,10,0.829939845511841,0.08746068749325532,,Function_log2FC=1.07473053036706; abs=1.07473053036706
70-d KO-level provider replacement,Unplanted,K02227,70,0.25,0.5,14,0.6449719482949811,0.13222813477898418,,Function_log2FC=0.141838244062237; abs=0.141838244062237
70-d KO-level provider replacement,Tomato-planted,K02227,70,0.25,0.5,14,0.6978359872465766,0.11896280697259773,,Function_log2FC=0.0559496110921437; abs=0.0559496110921437
70-d KO-level provider replacement,Unplanted,K04772,70,0.25,0.5,12,0.37153681067687816,0.1506296238448804,,Function_log2FC=-0.211245030235296; abs=0.211245030235296
70-d KO-level provider replacement,Tomato-planted,K04772,70,0.25,0.5,12,0.35005500924645433,0.1904398126721802,,Function_log2FC=-0.806962948705879; abs=0.806962948705879
70-d KO-level provider replacement,Unplanted,K04073,70,0.25,0.5,9,0.6798183272428276,0.13853419247044915,,Function_log2FC=0.0123874014924557; abs=0.0123874014924557
70-d KO-level provider replacement,Tomato-planted,K04073,70,0.25,0.5,9,0.7008005608977159,0.13828289943773844,,Function_log2FC=0.41434104137548; abs=0.41434104137548
70-d KO-level provider replacement,Unplanted,K00351,70,0.25,0.5,4,0.2759153265252705,0.1143040588618956,,Function_log2FC=-1.32355756172411; abs=1.32355756172411
70-d KO-level provider replacement,Tomato-planted,K00351,70,0.25,0.5,4,0.3787144487650498,0.21588419852657004,,Function_log2FC=-0.578797130697319; abs=0.578797130697319
70-d KO-level provider replacement,Unplanted,K18214,70,0.25,0.5,6,0.4784934878781364,0.7228712654626953,,Function_log2FC=1.87708168524701; abs=1.87708168524701
70-d KO-level provider replacement,Tomato-planted,K18214,70,0.25,0.5,6,0.8069997052258819,0.6948061152833866,,Function_log2FC=0.988516099405304; abs=0.988516099405304
70-d KO-level provider replacement,Unplanted,K08992,70,0.25,0.5,8,0.2838640049950246,0.12491203886665331,,Function_log2FC=-0.155387346540661; abs=0.155387346540661
70-d KO-level provider replacement,Tomato-planted,K08992,70,0.25,0.5,8,0.4060328827901314,0.12310214721235888,,Function_log2FC=-1.17763860523731; abs=1.17763860523731
70-d KO-level provider replacement,Unplanted,K10234,70,0.25,0.5,5,0.5997032573622116,0.5393133131333859,,Function_log2FC=0.337945007827818; abs=0.337945007827818
70-d KO-level provider replacement,Tomato-planted,K10234,70,0.25,0.5,5,0.6078078117018793,0.5405135909692984,,Function_log2FC=0.59193855315224; abs=0.59193855315224
70-d KO-level provider replacement,Unplanted,K00016,70,0.25,0.5,3,0.20660170795814214,0.35146753773970213,,Function_log2FC=0.237518844669957; abs=0.237518844669957
70-d KO-level provider replacement,Tomato-planted,K00016,70,0.25,0.5,3,0.20701748289679192,0.3430600311036258,,Function_log2FC=0.222894086019574; abs=0.222894086019574
70-d KO-level provider replacement,Unplanted,K16425,70,0.25,0.5,3,0.13943596452279883,0.09512188275668118,,Function_log2FC=1.50071314115889; abs=1.50071314115889
70-d KO-level provider replacement,Tomato-planted,K16425,70,0.25,0.5,3,0.06259351632732764,0.10228121115389684,,Function_log2FC=1.71001314982327; abs=1.71001314982327
70-d KO-level provider replacement,Unplanted,K06298,70,0.25,0.5,5,0.7620213681872315,0.10302387887877691,,Function_log2FC=1.45636497166965; abs=1.45636497166965
70-d KO-level provider replacement,Tomato-planted,K06298,70,0.25,0.5,5,0.7330150687622398,0.07595699485075921,,Function_log2FC=0.869594630051429; abs=0.869594630051429
70-d KO-level provider replacement,Unplanted,K05882,70,0.25,0.5,15,0.6296009372841836,0.1713145897458681,,Function_log2FC=0.108722738188718; abs=0.108722738188718
70-d KO-level provider replacement,Tomato-planted,K05882,70,0.25,0.5,15,0.7066579551898057,0.09615311895308157,,Function_log2FC=1.63043609423409; abs=1.63043609423409
70-d KO-level provider replacement,Unplanted,K21949,70,0.25,0.5,4,0.7894463894507648,0.7304943297031681,,Function_log2FC=0.590608840623941; abs=0.590608840623941
70-d KO-level provider replacement,Tomato-planted,K21949,70,0.25,0.5,4,0.6464595050223859,0.531957361802087,,Function_log2FC=1.23412972469757; abs=1.23412972469757
70-d KO-level provider replacement,Unplanted,K18851,70,0.25,0.5,8,0.7501599917652582,0.17551399997208011,,Function_log2FC=0.50103629802529; abs=0.50103629802529
70-d KO-level provider replacement,Tomato-planted,K18851,70,0.25,0.5,8,0.7930186929272547,0.16012531254150555,,Function_log2FC=0.432442326983661; abs=0.432442326983661
70-d KO-level provider replacement,Unplanted,K06864,70,0.25,0.5,15,0.6492599981633115,0.12243017769151235,,Function_log2FC=0.0763553585738964; abs=0.0763553585738964
70-d KO-level provider replacement,Tomato-planted,K06864,70,0.25,0.5,15,0.6610372651070648,0.09602925547042133,,Function_log2FC=-0.0497662639448212; abs=0.0497662639448212
70-d KO-level provider replacement,Unplanted,K15579,70,0.25,0.5,6,0.08347313508625276,0.3053955694408392,,Function_log2FC=-0.0707455122117197; abs=0.0707455122117197
70-d KO-level provider replacement,Tomato-planted,K15579,70,0.25,0.5,6,0.15803105933475453,0.3018511511740327,,Function_log2FC=-0.719256132910065; abs=0.719256132910065
70-d KO-level provider replacement,Unplanted,K07079,70,0.25,0.5,4,0.840504689678373,0.05120963152586288,,Function_log2FC=-0.0329557087561826; abs=0.0329557087561826
70-d KO-level provider replacement,Tomato-planted,K07079,70,0.25,0.5,4,0.8150445335236937,0.04682119830384941,,Function_log2FC=-0.332729839590333; abs=0.332729839590333
70-d KO-level provider replacement,Unplanted,K09158,70,0.25,0.5,5,0.20569414454353355,0.17553697134994192,,Function_log2FC=-0.107650697816137; abs=0.107650697816137
70-d KO-level provider replacement,Tomato-planted,K09158,70,0.25,0.5,5,0.2847943037191526,0.2525253805472061,,Function_log2FC=-0.398738747804386; abs=0.398738747804386
70-d KO-level provider replacement,Unplanted,K09861,70,0.25,0.5,11,0.7646501553130839,0.07165502329916346,,Function_log2FC=0.482719298358513; abs=0.482719298358513
70-d KO-level provider replacement,Tomato-planted,K09861,70,0.25,0.5,11,0.7691008754665934,0.06481500558309364,,Function_log2FC=0.893731407899147; abs=0.893731407899147
70-d KO-level provider replacement,Unplanted,K00537,70,0.25,0.5,23,0.3720917328336768,0.13765003509524193,,Function_log2FC=0.0375470152673082; abs=0.0375470152673082
70-d KO-level provider replacement,Tomato-planted,K00537,70,0.25,0.5,23,0.4679039591562363,0.13356134033230696,,Function_log2FC=0.543755879812281; abs=0.543755879812281
70-d KO-level provider replacement,Unplanted,K10008,70,0.25,0.5,9,0.9232036174355491,0.08454831475403903,,Function_log2FC=-0.111620096503055; abs=0.111620096503055
70-d KO-level provider replacement,Tomato-planted,K10008,70,0.25,0.5,9,0.9070452479367265,0.07456268692413584,,Function_log2FC=0.527132788116318; abs=0.527132788116318
70-d KO-level provider replacement,Unplanted,K17061,70,0.25,0.5,2,0.46827741117423205,0.03356040425198495,,Function_log2FC=2.35502852808459; abs=2.35502852808459
70-d KO-level provider replacement,Tomato-planted,K17061,70,0.25,0.5,2,0.437204970844832,0.17029478657634675,,Function_log2FC=2.14925272130305; abs=2.14925272130305
70-d KO-level provider replacement,Unplanted,K03528,70,0.25,0.5,3,0.21484754206828788,0.19191261114006838,,Function_log2FC=-0.249205027727953; abs=0.249205027727953
70-d KO-level provider replacement,Tomato-planted,K03528,70,0.25,0.5,3,0.30568100155178163,0.2777074593877327,,Function_log2FC=-0.887970366901965; abs=0.887970366901965
70-d KO-level provider replacement,Unplanted,K07662,70,0.25,0.5,2,0.23069640249724355,0.314710454713893,,Function_log2FC=-0.429182619590021; abs=0.429182619590021
70-d KO-level provider replacement,Tomato-planted,K07662,70,0.25,0.5,2,0.17777648401323523,0.3255856746020993,,Function_log2FC=-0.367134405185985; abs=0.367134405185985
70-d KO-level provider replacement,Unplanted,K02496,70,0.25,0.5,2,0.1328586748479184,0.1230477087613996,,Function_log2FC=-0.450616635434641; abs=0.450616635434641
70-d KO-level provider replacement,Tomato-planted,K02496,70,0.25,0.5,2,0.19929289077470844,0.18787988480062864,,Function_log2FC=-0.930796750467096; abs=0.930796750467096
70-d KO-level provider replacement,Unplanted,K22336,70,0.25,0.5,3,0.8022965343896746,0.09953647531872883,,Function_log2FC=-0.351796596596933; abs=0.351796596596933
70-d KO-level provider replacement,Tomato-planted,K22336,70,0.25,0.5,3,0.7701940351811806,0.08354173605270009,,Function_log2FC=0.0210088503383288; abs=0.0210088503383288
70-d KO-level provider replacement,Tomato-planted,K05551,70,0.25,0.5,2,0.7064086022742253,0.5086497506162182,,Function_log2FC=2.76371918743395; abs=2.76371918743395
70-d KO-level provider replacement,Unplanted,K08714,70,0.25,0.5,8,0.7230098436527275,0.10102885973879024,,Function_log2FC=0.358026909109485; abs=0.358026909109485
70-d KO-level provider replacement,Tomato-planted,K08714,70,0.25,0.5,8,0.7684444488842126,0.055280951502029614,,Function_log2FC=0.569505810049945; abs=0.569505810049945
70-d KO-level provider replacement,Unplanted,K21273,70,0.25,0.5,3,0.9328049198959758,0.019340051184830804,,Function_log2FC=-0.0882932134688414; abs=0.0882932134688414
70-d KO-level provider replacement,Tomato-planted,K21273,70,0.25,0.5,3,0.8800932267015806,0.01104873290052293,,Function_log2FC=0.803145831841465; abs=0.803145831841465
70-d KO-level provider replacement,Unplanted,K19270,70,0.25,0.5,17,0.7184227906133954,0.12396826440348233,,Function_log2FC=0.41192392928693; abs=0.41192392928693
70-d KO-level provider replacement,Tomato-planted,K19270,70,0.25,0.5,17,0.7352927593623307,0.09041913932679561,,Function_log2FC=0.645283762653923; abs=0.645283762653923
70-d KO-level provider replacement,Unplanted,K08162,70,0.25,0.5,5,0.24775953308787005,0.28168051308427094,,Function_log2FC=1.33242789562443; abs=1.33242789562443
70-d KO-level provider replacement,Tomato-planted,K08162,70,0.25,0.5,5,0.3437829693503778,0.2947263803270951,,Function_log2FC=1.92426840436507; abs=1.92426840436507
70-d KO-level provider replacement,Unplanted,K01400,70,0.25,0.5,9,0.8636548802047802,0.0511385406259448,,Function_log2FC=0.363058278673588; abs=0.363058278673588
70-d KO-level provider replacement,Tomato-planted,K01400,70,0.25,0.5,9,0.8396470901657938,0.04457991200056026,,Function_log2FC=0.118777797606346; abs=0.118777797606346
70-d KO-level provider replacement,Unplanted,K05555,70,0.25,0.5,19,0.5904977112088993,0.1534151643035322,,Function_log2FC=0.0249251045118682; abs=0.0249251045118682
70-d KO-level provider replacement,Tomato-planted,K05555,70,0.25,0.5,19,0.6513799848298061,0.07913776167534112,,Function_log2FC=0.307778556710038; abs=0.307778556710038
70-d KO-level provider replacement,Unplanted,K06409,70,0.25,0.5,8,0.3693637830100327,0.351534198799278,,Function_log2FC=0.386011024775743; abs=0.386011024775743
70-d KO-level provider replacement,Tomato-planted,K06409,70,0.25,0.5,8,0.4357050673217818,0.35641019149594744,,Function_log2FC=-0.211733738552318; abs=0.211733738552318
70-d KO-level provider replacement,Unplanted,K19068,70,0.25,0.5,4,0.2933423610784755,0.21433372590755073,,Function_log2FC=0.510685976803853; abs=0.510685976803853
70-d KO-level provider replacement,Tomato-planted,K19068,70,0.25,0.5,4,0.3453197315919553,0.29504685519942325,,Function_log2FC=2.38739962497447; abs=2.38739962497447
70-d KO-level provider replacement,Unplanted,K17330,70,0.25,0.5,10,0.9186693962213965,0.059753158700606164,,Function_log2FC=0.0509468052467743; abs=0.0509468052467743
70-d KO-level provider replacement,Tomato-planted,K17330,70,0.25,0.5,10,0.9219308815564132,0.042193273031506766,,Function_log2FC=0.684197413845414; abs=0.684197413845414
70-d KO-level provider replacement,Unplanted,K12454,70,0.25,0.5,7,0.2657261210448302,0.06715234229673799,,Function_log2FC=0.407296139262588; abs=0.407296139262588
70-d KO-level provider replacement,Tomato-planted,K12454,70,0.25,0.5,7,0.0869331786335755,0.07228272964352786,,Function_log2FC=0.733972295915714; abs=0.733972295915714
70-d KO-level provider replacement,Unplanted,K23624,70,0.25,0.5,3,0.007667733884694938,0.03183302488272585,,Function_log2FC=0.703087351510331; abs=0.703087351510331
70-d KO-level provider replacement,Tomato-planted,K23624,70,0.25,0.5,3,0.06045613576508461,0.030269492864091946,,Function_log2FC=0.775553184413504; abs=0.775553184413504
70-d KO-level provider replacement,Unplanted,K01725,70,0.25,0.5,3,0.016232712479034045,0.07349188353446616,,Function_log2FC=-0.128434453476228; abs=0.128434453476228
70-d KO-level provider replacement,Tomato-planted,K01725,70,0.25,0.5,3,0.09825146567449346,0.06966412162925316,,Function_log2FC=-0.666660061325147; abs=0.666660061325147
70-d KO-level provider replacement,Unplanted,K06202,70,0.25,0.5,3,0.5449493724793437,0.07689126849204758,,Function_log2FC=0.0810103279419198; abs=0.0810103279419198
70-d KO-level provider replacement,Tomato-planted,K06202,70,0.25,0.5,3,0.3188466113536312,0.08006665873794305,,Function_log2FC=-0.346412038463947; abs=0.346412038463947
70-d KO-level provider replacement,Unplanted,K17876,70,0.25,0.5,10,0.6577289015604646,0.1498986804600818,,Function_log2FC=2.56305914185989; abs=2.56305914185989
70-d KO-level provider replacement,Tomato-planted,K17876,70,0.25,0.5,10,0.7890219127193652,0.12865857128899677,,Function_log2FC=3.11955147075675; abs=3.11955147075675
70-d KO-level provider replacement,Unplanted,K10201,70,0.25,0.5,9,0.5510726903272354,0.1320831632305131,,Function_log2FC=0.759244042901377; abs=0.759244042901377
70-d KO-level provider replacement,Tomato-planted,K10201,70,0.25,0.5,9,0.6225098374593087,0.10050399258383695,,Function_log2FC=2.44721019215721; abs=2.44721019215721
70-d KO-level provider replacement,Unplanted,K21685,70,0.25,0.5,9,0.3052929678364921,0.25069943042893833,,Function_log2FC=2.78761625455857; abs=2.78761625455857
70-d KO-level provider replacement,Tomato-planted,K21685,70,0.25,0.5,9,0.28116480071940075,0.2444341913296757,,Function_log2FC=3.5371702951597; abs=3.5371702951597
70-d KO-level provider replacement,Unplanted,K06904,70,0.25,0.5,10,0.572618956238937,0.3854782266846996,,Function_log2FC=2.87510654832884; abs=2.87510654832884
70-d KO-level provider replacement,Tomato-planted,K06904,70,0.25,0.5,10,0.5914198044618351,0.39632894848345385,,Function_log2FC=2.33286785894844; abs=2.33286785894844
70-d KO-level provider replacement,Unplanted,K01406,70,0.25,0.5,22,0.4575489178854978,0.15411606809534112,,Function_log2FC=0.573644582424297; abs=0.573644582424297
70-d KO-level provider replacement,Tomato-planted,K01406,70,0.25,0.5,22,0.45923573714358507,0.14102243590057267,,Function_log2FC=1.62342310198868; abs=1.62342310198868
70-d KO-level provider replacement,Unplanted,K05712,70,0.25,0.5,21,0.5937275024391948,0.24865272310614808,,Function_log2FC=-0.0153833999531151; abs=0.0153833999531151
70-d KO-level provider replacement,Tomato-planted,K05712,70,0.25,0.5,21,0.6804381270851118,0.2217788539440749,,Function_log2FC=0.0736417604277461; abs=0.0736417604277461
70-d KO-level provider replacement,Unplanted,K22818,70,0.25,0.5,6,0.7906442938041003,0.0791280873775679,,Function_log2FC=-0.629954860686782; abs=0.629954860686782
70-d KO-level provider replacement,Tomato-planted,K22818,70,0.25,0.5,6,0.7978337150183421,0.04543721852677142,,Function_log2FC=-0.96262543801652; abs=0.96262543801652
70-d KO-level provider replacement,Unplanted,K18429,70,0.25,0.5,3,0.19656897578853372,0.030510595803633078,,Function_log2FC=-0.0174009249778263; abs=0.0174009249778263
70-d KO-level provider replacement,Tomato-planted,K18429,70,0.25,0.5,3,0.08962496693002661,0.051165186708604676,,Function_log2FC=0.362016035985439; abs=0.362016035985439
70-d KO-level provider replacement,Unplanted,K13283,70,0.25,0.5,13,0.25863939617300297,0.2243160262026666,,Function_log2FC=0.388589642946452; abs=0.388589642946452
70-d KO-level provider replacement,Tomato-planted,K13283,70,0.25,0.5,13,0.3767414761048168,0.12723184648002206,,Function_log2FC=1.03420152113984; abs=1.03420152113984
70-d KO-level provider replacement,Unplanted,K16417,70,0.25,0.5,4,0.34626785978638175,0.421150141377488,,Function_log2FC=-1.00998808160824; abs=1.00998808160824
70-d KO-level provider replacement,Tomato-planted,K16417,70,0.25,0.5,4,0.4567063298177375,0.5000802723995023,,Function_log2FC=-0.835463316861346; abs=0.835463316861346
70-d KO-level provider replacement,Unplanted,K15329,70,0.25,0.5,3,0.7246670302279951,0.21300351623110478,,Function_log2FC=0.963559340402091; abs=0.963559340402091
70-d KO-level provider replacement,Tomato-planted,K15329,70,0.25,0.5,3,0.818895323703025,0.29973888139922,,Function_log2FC=3.30152781746095; abs=3.30152781746095
70-d KO-level provider replacement,Unplanted,K15792,70,0.25,0.5,3,0.027042839712336095,0.011608805724696887,,Function_log2FC=0.584592473243833; abs=0.584592473243833
70-d KO-level provider replacement,Tomato-planted,K15792,70,0.25,0.5,3,0.022993487072701588,0.013293650106094956,,Function_log2FC=0.0307754535110758; abs=0.0307754535110758
70-d KO-level provider replacement,Unplanted,K00643,70,0.25,0.5,2,0.22352227026174826,0.021865509111485215,,Function_log2FC=0.511573011957486; abs=0.511573011957486
70-d KO-level provider replacement,Tomato-planted,K00643,70,0.25,0.5,2,0.3149053037598813,0.014429544649119358,,Function_log2FC=0.695173761090033; abs=0.695173761090033
70-d KO-level provider replacement,Unplanted,K13058,70,0.25,0.5,3,0.016232712479034045,0.07349188353446616,,Function_log2FC=1.23979092988826; abs=1.23979092988826
70-d KO-level provider replacement,Tomato-planted,K13058,70,0.25,0.5,3,0.09825146567449346,0.06966412162925316,,Function_log2FC=1.31651954906913; abs=1.31651954906913
70-d KO-level provider replacement,Unplanted,K07673,70,0.25,0.5,4,0.28508120683562865,0.38912750052679707,,Function_log2FC=-1.29227685122443; abs=1.29227685122443
70-d KO-level provider replacement,Tomato-planted,K07673,70,0.25,0.5,4,0.24050263334214905,0.29963587739485925,,Function_log2FC=-1.04674969936311; abs=1.04674969936311
70-d KO-level provider replacement,Unplanted,K08989,70,0.25,0.5,11,0.7067508621723508,0.15461741411317098,,Function_log2FC=0.549961831901724; abs=0.549961831901724
70-d KO-level provider replacement,Tomato-planted,K08989,70,0.25,0.5,11,0.7287989682514969,0.10115765124022781,,Function_log2FC=1.15430920973618; abs=1.15430920973618
70-d KO-level provider replacement,Unplanted,K00387,70,0.25,0.5,19,0.7676089367366427,0.10962656954361077,,Function_log2FC=1.57279148403344; abs=1.57279148403344
70-d KO-level provider replacement,Tomato-planted,K00387,70,0.25,0.5,19,0.8076867173977711,0.08633899255632761,,Function_log2FC=0.738586194095523; abs=0.738586194095523
70-d KO-level provider replacement,Unplanted,K07465,70,0.25,0.5,15,0.8600608675106876,0.03975021971379853,,Function_log2FC=-0.156270323634053; abs=0.156270323634053
70-d KO-level provider replacement,Tomato-planted,K07465,70,0.25,0.5,15,0.8618818317859142,0.043217090427360334,,Function_log2FC=0.135911184915242; abs=0.135911184915242
70-d KO-level provider replacement,Unplanted,K00148,70,0.25,0.5,7,0.7049715082882184,0.18439121629907007,,Function_log2FC=0.299000516122392; abs=0.299000516122392
70-d KO-level provider replacement,Tomato-planted,K00148,70,0.25,0.5,7,0.693322193655515,0.17521110615240898,,Function_log2FC=0.619127222569813; abs=0.619127222569813
70-d KO-level provider replacement,Unplanted,K22553,70,0.25,0.5,5,0.8599617888167654,0.7949288785162685,,Function_log2FC=-0.240954378285802; abs=0.240954378285802
70-d KO-level provider replacement,Tomato-planted,K22553,70,0.25,0.5,5,0.8579572314286429,0.7851980928611069,,Function_log2FC=0.274317330676355; abs=0.274317330676355
70-d KO-level provider replacement,Unplanted,K02484,70,0.25,0.5,36,0.6116916579490985,0.13946050754723163,,Function_log2FC=-0.0396460032640797; abs=0.0396460032640797
70-d KO-level provider replacement,Tomato-planted,K02484,70,0.25,0.5,36,0.6569516709767202,0.11940384181895912,,Function_log2FC=0.477899857034381; abs=0.477899857034381
70-d KO-level provider replacement,Unplanted,K03761,70,0.25,0.5,3,0.2190482697482592,0.02173552878559455,,Function_log2FC=0.645422006355635; abs=0.645422006355635
70-d KO-level provider replacement,Tomato-planted,K03761,70,0.25,0.5,3,0.2692134413933574,0.019105543950122345,,Function_log2FC=1.15281343102902; abs=1.15281343102902
70-d KO-level provider replacement,Unplanted,K16438,70,0.25,0.5,5,0.7437943729764686,0.09914420616949672,,Function_log2FC=1.31974748519103; abs=1.31974748519103
70-d KO-level provider replacement,Tomato-planted,K16438,70,0.25,0.5,5,0.8091394974816086,0.04451938260698943,,Function_log2FC=2.00692610733083; abs=2.00692610733083
70-d KO-level provider replacement,Unplanted,K14339,70,0.25,0.5,6,0.7812215807789927,0.08594865523426692,,Function_log2FC=-0.876027851879693; abs=0.876027851879693
70-d KO-level provider replacement,Tomato-planted,K14339,70,0.25,0.5,6,0.8052772660342973,0.10857115310610267,,Function_log2FC=-0.630151200149138; abs=0.630151200149138
70-d KO-level provider replacement,Unplanted,K00262,70,0.25,0.5,8,0.8415072873532942,0.06770222485592761,,Function_log2FC=0.376157334009359; abs=0.376157334009359
70-d KO-level provider replacement,Tomato-planted,K00262,70,0.25,0.5,8,0.8382724697117301,0.06071257487558037,,Function_log2FC=0.591127273514086; abs=0.591127273514086
70-d KO-level provider replacement,Tomato-planted,K07216,70,0.25,0.5,2,0.5879192413608236,0.6682706376557423,,Function_log2FC=-1.44960104469693; abs=1.44960104469693
70-d KO-level provider replacement,Unplanted,K15764,70,0.25,0.5,4,0.029057858470408447,0.11507751689347236,,Function_log2FC=0.085577531597819; abs=0.085577531597819
70-d KO-level provider replacement,Tomato-planted,K15764,70,0.25,0.5,4,0.13138886115960785,0.10712620797895386,,Function_log2FC=-0.539821687599622; abs=0.539821687599622
70-d KO-level provider replacement,Unplanted,K02599,70,0.25,0.5,9,0.3442098537451257,0.09075491127484625,,Function_log2FC=-0.441809017490108; abs=0.441809017490108
70-d KO-level provider replacement,Tomato-planted,K02599,70,0.25,0.5,9,0.18257333068152662,0.08448639717605058,,Function_log2FC=-0.904701442016431; abs=0.904701442016431
70-d KO-level provider replacement,Unplanted,K15894,70,0.25,0.5,7,0.8087234537875095,0.19532191724531545,,Function_log2FC=0.827852233485886; abs=0.827852233485886
70-d KO-level provider replacement,Tomato-planted,K15894,70,0.25,0.5,7,0.8267518055795195,0.18423210769914292,,Function_log2FC=0.499086636161924; abs=0.499086636161924
70-d KO-level provider replacement,Unplanted,K02554,70,0.25,0.5,9,0.6749266197441516,0.20638359272917722,,Function_log2FC=0.117082206371659; abs=0.117082206371659
70-d KO-level provider replacement,Tomato-planted,K02554,70,0.25,0.5,9,0.7047760491423533,0.22179527676402727,,Function_log2FC=0.127042463567012; abs=0.127042463567012
70-d KO-level provider replacement,Unplanted,K01176,70,0.25,0.5,16,0.8683910194469884,0.052932031513765014,,Function_log2FC=0.249337746193877; abs=0.249337746193877
70-d KO-level provider replacement,Tomato-planted,K01176,70,0.25,0.5,16,0.864696871779593,0.056187427650516764,,Function_log2FC=0.527590949748555; abs=0.527590949748555
70-d KO-level provider replacement,Unplanted,K00657,70,0.25,0.5,16,0.5276582774139384,0.09063210128338231,,Function_log2FC=0.843434244579248; abs=0.843434244579248
70-d KO-level provider replacement,Tomato-planted,K00657,70,0.25,0.5,16,0.6151241237496098,0.052601441403392894,,Function_log2FC=1.25121897496294; abs=1.25121897496294
70-d KO-level provider replacement,Unplanted,K14682,70,0.25,0.5,2,0.11250024655339252,0.05458291787513305,,Function_log2FC=-0.297069349483873; abs=0.297069349483873
70-d KO-level provider replacement,Tomato-planted,K14682,70,0.25,0.5,2,0.1269036468927405,0.04410109465668807,,Function_log2FC=-0.86949582946313; abs=0.86949582946313
70-d KO-level provider replacement,Unplanted,K03577,70,0.25,0.5,14,0.3748199975392176,0.07161845406936297,,Function_log2FC=0.515115454728103; abs=0.515115454728103
70-d KO-level provider replacement,Tomato-planted,K03577,70,0.25,0.5,14,0.452914690632692,0.07298319359743131,,Function_log2FC=0.517323671544238; abs=0.517323671544238
70-d KO-level provider replacement,Unplanted,K05714,70,0.25,0.5,18,0.6912767771658864,0.17911526572308462,,Function_log2FC=0.367698306652924; abs=0.367698306652924
70-d KO-level provider replacement,Tomato-planted,K05714,70,0.25,0.5,18,0.7436126676090806,0.18265692526966434,,Function_log2FC=-0.00697504662090605; abs=0.00697504662090605
70-d KO-level provider replacement,Unplanted,K23508,70,0.25,0.5,12,0.6455466154710243,0.15716032089980664,,Function_log2FC=0.613943396209535; abs=0.613943396209535
70-d KO-level provider replacement,Tomato-planted,K23508,70,0.25,0.5,12,0.670576405105899,0.09551305921991876,,Function_log2FC=0.359851797650856; abs=0.359851797650856
70-d KO-level provider replacement,Unplanted,K22539,70,0.25,0.5,7,0.2830203283406102,0.20029801681267298,,Function_log2FC=0.983277362158888; abs=0.983277362158888
70-d KO-level provider replacement,Tomato-planted,K22539,70,0.25,0.5,7,0.44120503002943623,0.15901261510441095,,Function_log2FC=1.11049222191737; abs=1.11049222191737
70-d KO-level provider replacement,Unplanted,K11632,70,0.25,0.5,3,0.14920948069596612,0.035629105118212795,,Function_log2FC=0.811760058181721; abs=0.811760058181721
70-d KO-level provider replacement,Tomato-planted,K11632,70,0.25,0.5,3,0.34600280176758075,0.0002168226875310653,,Function_log2FC=2.76446688949398; abs=2.76446688949398
70-d KO-level provider replacement,Unplanted,K20273,70,0.25,0.5,14,0.5919187866041751,0.10426843185343479,,Function_log2FC=0.0665202269016638; abs=0.0665202269016638
70-d KO-level provider replacement,Tomato-planted,K20273,70,0.25,0.5,14,0.697456502977026,0.05761125484701145,,Function_log2FC=0.733123809210095; abs=0.733123809210095
70-d KO-level provider replacement,Unplanted,K03748,70,0.25,0.5,8,0.2147689697585631,0.22440632620749046,,Function_log2FC=0.566256578739519; abs=0.566256578739519
70-d KO-level provider replacement,Tomato-planted,K03748,70,0.25,0.5,8,0.19684188086564675,0.19455808129567748,,Function_log2FC=-0.468913478881664; abs=0.468913478881664
70-d KO-level provider replacement,Unplanted,K22130,70,0.25,0.5,2,0.30266721423132026,0.20114322575723004,,Function_log2FC=0.264655816160009; abs=0.264655816160009
70-d KO-level provider replacement,Tomato-planted,K22130,70,0.25,0.5,2,0.45268646804542634,0.18614987977156705,,Function_log2FC=0.549595590376549; abs=0.549595590376549
70-d KO-level provider replacement,Unplanted,K15973,70,0.25,0.5,18,0.8588838796092187,0.08830580537066932,,Function_log2FC=1.05069056966646; abs=1.05069056966646
70-d KO-level provider replacement,Tomato-planted,K15973,70,0.25,0.5,18,0.8751727043655868,0.07500198620662492,,Function_log2FC=0.866638826656028; abs=0.866638826656028
70-d KO-level provider replacement,Unplanted,K01153,70,0.25,0.5,10,0.4886438237411627,0.12497008844127931,,Function_log2FC=0.504182115333826; abs=0.504182115333826
70-d KO-level provider replacement,Tomato-planted,K01153,70,0.25,0.5,10,0.5481185888510081,0.1048538062543072,,Function_log2FC=0.45234732301213; abs=0.45234732301213
70-d KO-level provider replacement,Unplanted,K16014,70,0.25,0.5,9,0.8602577333318457,0.11379504501931009,,Function_log2FC=-0.693779960688693; abs=0.693779960688693
70-d KO-level provider replacement,Tomato-planted,K16014,70,0.25,0.5,9,0.8950921177810347,0.11349578292619822,,Function_log2FC=-0.731898631237959; abs=0.731898631237959
70-d KO-level provider replacement,Unplanted,K01496,70,0.25,0.5,11,0.8560813897980292,0.06107842671498188,,Function_log2FC=-0.00699215043108229; abs=0.00699215043108229
70-d KO-level provider replacement,Tomato-planted,K01496,70,0.25,0.5,11,0.8644837623632059,0.04952307813100648,,Function_log2FC=0.190748608897087; abs=0.190748608897087
70-d KO-level provider replacement,Unplanted,K00040,70,0.25,0.5,3,0.7549930681901384,0.6942519764120761,,Function_log2FC=0.161737266074193; abs=0.161737266074193
70-d KO-level provider replacement,Tomato-planted,K00040,70,0.25,0.5,3,0.7600240166420762,0.6966491503781325,,Function_log2FC=0.082805356234227; abs=0.082805356234227
70-d KO-level provider replacement,Unplanted,K08224,70,0.25,0.5,11,0.634913833013738,0.1708720491157761,,Function_log2FC=0.113073153687239; abs=0.113073153687239
70-d KO-level provider replacement,Tomato-planted,K08224,70,0.25,0.5,11,0.687766667031755,0.10152888926136108,,Function_log2FC=0.974216570443163; abs=0.974216570443163
70-d KO-level provider replacement,Unplanted,K03795,70,0.25,0.5,13,0.6595960142093683,0.1407678976204054,,Function_log2FC=0.262792559148269; abs=0.262792559148269
70-d KO-level provider replacement,Tomato-planted,K03795,70,0.25,0.5,13,0.725666086524724,0.11437996350136093,,Function_log2FC=0.773000903270375; abs=0.773000903270375
70-d KO-level provider replacement,Unplanted,K15583,70,0.25,0.5,17,0.5736235614148261,0.20292553531180113,,Function_log2FC=0.0731306779065237; abs=0.0731306779065237
70-d KO-level provider replacement,Tomato-planted,K15583,70,0.25,0.5,17,0.6383454837392232,0.21923228490708552,,Function_log2FC=0.292671482438398; abs=0.292671482438398
70-d KO-level provider replacement,Unplanted,K13533,70,0.25,0.5,10,0.5424960243263257,0.19134234632348035,,Function_log2FC=-0.0192771903382466; abs=0.0192771903382466
70-d KO-level provider replacement,Tomato-planted,K13533,70,0.25,0.5,10,0.5825351867025386,0.10106056765049193,,Function_log2FC=0.216370049189421; abs=0.216370049189421
70-d KO-level provider replacement,Unplanted,K04618,70,0.25,0.5,8,0.1000958840104465,0.25054747349534684,,Function_log2FC=0.555222118733883; abs=0.555222118733883
70-d KO-level provider replacement,Tomato-planted,K04618,70,0.25,0.5,8,0.2222732703563457,0.27842994777757935,,Function_log2FC=-1.58747140576883; abs=1.58747140576883
70-d KO-level provider replacement,Unplanted,K06921,70,0.25,0.5,6,0.7001684162451727,0.13044370453280768,,Function_log2FC=0.517292435662004; abs=0.517292435662004
70-d KO-level provider replacement,Tomato-planted,K06921,70,0.25,0.5,6,0.7691000835168594,0.2231384031369466,,Function_log2FC=1.19914236119933; abs=1.19914236119933
70-d KO-level provider replacement,Unplanted,K17331,70,0.25,0.5,9,0.9209402339168946,0.05867889427694779,,Function_log2FC=-0.451650592094061; abs=0.451650592094061
70-d KO-level provider replacement,Tomato-planted,K17331,70,0.25,0.5,9,0.9220028405751844,0.04195316039242704,,Function_log2FC=0.393094954276582; abs=0.393094954276582
70-d KO-level provider replacement,Unplanted,K16784,70,0.25,0.5,2,0.7632170972948153,0.13678188430561805,,Function_log2FC=-0.255256392745437; abs=0.255256392745437
70-d KO-level provider replacement,Tomato-planted,K16784,70,0.25,0.5,2,0.7526887851850066,0.1440552039683358,,Function_log2FC=-0.635163110278312; abs=0.635163110278312
70-d KO-level provider replacement,Unplanted,K02297,70,0.25,0.5,3,0.23848217447352496,0.04083952313255374,,Function_log2FC=0.666791227964354; abs=0.666791227964354
70-d KO-level provider replacement,Tomato-planted,K02297,70,0.25,0.5,3,0.30244528029189255,0.035073153250858746,,Function_log2FC=1.08492131101472; abs=1.08492131101472
70-d KO-level provider replacement,Unplanted,K05571,70,0.25,0.5,4,0.5876591450207745,0.043415760281405716,,Function_log2FC=0.68966780449522; abs=0.68966780449522
70-d KO-level provider replacement,Tomato-planted,K05571,70,0.25,0.5,4,0.6126864670541933,0.09052451075102311,,Function_log2FC=1.25975866037154; abs=1.25975866037154
70-d KO-level provider replacement,Unplanted,K13063,70,0.25,0.5,8,0.6865467385195939,0.17501404393554568,,Function_log2FC=0.0625907098444873; abs=0.0625907098444873
70-d KO-level provider replacement,Tomato-planted,K13063,70,0.25,0.5,8,0.7038582348636075,0.1690927382582509,,Function_log2FC=0.643225706105774; abs=0.643225706105774
70-d KO-level provider replacement,Unplanted,K10241,70,0.25,0.5,13,0.8598879010736169,0.12636913849383477,,Function_log2FC=1.20457862198108; abs=1.20457862198108
70-d KO-level provider replacement,Tomato-planted,K10241,70,0.25,0.5,13,0.8779123865040821,0.1295797594688647,,Function_log2FC=1.91149722704322; abs=1.91149722704322
70-d KO-level provider replacement,Unplanted,K01055,70,0.25,0.5,39,0.5965393402729252,0.1373929610036056,,Function_log2FC=-0.0890491131958815; abs=0.0890491131958815
70-d KO-level provider replacement,Tomato-planted,K01055,70,0.25,0.5,39,0.6389752182694981,0.11032329320570103,,Function_log2FC=-0.144679377194961; abs=0.144679377194961
70-d KO-level provider replacement,Unplanted,K16434,70,0.25,0.5,3,0.1582444442131987,0.0967538599114137,,Function_log2FC=-3.81621151064893; abs=3.81621151064893
70-d KO-level provider replacement,Tomato-planted,K16434,70,0.25,0.5,3,0.06402596210347908,0.12756488908938038,,Function_log2FC=-0.771978139196694; abs=0.771978139196694
70-d KO-level provider replacement,Unplanted,K12339,70,0.25,0.5,9,0.16399788322909412,0.3543687861809719,,Function_log2FC=-0.141862205439447; abs=0.141862205439447
70-d KO-level provider replacement,Tomato-planted,K12339,70,0.25,0.5,9,0.20466575714720414,0.3563980167213217,,Function_log2FC=-0.534129072648189; abs=0.534129072648189
70-d KO-level provider replacement,Unplanted,K03973,70,0.25,0.5,24,0.5938133233825034,0.16686405514187735,,Function_log2FC=0.117494811100884; abs=0.117494811100884
70-d KO-level provider replacement,Tomato-planted,K03973,70,0.25,0.5,24,0.6753960738026217,0.12925023805898186,,Function_log2FC=0.586280656832385; abs=0.586280656832385
70-d KO-level provider replacement,Unplanted,K09684,70,0.25,0.5,18,0.8729877166718131,0.10499515692386183,,Function_log2FC=0.249935354741536; abs=0.249935354741536
70-d KO-level provider replacement,Tomato-planted,K09684,70,0.25,0.5,18,0.8971905936768715,0.09924327406206843,,Function_log2FC=0.979216271428708; abs=0.979216271428708
70-d KO-level provider replacement,Unplanted,K21966,70,0.25,0.5,2,0.04081150714029633,0.02284756718717393,,Function_log2FC=0.77071971662082; abs=0.77071971662082
70-d KO-level provider replacement,Tomato-planted,K21966,70,0.25,0.5,2,0.05989700834205533,0.0059056081267028215,,Function_log2FC=1.44674883341239; abs=1.44674883341239
70-d KO-level provider replacement,Unplanted,K21332,70,0.25,0.5,2,0.1659573890280419,0.03664834383399812,,Function_log2FC=-3.84426111132757; abs=3.84426111132757
70-d KO-level provider replacement,Tomato-planted,K21332,70,0.25,0.5,2,0.5038294358596387,0.00014695258263031086,,Function_log2FC=-4.99883062371791; abs=4.99883062371791
70-d KO-level provider replacement,Unplanted,K05303,70,0.25,0.5,6,0.21871213108876342,0.11797073576900872,,Function_log2FC=-0.312153806954414; abs=0.312153806954414
70-d KO-level provider replacement,Tomato-planted,K05303,70,0.25,0.5,6,0.26707388812330585,0.09790920878754614,,Function_log2FC=-0.0898322448876655; abs=0.0898322448876655
70-d KO-level provider replacement,Unplanted,K16698,70,0.25,0.5,16,0.49786258417834306,0.25778128254127175,,Function_log2FC=-1.2451646600131; abs=1.2451646600131
70-d KO-level provider replacement,Tomato-planted,K16698,70,0.25,0.5,16,0.5907423503186138,0.2316768887156721,,Function_log2FC=3.66398137326451; abs=3.66398137326451
70-d KO-level provider replacement,Unplanted,K10217,70,0.25,0.5,8,0.29298145930919417,0.17582361866455629,,Function_log2FC=-0.162073958127024; abs=0.162073958127024
70-d KO-level provider replacement,Tomato-planted,K10217,70,0.25,0.5,8,0.42451637613922877,0.23944477343053566,,Function_log2FC=0.377108581019055; abs=0.377108581019055
70-d KO-level provider replacement,Unplanted,K07697,70,0.25,0.5,5,0.23966732924726195,0.056816608193521766,,Function_log2FC=2.30387726782464; abs=2.30387726782464
70-d KO-level provider replacement,Tomato-planted,K07697,70,0.25,0.5,5,0.07079207220022313,0.054993220981095534,,Function_log2FC=1.15195949225339; abs=1.15195949225339
70-d KO-level provider replacement,Unplanted,K07096,70,0.25,0.5,10,0.49404683625897494,0.23073075041305646,,Function_log2FC=0.590088527011189; abs=0.590088527011189
70-d KO-level provider replacement,Tomato-planted,K07096,70,0.25,0.5,10,0.5544724541422835,0.12879487031069145,,Function_log2FC=0.544235155790389; abs=0.544235155790389
70-d KO-level provider replacement,Unplanted,K01281,70,0.25,0.5,12,0.7543131276916172,0.0988992975331599,,Function_log2FC=0.398661058040485; abs=0.398661058040485
70-d KO-level provider replacement,Tomato-planted,K01281,70,0.25,0.5,12,0.7929559329016626,0.09752066142592873,,Function_log2FC=0.958498353302007; abs=0.958498353302007
70-d KO-level provider replacement,Unplanted,K03739,70,0.25,0.5,3,0.0844841639405674,0.03247068929859018,,Function_log2FC=1.88397995641549; abs=1.88397995641549
70-d KO-level provider replacement,Tomato-planted,K03739,70,0.25,0.5,3,0.0496320096676951,0.020825411422855798,,Function_log2FC=1.84122862909173; abs=1.84122862909173
70-d KO-level provider replacement,Unplanted,K21209,70,0.25,0.5,15,0.7272382861604862,0.16474885015798912,,Function_log2FC=3.40723665425422; abs=3.40723665425422
70-d KO-level provider replacement,Tomato-planted,K21209,70,0.25,0.5,15,0.725388493220575,0.18872199630168426,,Function_log2FC=2.53684830291984; abs=2.53684830291984
70-d KO-level provider replacement,Unplanted,K08321,70,0.25,0.5,3,0.7055823822201613,0.5794741796959981,,Function_log2FC=-0.680839839106739; abs=0.680839839106739
70-d KO-level provider replacement,Tomato-planted,K08321,70,0.25,0.5,3,0.7042466528140243,0.5584629352156509,,Function_log2FC=-0.309712768388257; abs=0.309712768388257
70-d KO-level provider replacement,Unplanted,K17318,70,0.25,0.5,6,0.8043697898822465,0.753596818939335,,Function_log2FC=0.947591625363902; abs=0.947591625363902
70-d KO-level provider replacement,Tomato-planted,K17318,70,0.25,0.5,6,0.7129013007772774,0.6349080851781834,,Function_log2FC=1.30523259229868; abs=1.30523259229868
70-d KO-level provider replacement,Unplanted,K00172,70,0.25,0.5,7,0.5101545412090807,0.06632387120628754,,Function_log2FC=-1.15150878682205; abs=1.15150878682205
70-d KO-level provider replacement,Tomato-planted,K00172,70,0.25,0.5,7,0.42700485586353676,0.06942430178952573,,Function_log2FC=-0.917904162015182; abs=0.917904162015182
70-d KO-level provider replacement,Unplanted,K11689,70,0.25,0.5,3,0.1860637611923269,0.08626277993670987,,Function_log2FC=-1.04006741180002; abs=1.04006741180002
70-d KO-level provider replacement,Tomato-planted,K11689,70,0.25,0.5,3,0.22068223459714303,0.06509462071335109,,Function_log2FC=-1.02792277642936; abs=1.02792277642936
70-d KO-level provider replacement,Unplanted,K21645,70,0.25,0.5,2,0.20224758943097143,0.10351564955197944,,Function_log2FC=2.01568712938986; abs=2.01568712938986
70-d KO-level provider replacement,Tomato-planted,K21645,70,0.25,0.5,2,0.1887703261151582,0.0762469081002594,,Function_log2FC=2.12395705180663; abs=2.12395705180663
70-d KO-level provider replacement,Unplanted,K09799,70,0.25,0.5,5,0.5975644553913546,0.5178646711704867,,Function_log2FC=-0.248755522657966; abs=0.248755522657966
70-d KO-level provider replacement,Tomato-planted,K09799,70,0.25,0.5,5,0.5870073130159317,0.4970925747292325,,Function_log2FC=0.6086247244005; abs=0.6086247244005
70-d KO-level provider replacement,Unplanted,K22820,70,0.25,0.5,7,0.7582961167682624,0.13300152825825617,,Function_log2FC=-0.851837265036543; abs=0.851837265036543
70-d KO-level provider replacement,Tomato-planted,K22820,70,0.25,0.5,7,0.8058588319755869,0.1915546094661777,,Function_log2FC=-1.05603183765814; abs=1.05603183765814
70-d KO-level provider replacement,Unplanted,K01727,70,0.25,0.5,4,0.5394137552688137,0.024233767806041064,,Function_log2FC=0.311638169622169; abs=0.311638169622169
70-d KO-level provider replacement,Tomato-planted,K01727,70,0.25,0.5,4,0.10341695916864625,0.02354032079624216,,Function_log2FC=0.824754148346912; abs=0.824754148346912
70-d KO-level provider replacement,Unplanted,K07051,70,0.25,0.5,12,0.39464193435101524,0.24005428959170108,,Function_log2FC=0.168015740695389; abs=0.168015740695389
70-d KO-level provider replacement,Tomato-planted,K07051,70,0.25,0.5,12,0.49772816915597723,0.21595492937243033,,Function_log2FC=0.533483506856505; abs=0.533483506856505
70-d KO-level provider replacement,Unplanted,K02300,70,0.25,0.5,2,0.07603654808748721,0.016150715742070026,,Function_log2FC=0.775670567363644; abs=0.775670567363644
70-d KO-level provider replacement,Tomato-planted,K02300,70,0.25,0.5,2,0.10205487100524008,0.02365063144611912,,Function_log2FC=1.40486566679768; abs=1.40486566679768
70-d KO-level provider replacement,Unplanted,K00290,70,0.25,0.5,18,0.8179638332533381,0.05313002410961801,,Function_log2FC=0.156524484705701; abs=0.156524484705701
70-d KO-level provider replacement,Tomato-planted,K00290,70,0.25,0.5,18,0.8254259083162052,0.05648287763039965,,Function_log2FC=0.35069803350784; abs=0.35069803350784
70-d KO-level provider replacement,Unplanted,K01421,70,0.25,0.5,10,0.796471069094144,0.09456272317932429,,Function_log2FC=-0.569669413837762; abs=0.569669413837762
70-d KO-level provider replacement,Tomato-planted,K01421,70,0.25,0.5,10,0.8492580217588358,0.08737023882307801,,Function_log2FC=0.172301316277906; abs=0.172301316277906
70-d KO-level provider replacement,Unplanted,K16416,70,0.25,0.5,12,0.8207723500438721,0.09093586226593532,,Function_log2FC=0.198033130727997; abs=0.198033130727997
70-d KO-level provider replacement,Tomato-planted,K16416,70,0.25,0.5,12,0.8533389854935678,0.07093347097177882,,Function_log2FC=-0.281504810975546; abs=0.281504810975546
70-d KO-level provider replacement,Unplanted,K22900,70,0.25,0.5,9,0.33913487255611857,0.2734369187416046,,Function_log2FC=0.302870980374063; abs=0.302870980374063
70-d KO-level provider replacement,Tomato-planted,K22900,70,0.25,0.5,9,0.3323891845863704,0.2611810831088542,,Function_log2FC=-1.02687397576931; abs=1.02687397576931
70-d KO-level provider replacement,Tomato-planted,K02001,70,0.25,0.5,5,0.9230832517879508,0.8735119571167913,,Function_log2FC=0.427306508135706; abs=0.427306508135706
70-d KO-level provider replacement,Unplanted,K00558,70,0.25,0.5,8,0.6171606597269879,0.522420471557916,,Function_log2FC=1.83092714955; abs=1.83092714955
70-d KO-level provider replacement,Tomato-planted,K00558,70,0.25,0.5,8,0.6542447515733869,0.5052031504671106,,Function_log2FC=1.83475896355758; abs=1.83475896355758
70-d KO-level provider replacement,Unplanted,K14338,70,0.25,0.5,4,0.7569402055775831,0.237402847494908,,Function_log2FC=-0.730907176129849; abs=0.730907176129849
70-d KO-level provider replacement,Tomato-planted,K14338,70,0.25,0.5,4,0.7638385743413774,0.20799928467367784,,Function_log2FC=0.164496876452827; abs=0.164496876452827
70-d KO-level provider replacement,Unplanted,K00968,70,0.25,0.5,3,0.7671600168783415,0.058655808681933846,,Function_log2FC=-1.93032416666061; abs=1.93032416666061
70-d KO-level provider replacement,Tomato-planted,K00968,70,0.25,0.5,3,0.8709925868649564,0.05473983503982509,,Function_log2FC=-1.41225673976704; abs=1.41225673976704
70-d KO-level provider replacement,Unplanted,K07518,70,0.25,0.5,4,0.07278941061553254,0.07347439251746181,,Function_log2FC=-1.13346476347832; abs=1.13346476347832
70-d KO-level provider replacement,Tomato-planted,K07518,70,0.25,0.5,4,0.11196152850219754,0.11457398032066304,,Function_log2FC=-1.34680443105019; abs=1.34680443105019
70-d KO-level provider replacement,Unplanted,K15786,70,0.25,0.5,2,0.7899380949976409,0.07255272592943923,,Function_log2FC=0.379234548880881; abs=0.379234548880881
70-d KO-level provider replacement,Tomato-planted,K15786,70,0.25,0.5,2,0.8278690807764951,0.08658409459503391,,Function_log2FC=0.239751389975558; abs=0.239751389975558
70-d KO-level provider replacement,Unplanted,K07029,70,0.25,0.5,35,0.6486379172429686,0.12526916647981984,,Function_log2FC=0.205222882506786; abs=0.205222882506786
70-d KO-level provider replacement,Tomato-planted,K07029,70,0.25,0.5,35,0.6936991666079897,0.0894978895928992,,Function_log2FC=0.455769073378905; abs=0.455769073378905
70-d KO-level provider replacement,Unplanted,K00066,70,0.25,0.5,5,0.5295247390671792,0.1991020341658164,,Function_log2FC=-0.253523446396791; abs=0.253523446396791
70-d KO-level provider replacement,Tomato-planted,K00066,70,0.25,0.5,5,0.634114386479508,0.08758470717456347,,Function_log2FC=-0.799132592388846; abs=0.799132592388846
70-d KO-level provider replacement,Unplanted,K14164,70,0.25,0.5,7,0.6113188134787721,0.129250267149375,,Function_log2FC=0.426759188485763; abs=0.426759188485763
70-d KO-level provider replacement,Tomato-planted,K14164,70,0.25,0.5,7,0.7372471071116586,0.048146935061663995,,Function_log2FC=0.2225933277415; abs=0.2225933277415
70-d KO-level provider replacement,Unplanted,K00045,70,0.25,0.5,2,0.008611378186780067,0.04674468950087837,,Function_log2FC=-0.74256755750938; abs=0.74256755750938
70-d KO-level provider replacement,Tomato-planted,K00045,70,0.25,0.5,2,0.011247367082159843,0.009050237962078655,,Function_log2FC=-0.263622131410082; abs=0.263622131410082
70-d KO-level provider replacement,Unplanted,K07654,70,0.25,0.5,23,0.8043909058352782,0.09826208865684417,,Function_log2FC=0.0302012276368744; abs=0.0302012276368744
70-d KO-level provider replacement,Tomato-planted,K07654,70,0.25,0.5,23,0.8285058437255381,0.08627521648101716,,Function_log2FC=0.77959797961614; abs=0.77959797961614
70-d KO-level provider replacement,Unplanted,K21166,70,0.25,0.5,6,0.5611993660288676,0.039742969815561455,,Function_log2FC=-1.11005723830111; abs=1.11005723830111
70-d KO-level provider replacement,Tomato-planted,K21166,70,0.25,0.5,6,0.3738479162012312,0.04075528710691264,,Function_log2FC=-0.505238339576553; abs=0.505238339576553
70-d KO-level provider replacement,Unplanted,K02672,70,0.25,0.5,7,0.12311042024155767,0.05232455155302275,,Function_log2FC=0.064839128863778; abs=0.064839128863778
70-d KO-level provider replacement,Tomato-planted,K02672,70,0.25,0.5,7,0.10502738529036088,0.05688116514977799,,Function_log2FC=-0.672448269508227; abs=0.672448269508227
70-d KO-level provider replacement,Unplanted,K21471,70,0.25,0.5,23,0.7172785373228954,0.11158069434482,,Function_log2FC=0.108568148521916; abs=0.108568148521916
70-d KO-level provider replacement,Tomato-planted,K21471,70,0.25,0.5,23,0.7723803078748617,0.09140768370585586,,Function_log2FC=0.739094721582855; abs=0.739094721582855
70-d KO-level provider replacement,Unplanted,K09815,70,0.25,0.5,9,0.8007564065651057,0.16140729907005813,,Function_log2FC=0.0167195911259688; abs=0.0167195911259688
70-d KO-level provider replacement,Tomato-planted,K09815,70,0.25,0.5,9,0.8233370075582231,0.15717933655011315,,Function_log2FC=0.240333200179648; abs=0.240333200179648
70-d KO-level provider replacement,Unplanted,K15781,70,0.25,0.5,25,0.7757637405917918,0.0836369246112245,,Function_log2FC=-0.720491308324616; abs=0.720491308324616
70-d KO-level provider replacement,Tomato-planted,K15781,70,0.25,0.5,25,0.7679819681344681,0.08056021426688328,,Function_log2FC=-0.227639837201762; abs=0.227639837201762
70-d KO-level provider replacement,Unplanted,K09607,70,0.25,0.5,17,0.701541198735143,0.10619653355847067,,Function_log2FC=-0.0530319929805877; abs=0.0530319929805877
70-d KO-level provider replacement,Tomato-planted,K09607,70,0.25,0.5,17,0.7635404081511127,0.06839909407482553,,Function_log2FC=0.647522092055836; abs=0.647522092055836
70-d KO-level provider replacement,Unplanted,K02647,70,0.25,0.5,4,0.4792904204095838,0.10041238542287416,,Function_log2FC=3.28391516250737; abs=3.28391516250737
70-d KO-level provider replacement,Tomato-planted,K02647,70,0.25,0.5,4,0.5206081831662934,0.17084073187877832,,Function_log2FC=2.21623116808555; abs=2.21623116808555
70-d KO-level provider replacement,Unplanted,K14743,70,0.25,0.5,9,0.77371000914909,0.1556278136439103,,Function_log2FC=-0.328141116858411; abs=0.328141116858411
70-d KO-level provider replacement,Tomato-planted,K14743,70,0.25,0.5,9,0.8073289639415913,0.19256405465484078,,Function_log2FC=-1.2322202137286; abs=1.2322202137286
70-d KO-level provider replacement,Unplanted,K07131,70,0.25,0.5,21,0.848819514711335,0.1196237071117917,,Function_log2FC=0.0847986060639493; abs=0.0847986060639493
70-d KO-level provider replacement,Tomato-planted,K07131,70,0.25,0.5,21,0.8683319456223513,0.11851720356949227,,Function_log2FC=0.737758503263691; abs=0.737758503263691
70-d KO-level provider replacement,Unplanted,K11782,70,0.25,0.5,7,0.2913225966994391,0.26578241808928343,,Function_log2FC=0.214821886035108; abs=0.214821886035108
70-d KO-level provider replacement,Tomato-planted,K11782,70,0.25,0.5,7,0.2608397095233964,0.22614842185211603,,Function_log2FC=0.274943687080288; abs=0.274943687080288
70-d KO-level provider replacement,Unplanted,K05913,70,0.25,0.5,3,0.4452118933286419,0.0017137766238073673,,Function_log2FC=-0.0318965718622663; abs=0.0318965718622663
70-d KO-level provider replacement,Tomato-planted,K05913,70,0.25,0.5,3,0.2592092673951872,0.014897474474983095,,Function_log2FC=0.204201047192797; abs=0.204201047192797
70-d KO-level provider replacement,Unplanted,K00479,70,0.25,0.5,4,0.3560856324395555,0.06181286668162579,,Function_log2FC=-0.037272207002331; abs=0.037272207002331
70-d KO-level provider replacement,Tomato-planted,K00479,70,0.25,0.5,4,0.23451974634145878,0.06418462423338699,,Function_log2FC=-0.303561197565001; abs=0.303561197565001
70-d KO-level provider replacement,Unplanted,K23980,70,0.25,0.5,25,0.5863610820539413,0.1345969099650773,,Function_log2FC=-0.85902218795381; abs=0.85902218795381
70-d KO-level provider replacement,Tomato-planted,K23980,70,0.25,0.5,25,0.6415087963168057,0.1213430993743102,,Function_log2FC=0.944385981941799; abs=0.944385981941799
70-d KO-level provider replacement,Unplanted,K13507,70,0.25,0.5,5,0.17771651337542307,0.040735409077549564,,Function_log2FC=0.863270738287356; abs=0.863270738287356
70-d KO-level provider replacement,Tomato-planted,K13507,70,0.25,0.5,5,0.10114831831480588,0.03338346176642121,,Function_log2FC=0.833015094960969; abs=0.833015094960969
70-d KO-level provider replacement,Unplanted,K21449,70,0.25,0.5,36,0.4973844234044673,0.19473952947938852,,Function_log2FC=-0.259639085736956; abs=0.259639085736956
70-d KO-level provider replacement,Tomato-planted,K21449,70,0.25,0.5,36,0.5580462328154129,0.16442009186003237,,Function_log2FC=0.0698093554290812; abs=0.0698093554290812
70-d KO-level provider replacement,Unplanted,K16431,70,0.25,0.5,6,0.2118213439260781,0.06472901328396678,,Function_log2FC=-0.10133559512491; abs=0.10133559512491
70-d KO-level provider replacement,Tomato-planted,K16431,70,0.25,0.5,6,0.2550500595231145,0.05543555812608166,,Function_log2FC=0.354558075316684; abs=0.354558075316684
70-d KO-level provider replacement,Tomato-planted,K15312,70,0.25,0.5,2,0.5349788533131397,0.4645651874061001,,Function_log2FC=-0.292124944460009; abs=0.292124944460009
70-d KO-level provider replacement,Unplanted,K18286,70,0.25,0.5,6,0.9086041297084775,0.1085157868816947,,Function_log2FC=0.0667315870808153; abs=0.0667315870808153
70-d KO-level provider replacement,Tomato-planted,K18286,70,0.25,0.5,6,0.9489630194926352,0.13075815044637407,,Function_log2FC=0.563043423730254; abs=0.563043423730254
70-d KO-level provider replacement,Unplanted,K11532,70,0.25,0.5,7,0.28308354028131266,0.04238104736961065,,Function_log2FC=0.183415971774057; abs=0.183415971774057
70-d KO-level provider replacement,Tomato-planted,K11532,70,0.25,0.5,7,0.28536515479139096,0.032135691010746884,,Function_log2FC=0.787496210985957; abs=0.787496210985957
70-d KO-level provider replacement,Unplanted,K18353,70,0.25,0.5,18,0.59602467334554,0.24025437281503814,,Function_log2FC=2.27977544525026; abs=2.27977544525026
70-d KO-level provider replacement,Tomato-planted,K18353,70,0.25,0.5,18,0.6354910558282328,0.2383235370256618,,Function_log2FC=2.98569551048942; abs=2.98569551048942
70-d KO-level provider replacement,Unplanted,K16423,70,0.25,0.5,4,0.762359735893122,0.11694804248239427,,Function_log2FC=0.608273005577908; abs=0.608273005577908
70-d KO-level provider replacement,Tomato-planted,K16423,70,0.25,0.5,4,0.7333349423429807,0.11063054239953182,,Function_log2FC=2.12606325044864; abs=2.12606325044864
70-d KO-level provider replacement,Unplanted,K00485,70,0.25,0.5,19,0.5553415881103524,0.17630698824764876,,Function_log2FC=-1.43829336189112; abs=1.43829336189112
70-d KO-level provider replacement,Tomato-planted,K00485,70,0.25,0.5,19,0.5999847310917061,0.15502843737955305,,Function_log2FC=-1.77367048690616; abs=1.77367048690616
70-d KO-level provider replacement,Unplanted,K19545,70,0.25,0.5,3,0.6064167587345141,0.5316890884540006,,Function_log2FC=0.497407403694165; abs=0.497407403694165
70-d KO-level provider replacement,Tomato-planted,K19545,70,0.25,0.5,3,0.6129344655401219,0.5345062310583881,,Function_log2FC=1.00093589091283; abs=1.00093589091283
70-d KO-level provider replacement,Unplanted,K01392,70,0.25,0.5,8,0.6562956529395216,0.10356492163518434,,Function_log2FC=-0.125385089169721; abs=0.125385089169721
70-d KO-level provider replacement,Tomato-planted,K01392,70,0.25,0.5,8,0.6105837815037742,0.06653525867054916,,Function_log2FC=-0.397867640049859; abs=0.397867640049859
70-d KO-level provider replacement,Unplanted,K08642,70,0.25,0.5,12,0.7532597089173313,0.13580248963183117,,Function_log2FC=-1.18768282007939; abs=1.18768282007939
70-d KO-level provider replacement,Tomato-planted,K08642,70,0.25,0.5,12,0.784164548197423,0.08521549348339272,,Function_log2FC=-1.15021849129383; abs=1.15021849129383
70-d KO-level provider replacement,Unplanted,K15269,70,0.25,0.5,22,0.6122911415007671,0.11620620346603547,,Function_log2FC=-0.039150819670732; abs=0.039150819670732
70-d KO-level provider replacement,Tomato-planted,K15269,70,0.25,0.5,22,0.6971508038145114,0.08014265006818806,,Function_log2FC=0.492013613098898; abs=0.492013613098898
70-d KO-level provider replacement,Unplanted,K07123,70,0.25,0.5,5,0.02878052718904489,0.12477474563185617,,Function_log2FC=0.451487506806518; abs=0.451487506806518
70-d KO-level provider replacement,Tomato-planted,K07123,70,0.25,0.5,5,0.14285380107297785,0.11477360574969214,,Function_log2FC=0.816266728183472; abs=0.816266728183472
70-d KO-level provider replacement,Unplanted,K12953,70,0.25,0.5,2,0.5496788762491726,0.2244206928503541,,Function_log2FC=-0.663092085051731; abs=0.663092085051731
70-d KO-level provider replacement,Tomato-planted,K12953,70,0.25,0.5,2,0.6918610279203673,0.27950018967066803,,Function_log2FC=-0.966679673809755; abs=0.966679673809755
70-d KO-level provider replacement,Unplanted,K16163,70,0.25,0.5,11,0.9086239421842853,0.08152718366671413,,Function_log2FC=-0.120613800641246; abs=0.120613800641246
70-d KO-level provider replacement,Tomato-planted,K16163,70,0.25,0.5,11,0.9098695666387451,0.06460904948231898,,Function_log2FC=0.549794113901171; abs=0.549794113901171
70-d KO-level provider replacement,Unplanted,K05375,70,0.25,0.5,12,0.8236299933982174,0.07744446171355648,,Function_log2FC=0.0460328174455005; abs=0.0460328174455005
70-d KO-level provider replacement,Tomato-planted,K05375,70,0.25,0.5,12,0.8843665386816032,0.04670743132729372,,Function_log2FC=0.398986288808561; abs=0.398986288808561
70-d KO-level provider replacement,Unplanted,K02009,70,0.25,0.5,12,0.8017405723201423,0.1039506370347486,,Function_log2FC=0.534510435245787; abs=0.534510435245787
70-d KO-level provider replacement,Tomato-planted,K02009,70,0.25,0.5,12,0.8550755814851377,0.08328217597341285,,Function_log2FC=0.299769343211801; abs=0.299769343211801
70-d KO-level provider replacement,Unplanted,K09166,70,0.25,0.5,8,0.335747854803105,0.38352362524959915,,Function_log2FC=0.162435838129979; abs=0.162435838129979
70-d KO-level provider replacement,Tomato-planted,K09166,70,0.25,0.5,8,0.46975912929908326,0.3747787984194801,,Function_log2FC=0.282593812362485; abs=0.282593812362485
70-d KO-level provider replacement,Unplanted,K06399,70,0.25,0.5,4,0.17222631319238868,0.1270959889728902,,Function_log2FC=0.0; abs=0.0
70-d KO-level provider replacement,Tomato-planted,K06399,70,0.25,0.5,4,0.15974793128996786,0.11777766173335386,,Function_log2FC=3.38115990395501; abs=3.38115990395501
70-d KO-level provider replacement,Unplanted,K22719,70,0.25,0.5,23,0.5736449184560206,0.1209485451874362,,Function_log2FC=-0.130765875615503; abs=0.130765875615503
70-d KO-level provider replacement,Tomato-planted,K22719,70,0.25,0.5,23,0.6219156825730277,0.08712874001424299,,Function_log2FC=-0.152013708080744; abs=0.152013708080744
70-d KO-level provider replacement,Unplanted,K18676,70,0.25,0.5,3,0.9462626057465273,0.11552228456719751,,Function_log2FC=0.767233935092955; abs=0.767233935092955
70-d KO-level provider replacement,Tomato-planted,K18676,70,0.25,0.5,3,0.8969055128575353,0.07860137069279323,,Function_log2FC=0.892209302763441; abs=0.892209302763441
70-d KO-level provider replacement,Unplanted,K03778,70,0.25,0.5,5,0.3601047574224685,0.6531205106964016,,Function_log2FC=1.06335375745216; abs=1.06335375745216
70-d KO-level provider replacement,Tomato-planted,K03778,70,0.25,0.5,5,0.5761846854135668,0.49979819341031273,,Function_log2FC=1.15733826867318; abs=1.15733826867318
70-d KO-level provider replacement,Unplanted,K23424,70,0.25,0.5,13,0.23815862308246255,0.23443172475537774,,Function_log2FC=0.0175332464931841; abs=0.0175332464931841
70-d KO-level provider replacement,Tomato-planted,K23424,70,0.25,0.5,13,0.28045203278613534,0.21819534121391615,,Function_log2FC=-0.303519448276006; abs=0.303519448276006
70-d KO-level provider replacement,Unplanted,K09141,70,0.25,0.5,3,0.031572025275223854,0.014846116063885586,,Function_log2FC=-0.232519460984721; abs=0.232519460984721
70-d KO-level provider replacement,Tomato-planted,K09141,70,0.25,0.5,3,0.027813555885749658,0.016535578390578287,,Function_log2FC=0.242644527276872; abs=0.242644527276872
70-d KO-level provider replacement,Unplanted,K16435,70,0.25,0.5,2,0.7899380949976409,0.07255272592943923,,Function_log2FC=0.574261818578603; abs=0.574261818578603
70-d KO-level provider replacement,Tomato-planted,K16435,70,0.25,0.5,2,0.8278690807764951,0.08658409459503391,,Function_log2FC=1.28691737740586; abs=1.28691737740586
70-d KO-level provider replacement,Unplanted,K21178,70,0.25,0.5,3,0.2566378920985801,0.05688392263670819,,Function_log2FC=-3.27889989443147; abs=3.27889989443147
70-d KO-level provider replacement,Tomato-planted,K21178,70,0.25,0.5,3,0.3356329448560007,0.012424894969151168,,Function_log2FC=-2.07865580975102; abs=2.07865580975102
70-d KO-level provider replacement,Unplanted,K01932,70,0.25,0.5,6,0.3084640140162032,0.23412425143280946,,Function_log2FC=0.711005868410563; abs=0.711005868410563
70-d KO-level provider replacement,Tomato-planted,K01932,70,0.25,0.5,6,0.4689554844859131,0.1996471158597901,,Function_log2FC=0.587826235593054; abs=0.587826235593054
70-d KO-level provider replacement,Unplanted,K17752,70,0.25,0.5,17,0.3638511633176428,0.19973862289546987,,Function_log2FC=0.507033120621105; abs=0.507033120621105
70-d KO-level provider replacement,Tomato-planted,K17752,70,0.25,0.5,17,0.47319087859609243,0.13506110458305262,,Function_log2FC=0.309721559982928; abs=0.309721559982928
70-d KO-level provider replacement,Unplanted,K07009,70,0.25,0.5,5,0.6265359316085106,0.6284818366769578,,Function_log2FC=0.378068660952908; abs=0.378068660952908
70-d KO-level provider replacement,Tomato-planted,K07009,70,0.25,0.5,5,0.5192500172770026,0.5117370640507416,,Function_log2FC=1.16144723981375; abs=1.16144723981375
70-d KO-level provider replacement,Unplanted,K16049,70,0.25,0.5,5,0.7771972118115318,0.10069724113559911,,Function_log2FC=-0.567483172491753; abs=0.567483172491753
70-d KO-level provider replacement,Tomato-planted,K16049,70,0.25,0.5,5,0.7965169936447472,0.09853280011306184,,Function_log2FC=-0.667457871320443; abs=0.667457871320443
70-d KO-level provider replacement,Unplanted,K18911,70,0.25,0.5,18,0.4135714907436479,0.25549133684873704,,Function_log2FC=0.296692902842804; abs=0.296692902842804
70-d KO-level provider replacement,Tomato-planted,K18911,70,0.25,0.5,18,0.49806930502560703,0.22382904731905667,,Function_log2FC=0.657007448634068; abs=0.657007448634068
70-d KO-level provider replacement,Unplanted,K06726,70,0.25,0.5,4,0.6013599194741914,0.487016096959799,,Function_log2FC=1.27886366346433; abs=1.27886366346433
70-d KO-level provider replacement,Tomato-planted,K06726,70,0.25,0.5,4,0.5941657896384049,0.47189264069398573,,Function_log2FC=1.46011581297743; abs=1.46011581297743
70-d KO-level provider replacement,Unplanted,K03890,70,0.25,0.5,10,0.8147797186862902,0.03137955046818913,,Function_log2FC=-0.0601091189228526; abs=0.0601091189228526
70-d KO-level provider replacement,Tomato-planted,K03890,70,0.25,0.5,10,0.8115536761046526,0.034760892672631244,,Function_log2FC=0.657282377629304; abs=0.657282377629304
70-d KO-level provider replacement,Unplanted,K22886,70,0.25,0.5,2,0.26329030709115364,0.00016078564905533388,,Function_log2FC=-0.930784391475513; abs=0.930784391475513
70-d KO-level provider replacement,Tomato-planted,K22886,70,0.25,0.5,2,0.055938531889476166,0.006412795551456252,,Function_log2FC=-0.9273310106388; abs=0.9273310106388
70-d KO-level provider replacement,Unplanted,K05501,70,0.25,0.5,4,0.41961215455789275,0.11475517128968948,,Function_log2FC=-0.406075924830634; abs=0.406075924830634
70-d KO-level provider replacement,Tomato-planted,K05501,70,0.25,0.5,4,0.26057463096922434,0.10218560339388481,,Function_log2FC=-0.903265448832483; abs=0.903265448832483
70-d KO-level provider replacement,Unplanted,K00464,70,0.25,0.5,3,0.027042839712336095,0.011608805724696887,,Function_log2FC=0.71605101668121; abs=0.71605101668121
70-d KO-level provider replacement,Tomato-planted,K00464,70,0.25,0.5,3,0.022993487072701588,0.013293650106094956,,Function_log2FC=0.712510927314127; abs=0.712510927314127
70-d KO-level provider replacement,Unplanted,K18369,70,0.25,0.5,18,0.6784778814851031,0.13731342248253336,,Function_log2FC=-0.447753533100178; abs=0.447753533100178
70-d KO-level provider replacement,Tomato-planted,K18369,70,0.25,0.5,18,0.7157477596673293,0.1196955304821069,,Function_log2FC=0.200828290271537; abs=0.200828290271537
70-d KO-level provider replacement,Unplanted,K18692,70,0.25,0.5,5,0.10771887767601118,0.11213629601345382,,Function_log2FC=2.77957572646704; abs=2.77957572646704
70-d KO-level provider replacement,Tomato-planted,K18692,70,0.25,0.5,5,0.12805478676447735,0.10494195749733254,,Function_log2FC=3.00774003731621; abs=3.00774003731621
70-d KO-level provider replacement,Unplanted,K13653,70,0.25,0.5,10,0.3254395148887328,0.24940543182437858,,Function_log2FC=0.900908436813691; abs=0.900908436813691
70-d KO-level provider replacement,Tomato-planted,K13653,70,0.25,0.5,10,0.5377741763822677,0.18341674891927884,,Function_log2FC=1.08190151688249; abs=1.08190151688249
70-d KO-level provider replacement,Unplanted,K18197,70,0.25,0.5,8,0.12144683938109857,0.1070263364243151,,Function_log2FC=-0.147761534553581; abs=0.147761534553581
70-d KO-level provider replacement,Tomato-planted,K18197,70,0.25,0.5,8,0.22475457094404416,0.09769861641121658,,Function_log2FC=-0.025368671409337; abs=0.025368671409337
70-d KO-level provider replacement,Unplanted,K10547,70,0.25,0.5,7,0.555706746051359,0.13884301883579325,,Function_log2FC=0.855754573583162; abs=0.855754573583162
70-d KO-level provider replacement,Tomato-planted,K10547,70,0.25,0.5,7,0.6476070360025156,0.09468469035031735,,Function_log2FC=1.55931293309093; abs=1.55931293309093
70-d KO-level provider replacement,Unplanted,K07451,70,0.25,0.5,22,0.4821735076886515,0.13612322958957068,,Function_log2FC=0.441871103340865; abs=0.441871103340865
70-d KO-level provider replacement,Tomato-planted,K07451,70,0.25,0.5,22,0.5379774438505227,0.11896039690130772,,Function_log2FC=1.03302963287113; abs=1.03302963287113
70-d KO-level provider replacement,Unplanted,K02027,70,0.25,0.5,25,0.7252692240718687,0.16753057110502656,,Function_log2FC=0.139209315746428; abs=0.139209315746428
70-d KO-level provider replacement,Tomato-planted,K02027,70,0.25,0.5,25,0.7906981444386747,0.16370515301286778,,Function_log2FC=0.506318676505062; abs=0.506318676505062
70-d KO-level provider replacement,Unplanted,K19203,70,0.25,0.5,5,0.5564457541316199,0.1789714778411783,,Function_log2FC=-0.256540986396065; abs=0.256540986396065
70-d KO-level provider replacement,Tomato-planted,K19203,70,0.25,0.5,5,0.6958563321735051,0.24375678128661055,,Function_log2FC=0.499932090861033; abs=0.499932090861033
70-d KO-level provider replacement,Unplanted,K15760,70,0.25,0.5,5,0.1320046090159242,0.11350156861951814,,Function_log2FC=0.581292067792348; abs=0.581292067792348
70-d KO-level provider replacement,Tomato-planted,K15760,70,0.25,0.5,5,0.1502124360858634,0.10529036431326921,,Function_log2FC=-0.581511461407101; abs=0.581511461407101
70-d KO-level provider replacement,Unplanted,K08738,70,0.25,0.5,32,0.6480209260333567,0.1389884406709997,,Function_log2FC=0.383767683420792; abs=0.383767683420792
70-d KO-level provider replacement,Tomato-planted,K08738,70,0.25,0.5,32,0.7238290436244393,0.08676251204298453,,Function_log2FC=0.648236642455135; abs=0.648236642455135
70-d KO-level provider replacement,Tomato-planted,K06950,70,0.25,0.5,4,0.8511087834442947,0.8564282848755036,,Function_log2FC=0.603307884359234; abs=0.603307884359234
70-d KO-level provider replacement,Unplanted,K02521,70,0.25,0.5,5,0.2164575550673181,0.34513178198280997,,Function_log2FC=0.337621387937645; abs=0.337621387937645
70-d KO-level provider replacement,Tomato-planted,K02521,70,0.25,0.5,5,0.26244531074982935,0.35330652483663816,,Function_log2FC=0.075098196360825; abs=0.075098196360825
70-d KO-level provider replacement,Unplanted,K03381,70,0.25,0.5,5,0.7635286036575543,0.0775458109164464,,Function_log2FC=-0.0219932515580167; abs=0.0219932515580167
70-d KO-level provider replacement,Tomato-planted,K03381,70,0.25,0.5,5,0.799918814585217,0.10609046795599142,,Function_log2FC=-0.706901270634637; abs=0.706901270634637
70-d KO-level provider replacement,Unplanted,K04691,70,0.25,0.5,2,0.005520991232605105,0.0072185384837548106,,Function_log2FC=0.596391273485243; abs=0.596391273485243
70-d KO-level provider replacement,Tomato-planted,K04691,70,0.25,0.5,2,0.0023316791130717496,0.004929575051741963,,Function_log2FC=-0.584313348817634; abs=0.584313348817634
70-d KO-level provider replacement,Unplanted,K01095,70,0.25,0.5,10,0.27873361123218465,0.3411764042621995,,Function_log2FC=-0.127927357740465; abs=0.127927357740465
70-d KO-level provider replacement,Tomato-planted,K01095,70,0.25,0.5,10,0.22858283474035218,0.3551103592123326,,Function_log2FC=-0.225502796866125; abs=0.225502796866125
70-d KO-level provider replacement,Unplanted,K13652,70,0.25,0.5,6,0.5097857159609791,0.1604464090979371,,Function_log2FC=0.161699420969574; abs=0.161699420969574
70-d KO-level provider replacement,Tomato-planted,K13652,70,0.25,0.5,6,0.6710034136210806,0.12402440975522304,,Function_log2FC=-0.683075391593392; abs=0.683075391593392
70-d KO-level provider replacement,Unplanted,K02351,70,0.25,0.5,19,0.7759987177169956,0.08492969872490697,,Function_log2FC=-0.0358943829669097; abs=0.0358943829669097
70-d KO-level provider replacement,Tomato-planted,K02351,70,0.25,0.5,19,0.8088095171448971,0.07967200609949428,,Function_log2FC=0.379645564647559; abs=0.379645564647559
70-d KO-level provider replacement,Unplanted,K17320,70,0.25,0.5,6,0.788744396810456,0.732440130025465,,Function_log2FC=1.26951529307649; abs=1.26951529307649
70-d KO-level provider replacement,Tomato-planted,K17320,70,0.25,0.5,6,0.6941935925314402,0.603120041415715,,Function_log2FC=1.49668193651742; abs=1.49668193651742
70-d KO-level provider replacement,Unplanted,K00852,70,0.25,0.5,22,0.6676935261780325,0.1005238508411085,,Function_log2FC=0.199870515104703; abs=0.199870515104703
70-d KO-level provider replacement,Tomato-planted,K00852,70,0.25,0.5,22,0.7219682876674958,0.0842582297435962,,Function_log2FC=0.554661366231482; abs=0.554661366231482
70-d KO-level provider replacement,Unplanted,K16925,70,0.25,0.5,2,0.5779057929902941,0.05492974744996416,,Function_log2FC=-0.131551173672193; abs=0.131551173672193
70-d KO-level provider replacement,Tomato-planted,K16925,70,0.25,0.5,2,0.6914018601164161,0.03213833261654526,,Function_log2FC=0.451331415736233; abs=0.451331415736233
70-d KO-level provider replacement,Unplanted,K19123,70,0.25,0.5,5,0.5665047333216084,0.06306508077244195,,Function_log2FC=-0.0760052796998935; abs=0.0760052796998935
70-d KO-level provider replacement,Tomato-planted,K19123,70,0.25,0.5,5,0.7645915204027944,0.021107517632195053,,Function_log2FC=0.851933753791675; abs=0.851933753791675
70-d KO-level provider replacement,Unplanted,K15719,70,0.25,0.5,5,0.7809609921640215,0.0767557360771435,,Function_log2FC=-0.174144950321916; abs=0.174144950321916
70-d KO-level provider replacement,Tomato-planted,K15719,70,0.25,0.5,5,0.841531816675692,0.04607944765575983,,Function_log2FC=1.62358515803563; abs=1.62358515803563
70-d KO-level provider replacement,Unplanted,K02418,70,0.25,0.5,5,0.24602941446952697,0.3846929175081344,,Function_log2FC=0.252961704256912; abs=0.252961704256912
70-d KO-level provider replacement,Tomato-planted,K02418,70,0.25,0.5,5,0.20779944532669403,0.4104843670433724,,Function_log2FC=0.314718646305496; abs=0.314718646305496
70-d KO-level provider replacement,Unplanted,K13727,70,0.25,0.5,3,0.01711586963684653,0.10439652299777943,,Function_log2FC=1.02789062262063; abs=1.02789062262063
70-d KO-level provider replacement,Tomato-planted,K13727,70,0.25,0.5,3,0.1015123420717796,0.0945162067323797,,Function_log2FC=0.732703203429775; abs=0.732703203429775
70-d KO-level provider replacement,Unplanted,K02385,70,0.25,0.5,4,0.4231278097752433,0.21368022689059485,,Function_log2FC=1.02783138517942; abs=1.02783138517942
70-d KO-level provider replacement,Tomato-planted,K02385,70,0.25,0.5,4,0.3652313016889628,0.2306917828894711,,Function_log2FC=1.16053968924044; abs=1.16053968924044
70-d KO-level provider replacement,Unplanted,K16446,70,0.25,0.5,4,0.7653181221326626,0.06902301741127947,,Function_log2FC=-1.1601205728887; abs=1.1601205728887
70-d KO-level provider replacement,Tomato-planted,K16446,70,0.25,0.5,4,0.8560472659481039,0.04185099530945997,,Function_log2FC=-2.95475043873803; abs=2.95475043873803
70-d KO-level provider replacement,Unplanted,K19224,70,0.25,0.5,5,0.6876390169358818,0.10746683844248472,,Function_log2FC=1.97205783510235; abs=1.97205783510235
70-d KO-level provider replacement,Tomato-planted,K19224,70,0.25,0.5,5,0.724493866021513,0.06675386111696124,,Function_log2FC=1.26482561502826; abs=1.26482561502826
70-d KO-level provider replacement,Unplanted,K13315,70,0.25,0.5,14,0.6692555496513084,0.12801358364384355,,Function_log2FC=1.28670536746506; abs=1.28670536746506
70-d KO-level provider replacement,Tomato-planted,K13315,70,0.25,0.5,14,0.6860910260429445,0.12564838433110312,,Function_log2FC=2.72069416874417; abs=2.72069416874417
70-d KO-level provider replacement,Unplanted,K01222,70,0.25,0.5,4,0.7728244213557213,0.6723498486546488,,Function_log2FC=0.204014030561982; abs=0.204014030561982
70-d KO-level provider replacement,Tomato-planted,K01222,70,0.25,0.5,4,0.7655880077736681,0.6521482526587465,,Function_log2FC=0.574106626100025; abs=0.574106626100025
70-d KO-level provider replacement,Unplanted,K07156,70,0.25,0.5,6,0.5726912235105052,0.14056313966271086,,Function_log2FC=0.35209577761507; abs=0.35209577761507
70-d KO-level provider replacement,Tomato-planted,K07156,70,0.25,0.5,6,0.6793491856872904,0.0673504790193729,,Function_log2FC=0.468197895661377; abs=0.468197895661377
70-d KO-level provider replacement,Unplanted,K00232,70,0.25,0.5,16,0.757873306985104,0.08302462456948187,,Function_log2FC=-0.315049377339286; abs=0.315049377339286
70-d KO-level provider replacement,Tomato-planted,K00232,70,0.25,0.5,16,0.7606319841067298,0.07175451758763454,,Function_log2FC=-0.063480219209652; abs=0.063480219209652
70-d KO-level provider replacement,Unplanted,K19231,70,0.25,0.5,13,0.4463507782688862,0.14882297100944694,,Function_log2FC=-1.15522943372235; abs=1.15522943372235
70-d KO-level provider replacement,Tomato-planted,K19231,70,0.25,0.5,13,0.5433478855200912,0.1433006524670853,,Function_log2FC=-0.467985257665707; abs=0.467985257665707
70-d KO-level provider replacement,Unplanted,K10798,70,0.25,0.5,4,0.14120520306374734,0.07049021337953434,,Function_log2FC=1.76290252730769; abs=1.76290252730769
70-d KO-level provider replacement,Tomato-planted,K10798,70,0.25,0.5,4,0.12890920227083635,0.06864135437502757,,Function_log2FC=1.02775614620464; abs=1.02775614620464
70-d KO-level provider replacement,Unplanted,K08365,70,0.25,0.5,8,0.772760720675711,0.1962508055368592,,Function_log2FC=0.0748507518075006; abs=0.0748507518075006
70-d KO-level provider replacement,Tomato-planted,K08365,70,0.25,0.5,8,0.8008513078345765,0.18688460285172828,,Function_log2FC=0.847071051803945; abs=0.847071051803945
70-d KO-level provider replacement,Unplanted,K02026,70,0.25,0.5,25,0.7592702349792398,0.16511616440170146,,Function_log2FC=0.118897028215143; abs=0.118897028215143
70-d KO-level provider replacement,Tomato-planted,K02026,70,0.25,0.5,25,0.8086514162817786,0.1824547260630444,,Function_log2FC=0.553315160030551; abs=0.553315160030551
70-d KO-level provider replacement,Unplanted,K22723,70,0.25,0.5,4,0.1690191414432865,0.38366634369537633,,Function_log2FC=0.454678196415704; abs=0.454678196415704
70-d KO-level provider replacement,Tomato-planted,K22723,70,0.25,0.5,4,0.20674392011557502,0.3750384772136588,,Function_log2FC=0.182831823114049; abs=0.182831823114049
70-d KO-level provider replacement,Unplanted,K23988,70,0.25,0.5,15,0.513990809838796,0.1598185149971452,,Function_log2FC=0.249516379385542; abs=0.249516379385542
70-d KO-level provider replacement,Tomato-planted,K23988,70,0.25,0.5,15,0.6115605290122842,0.10331515159081645,,Function_log2FC=-0.105223504955105; abs=0.105223504955105
70-d KO-level provider replacement,Unplanted,K02008,70,0.25,0.5,11,0.8520749150692284,0.12842090736431105,,Function_log2FC=0.242054930133678; abs=0.242054930133678
70-d KO-level provider replacement,Tomato-planted,K02008,70,0.25,0.5,11,0.8901725098912683,0.1276102162506194,,Function_log2FC=0.616245194655289; abs=0.616245194655289
70-d KO-level provider replacement,Unplanted,K01184,70,0.25,0.5,6,0.03682642489379776,0.0998072123043166,,Function_log2FC=0.249876791725931; abs=0.249876791725931
70-d KO-level provider replacement,Tomato-planted,K01184,70,0.25,0.5,6,0.11844981849803951,0.09230574808214567,,Function_log2FC=1.27137593116833; abs=1.27137593116833
70-d KO-level provider replacement,Unplanted,K02657,70,0.25,0.5,6,0.24662591255630373,0.11774873977955556,,Function_log2FC=-0.384439750804095; abs=0.384439750804095
70-d KO-level provider replacement,Tomato-planted,K02657,70,0.25,0.5,6,0.28816876708149225,0.16761716462680853,,Function_log2FC=-0.821593616068116; abs=0.821593616068116
70-d KO-level provider replacement,Unplanted,K16870,70,0.25,0.5,18,0.6144165499547397,0.10341767025506811,,Function_log2FC=-0.117222662706594; abs=0.117222662706594
70-d KO-level provider replacement,Tomato-planted,K16870,70,0.25,0.5,18,0.7177479473514369,0.07104363252192235,,Function_log2FC=-0.0883335165504064; abs=0.0883335165504064
70-d KO-level provider replacement,Unplanted,K02025,70,0.25,0.5,24,0.7315723374230105,0.1449472674416928,,Function_log2FC=0.0228658751036413; abs=0.0228658751036413
70-d KO-level provider replacement,Tomato-planted,K02025,70,0.25,0.5,24,0.792753965511018,0.12455966673783511,,Function_log2FC=0.498443586530139; abs=0.498443586530139
70-d KO-level provider replacement,Unplanted,K00556,70,0.25,0.5,10,0.2986793894013917,0.26386332181349004,,Function_log2FC=0.982288492258742; abs=0.982288492258742
70-d KO-level provider replacement,Tomato-planted,K00556,70,0.25,0.5,10,0.32462504513195056,0.25404689079228054,,Function_log2FC=-0.0597909634020487; abs=0.0597909634020487
70-d KO-level provider replacement,Tomato-planted,K06876,70,0.25,0.5,2,0.5879192413608236,0.6682706376557423,,Function_log2FC=2.58543283697827; abs=2.58543283697827
70-d KO-level provider replacement,Unplanted,K16899,70,0.25,0.5,8,0.16786631425620213,0.3935127450837674,,Function_log2FC=0.132246537059423; abs=0.132246537059423
70-d KO-level provider replacement,Tomato-planted,K16899,70,0.25,0.5,8,0.20405421018810949,0.3580054017524141,,Function_log2FC=0.525037656285588; abs=0.525037656285588
70-d KO-level provider replacement,Unplanted,K13010,70,0.25,0.5,23,0.6527934341109684,0.15064012723537024,,Function_log2FC=0.213133947640789; abs=0.213133947640789
70-d KO-level provider replacement,Tomato-planted,K13010,70,0.25,0.5,23,0.7026478235926183,0.13567834134222853,,Function_log2FC=-0.259374858223032; abs=0.259374858223032
70-d KO-level provider replacement,Unplanted,K14054,70,0.25,0.5,7,0.7317259642061944,0.12363258529875062,,Function_log2FC=-0.877950927574294; abs=0.877950927574294
70-d KO-level provider replacement,Tomato-planted,K14054,70,0.25,0.5,7,0.7067802832589362,0.04725516667253386,,Function_log2FC=-0.578542116228554; abs=0.578542116228554
70-d KO-level provider replacement,Unplanted,K22298,70,0.25,0.5,13,0.5799852377580854,0.16919650670796785,,Function_log2FC=-0.154986145532566; abs=0.154986145532566
70-d KO-level provider replacement,Tomato-planted,K22298,70,0.25,0.5,13,0.6246534139708384,0.08941091430327619,,Function_log2FC=1.22380336497574; abs=1.22380336497574
70-d KO-level provider replacement,Unplanted,K07224,70,0.25,0.5,11,0.7598860004161232,0.06107910304257226,,Function_log2FC=0.191746686166363; abs=0.191746686166363
70-d KO-level provider replacement,Tomato-planted,K07224,70,0.25,0.5,11,0.7511589664547161,0.053697031367287845,,Function_log2FC=0.68158741761048; abs=0.68158741761048
70-d KO-level provider replacement,Unplanted,K01066,70,0.25,0.5,2,0.7576172529437264,0.13097457664035378,,Function_log2FC=0.0962045361143876; abs=0.0962045361143876
70-d KO-level provider replacement,Tomato-planted,K01066,70,0.25,0.5,2,0.7036367157704224,0.12517289189602562,,Function_log2FC=0.260783679486249; abs=0.260783679486249
70-d KO-level provider replacement,Unplanted,K06945,70,0.25,0.5,16,0.8867635280059079,0.10426092771853901,,Function_log2FC=-0.548902807804112; abs=0.548902807804112
70-d KO-level provider replacement,Tomato-planted,K06945,70,0.25,0.5,16,0.9012763895036127,0.09462969611986943,,Function_log2FC=0.383304943148206; abs=0.383304943148206
70-d KO-level provider replacement,Unplanted,K22322,70,0.25,0.5,3,0.43032509242924777,0.4619326590025534,,Function_log2FC=0.180136227644991; abs=0.180136227644991
70-d KO-level provider replacement,Tomato-planted,K22322,70,0.25,0.5,3,0.695051382822236,0.4399027289695247,,Function_log2FC=3.363790451205; abs=3.363790451205
70-d KO-level provider replacement,Unplanted,K06136,70,0.25,0.5,5,0.4872300872072932,0.21293254185940497,,Function_log2FC=-0.196591612825325; abs=0.196591612825325
70-d KO-level provider replacement,Tomato-planted,K06136,70,0.25,0.5,5,0.5499728905157386,0.29497264074427526,,Function_log2FC=-0.774062521039587; abs=0.774062521039587
70-d KO-level provider replacement,Unplanted,K00116,70,0.25,0.5,9,0.3168507447503624,0.19599650289732115,,Function_log2FC=1.03013587196292; abs=1.03013587196292
70-d KO-level provider replacement,Tomato-planted,K00116,70,0.25,0.5,9,0.3797128994645543,0.140459411471688,,Function_log2FC=1.07268086551533; abs=1.07268086551533
70-d KO-level provider replacement,Unplanted,K06027,70,0.25,0.5,5,0.4871122141080336,0.17599751135006236,,Function_log2FC=0.358898537650452; abs=0.358898537650452
70-d KO-level provider replacement,Tomato-planted,K06027,70,0.25,0.5,5,0.378295904750259,0.11083540950002915,,Function_log2FC=0.836530426739878; abs=0.836530426739878
70-d KO-level provider replacement,Unplanted,K07226,70,0.25,0.5,3,0.252801934094067,0.019077341255583344,,Function_log2FC=-0.0547102319449925; abs=0.0547102319449925
70-d KO-level provider replacement,Tomato-planted,K07226,70,0.25,0.5,3,0.17838243493674993,0.029593332401670024,,Function_log2FC=-0.163842469919909; abs=0.163842469919909
70-d KO-level provider replacement,Unplanted,K03617,70,0.25,0.5,2,0.02674208459767266,0.0031275135802572573,,Function_log2FC=0.383495495044186; abs=0.383495495044186
70-d KO-level provider replacement,Tomato-planted,K03617,70,0.25,0.5,2,0.05275213178629337,0.007550124055251239,,Function_log2FC=0.545767390707736; abs=0.545767390707736
70-d KO-level provider replacement,Unplanted,K03573,70,0.25,0.5,5,0.025778487556702076,0.10546302223896677,,Function_log2FC=0.643824807279525; abs=0.643824807279525
70-d KO-level provider replacement,Tomato-planted,K03573,70,0.25,0.5,5,0.12667783207942734,0.09854369041778184,,Function_log2FC=-0.655635309203081; abs=0.655635309203081
70-d KO-level provider replacement,Unplanted,K09880,70,0.25,0.5,3,0.12712380459460193,0.08680729089955225,,Function_log2FC=-0.249737321266412; abs=0.249737321266412
70-d KO-level provider replacement,Tomato-planted,K09880,70,0.25,0.5,3,0.15707893204578777,0.0975921940200178,,Function_log2FC=-0.493411941200608; abs=0.493411941200608
70-d KO-level provider replacement,Unplanted,K03791,70,0.25,0.5,2,0.04186344783269896,0.05986408571840582,,Function_log2FC=-0.0185927917697859; abs=0.0185927917697859
70-d KO-level provider replacement,Tomato-planted,K03791,70,0.25,0.5,2,0.024163457361739665,0.022522084265952536,,Function_log2FC=-0.363329967228914; abs=0.363329967228914
70-d KO-level provider replacement,Unplanted,K20469,70,0.25,0.5,22,0.7862308853243771,0.08666469743611042,,Function_log2FC=-1.18818425950267; abs=1.18818425950267
70-d KO-level provider replacement,Tomato-planted,K20469,70,0.25,0.5,22,0.7984619983786049,0.07502750451727096,,Function_log2FC=-1.43335022279745; abs=1.43335022279745
70-d KO-level provider replacement,Unplanted,K05782,70,0.25,0.5,5,0.17623965632512512,0.10892379144663694,,Function_log2FC=0.305371604476122; abs=0.305371604476122
70-d KO-level provider replacement,Tomato-planted,K05782,70,0.25,0.5,5,0.09628237279114374,0.16751534114753686,,Function_log2FC=0.0821090318355943; abs=0.0821090318355943
70-d KO-level provider replacement,Unplanted,K05554,70,0.25,0.5,5,0.8562676870923842,0.06687941157819267,,Function_log2FC=0.385458401768543; abs=0.385458401768543
70-d KO-level provider replacement,Tomato-planted,K05554,70,0.25,0.5,5,0.9207292088002705,0.062828043984567,,Function_log2FC=1.81205658719555; abs=1.81205658719555
70-d KO-level provider replacement,Unplanted,K01664,70,0.25,0.5,6,0.878638302486151,0.03691305986989195,,Function_log2FC=0.020127285119737; abs=0.020127285119737
70-d KO-level provider replacement,Tomato-planted,K01664,70,0.25,0.5,6,0.8746431761327765,0.026001743472457536,,Function_log2FC=0.287845610763015; abs=0.287845610763015
70-d KO-level provider replacement,Unplanted,K21165,70,0.25,0.5,5,0.5500223643005,0.03445241869476618,,Function_log2FC=-1.67261528194523; abs=1.67261528194523
70-d KO-level provider replacement,Tomato-planted,K21165,70,0.25,0.5,5,0.30394603967987377,0.0341899950400156,,Function_log2FC=-1.43261061430246; abs=1.43261061430246
70-d KO-level provider replacement,Unplanted,K02315,70,0.25,0.5,9,0.5197720970086936,0.3268490003151594,,Function_log2FC=0.169291873365282; abs=0.169291873365282
70-d KO-level provider replacement,Tomato-planted,K02315,70,0.25,0.5,9,0.6232867034097356,0.3039170805774461,,Function_log2FC=0.393825161198171; abs=0.393825161198171
70-d KO-level provider replacement,Unplanted,K05795,70,0.25,0.5,6,0.9218790389362643,0.8957298304470581,,Function_log2FC=1.58271126613104; abs=1.58271126613104
70-d KO-level provider replacement,Tomato-planted,K05795,70,0.25,0.5,6,0.8176255570577906,0.7468711543507566,,Function_log2FC=1.23386095511071; abs=1.23386095511071
70-d KO-level provider replacement,Unplanted,K14668,70,0.25,0.5,8,0.8998114213925107,0.1415940418838531,,Function_log2FC=0.973825221301606; abs=0.973825221301606
70-d KO-level provider replacement,Tomato-planted,K14668,70,0.25,0.5,8,0.9377426909197997,0.1463723436032469,,Function_log2FC=2.68470468489485; abs=2.68470468489485
70-d KO-level provider replacement,Unplanted,K03804,70,0.25,0.5,3,0.028163328161751974,0.12311904777325072,,Function_log2FC=0.558148277905485; abs=0.558148277905485
70-d KO-level provider replacement,Tomato-planted,K03804,70,0.25,0.5,3,0.13952956949796672,0.11515863139442231,,Function_log2FC=-0.1606764668422; abs=0.1606764668422
70-d KO-level provider replacement,Unplanted,K14136,70,0.25,0.5,13,0.6334645470306326,0.16055973323773792,,Function_log2FC=-1.59296674641608; abs=1.59296674641608
70-d KO-level provider replacement,Tomato-planted,K14136,70,0.25,0.5,13,0.6202419046713346,0.139297824800707,,Function_log2FC=-1.27597417361833; abs=1.27597417361833
70-d KO-level provider replacement,Unplanted,K10005,70,0.25,0.5,12,0.8592924838941458,0.07460227183833382,,Function_log2FC=0.34830170859663; abs=0.34830170859663
70-d KO-level provider replacement,Tomato-planted,K10005,70,0.25,0.5,12,0.8660235096979478,0.06088565922395562,,Function_log2FC=0.697172560794796; abs=0.697172560794796
70-d KO-level provider replacement,Unplanted,K14631,70,0.25,0.5,5,0.7417847634269692,0.09305293634547351,,Function_log2FC=-1.23510431679868; abs=1.23510431679868
70-d KO-level provider replacement,Tomato-planted,K14631,70,0.25,0.5,5,0.7791912553704698,0.07100016437919815,,Function_log2FC=-0.452966022082469; abs=0.452966022082469
70-d KO-level provider replacement,Unplanted,K23176,70,0.25,0.5,6,0.7652588231802635,0.3658616672247069,,Function_log2FC=0.465097909880659; abs=0.465097909880659
70-d KO-level provider replacement,Tomato-planted,K23176,70,0.25,0.5,6,0.7847879205254241,0.3686562325978842,,Function_log2FC=1.50071881281339; abs=1.50071881281339
70-d KO-level provider replacement,Unplanted,K05342,70,0.25,0.5,13,0.7234107746621014,0.1271501642281524,,Function_log2FC=0.445628426017661; abs=0.445628426017661
70-d KO-level provider replacement,Tomato-planted,K05342,70,0.25,0.5,13,0.7559363270723626,0.15758069546728187,,Function_log2FC=1.0098057931397; abs=1.0098057931397
70-d KO-level provider replacement,Unplanted,K03716,70,0.25,0.5,3,0.3488417465863487,0.3548769647685035,,Function_log2FC=-0.316497989012611; abs=0.316497989012611
70-d KO-level provider replacement,Tomato-planted,K03716,70,0.25,0.5,3,0.3364250896119751,0.35283922599165585,,Function_log2FC=1.15970820679379; abs=1.15970820679379
70-d KO-level provider replacement,Unplanted,K03466,70,0.25,0.5,37,0.6263722103162114,0.1498541356684905,,Function_log2FC=0.0803234735962817; abs=0.0803234735962817
70-d KO-level provider replacement,Tomato-planted,K03466,70,0.25,0.5,37,0.6994802105498009,0.12290275440983883,,Function_log2FC=0.296611530845302; abs=0.296611530845302
70-d KO-level provider replacement,Unplanted,K11410,70,0.25,0.5,13,0.8431073128184824,0.06686435884381324,,Function_log2FC=0.0427722558256765; abs=0.0427722558256765
70-d KO-level provider replacement,Tomato-planted,K11410,70,0.25,0.5,13,0.8635467053379511,0.05744185126190606,,Function_log2FC=0.746764546685939; abs=0.746764546685939
70-d KO-level provider replacement,Unplanted,K11962,70,0.25,0.5,7,0.2259129022099748,0.37457338178227084,,Function_log2FC=0.203342023278803; abs=0.203342023278803
70-d KO-level provider replacement,Tomato-planted,K11962,70,0.25,0.5,7,0.2995865608650665,0.3781848707954773,,Function_log2FC=-0.26738065517829; abs=0.26738065517829
70-d KO-level provider replacement,Unplanted,K03749,70,0.25,0.5,8,0.3259352004078926,0.06043385602610278,,Function_log2FC=0.104386960800813; abs=0.104386960800813
70-d KO-level provider replacement,Tomato-planted,K03749,70,0.25,0.5,8,0.2898807207825193,0.0803798833025462,,Function_log2FC=-0.371335637737351; abs=0.371335637737351
70-d KO-level provider replacement,Unplanted,K03298,70,0.25,0.5,25,0.4797597199723598,0.1378670296395426,,Function_log2FC=0.576268368177627; abs=0.576268368177627
70-d KO-level provider replacement,Tomato-planted,K03298,70,0.25,0.5,25,0.5512307195662428,0.11451458779259373,,Function_log2FC=1.25769644345569; abs=1.25769644345569
70-d KO-level provider replacement,Unplanted,K10240,70,0.25,0.5,10,0.9177761429702231,0.18491861562997766,,Function_log2FC=0.781638894006345; abs=0.781638894006345
70-d KO-level provider replacement,Tomato-planted,K10240,70,0.25,0.5,10,0.9207789099170046,0.17142872983671043,,Function_log2FC=1.84672804610279; abs=1.84672804610279
70-d KO-level provider replacement,Unplanted,K15924,70,0.25,0.5,11,0.17327471948290835,0.2565314878959189,,Function_log2FC=1.04007415265032; abs=1.04007415265032
70-d KO-level provider replacement,Tomato-planted,K15924,70,0.25,0.5,11,0.3072817971979521,0.2313049748001449,,Function_log2FC=0.595393812569157; abs=0.595393812569157
70-d KO-level provider replacement,Unplanted,K09912,70,0.25,0.5,2,0.043958817934049495,0.007418264612572683,,Function_log2FC=-0.0725720682938782; abs=0.0725720682938782
70-d KO-level provider replacement,Tomato-planted,K09912,70,0.25,0.5,2,0.05345198368889479,0.008801075802247108,,Function_log2FC=-0.537255413208098; abs=0.537255413208098
70-d KO-level provider replacement,Unplanted,K10232,70,0.25,0.5,7,0.9061437706755059,0.19853601672405466,,Function_log2FC=0.197372474952624; abs=0.197372474952624
70-d KO-level provider replacement,Tomato-planted,K10232,70,0.25,0.5,7,0.8896574318174171,0.1891388091068771,,Function_log2FC=0.678140981367121; abs=0.678140981367121
70-d KO-level provider replacement,Unplanted,K14166,70,0.25,0.5,10,0.6121479984797334,0.5511330238083658,,Function_log2FC=0.598875397947678; abs=0.598875397947678
70-d KO-level provider replacement,Tomato-planted,K14166,70,0.25,0.5,10,0.6464124643152735,0.5292930412503564,,Function_log2FC=1.01051223318498; abs=1.01051223318498
70-d KO-level provider replacement,Unplanted,K16396,70,0.25,0.5,7,0.8067207571640405,0.06877609199617314,,Function_log2FC=0.582463977317029; abs=0.582463977317029
70-d KO-level provider replacement,Tomato-planted,K16396,70,0.25,0.5,7,0.824476828852476,0.09023054926695306,,Function_log2FC=1.43000002006249; abs=1.43000002006249
70-d KO-level provider replacement,Unplanted,K15581,70,0.25,0.5,17,0.5904654028342291,0.17122218997282984,,Function_log2FC=0.0652065556571354; abs=0.0652065556571354
70-d KO-level provider replacement,Tomato-planted,K15581,70,0.25,0.5,17,0.6422315849137441,0.20339727808968935,,Function_log2FC=0.285696112682428; abs=0.285696112682428
70-d KO-level provider replacement,Unplanted,K13687,70,0.25,0.5,12,0.821456643442939,0.06578038875574585,,Function_log2FC=-0.184024702759683; abs=0.184024702759683
70-d KO-level provider replacement,Tomato-planted,K13687,70,0.25,0.5,12,0.7198277108562614,0.0635773428346954,,Function_log2FC=0.0623071750027582; abs=0.0623071750027582
70-d KO-level provider replacement,Unplanted,K08640,70,0.25,0.5,6,0.5124491183664006,0.2696739727896698,,Function_log2FC=0.617107558838201; abs=0.617107558838201
70-d KO-level provider replacement,Tomato-planted,K08640,70,0.25,0.5,6,0.5931629713863702,0.1759452271006486,,Function_log2FC=1.24200542417275; abs=1.24200542417275
70-d KO-level provider replacement,Unplanted,K00851,70,0.25,0.5,11,0.7023641614397256,0.20306912192767052,,Function_log2FC=0.133086357620749; abs=0.133086357620749
70-d KO-level provider replacement,Tomato-planted,K00851,70,0.25,0.5,11,0.756215922527131,0.1656946951443369,,Function_log2FC=0.831436258360714; abs=0.831436258360714
70-d KO-level provider replacement,Unplanted,K19268,70,0.25,0.5,2,0.1659573890280419,0.03664834383399812,,Function_log2FC=-1.27540840750915; abs=1.27540840750915
70-d KO-level provider replacement,Tomato-planted,K19268,70,0.25,0.5,2,0.5038294358596387,0.00014695258263031086,,Function_log2FC=-1.08919427592631; abs=1.08919427592631
70-d KO-level provider replacement,Unplanted,K02458,70,0.25,0.5,12,0.2988199577794297,0.16688155204204402,,Function_log2FC=-0.321203034412565; abs=0.321203034412565
70-d KO-level provider replacement,Tomato-planted,K02458,70,0.25,0.5,12,0.25841924790788456,0.20972143173721836,,Function_log2FC=-0.438887327561204; abs=0.438887327561204
70-d KO-level provider replacement,Unplanted,K13498,70,0.25,0.5,8,0.4461654429242054,0.10940255265177698,,Function_log2FC=0.385527178084256; abs=0.385527178084256
70-d KO-level provider replacement,Tomato-planted,K13498,70,0.25,0.5,8,0.3025074477406652,0.06889733678568188,,Function_log2FC=1.02809760947634; abs=1.02809760947634
70-d KO-level provider replacement,Unplanted,K22819,70,0.25,0.5,6,0.8116985905999614,0.07679251777663214,,Function_log2FC=-0.560357991136463; abs=0.560357991136463
70-d KO-level provider replacement,Tomato-planted,K22819,70,0.25,0.5,6,0.8429225726521015,0.04246713101575172,,Function_log2FC=-1.21782590684396; abs=1.21782590684396
70-d KO-level provider replacement,Unplanted,K21336,70,0.25,0.5,5,0.7043420119921107,0.05882127653336076,,Function_log2FC=-2.83953226946272; abs=2.83953226946272
70-d KO-level provider replacement,Tomato-planted,K21336,70,0.25,0.5,5,0.8166540072873514,0.036647417310454955,,Function_log2FC=-4.50210206284728; abs=4.50210206284728
70-d KO-level provider replacement,Unplanted,K15653,70,0.25,0.5,4,0.6413559756759344,0.12824725885110572,,Function_log2FC=-0.431515411000642; abs=0.431515411000642
70-d KO-level provider replacement,Tomato-planted,K15653,70,0.25,0.5,4,0.7864714973159828,0.17525890015826395,,Function_log2FC=-2.41144244451503; abs=2.41144244451503
70-d KO-level provider replacement,Unplanted,K03784,70,0.25,0.5,7,0.3416383566044179,0.048902095960396116,,Function_log2FC=-0.343872980589917; abs=0.343872980589917
70-d KO-level provider replacement,Tomato-planted,K03784,70,0.25,0.5,7,0.4147945164483781,0.053004605926743734,,Function_log2FC=0.447333360544432; abs=0.447333360544432
70-d KO-level provider replacement,Unplanted,K02841,70,0.25,0.5,2,0.0748726448880861,0.041574547279998486,,Function_log2FC=-0.707783735154303; abs=0.707783735154303
70-d KO-level provider replacement,Tomato-planted,K02841,70,0.25,0.5,2,0.11756078316530055,0.08530846051502788,,Function_log2FC=-0.600664640621789; abs=0.600664640621789
70-d KO-level provider replacement,Unplanted,K07448,70,0.25,0.5,9,0.3662705698619532,0.08950103327320869,,Function_log2FC=0.520265815541603; abs=0.520265815541603
70-d KO-level provider replacement,Tomato-planted,K07448,70,0.25,0.5,9,0.5080107834745211,0.07075353851044656,,Function_log2FC=0.782289871603273; abs=0.782289871603273
70-d KO-level provider replacement,Unplanted,K15836,70,0.25,0.5,11,0.10274543783474802,0.21056000798359403,,Function_log2FC=-0.739628197149143; abs=0.739628197149143
70-d KO-level provider replacement,Tomato-planted,K15836,70,0.25,0.5,11,0.19902431347236332,0.21599146948286996,,Function_log2FC=-0.931168381985959; abs=0.931168381985959
70-d KO-level provider replacement,Unplanted,K10187,70,0.25,0.5,7,0.9473683485594904,0.1420359391354664,,Function_log2FC=0.52920079103641; abs=0.52920079103641
70-d KO-level provider replacement,Tomato-planted,K10187,70,0.25,0.5,7,0.9570094701698705,0.1367873685912563,,Function_log2FC=1.24309724744389; abs=1.24309724744389
70-d KO-level provider replacement,Unplanted,K10007,70,0.25,0.5,14,0.8432208733341144,0.08078616051821386,,Function_log2FC=-0.0829093129166951; abs=0.0829093129166951
70-d KO-level provider replacement,Tomato-planted,K10007,70,0.25,0.5,14,0.8623253668796955,0.06502308831523616,,Function_log2FC=0.926716411001452; abs=0.926716411001452
70-d KO-level provider replacement,Unplanted,K18955,70,0.25,0.5,17,0.8733188420752511,0.07947709345401649,,Function_log2FC=0.371726426579858; abs=0.371726426579858
70-d KO-level provider replacement,Tomato-planted,K18955,70,0.25,0.5,17,0.8865971030500217,0.05933667747599439,,Function_log2FC=0.864435973363126; abs=0.864435973363126
70-d KO-level provider replacement,Unplanted,K02422,70,0.25,0.5,3,0.20254766974846358,0.1218644025078247,,Function_log2FC=0.55724999490094; abs=0.55724999490094
70-d KO-level provider replacement,Tomato-planted,K02422,70,0.25,0.5,3,0.08784434052639596,0.259420609935491,,Function_log2FC=0.477869324312573; abs=0.477869324312573
70-d KO-level provider replacement,Unplanted,K20274,70,0.25,0.5,3,0.9517859305323226,0.018773799637746096,,Function_log2FC=0.69467554974768; abs=0.69467554974768
70-d KO-level provider replacement,Tomato-planted,K20274,70,0.25,0.5,3,0.900303615538022,0.01600166827317602,,Function_log2FC=1.68641547683102; abs=1.68641547683102
70-d KO-level provider replacement,Unplanted,K08167,70,0.25,0.5,18,0.8763656897480158,0.09799182908578155,,Function_log2FC=0.327402071827871; abs=0.327402071827871
70-d KO-level provider replacement,Tomato-planted,K08167,70,0.25,0.5,18,0.8921490760811843,0.08431342899164974,,Function_log2FC=0.398352929786076; abs=0.398352929786076
70-d KO-level provider replacement,Unplanted,K13771,70,0.25,0.5,10,0.3189258894825718,0.24873289548372257,,Function_log2FC=0.251298901274779; abs=0.251298901274779
70-d KO-level provider replacement,Tomato-planted,K13771,70,0.25,0.5,10,0.4835652748867069,0.21313868800149782,,Function_log2FC=0.394807606004723; abs=0.394807606004723
70-d KO-level provider replacement,Unplanted,K13633,70,0.25,0.5,26,0.7474082563707264,0.16792004155055038,,Function_log2FC=0.513564647144183; abs=0.513564647144183
70-d KO-level provider replacement,Tomato-planted,K13633,70,0.25,0.5,26,0.788399187419631,0.1885301506473771,,Function_log2FC=1.48756557330508; abs=1.48756557330508
70-d KO-level provider replacement,Unplanted,K03974,70,0.25,0.5,5,0.2022849166939432,0.03757996832537955,,Function_log2FC=0.136000190578893; abs=0.136000190578893
70-d KO-level provider replacement,Tomato-planted,K03974,70,0.25,0.5,5,0.22129484316820572,0.02635685735414425,,Function_log2FC=0.64767831758327; abs=0.64767831758327
70-d KO-level provider replacement,Unplanted,K10820,70,0.25,0.5,14,0.6433181876180947,0.152381502754178,,Function_log2FC=0.658355806208164; abs=0.658355806208164
70-d KO-level provider replacement,Tomato-planted,K10820,70,0.25,0.5,14,0.7318303042183664,0.16225072669138726,,Function_log2FC=0.636862985012852; abs=0.636862985012852
70-d KO-level provider replacement,Unplanted,K13275,70,0.25,0.5,2,0.8722839464918526,0.070191512165829,,Function_log2FC=2.99686872070592; abs=2.99686872070592
70-d KO-level provider replacement,Tomato-planted,K13275,70,0.25,0.5,2,0.9416702856656046,0.08670521221757149,,Function_log2FC=0.317804803096356; abs=0.317804803096356
70-d KO-level provider replacement,Unplanted,K15532,70,0.25,0.5,13,0.35098481114068697,0.23001111727457113,,Function_log2FC=-0.330081964587014; abs=0.330081964587014
70-d KO-level provider replacement,Tomato-planted,K15532,70,0.25,0.5,13,0.43417920852546754,0.19060449748619535,,Function_log2FC=-0.75860903656925; abs=0.75860903656925
70-d KO-level provider replacement,Unplanted,K02013,70,0.25,0.5,24,0.6605626014341658,0.14396388234692206,,Function_log2FC=0.217390113203587; abs=0.217390113203587
70-d KO-level provider replacement,Tomato-planted,K02013,70,0.25,0.5,24,0.7038192975920157,0.10730159029690961,,Function_log2FC=0.531467359405376; abs=0.531467359405376
70-d KO-level provider replacement,Unplanted,K09692,70,0.25,0.5,9,0.8256188955752044,0.2349775522559362,,Function_log2FC=0.865112316715762; abs=0.865112316715762
70-d KO-level provider replacement,Tomato-planted,K09692,70,0.25,0.5,9,0.7343536151953521,0.23976452507785195,,Function_log2FC=1.61149811423932; abs=1.61149811423932
70-d KO-level provider replacement,Unplanted,K15524,70,0.25,0.5,5,0.1996541112397173,0.2727087745216102,,Function_log2FC=0.230613176746349; abs=0.230613176746349
70-d KO-level provider replacement,Tomato-planted,K15524,70,0.25,0.5,5,0.21792086188119467,0.23745282606196538,,Function_log2FC=0.364286732962093; abs=0.364286732962093
70-d KO-level provider replacement,Unplanted,K16301,70,0.25,0.5,9,0.5436640734086972,0.10693784753680853,,Function_log2FC=0.253524042171921; abs=0.253524042171921
70-d KO-level provider replacement,Tomato-planted,K16301,70,0.25,0.5,9,0.5823006085530334,0.04326524303132674,,Function_log2FC=0.702407017695055; abs=0.702407017695055
70-d KO-level provider replacement,Unplanted,K06211,70,0.25,0.5,9,0.7085878844584039,0.11532362479525854,,Function_log2FC=1.42370201221313; abs=1.42370201221313
70-d KO-level provider replacement,Tomato-planted,K06211,70,0.25,0.5,9,0.7590029240338049,0.1113816002760462,,Function_log2FC=2.21479882560637; abs=2.21479882560637
70-d KO-level provider replacement,Unplanted,K05275,70,0.25,0.5,28,0.7913061336902852,0.08427825793354791,,Function_log2FC=0.243684864975428; abs=0.243684864975428
70-d KO-level provider replacement,Tomato-planted,K05275,70,0.25,0.5,28,0.8016593968112282,0.075772378935053,,Function_log2FC=0.732428467188535; abs=0.732428467188535
70-d KO-level provider replacement,Unplanted,K19696,70,0.25,0.5,3,0.19614382202411546,0.035739663267243614,,Function_log2FC=-0.622365433706275; abs=0.622365433706275
70-d KO-level provider replacement,Tomato-planted,K19696,70,0.25,0.5,3,0.250683222398529,0.04181358967179094,,Function_log2FC=-0.825311488090526; abs=0.825311488090526
70-d KO-level provider replacement,Unplanted,K15771,70,0.25,0.5,9,0.8483481273934286,0.05487415333028744,,Function_log2FC=-0.469120813309201; abs=0.469120813309201
70-d KO-level provider replacement,Tomato-planted,K15771,70,0.25,0.5,9,0.8479525110182041,0.045075620100629175,,Function_log2FC=0.225646463269414; abs=0.225646463269414
70-d KO-level provider replacement,Unplanted,K14291,70,0.25,0.5,6,0.1650220101036121,0.34766037082019846,,Function_log2FC=-0.0120131222314555; abs=0.0120131222314555
70-d KO-level provider replacement,Tomato-planted,K14291,70,0.25,0.5,6,0.1802870348468132,0.359811362086306,,Function_log2FC=0.589443617413927; abs=0.589443617413927
70-d KO-level provider replacement,Unplanted,K12240,70,0.25,0.5,7,0.5456812099466779,0.08453583643819014,,Function_log2FC=0.638128114821645; abs=0.638128114821645
70-d KO-level provider replacement,Tomato-planted,K12240,70,0.25,0.5,7,0.7339766637919263,0.029707469168490003,,Function_log2FC=1.50517172547225; abs=1.50517172547225
70-d KO-level provider replacement,Unplanted,K01046,70,0.25,0.5,25,0.6347421626209704,0.13242676047252666,,Function_log2FC=0.643472300138808; abs=0.643472300138808
70-d KO-level provider replacement,Tomato-planted,K01046,70,0.25,0.5,25,0.6325152346596411,0.10946256782844029,,Function_log2FC=0.513541087908735; abs=0.513541087908735
70-d KO-level provider replacement,Unplanted,K06447,70,0.25,0.5,2,0.11633135123308944,0.032807305479625626,,Function_log2FC=0.498491355189879; abs=0.498491355189879
70-d KO-level provider replacement,Tomato-planted,K06447,70,0.25,0.5,2,0.16599789255759434,0.02467484044152532,,Function_log2FC=0.969798655950712; abs=0.969798655950712
70-d KO-level provider replacement,Unplanted,K16150,70,0.25,0.5,23,0.47751628796133,0.22998752593046412,,Function_log2FC=0.810056930948236; abs=0.810056930948236
70-d KO-level provider replacement,Tomato-planted,K16150,70,0.25,0.5,23,0.5433871160077097,0.1529385882054082,,Function_log2FC=1.7169123556684; abs=1.7169123556684
70-d KO-level provider replacement,Unplanted,K09759,70,0.25,0.5,4,0.6533851760191969,0.1657182797008328,,Function_log2FC=0.446664703691266; abs=0.446664703691266
70-d KO-level provider replacement,Tomato-planted,K09759,70,0.25,0.5,4,0.6667318796005771,0.14395694577728912,,Function_log2FC=1.06003173037767; abs=1.06003173037767
70-d KO-level provider replacement,Unplanted,K12583,70,0.25,0.5,24,0.6204696903250961,0.11418327156226979,,Function_log2FC=-0.25622778128571; abs=0.25622778128571
70-d KO-level provider replacement,Tomato-planted,K12583,70,0.25,0.5,24,0.6802025728309096,0.08230796057330358,,Function_log2FC=-0.506969941740866; abs=0.506969941740866
70-d KO-level provider replacement,Unplanted,K05878,70,0.25,0.5,7,0.9326751569605702,0.15681257851479544,,Function_log2FC=0.0550882610158904; abs=0.0550882610158904
70-d KO-level provider replacement,Tomato-planted,K05878,70,0.25,0.5,7,0.9752000733007316,0.16065151510334577,,Function_log2FC=0.439330076174277; abs=0.439330076174277
70-d KO-level provider replacement,Unplanted,K17641,70,0.25,0.5,10,0.8016331617459331,0.16900615137324282,,Function_log2FC=0.683707059202443; abs=0.683707059202443
70-d KO-level provider replacement,Tomato-planted,K17641,70,0.25,0.5,10,0.8157446707241127,0.19184456489320928,,Function_log2FC=1.07162603476273; abs=1.07162603476273
70-d KO-level provider replacement,Unplanted,K07663,70,0.25,0.5,9,0.3009681715105794,0.15511488647646565,,Function_log2FC=-0.167920295619876; abs=0.167920295619876
70-d KO-level provider replacement,Tomato-planted,K07663,70,0.25,0.5,9,0.35591663146570524,0.19073658194136883,,Function_log2FC=-0.287666172815887; abs=0.287666172815887
70-d KO-level provider replacement,Unplanted,K14287,70,0.25,0.5,7,0.23164483665914332,0.1398488586593096,,Function_log2FC=-0.15068752053855; abs=0.15068752053855
70-d KO-level provider replacement,Tomato-planted,K14287,70,0.25,0.5,7,0.23667886982806396,0.18697902096757119,,Function_log2FC=-0.488428126643358; abs=0.488428126643358
70-d KO-level provider replacement,Unplanted,K22462,70,0.25,0.5,17,0.4910871451665895,0.17358285880091753,,Function_log2FC=-0.637817405401662; abs=0.637817405401662
70-d KO-level provider replacement,Tomato-planted,K22462,70,0.25,0.5,17,0.5520117972289644,0.09061775179443551,,Function_log2FC=2.01384560712528; abs=2.01384560712528
70-d KO-level provider replacement,Unplanted,K01218,70,0.25,0.5,13,0.38237034618799537,0.2678481539293987,,Function_log2FC=0.654678342919401; abs=0.654678342919401
70-d KO-level provider replacement,Tomato-planted,K01218,70,0.25,0.5,13,0.5555033827514737,0.2164033841606483,,Function_log2FC=1.20691912373006; abs=1.20691912373006
70-d KO-level provider replacement,Unplanted,K16397,70,0.25,0.5,3,0.09162699592174407,0.0726309971511686,,Function_log2FC=-0.680531884384829; abs=0.680531884384829
70-d KO-level provider replacement,Tomato-planted,K16397,70,0.25,0.5,3,0.17675872864359843,0.06283035367096636,,Function_log2FC=-1.57261653721694; abs=1.57261653721694
70-d KO-level provider replacement,Unplanted,K13832,70,0.25,0.5,2,0.15613774707851136,0.0775780391245988,,Function_log2FC=-0.658509206699236; abs=0.658509206699236
70-d KO-level provider replacement,Tomato-planted,K13832,70,0.25,0.5,2,0.14417760354746287,0.07544206349521784,,Function_log2FC=-0.553285124286895; abs=0.553285124286895
70-d KO-level provider replacement,Unplanted,K10242,70,0.25,0.5,13,0.8185778648946047,0.13840747908077125,,Function_log2FC=1.14552280172574; abs=1.14552280172574
70-d KO-level provider replacement,Tomato-planted,K10242,70,0.25,0.5,13,0.7999014556580528,0.13941103679738698,,Function_log2FC=1.80805993844985; abs=1.80805993844985
70-d KO-level provider replacement,Unplanted,K15981,70,0.25,0.5,13,0.7800803468295765,0.09152515706314486,,Function_log2FC=-0.739159299744727; abs=0.739159299744727
70-d KO-level provider replacement,Tomato-planted,K15981,70,0.25,0.5,13,0.8047314329128504,0.057681543509236,,Function_log2FC=-0.687786853352483; abs=0.687786853352483
70-d KO-level provider replacement,Unplanted,K09946,70,0.25,0.5,5,0.3502046885522188,0.23976927735292158,,Function_log2FC=0.407523210877613; abs=0.407523210877613
70-d KO-level provider replacement,Tomato-planted,K09946,70,0.25,0.5,5,0.3811124203780873,0.13323838511264283,,Function_log2FC=0.735908153097558; abs=0.735908153097558
70-d KO-level provider replacement,Unplanted,K06384,70,0.25,0.5,3,0.9286672496072836,0.024866649386629545,,Function_log2FC=0.674643664029461; abs=0.674643664029461
70-d KO-level provider replacement,Tomato-planted,K06384,70,0.25,0.5,3,0.8397647686142352,0.019725045061614318,,Function_log2FC=-0.663765228576849; abs=0.663765228576849
70-d KO-level provider replacement,Unplanted,K03831,70,0.25,0.5,8,0.38720115715725867,0.173926379428119,,Function_log2FC=-0.21153867487246; abs=0.21153867487246
70-d KO-level provider replacement,Tomato-planted,K03831,70,0.25,0.5,8,0.44105542421404054,0.12130697531116118,,Function_log2FC=-0.592952338149969; abs=0.592952338149969
70-d KO-level provider replacement,Unplanted,K22476,70,0.25,0.5,15,0.8407184030903602,0.05847438464837602,,Function_log2FC=0.150959885099001; abs=0.150959885099001
70-d KO-level provider replacement,Tomato-planted,K22476,70,0.25,0.5,15,0.8399263631410289,0.055795963909240874,,Function_log2FC=0.642733618826346; abs=0.642733618826346
70-d KO-level provider replacement,Unplanted,K13671,70,0.25,0.5,11,0.7993944882777283,0.11010265596018329,,Function_log2FC=0.60548089567007; abs=0.60548089567007
70-d KO-level provider replacement,Tomato-planted,K13671,70,0.25,0.5,11,0.8252005663362895,0.13394329055020124,,Function_log2FC=1.13609806351851; abs=1.13609806351851
70-d KO-level provider replacement,Unplanted,K12429,70,0.25,0.5,5,0.7744199451465761,0.5441598025786015,,Function_log2FC=1.61009353457559; abs=1.61009353457559
70-d KO-level provider replacement,Tomato-planted,K12429,70,0.25,0.5,5,0.8340454402248549,0.5486940099854244,,Function_log2FC=2.93582755957364; abs=2.93582755957364
70-d KO-level provider replacement,Unplanted,K16653,70,0.25,0.5,13,0.8414825597408342,0.0625601754832607,,Function_log2FC=-1.53809307073345; abs=1.53809307073345
70-d KO-level provider replacement,Tomato-planted,K16653,70,0.25,0.5,13,0.8077500853586301,0.04988419293692836,,Function_log2FC=-1.48665512309035; abs=1.48665512309035
70-d KO-level provider replacement,Unplanted,K06995,70,0.25,0.5,2,0.024330574048745834,0.0385737994085697,,Function_log2FC=-0.0152526570038853; abs=0.0152526570038853
70-d KO-level provider replacement,Tomato-planted,K06995,70,0.25,0.5,2,0.011162986593817455,0.003563559306090369,,Function_log2FC=-0.202076070577114; abs=0.202076070577114
70-d KO-level provider replacement,Unplanted,K10002,70,0.25,0.5,2,0.33644914942469717,0.18761065979264746,,Function_log2FC=-0.332119982812902; abs=0.332119982812902
70-d KO-level provider replacement,Tomato-planted,K10002,70,0.25,0.5,2,0.23441133105580048,0.11745251219675734,,Function_log2FC=-1.14678699622063; abs=1.14678699622063
70-d KO-level provider replacement,Unplanted,K16164,70,0.25,0.5,9,0.5436547525495004,0.2670317936190311,,Function_log2FC=0.68380405146127; abs=0.68380405146127
70-d KO-level provider replacement,Tomato-planted,K16164,70,0.25,0.5,9,0.5286618205238622,0.2913675306936872,,Function_log2FC=0.621656180677626; abs=0.621656180677626
70-d KO-level provider replacement,Unplanted,K09883,70,0.25,0.5,4,0.18312761720608778,0.038256188260620445,,Function_log2FC=0.239108880787735; abs=0.239108880787735
70-d KO-level provider replacement,Tomato-planted,K09883,70,0.25,0.5,4,0.22902335709460359,0.026805062679253464,,Function_log2FC=0.461409334655212; abs=0.461409334655212
70-d KO-level provider replacement,Unplanted,K03272,70,0.25,0.5,12,0.6394732933494176,0.1935183771772786,,Function_log2FC=0.543655148948907; abs=0.543655148948907
70-d KO-level provider replacement,Tomato-planted,K03272,70,0.25,0.5,12,0.6987484125307641,0.2596837050216809,,Function_log2FC=0.832247308235488; abs=0.832247308235488
70-d KO-level provider replacement,Unplanted,K03810,70,0.25,0.5,3,0.25773771596615463,0.2546996383194071,,Function_log2FC=1.73488182076485; abs=1.73488182076485
70-d KO-level provider replacement,Tomato-planted,K03810,70,0.25,0.5,3,0.2984715440146121,0.22882138564672863,,Function_log2FC=2.17069676717228; abs=2.17069676717228
70-d KO-level provider replacement,Unplanted,K18800,70,0.25,0.5,2,0.11250024655339252,0.05458291787513305,,Function_log2FC=0.166237261212315; abs=0.166237261212315
70-d KO-level provider replacement,Tomato-planted,K18800,70,0.25,0.5,2,0.1269036468927405,0.04410109465668807,,Function_log2FC=-1.01554908602253; abs=1.01554908602253
70-d KO-level provider replacement,Unplanted,K05350,70,0.25,0.5,30,0.6005776201865232,0.1858462449826871,,Function_log2FC=0.348493869964407; abs=0.348493869964407
70-d KO-level provider replacement,Tomato-planted,K05350,70,0.25,0.5,30,0.6652211978739638,0.16190295978157027,,Function_log2FC=0.712190533325271; abs=0.712190533325271
70-d KO-level provider replacement,Unplanted,K06378,70,0.25,0.5,7,0.9124470464366919,0.07614961735949766,,Function_log2FC=-0.21172151228557; abs=0.21172151228557
70-d KO-level provider replacement,Tomato-planted,K06378,70,0.25,0.5,7,0.8934363452977745,0.06502009840257239,,Function_log2FC=0.527360445528459; abs=0.527360445528459
70-d KO-level provider replacement,Unplanted,K17734,70,0.25,0.5,20,0.6630114117497811,0.14178109130873137,,Function_log2FC=-0.520575208405928; abs=0.520575208405928
70-d KO-level provider replacement,Tomato-planted,K17734,70,0.25,0.5,20,0.7593848761478585,0.12644258515414,,Function_log2FC=-0.382784669132701; abs=0.382784669132701
70-d KO-level provider replacement,Unplanted,K06413,70,0.25,0.5,6,0.5492597797444199,0.17644150952608378,,Function_log2FC=1.62872765204931; abs=1.62872765204931
70-d KO-level provider replacement,Tomato-planted,K06413,70,0.25,0.5,6,0.5455396022425899,0.16033600790809474,,Function_log2FC=2.98608524926969; abs=2.98608524926969
70-d KO-level provider replacement,Unplanted,K03583,70,0.25,0.5,18,0.27918155897723135,0.07370042097414285,,Function_log2FC=-0.33712100361416; abs=0.33712100361416
70-d KO-level provider replacement,Tomato-planted,K03583,70,0.25,0.5,18,0.24795958319167719,0.10974077242698765,,Function_log2FC=-0.545354168362778; abs=0.545354168362778
70-d KO-level provider replacement,Unplanted,K10219,70,0.25,0.5,2,0.17890575258779295,0.07962708869110155,,Function_log2FC=-0.206323211222029; abs=0.206323211222029
70-d KO-level provider replacement,Tomato-planted,K10219,70,0.25,0.5,2,0.23354609836612053,0.06064617382595973,,Function_log2FC=-0.887269676536676; abs=0.887269676536676
70-d KO-level provider replacement,Unplanted,K19580,70,0.25,0.5,4,0.5770583774018277,0.2796010608032756,,Function_log2FC=-2.47097800467277; abs=2.47097800467277
70-d KO-level provider replacement,Tomato-planted,K19580,70,0.25,0.5,4,0.687331560001523,0.19622428121742302,,Function_log2FC=-2.75873648367332; abs=2.75873648367332
70-d KO-level provider replacement,Unplanted,K21802,70,0.25,0.5,5,0.3335884520461748,0.07740955901281785,,Function_log2FC=-0.125765881501162; abs=0.125765881501162
70-d KO-level provider replacement,Tomato-planted,K21802,70,0.25,0.5,5,0.40853249016238347,0.021870866395023822,,Function_log2FC=-0.560532173182233; abs=0.560532173182233
70-d KO-level provider replacement,Unplanted,K06221,70,0.25,0.5,9,0.437923731208386,0.28082950381244465,,Function_log2FC=0.767269431440295; abs=0.767269431440295
70-d KO-level provider replacement,Tomato-planted,K06221,70,0.25,0.5,9,0.5391102329396278,0.29731593868548617,,Function_log2FC=1.96150113037416; abs=1.96150113037416
70-d KO-level provider replacement,Unplanted,K01753,70,0.25,0.5,8,0.9081810540627686,0.08879123827544395,,Function_log2FC=-1.11822566668124; abs=1.11822566668124
70-d KO-level provider replacement,Tomato-planted,K01753,70,0.25,0.5,8,0.9382942940039372,0.08809664474623263,,Function_log2FC=0.27745018411981; abs=0.27745018411981
70-d KO-level provider replacement,Unplanted,K02462,70,0.25,0.5,10,0.3028596343578423,0.10403079596792338,,Function_log2FC=-0.122672322058805; abs=0.122672322058805
70-d KO-level provider replacement,Tomato-planted,K02462,70,0.25,0.5,10,0.25847847115666295,0.1234515079709914,,Function_log2FC=-0.444525819473022; abs=0.444525819473022
70-d KO-level provider replacement,Unplanted,K07645,70,0.25,0.5,5,0.17156045707942733,0.08029948976727636,,Function_log2FC=-0.16444670957363; abs=0.16444670957363
70-d KO-level provider replacement,Tomato-planted,K07645,70,0.25,0.5,5,0.17306016807374605,0.07095162454074246,,Function_log2FC=-0.316854240583317; abs=0.316854240583317
70-d KO-level provider replacement,Unplanted,K03430,70,0.25,0.5,6,0.39579490893358776,0.34158413888121686,,Function_log2FC=-0.657148666015473; abs=0.657148666015473
70-d KO-level provider replacement,Tomato-planted,K03430,70,0.25,0.5,6,0.25504050744483614,0.34729607410812374,,Function_log2FC=-1.08777373593646; abs=1.08777373593646
70-d KO-level provider replacement,Unplanted,K02232,70,0.25,0.5,12,0.6818493075362828,0.1603145351962129,,Function_log2FC=0.452369063227131; abs=0.452369063227131
70-d KO-level provider replacement,Tomato-planted,K02232,70,0.25,0.5,12,0.7143106434489878,0.1433145004589514,,Function_log2FC=0.619188155921462; abs=0.619188155921462
70-d KO-level provider replacement,Unplanted,K16868,70,0.25,0.5,16,0.7173521906581464,0.10912079830128188,,Function_log2FC=-0.247036387061418; abs=0.247036387061418
70-d KO-level provider replacement,Tomato-planted,K16868,70,0.25,0.5,16,0.7051669236961653,0.08584428140003472,,Function_log2FC=-2.25210116670449; abs=2.25210116670449
70-d KO-level provider replacement,Unplanted,K06905,70,0.25,0.5,13,0.5907999654279047,0.2359432645106243,,Function_log2FC=-1.08259233170174; abs=1.08259233170174
70-d KO-level provider replacement,Tomato-planted,K06905,70,0.25,0.5,13,0.5728224173018093,0.25408001001639413,,Function_log2FC=-1.39030442868773; abs=1.39030442868773
70-d KO-level provider replacement,Unplanted,K11746,70,0.25,0.5,4,0.0601786761356745,0.1608598391066569,,Function_log2FC=0.713063691562779; abs=0.713063691562779
70-d KO-level provider replacement,Tomato-planted,K11746,70,0.25,0.5,4,0.16346906034376354,0.15062328320869856,,Function_log2FC=0.185078924068427; abs=0.185078924068427
70-d KO-level provider replacement,Unplanted,K03087,70,0.25,0.5,7,0.7971040107949651,0.04165149267750384,,Function_log2FC=-0.450703936862195; abs=0.450703936862195
70-d KO-level provider replacement,Tomato-planted,K03087,70,0.25,0.5,7,0.7937059170810193,0.04207213319713294,,Function_log2FC=3.15727856713466e-05; abs=3.15727856713466e-05
70-d KO-level provider replacement,Unplanted,K03921,70,0.25,0.5,14,0.7690199778286131,0.08664301752313905,,Function_log2FC=0.220356649268215; abs=0.220356649268215
70-d KO-level provider replacement,Tomato-planted,K03921,70,0.25,0.5,14,0.799786951752349,0.07576708379034573,,Function_log2FC=0.625724900048734; abs=0.625724900048734
70-d KO-level provider replacement,Unplanted,K17836,70,0.25,0.5,22,0.4550844446211692,0.2999010412545182,,Function_log2FC=0.360989706331801; abs=0.360989706331801
70-d KO-level provider replacement,Tomato-planted,K17836,70,0.25,0.5,22,0.5089067881553989,0.21018081441523415,,Function_log2FC=0.777881667616562; abs=0.777881667616562
70-d KO-level provider replacement,Unplanted,K03297,70,0.25,0.5,9,0.7976508957022571,0.12220703343469401,,Function_log2FC=0.216534976108332; abs=0.216534976108332
70-d KO-level provider replacement,Tomato-planted,K03297,70,0.25,0.5,9,0.8411669912282858,0.10806244766691933,,Function_log2FC=0.855970596859365; abs=0.855970596859365
70-d KO-level provider replacement,Unplanted,K14534,70,0.25,0.5,6,0.3929339040095254,0.13133155490093326,,Function_log2FC=0.0913057421016011; abs=0.0913057421016011
70-d KO-level provider replacement,Tomato-planted,K14534,70,0.25,0.5,6,0.2474744013595633,0.1324399539490969,,Function_log2FC=-0.377160666289292; abs=0.377160666289292
70-d KO-level provider replacement,Unplanted,K11325,70,0.25,0.5,3,0.9737671343510403,0.18281965792586538,,Function_log2FC=-1.0827074064; abs=1.0827074064
70-d KO-level provider replacement,Tomato-planted,K11325,70,0.25,0.5,3,1.0,0.17584172563415224,,Function_log2FC=0.0276551435063362; abs=0.0276551435063362
70-d KO-level provider replacement,Unplanted,K18334,70,0.25,0.5,6,0.9056896078423823,0.20789714254905764,,Function_log2FC=-0.214809364257782; abs=0.214809364257782
70-d KO-level provider replacement,Tomato-planted,K18334,70,0.25,0.5,6,0.867400247310685,0.22080232958428062,,Function_log2FC=0.844084790208432; abs=0.844084790208432
70-d KO-level provider replacement,Unplanted,K10233,70,0.25,0.5,9,0.8672389206322754,0.09746657732658638,,Function_log2FC=0.278873542647005; abs=0.278873542647005
70-d KO-level provider replacement,Tomato-planted,K10233,70,0.25,0.5,9,0.8891127756859222,0.11595466555742097,,Function_log2FC=0.762108504215466; abs=0.762108504215466
70-d KO-level provider replacement,Unplanted,K02441,70,0.25,0.5,3,0.41213864559658125,0.1434584584714237,,Function_log2FC=1.01991581787923; abs=1.01991581787923
70-d KO-level provider replacement,Tomato-planted,K02441,70,0.25,0.5,3,0.312081803592207,0.13060688317049848,,Function_log2FC=0.079887127841135; abs=0.079887127841135
70-d KO-level provider replacement,Unplanted,K03632,70,0.25,0.5,5,0.10109286018278729,0.3249844744318159,,Function_log2FC=0.26057298797292; abs=0.26057298797292
70-d KO-level provider replacement,Tomato-planted,K03632,70,0.25,0.5,5,0.16231302003215187,0.32101912470883887,,Function_log2FC=-0.0274673209616944; abs=0.0274673209616944
70-d KO-level provider replacement,Unplanted,K16118,70,0.25,0.5,13,0.824755563885947,0.0845009028948082,,Function_log2FC=2.07306728985998; abs=2.07306728985998
70-d KO-level provider replacement,Tomato-planted,K16118,70,0.25,0.5,13,0.8966771348326809,0.06460865240577325,,Function_log2FC=1.9347812268073; abs=1.9347812268073
70-d KO-level provider replacement,Unplanted,K06977,70,0.25,0.5,8,0.26275530868567004,0.11322820061448291,,Function_log2FC=-0.127284418504407; abs=0.127284418504407
70-d KO-level provider replacement,Tomato-planted,K06977,70,0.25,0.5,8,0.31107500339040206,0.15651465371948645,,Function_log2FC=-1.05963830126751; abs=1.05963830126751
70-d KO-level provider replacement,Unplanted,K04068,70,0.25,0.5,4,0.09584636636990335,0.27005876800540013,,Function_log2FC=0.937193257547818; abs=0.937193257547818
70-d KO-level provider replacement,Tomato-planted,K04068,70,0.25,0.5,4,0.3018537144591701,0.2528746881965991,,Function_log2FC=0.266935244565043; abs=0.266935244565043
70-d KO-level provider replacement,Unplanted,K17234,70,0.25,0.5,5,0.13665140430249925,0.3177864618406933,,Function_log2FC=0.701991631701901; abs=0.701991631701901
70-d KO-level provider replacement,Tomato-planted,K17234,70,0.25,0.5,5,0.14449112050146404,0.3145529279422747,,Function_log2FC=0.24258767580822; abs=0.24258767580822
70-d KO-level provider replacement,Unplanted,K02919,70,0.25,0.5,17,0.47722802860323166,0.13293483250271204,,Function_log2FC=0.259834763313197; abs=0.259834763313197
70-d KO-level provider replacement,Tomato-planted,K02919,70,0.25,0.5,17,0.5392399431788701,0.10944674976818397,,Function_log2FC=0.666541885492701; abs=0.666541885492701
70-d KO-level provider replacement,Unplanted,K10829,70,0.25,0.5,8,0.7697494073321185,0.09630402589333911,,Function_log2FC=0.163200023566716; abs=0.163200023566716
70-d KO-level provider replacement,Tomato-planted,K10829,70,0.25,0.5,8,0.7820578662155219,0.06888231658315308,,Function_log2FC=0.0596220834490536; abs=0.0596220834490536
70-d KO-level provider replacement,Unplanted,K12685,70,0.25,0.5,4,0.11654754124560544,0.11513899406534114,,Function_log2FC=-0.672133520258526; abs=0.672133520258526
70-d KO-level provider replacement,Tomato-planted,K12685,70,0.25,0.5,4,0.16655993575968273,0.06987763754598983,,Function_log2FC=0.0572356378552782; abs=0.0572356378552782
70-d KO-level provider replacement,Unplanted,K20754,70,0.25,0.5,17,0.7000562330965805,0.13835711971417963,,Function_log2FC=0.390362980602823; abs=0.390362980602823
70-d KO-level provider replacement,Tomato-planted,K20754,70,0.25,0.5,17,0.7378379618437358,0.11879964646959898,,Function_log2FC=0.490531666261647; abs=0.490531666261647
70-d KO-level provider replacement,Unplanted,K22390,70,0.25,0.5,19,0.7773256915682202,0.08329011111941617,,Function_log2FC=1.24119699828419; abs=1.24119699828419
70-d KO-level provider replacement,Tomato-planted,K22390,70,0.25,0.5,19,0.7456829621371062,0.06783400878721657,,Function_log2FC=0.307213768440037; abs=0.307213768440037
70-d KO-level provider replacement,Unplanted,K14274,70,0.25,0.5,7,0.7163706871122362,0.1445527520773863,,Function_log2FC=0.287591865355987; abs=0.287591865355987
70-d KO-level provider replacement,Tomato-planted,K14274,70,0.25,0.5,7,0.7893428832951097,0.11622353008558864,,Function_log2FC=0.515146483424382; abs=0.515146483424382
70-d KO-level provider replacement,Unplanted,K08484,70,0.25,0.5,18,0.5975174085190341,0.1685439865150529,,Function_log2FC=0.279746791494665; abs=0.279746791494665
70-d KO-level provider replacement,Tomato-planted,K08484,70,0.25,0.5,18,0.629644392622984,0.12335619901267394,,Function_log2FC=0.355574554049858; abs=0.355574554049858
70-d KO-level provider replacement,Unplanted,K06617,70,0.25,0.5,5,0.025778487556702076,0.10546302223896677,,Function_log2FC=0.669920581115987; abs=0.669920581115987
70-d KO-level provider replacement,Tomato-planted,K06617,70,0.25,0.5,5,0.12667783207942734,0.09854369041778184,,Function_log2FC=0.610701105679028; abs=0.610701105679028
70-d KO-level provider replacement,Unplanted,K05569,70,0.25,0.5,5,0.5475767417581714,0.06812794655726069,,Function_log2FC=0.627191684782471; abs=0.627191684782471
70-d KO-level provider replacement,Tomato-planted,K05569,70,0.25,0.5,5,0.5711475298358979,0.09232269388231307,,Function_log2FC=0.566286428733835; abs=0.566286428733835
70-d KO-level provider replacement,Unplanted,K06223,70,0.25,0.5,12,0.44986336778932207,0.3672416684142027,,Function_log2FC=0.640639935174763; abs=0.640639935174763
70-d KO-level provider replacement,Tomato-planted,K06223,70,0.25,0.5,12,0.3895899476831774,0.3762158299250323,,Function_log2FC=0.15234333064229; abs=0.15234333064229
70-d KO-level provider replacement,Unplanted,K07504,70,0.25,0.5,3,0.3478581807381967,0.08191446858530008,,Function_log2FC=-0.752674867593057; abs=0.752674867593057
70-d KO-level provider replacement,Tomato-planted,K07504,70,0.25,0.5,3,0.45291019190059634,0.031036879558070773,,Function_log2FC=-1.10667917717306; abs=1.10667917717306
70-d KO-level provider replacement,Unplanted,K14337,70,0.25,0.5,7,0.7619690177002957,0.09036333023981483,,Function_log2FC=-0.328520483228285; abs=0.328520483228285
70-d KO-level provider replacement,Tomato-planted,K14337,70,0.25,0.5,7,0.812777993217518,0.04583955643899995,,Function_log2FC=-0.755223603887005; abs=0.755223603887005
70-d KO-level provider replacement,Unplanted,K13049,70,0.25,0.5,21,0.669807429555602,0.14920572201755408,,Function_log2FC=0.0725689564008116; abs=0.0725689564008116
70-d KO-level provider replacement,Tomato-planted,K13049,70,0.25,0.5,21,0.7075662205932877,0.09443606690465225,,Function_log2FC=0.400242555849031; abs=0.400242555849031
70-d KO-level provider replacement,Unplanted,K09935,70,0.25,0.5,3,0.20546446160287696,0.3675963613835538,,Function_log2FC=0.932465209270361; abs=0.932465209270361
70-d KO-level provider replacement,Tomato-planted,K09935,70,0.25,0.5,3,0.5376952306827647,0.3131046020197227,,Function_log2FC=1.49364646437316; abs=1.49364646437316
70-d KO-level provider replacement,Unplanted,K19702,70,0.25,0.5,16,0.5728383004759159,0.17970613949810826,,Function_log2FC=0.00983832941352451; abs=0.00983832941352451
70-d KO-level provider replacement,Tomato-planted,K19702,70,0.25,0.5,16,0.6164816757741685,0.09766203722644093,,Function_log2FC=1.12350295131809; abs=1.12350295131809
70-d KO-level provider replacement,Unplanted,K00435,70,0.25,0.5,7,0.8330694934977853,0.03525593282758858,,Function_log2FC=0.75871544249683; abs=0.75871544249683
70-d KO-level provider replacement,Tomato-planted,K00435,70,0.25,0.5,7,0.8048378771130337,0.043234439664887575,,Function_log2FC=1.0611615752795; abs=1.0611615752795
70-d KO-level provider replacement,Unplanted,K17763,70,0.25,0.5,21,0.529862081395835,0.20355343321287842,,Function_log2FC=0.470189625444401; abs=0.470189625444401
70-d KO-level provider replacement,Tomato-planted,K17763,70,0.25,0.5,21,0.5522058720133912,0.17651974386597755,,Function_log2FC=0.63045725938741; abs=0.63045725938741
70-d KO-level provider replacement,Unplanted,K03740,70,0.25,0.5,2,0.02674208459767266,0.0031275135802572573,,Function_log2FC=1.00522041430012; abs=1.00522041430012
70-d KO-level provider replacement,Tomato-planted,K03740,70,0.25,0.5,2,0.05275213178629337,0.007550124055251239,,Function_log2FC=0.942492039910951; abs=0.942492039910951
70-d KO-level provider replacement,Unplanted,K19125,70,0.25,0.5,2,0.1659573890280419,0.03664834383399812,,Function_log2FC=0.010092377704665; abs=0.010092377704665
70-d KO-level provider replacement,Tomato-planted,K19125,70,0.25,0.5,2,0.5038294358596387,0.00014695258263031086,,Function_log2FC=0.853970422859554; abs=0.853970422859554
70-d KO-level provider replacement,Unplanted,K03563,70,0.25,0.5,3,0.22187428639827708,0.12250394578711507,,Function_log2FC=-0.0563381555515955; abs=0.0563381555515955
70-d KO-level provider replacement,Tomato-planted,K03563,70,0.25,0.5,3,0.2029055771508102,0.1864995497299451,,Function_log2FC=-0.0909617103382566; abs=0.0909617103382566
70-d KO-level provider replacement,Unplanted,K21014,70,0.25,0.5,3,0.6064167587345141,0.5316890884540006,,Function_log2FC=0.590201892397957; abs=0.590201892397957
70-d KO-level provider replacement,Tomato-planted,K21014,70,0.25,0.5,3,0.6129344655401219,0.5345062310583881,,Function_log2FC=1.01079437373225; abs=1.01079437373225
70-d KO-level provider replacement,Unplanted,K22033,70,0.25,0.5,6,0.7938186893464444,0.07898112065389971,,Function_log2FC=0.281448060725093; abs=0.281448060725093
70-d KO-level provider replacement,Tomato-planted,K22033,70,0.25,0.5,6,0.8864780194830392,0.04940287101644424,,Function_log2FC=1.41314825099288; abs=1.41314825099288
70-d KO-level provider replacement,Unplanted,K02671,70,0.25,0.5,3,0.27986025704499384,0.00210363421640606,,Function_log2FC=-0.235322954715486; abs=0.235322954715486
70-d KO-level provider replacement,Tomato-planted,K02671,70,0.25,0.5,3,0.12999466525965264,0.005628104031723813,,Function_log2FC=-0.7952407603691; abs=0.7952407603691
70-d KO-level provider replacement,Unplanted,K00313,70,0.25,0.5,2,0.6128671430918553,0.45719011676564436,,Function_log2FC=0.082243165341735; abs=0.082243165341735
70-d KO-level provider replacement,Tomato-planted,K00313,70,0.25,0.5,2,0.604503991566747,0.41863403466236193,,Function_log2FC=0.684640371820132; abs=0.684640371820132
70-d KO-level provider replacement,Unplanted,K07494,70,0.25,0.5,9,0.7457505710605954,0.11748901695217452,,Function_log2FC=-1.04927932655515; abs=1.04927932655515
70-d KO-level provider replacement,Tomato-planted,K07494,70,0.25,0.5,9,0.8211606282515634,0.14794932441010128,,Function_log2FC=-0.627275601111301; abs=0.627275601111301
70-d KO-level provider replacement,Unplanted,K17623,70,0.25,0.5,2,0.24487812194973457,0.35003003434959457,,Function_log2FC=0.0224711265050215; abs=0.0224711265050215
70-d KO-level provider replacement,Tomato-planted,K17623,70,0.25,0.5,2,0.16565080056593876,0.3370167466448884,,Function_log2FC=0.254963282780003; abs=0.254963282780003
70-d KO-level provider replacement,Unplanted,K14052,70,0.25,0.5,8,0.4324481985705828,0.185075637044417,,Function_log2FC=4.45046463024348; abs=4.45046463024348
70-d KO-level provider replacement,Tomato-planted,K14052,70,0.25,0.5,8,0.4498558313440282,0.2126928451725119,,Function_log2FC=2.98445271774166; abs=2.98445271774166
70-d KO-level provider replacement,Unplanted,K00122,70,0.25,0.5,16,0.4597667029559577,0.2816811325705818,,Function_log2FC=-0.122282922163676; abs=0.122282922163676
70-d KO-level provider replacement,Tomato-planted,K00122,70,0.25,0.5,16,0.400076208693262,0.15343201911801468,,Function_log2FC=0.86320755574135; abs=0.86320755574135
70-d KO-level provider replacement,Unplanted,K10622,70,0.25,0.5,3,0.6064167587345141,0.5316890884540006,,Function_log2FC=-0.161757156861769; abs=0.161757156861769
70-d KO-level provider replacement,Tomato-planted,K10622,70,0.25,0.5,3,0.6129344655401219,0.5345062310583881,,Function_log2FC=-0.0301166193871451; abs=0.0301166193871451
70-d KO-level provider replacement,Unplanted,K00477,70,0.25,0.5,15,0.4502822521598244,0.24157127046811439,,Function_log2FC=-1.27402777638118; abs=1.27402777638118
70-d KO-level provider replacement,Tomato-planted,K00477,70,0.25,0.5,15,0.5922412708715138,0.19957554372683747,,Function_log2FC=-1.61658324401845; abs=1.61658324401845
70-d KO-level provider replacement,Unplanted,K00257,70,0.25,0.5,11,0.8656012837972483,0.06767697539803913,,Function_log2FC=0.817593878721221; abs=0.817593878721221
70-d KO-level provider replacement,Tomato-planted,K00257,70,0.25,0.5,11,0.8710469313748771,0.05333168528132835,,Function_log2FC=0.357615731253334; abs=0.357615731253334
70-d KO-level provider replacement,Tomato-planted,K09693,70,0.25,0.5,4,0.5438658848659378,0.5977278813879147,,Function_log2FC=1.7069737931927; abs=1.7069737931927
70-d KO-level provider replacement,Unplanted,K09822,70,0.25,0.5,6,0.16850950203337722,0.2754007692489896,,Function_log2FC=-0.0527312209197494; abs=0.0527312209197494
70-d KO-level provider replacement,Tomato-planted,K09822,70,0.25,0.5,6,0.31640650456445324,0.22090005069887667,,Function_log2FC=-0.0726558344290836; abs=0.0726558344290836
70-d KO-level provider replacement,Unplanted,K12434,70,0.25,0.5,6,0.8699635328651766,0.3297709184689565,,Function_log2FC=-0.447521125690677; abs=0.447521125690677
70-d KO-level provider replacement,Tomato-planted,K12434,70,0.25,0.5,6,0.8650376838970286,0.35303978959341403,,Function_log2FC=0.0189733380434407; abs=0.0189733380434407
70-d KO-level provider replacement,Unplanted,K08372,70,0.25,0.5,16,0.8838588717353232,0.07511205688315371,,Function_log2FC=0.0988933485744087; abs=0.0988933485744087
70-d KO-level provider replacement,Tomato-planted,K08372,70,0.25,0.5,16,0.8924444684380645,0.05692836244601689,,Function_log2FC=0.654614908251923; abs=0.654614908251923
70-d KO-level provider replacement,Unplanted,K20938,70,0.25,0.5,2,0.6406420455562294,0.07747149308216203,,Function_log2FC=0.513018491639849; abs=0.513018491639849
70-d KO-level provider replacement,Tomato-planted,K20938,70,0.25,0.5,2,0.6476255647400273,0.07237922551567791,,Function_log2FC=0.522941149939978; abs=0.522941149939978
70-d KO-level provider replacement,Unplanted,K07118,70,0.25,0.5,8,0.8285204802156001,0.06575208541585312,,Function_log2FC=0.674734582838717; abs=0.674734582838717
70-d KO-level provider replacement,Tomato-planted,K07118,70,0.25,0.5,8,0.8832727153731349,0.032825533948010965,,Function_log2FC=0.803130127731471; abs=0.803130127731471
