KO,Context,Provider_richness,Early_RD_7_14,Late_CE_28_70,Integrated_CE_7_70,Cumulative_residual_7_70,Recovery_class
K24017,Unplanted,10,2.193309505103012,0.7182115891043992,0.7399089397567401,0.409814991345262,Gradual/incomplete
K24017,Tomato-planted,10,2.253891658322324,0.7401930045128813,0.7721159723062917,0.855918447867031,Gradual/incomplete
K08352,Unplanted,12,1.5732247501867849,0.687170480421713,0.6240916322341036,1.1532279033847,Persistent/strengthened
K08352,Tomato-planted,12,1.5234841912934327,0.5963497614374365,0.5622014861740229,0.990117287059886,Persistent/strengthened
K15733,Unplanted,3,0.17350665623188144,0.0,0.0,0.701807714015529,Gradual/incomplete
K15733,Tomato-planted,3,0.19849986900752098,0.0,0.0,1.00377093527962,Persistent/strengthened
K06898,Unplanted,14,1.4216454441131696,0.6434549058077352,0.5682005045077521,0.306820340296514,Gradual/incomplete
K06898,Tomato-planted,14,1.361788329651534,0.4694620914861436,0.43874467422603286,0.455321932218744,Gradual/incomplete
K00076,Unplanted,13,1.997675336310369,0.8702460032361963,0.8767246592341905,0.685707122468867,Gradual/incomplete
K00076,Tomato-planted,13,2.167983601540909,0.8280528689432535,0.8533708144613841,0.799155027499311,Gradual/incomplete
K07536,Unplanted,4,2.1497644390145854,0.8569448128954119,0.90007624966254,0.445666525592167,Rapid
K07536,Tomato-planted,4,2.411614099848565,0.9072718746528552,0.9146564859355623,0.556626304318066,Gradual/incomplete
K10548,Unplanted,11,2.772566941467573,0.4831669818668286,0.4881372072448206,0.670782534643334,Gradual/incomplete
K10548,Tomato-planted,11,2.84210212767501,0.5288975390796944,0.522247492827217,0.904191602316078,Gradual/incomplete
K01218,Unplanted,13,2.8148278217891796,0.16640845349816785,0.19389671118393956,0.501827542388428,Gradual/incomplete
K01218,Tomato-planted,13,3.4675832383685457,0.1682603908491663,0.21180580980147873,0.773684123359891,Gradual/incomplete
K10117,Unplanted,13,2.6959629659041084,0.9067686697200305,0.8655239956755474,0.736124266061273,Gradual/incomplete
K10117,Tomato-planted,13,3.1103851218693084,0.8425802411140547,0.8080554379442982,0.997022977484718,Persistent/strengthened
K23980,Unplanted,25,2.3277973765262843,0.9713906389639797,0.9602334350392301,0.365627863671914,Overshoot/reversal
K23980,Tomato-planted,25,2.3337640319477666,0.9839009033531996,0.9595524250997747,0.378173241127723,Gradual/incomplete
K06518,Unplanted,2,1.874234266717554,0.7134061517752748,0.699363523145234,0.279158187821464,Overshoot/reversal
K06518,Tomato-planted,2,1.8713962175859802,0.6643929128869606,0.6495375030154172,0.148394382760721,Rapid
K01539,Unplanted,9,1.6902618763895862,0.6173210057568854,0.6070481253977406,0.207659449674904,Rapid
K01539,Tomato-planted,9,1.790368677176346,0.5594979628033726,0.5762275222599181,0.310192939584617,Rapid
K13498,Unplanted,8,1.1680055352163041,0.07222565881297859,0.06063396034471932,1.20460121770344,Persistent/strengthened
K13498,Tomato-planted,8,1.3497123286194412,0.11672541794396671,0.11495809431803171,1.30162613587026,Persistent/strengthened
K10111,Unplanted,2,1.331302963323496,0.0,0.03998519803031784,1.57038212597007,Persistent/strengthened
K10111,Tomato-planted,2,1.6831818719319456,0.0,0.0739842436062615,2.25180778307909,Persistent/strengthened
K17331,Unplanted,9,2.072459928466322,0.5715109569466106,0.611230449460786,0.286311884363402,Overshoot/reversal
K17331,Tomato-planted,9,2.2717157988077634,0.6776516823232721,0.7069442485429966,0.173115333939292,Rapid
K01302,Unplanted,22,1.6921875960576438,0.5002518654291087,0.4682496930883857,0.88389063128295,Gradual/incomplete
K01302,Tomato-planted,22,1.7118320515795757,0.45754157814111257,0.4372229365127506,0.918460236862507,Gradual/incomplete
K00172,Unplanted,7,1.0401110935721374,0.0,0.0,1.71011269408963,Persistent/strengthened
K00172,Tomato-planted,7,1.0304175203362722,0.0,0.0,1.55765750658538,Persistent/strengthened
K07465,Unplanted,15,2.0823062778542756,0.6569910077361245,0.6753231713169316,0.86416309043953,Overshoot/reversal
K07465,Tomato-planted,15,2.1699045040574183,0.6943735957438463,0.715005227795536,0.29976275352359,Rapid
K14629,Unplanted,4,0.4848343044760872,0.0,0.0,0.717956647562113,Gradual/incomplete
K14629,Tomato-planted,4,0.7528693358043788,0.0,0.0,1.03530830200951,Persistent/strengthened
K02008,Unplanted,11,2.550950267641233,0.8984626037852415,0.8757382410682725,0.271434855024525,Rapid
K02008,Tomato-planted,11,2.877590688337552,0.8980480210843063,0.8630922792892373,0.632473691356317,Gradual/incomplete
K12444,Unplanted,7,0.8560648740080179,0.3218261148497466,0.23284175488714728,1.40594413173069,Persistent/strengthened
K12444,Tomato-planted,7,0.9078667277464689,0.10020971738401534,0.07085670078420364,1.48914841899672,Persistent/strengthened
K21337,Unplanted,2,0.05852095697888323,0.0,0.0,1.33450090650761,Persistent/strengthened
K21337,Tomato-planted,2,0.04288403758482112,0.0,0.0,1.29568717540998,Persistent/strengthened
K18429,Unplanted,3,0.27906399861267034,0.0,0.0,0.250267144026625,Overshoot/reversal
K18429,Tomato-planted,3,0.49569477680697305,0.0,0.0,0.232176883229889,Rapid
K01616,Unplanted,15,1.9826880622240877,0.6104336317427385,0.6270972196837494,1.26142735690765,Persistent/strengthened
K01616,Tomato-planted,15,2.0862926182700576,0.6277425360507536,0.6525171918746902,1.39988055334145,Persistent/strengthened
K06904,Unplanted,10,2.2964009798839573,0.07524430301389193,0.07196488536605178,0.685178558897622,Gradual/incomplete
K06904,Tomato-planted,10,2.579752515667465,0.06584792329176604,0.0642467453388656,0.638656912088413,Gradual/incomplete
K04044,Unplanted,16,1.4022411295159671,0.2105448508470711,0.3631994992628629,0.564174936948742,Gradual/incomplete
K04044,Tomato-planted,16,1.6157809754380086,0.36766889949847986,0.4979925388660061,0.831359682392906,Gradual/incomplete
K23508,Unplanted,12,2.082335781377339,0.9805552534950499,0.9687467018025512,0.563228848847544,Gradual/incomplete
K23508,Tomato-planted,12,2.339247464011498,0.9522131784675706,0.9528203920683227,0.314140129192456,Gradual/incomplete
K21993,Unplanted,3,1.3344737657292627,0.3928246277010864,0.33989117353193726,0.444913422359489,Gradual/incomplete
K21993,Tomato-planted,3,1.5731776064312153,0.1528769406725466,0.15351365370098036,0.665726351919467,Gradual/incomplete
K06720,Unplanted,11,2.2892977525780807,0.8594485915868311,0.8971351294217588,0.317032600788079,Gradual/incomplete
K06720,Tomato-planted,11,2.5451284413203688,0.9484956919398561,0.9427969677487975,0.399733067136374,Gradual/incomplete
K07224,Unplanted,11,1.5547104719194311,0.4300601744650299,0.42392160400281803,0.264439076066729,Rapid
K07224,Tomato-planted,11,1.5874456889288444,0.3775120363022384,0.38993551632055934,0.568289317347572,Gradual/incomplete
K08086,Unplanted,5,0.48593632165099976,0.48559453088423704,0.5429951086812074,0.506414473337259,Gradual/incomplete
K08086,Tomato-planted,5,0.47828433504013745,0.43485658523850373,0.492584247700996,1.20795964374555,Persistent/strengthened
K06218,Unplanted,10,1.985474763582532,0.8808868262464674,0.811139194411367,0.17525780731432,Rapid
K06218,Tomato-planted,10,2.1272914953750073,0.7842816499455545,0.735749799077762,0.153060444194538,Rapid
K17836,Unplanted,22,2.777719974778706,0.39167227417040823,0.3583237935286442,0.862860888437981,Gradual/incomplete
K17836,Tomato-planted,22,3.073334194130286,0.30534430792580075,0.2929522521549221,1.13507958069362,Persistent/strengthened
K17320,Unplanted,6,0.45934328873868674,0.0,0.0,0.759034507398231,Gradual/incomplete
K17320,Tomato-planted,6,0.7043029544703447,0.0,0.0,0.874359039135525,Gradual/incomplete
K13592,Unplanted,3,1.5682487247369146,0.8399909106044389,0.7989543050252975,0.724742124337692,Gradual/incomplete
K13592,Tomato-planted,3,1.563830663514425,0.9454881490366592,0.8850484371703058,1.02067982464041,Persistent/strengthened
K02554,Unplanted,9,2.5530602983541417,0.35909058235402713,0.3486882307080654,0.106519210992331,Rapid
K02554,Tomato-planted,9,2.739379136956208,0.4019921614420402,0.3735521932738819,0.222862971908242,Rapid
K03426,Unplanted,22,2.3422146942968087,0.8180289896675894,0.848136322289731,0.329849905184255,Gradual/incomplete
K03426,Tomato-planted,22,2.4148834626621554,0.9187590415017125,0.9280650970656534,0.77545571911232,Gradual/incomplete
K22476,Unplanted,15,2.011248653905864,0.6415653428387788,0.6475035235251516,0.258787935910352,Rapid
K22476,Tomato-planted,15,2.103716545468486,0.675479661497826,0.6851590878834856,0.502558763091247,Gradual/incomplete
K13283,Unplanted,13,2.6488943194725056,0.486962489110186,0.5127040657263672,0.911844574985866,Persistent/strengthened
K13283,Tomato-planted,13,2.8470772423685626,0.4328657193170742,0.4955604499380558,1.30037301169083,Persistent/strengthened
K01183,Unplanted,22,2.5579547665988915,0.7605774660356803,0.7376373764564251,0.331397832600889,Gradual/incomplete
K01183,Tomato-planted,22,2.881620850937436,0.6970670826966149,0.6836058133854558,0.632564942553179,Gradual/incomplete
K18197,Unplanted,8,1.6012732501117213,0.0,0.13095494527086263,0.182064576363137,Rapid
K18197,Tomato-planted,8,2.103140658056212,0.017460493845502356,0.2099149868412591,0.129847090306147,Rapid
K10219,Unplanted,2,0.30296650475557885,0.0,0.0,0.778711627908488,Gradual/incomplete
K10219,Tomato-planted,2,0.3145095319717369,0.0,0.0,1.15475668740998,Persistent/strengthened
K02475,Unplanted,8,2.683366034294013,0.7925995869196297,0.7726912029387079,0.72603362375442,Gradual/incomplete
K02475,Tomato-planted,8,3.071290213315642,0.7939116213714573,0.7665037103546478,0.645851471858453,Gradual/incomplete
K08168,Unplanted,2,2.150646508126667,0.7624641526952939,0.7337034078597543,0.896609434405964,Gradual/incomplete
K08168,Tomato-planted,2,2.549051354046172,0.6308974785675969,0.6130052493554536,1.03722953925639,Persistent/strengthened
K03394,Unplanted,3,0.4232409743476106,0.0,0.0,0.580222210918024,Gradual/incomplete
K03394,Tomato-planted,3,0.778638295815121,0.0,0.0,0.754075639493027,Gradual/incomplete
K01095,Unplanted,10,1.0248221421947687,0.2882767030338734,0.4034614862933393,0.440777879564179,Gradual/incomplete
K01095,Tomato-planted,10,1.1015240612925434,0.5806436834128773,0.5818135238495953,0.659477055180828,Gradual/incomplete
K18199,Unplanted,15,2.5386793751976944,0.7870942464697167,0.774897780957042,0.794977213235025,Gradual/incomplete
K18199,Tomato-planted,15,2.9209559678352432,0.8181247640416378,0.7960178604306238,0.994085739664023,Persistent/strengthened
K03332,Unplanted,2,0.23953702254249334,0.0,0.0,0.324993597899996,Overshoot/reversal
K03332,Tomato-planted,2,0.26519140064497243,0.0,0.0,0.738027040205049,Overshoot/reversal
K09693,Unplanted,4,0.460699893968472,0.0,0.0,0.509228755612162,Gradual/incomplete
K09693,Tomato-planted,4,0.5690766019290863,0.0,0.0,0.66185313644147,Gradual/incomplete
K21308,Unplanted,3,0.5156816738496155,0.5627030360822415,0.6109022265119056,0.625639641597678,Gradual/incomplete
K21308,Tomato-planted,3,0.518198119832595,0.3785081005237904,0.46418186230950065,0.820525200373761,Gradual/incomplete
K00271,Unplanted,11,2.133943558968235,0.7019607652190922,0.7224861226311313,0.121903960742233,Rapid
K00271,Tomato-planted,11,2.2811194140375535,0.7376739732393154,0.7669168764681255,0.425569958526645,Gradual/incomplete
K14337,Unplanted,7,1.8936995201364928,0.6209776260073874,0.6295163363860959,0.79612615766416,Gradual/incomplete
K14337,Tomato-planted,7,2.172662221556267,0.5901578055532681,0.612768995653315,0.869902068246585,Gradual/incomplete
K03152,Unplanted,7,0.9767755085147412,0.47645017178483634,0.39601711627068087,0.439529472078981,Overshoot/reversal
K03152,Tomato-planted,7,0.8040062772845542,0.8139948288923949,0.624303555765343,0.488886898449265,Gradual/incomplete
K01941,Unplanted,8,1.2617604121352937,0.3194589866998132,0.4732169182329739,0.561935154887689,Gradual/incomplete
K01941,Tomato-planted,8,1.3914594932461988,0.47612395350957676,0.5662512548481459,0.85043637570885,Gradual/incomplete
K23359,Unplanted,13,2.1767230881958874,0.7966910293124824,0.7703398968666096,0.824094761543637,Gradual/incomplete
K23359,Tomato-planted,13,2.219091421631057,0.733164517839163,0.7356388599010062,1.03264563763885,Persistent/strengthened
K15719,Unplanted,5,2.391575741055002,0.7762341416082135,0.8268141629668025,0.443087783152464,Overshoot/reversal
K15719,Tomato-planted,5,2.7175083724108915,0.9124082067463984,0.9174225780645744,0.483989677898516,Overshoot/reversal
K22293,Unplanted,3,0.7754673778917942,0.0,0.0,0.453915820975617,Gradual/incomplete
K22293,Tomato-planted,3,0.9357827784404702,0.0,0.0,0.894320248713808,Gradual/incomplete
K20265,Unplanted,2,0.2970356564634005,0.0,0.0,0.283472267492976,Rapid
K20265,Tomato-planted,2,0.2883885132290843,0.0,0.0,0.59638284445945,Gradual/incomplete
K10800,Unplanted,6,0.536141891332002,0.3397073514787123,0.35598042376467565,0.49286771196059,Overshoot/reversal
K10800,Tomato-planted,6,0.5474392902264863,0.7497029043361788,0.6245762551510814,0.904093366710909,Gradual/incomplete
K22757,Unplanted,8,0.8309095373710407,0.8981543647300898,0.6977818825795109,0.459878711758033,Gradual/incomplete
K22757,Tomato-planted,8,0.762998995180229,0.47620279035339597,0.36918042060702283,0.508944933865437,Gradual/incomplete
K08167,Unplanted,18,2.5348824305012974,0.8928615148110597,0.9189625108938686,0.178910326469939,Rapid
K08167,Tomato-planted,18,2.728719555611581,0.9516540358150023,0.9486666650952668,0.363056897129863,Gradual/incomplete
K07051,Unplanted,12,2.1664952092533993,0.5985753125850324,0.6651910761530712,0.444489222017506,Gradual/incomplete
K07051,Tomato-planted,12,2.5130428121343558,0.6709818267149826,0.7239275039334094,0.730179279779765,Gradual/incomplete
K09136,Unplanted,4,0.5787832386448016,0.0,0.0,0.580645011773355,Gradual/incomplete
K09136,Tomato-planted,4,0.9837388066277026,0.0,0.0,0.793847204613381,Gradual/incomplete
K08221,Unplanted,9,2.6963756683991695,0.9509559662077275,0.9108237928678573,0.204424057821105,Rapid
K08221,Tomato-planted,9,3.0041187033266197,0.8458588388085424,0.8197692073414485,0.617698371758437,Gradual/incomplete
K06169,Unplanted,8,0.949303423846896,0.14412891482700646,0.29102161729575404,0.459645042901956,Overshoot/reversal
K06169,Tomato-planted,8,0.9386048409892807,0.4020453222545524,0.44894637927137604,0.230357311155849,Rapid
K23301,Unplanted,6,2.159142761194809,0.08925941858034472,0.1564205748942545,1.54140785102256,Persistent/strengthened
K23301,Tomato-planted,6,2.4488311700835768,0.13063401415301992,0.19383441492235007,1.50185655415068,Persistent/strengthened
K14253,Unplanted,7,0.9367850556548849,0.0,0.0,0.774361959010517,Gradual/incomplete
K14253,Tomato-planted,7,1.4303583729988816,0.0,0.0,0.855619991549854,Gradual/incomplete
K13063,Unplanted,8,2.4653460365120567,0.41295526100014757,0.38855786495822914,0.115132174535023,Rapid
K13063,Tomato-planted,8,2.689785206843662,0.40587379371472665,0.3742409732443018,0.508054524478172,Gradual/incomplete
K20975,Unplanted,11,0.7779118901816169,0.8325392272799539,0.8215026278917443,0.760276777254363,Gradual/incomplete
K20975,Tomato-planted,11,0.8365188916590862,0.8779802102588053,0.8028989151683604,1.11877295391355,Persistent/strengthened
K02073,Unplanted,2,0.3110110268819324,0.0,0.0,0.807341138126893,Gradual/incomplete
K02073,Tomato-planted,2,0.45745430559566636,0.0,0.0,0.757084231328505,Gradual/incomplete
K08988,Unplanted,15,1.1658309764707704,0.4089888724708138,0.4558458708786475,1.33769927231767,Persistent/strengthened
K08988,Tomato-planted,15,1.3094483829957424,0.5176426520285913,0.5768510149981306,1.61770255755652,Persistent/strengthened
K02451,Unplanted,2,0.3540366054446448,0.23174902036744566,0.27559039986140477,0.587160545138153,Gradual/incomplete
K02451,Tomato-planted,2,0.35892459636226887,0.1751831672490995,0.2245063024126096,0.951598313908478,Gradual/incomplete
K02663,Unplanted,23,1.2994696449118854,0.890311768221976,0.8839399316121184,0.600326516298593,Gradual/incomplete
K02663,Tomato-planted,23,1.4578782509515378,0.92726424330276,0.8753191009444004,0.853197468876647,Gradual/incomplete
K01312,Unplanted,14,2.198807793733822,0.6942560988474534,0.7486258040307361,0.655948616851483,Gradual/incomplete
K01312,Tomato-planted,14,2.5399900861374585,0.8674292604858422,0.8915363579967304,0.302350183006297,Gradual/incomplete
K03606,Unplanted,10,1.5742081849437528,0.34341558910375847,0.481026820113441,0.743920149984606,Gradual/incomplete
K03606,Tomato-planted,10,1.8375841209655905,0.39389123009545474,0.5009188428351793,1.12362551369803,Persistent/strengthened
K00938,Unplanted,7,1.0834561649900065,0.7135181577062136,0.659362468758463,0.346935712556036,Overshoot/reversal
K00938,Tomato-planted,7,0.9615922300571754,0.7826751806436144,0.6413703255205264,0.418399514638513,Gradual/incomplete
K18353,Unplanted,18,2.773001233271394,0.3334803907050437,0.36575486463922696,0.658598599596673,Gradual/incomplete
K18353,Tomato-planted,18,3.194971659324141,0.4087992609439116,0.423129241922812,0.758910681503839,Gradual/incomplete
K16647,Unplanted,5,0.7872308209646431,0.0,0.0,0.531092357583614,Gradual/incomplete
K16647,Tomato-planted,5,0.9227995012607456,0.0,0.0,0.511239285362282,Gradual/incomplete
K07258,Unplanted,17,2.5329847716191702,0.89819784289289,0.8973370881980148,0.217274468437111,Rapid
K07258,Tomato-planted,17,2.6342208210861155,0.9734511570690552,0.9247682530609774,0.487030667701181,Gradual/incomplete
K17947,Unplanted,8,2.716455276483297,0.6746198257973466,0.699084935313617,0.805504127437187,Gradual/incomplete
K17947,Tomato-planted,8,3.1068923597938536,0.8053605769730513,0.8042394217830985,0.947498724714548,Persistent/strengthened
K12506,Unplanted,3,0.8569470451109223,0.14963729139189558,0.09975819426126371,0.586298971139518,Gradual/incomplete
K12506,Tomato-planted,3,0.7988599721747052,0.11544153759041881,0.09199618022082844,0.888786239900224,Gradual/incomplete
K21393,Unplanted,5,0.932150259908294,0.0,0.0,0.253727560453141,Overshoot/reversal
K21393,Tomato-planted,5,1.0871303081189594,0.0,0.0,0.443591940540188,Overshoot/reversal
K12429,Unplanted,5,1.6185900739080101,0.42179506161591196,0.33168615123391354,0.631157155347778,Gradual/incomplete
K12429,Tomato-planted,5,1.8347685731054932,0.15565860522059405,0.11898629321798894,0.955550529387358,Persistent/strengthened
K22822,Unplanted,6,1.755475166156364,0.8232598106928374,0.7798089261993666,0.550483798346283,Gradual/incomplete
K22822,Tomato-planted,6,2.006360994461547,0.5807868276039042,0.5923503474537319,0.71712537783941,Gradual/incomplete
K02027,Unplanted,25,2.7721744996163697,0.7075265612054742,0.6757921478998987,0.299640380945508,Gradual/incomplete
K02027,Tomato-planted,25,3.125639162611763,0.6502837774304846,0.626828695677827,0.586677063945376,Gradual/incomplete
K03563,Unplanted,3,0.23909791704568922,0.4126478874949432,0.3906780196110423,0.196330005449846,Rapid
K03563,Tomato-planted,3,0.2445297917346962,0.20795301295705468,0.23677588519102505,0.145561122616981,Rapid
K00880,Unplanted,2,0.19943064967559376,0.0,0.0,0.888224012533694,Gradual/incomplete
K00880,Tomato-planted,2,0.4652175551793791,0.0,0.0,0.843657338653822,Gradual/incomplete
K06136,Unplanted,5,0.9319723898368968,0.2088658563452698,0.1473081400570965,0.505605735206872,Gradual/incomplete
K06136,Tomato-planted,5,1.1146028892100635,0.03550266946716413,0.02401900024020652,0.990280684360198,Persistent/strengthened
K10241,Unplanted,13,2.7262273450029264,0.9010319341955503,0.855295272898553,0.531280875700459,Gradual/incomplete
K10241,Tomato-planted,13,3.0703122686614805,0.7851426281605104,0.7630266641830742,0.768821698588508,Gradual/incomplete
K18567,Unplanted,2,0.3340127446915331,0.0,0.0,0.198655802400659,Rapid
K18567,Tomato-planted,2,0.8121067413553994,0.0,0.0,0.407952829521165,Gradual/incomplete
K07228,Unplanted,12,2.987349882354783,0.6070185497763113,0.5710238434797875,0.391905700659002,Gradual/incomplete
K07228,Tomato-planted,12,3.308893187871341,0.5106253874856616,0.4911154200746195,0.653794105743561,Gradual/incomplete
K10622,Unplanted,3,0.3287403037033656,0.0,0.0,0.168258444847505,Rapid
K10622,Tomato-planted,3,0.3733728856385773,0.0,0.0,0.550845094789994,Gradual/incomplete
K18013,Unplanted,19,2.03107264324177,0.8393442158355778,0.7981894797524772,0.151529516097553,Rapid
K18013,Tomato-planted,19,2.0588801499330773,0.7250635068319047,0.7183919219956791,0.209749229475241,Rapid
K21138,Unplanted,2,0.025098510655033462,0.0,0.0,1.03896752080765,Persistent/strengthened
K21138,Tomato-planted,2,0.012363149016772065,0.0,0.0,0.904337058804658,Gradual/incomplete
K13533,Unplanted,10,2.183200047155048,0.7900276457897335,0.8144664654503605,0.137498570990332,Rapid
K13533,Tomato-planted,10,2.358755456248267,0.8944560292010403,0.8744746746701474,0.106213602964784,Rapid
K09936,Unplanted,9,1.8090212163544954,0.9731444751625302,0.9120696305621278,0.450253515818308,Gradual/incomplete
K09936,Tomato-planted,9,1.9759865101916927,0.8613361279080323,0.8264374887901577,0.720249241045535,Gradual/incomplete
K07778,Unplanted,21,2.7182516609670078,0.8010358119557542,0.7554741556271389,0.231424147931297,Rapid
K07778,Tomato-planted,21,2.9714435418353053,0.7176206361162079,0.6827783597215481,0.579382037175259,Gradual/incomplete
K22719,Unplanted,23,2.2533510410644793,0.7209122066745813,0.7068921847176676,0.345309953264103,Gradual/incomplete
K22719,Tomato-planted,23,2.2152153157764785,0.7045897597204286,0.6985400143034287,0.916532047396516,Gradual/incomplete
K21209,Unplanted,15,1.6998040785460495,0.9568466602157073,0.9123744555724405,1.14989780923913,Persistent/strengthened
K21209,Tomato-planted,15,1.877854736624597,0.8087659842077282,0.7957547737485446,2.25385662444079,Persistent/strengthened
K19200,Unplanted,13,1.152935541264389,0.20140511466527256,0.3214475706691865,0.391895099560026,Overshoot/reversal
K19200,Tomato-planted,13,1.2300267362198887,0.4514120282890028,0.5062339800827262,0.281181601277515,Rapid
K14671,Unplanted,10,3.1106325618743207,0.4459007282314509,0.4099282677025415,0.453966464998863,Gradual/incomplete
K14671,Tomato-planted,10,3.5176487108116987,0.3698682748899613,0.3484827867091259,0.691106518068823,Gradual/incomplete
K12955,Unplanted,19,1.9741365799793975,0.7433699994593949,0.7250302960824713,0.103559899715592,Rapid
K12955,Tomato-planted,19,2.073786307397667,0.7323812125375324,0.7306728605003465,0.288198302555265,Gradual/incomplete
K09681,Unplanted,18,2.9861788102924764,0.6987737397879611,0.6660569615325815,0.199887708636537,Rapid
K09681,Tomato-planted,18,3.400977143176077,0.6294552706614172,0.6097919729503607,0.250596630242967,Rapid
K09158,Unplanted,5,0.4843051968278248,0.39506888354916014,0.4662483404852273,0.521146516830247,Gradual/incomplete
K09158,Tomato-planted,5,0.4732393362128726,0.40142083788494665,0.4618953307988147,0.566583276998839,Gradual/incomplete
K21273,Unplanted,3,1.763236777536904,0.42310823646013757,0.4537094605570429,0.267519824619978,Rapid
K21273,Tomato-planted,3,1.8046076197217857,0.5311594785925553,0.5507174787585831,0.430865312531203,Gradual/incomplete
K00594,Unplanted,7,3.251900726439402,0.637803240100717,0.5944995676228546,0.606630875580355,Gradual/incomplete
K00594,Tomato-planted,7,3.7442171369559762,0.5251168747342492,0.5043511052992714,0.785148713559315,Gradual/incomplete
K03090,Unplanted,16,2.8852673319160944,0.8535663719796545,0.8231298257642214,0.384165583664512,Gradual/incomplete
K03090,Tomato-planted,16,3.044245055555808,0.794425643587979,0.7633276961811233,0.787057310590288,Gradual/incomplete
K07321,Unplanted,4,0.37942750129773917,0.0,0.0,0.441920552670896,Gradual/incomplete
K07321,Tomato-planted,4,0.7052319897294493,0.0,0.0,0.866170841315438,Gradual/incomplete
K23825,Unplanted,11,2.563681417773015,0.9430633264321132,0.9490314885897375,0.848383730676654,Gradual/incomplete
K23825,Tomato-planted,11,2.6796823938295855,0.9561011224321108,0.9358142524733766,0.958391639032618,Persistent/strengthened
K13875,Unplanted,11,2.9526269910573246,0.7574041983360309,0.7185023724722892,0.80362126858118,Gradual/incomplete
K13875,Tomato-planted,11,3.3082147265329445,0.66170116784677,0.6434240364906135,1.08762736200768,Persistent/strengthened
K16213,Unplanted,2,0.23553024117678067,0.0,0.0,0.240680167197326,Rapid
K16213,Tomato-planted,2,0.41712465255040276,0.0,0.0,0.194432520422469,Rapid
K13633,Unplanted,26,2.4823238948424557,0.8765555527289149,0.8761396485094709,0.604499711138369,Gradual/incomplete
K13633,Tomato-planted,26,2.7138485056967685,0.8654865738807518,0.8579309103583964,0.899524949583807,Gradual/incomplete
K18220,Unplanted,8,2.6307658445418447,0.9113927748765775,0.9089901317494389,0.277608323875466,Rapid
K18220,Tomato-planted,8,2.981729400417592,0.9282224679978539,0.9030570764179788,0.43804903728689,Gradual/incomplete
K14647,Unplanted,12,2.2110101961344304,0.762146086325143,0.8092896427959302,0.316788255638687,Rapid
K14647,Tomato-planted,12,2.4207270717110596,0.8265791115902237,0.8602150064459251,0.370026502815184,Rapid
K18297,Unplanted,7,1.11978510293962,0.15314068669255024,0.2822570018652838,0.564028013547239,Overshoot/reversal
K18297,Tomato-planted,7,1.1233077285503819,0.2943636044129569,0.4237278165454546,0.428240149308447,Overshoot/reversal
K16567,Unplanted,4,2.9358661115320848,0.40096334085736707,0.36873255823951395,1.74026324722146,Persistent/strengthened
K16567,Tomato-planted,4,3.342298909406611,0.2752738914308601,0.2891627333551561,2.13089249439501,Persistent/strengthened
K08372,Unplanted,16,2.2379108162027945,0.7381541192823592,0.7632837364530681,0.118917903954623,Rapid
K08372,Tomato-planted,16,2.36220655224679,0.788662636258753,0.81601524132122,0.457683333135847,Gradual/incomplete
K23509,Unplanted,9,1.5086858136758035,0.4934971343681623,0.4846251441269167,0.414198051157762,Gradual/incomplete
K23509,Tomato-planted,9,1.7518865387389528,0.4560478142196367,0.45478364347933853,0.616459122871044,Gradual/incomplete
K22033,Unplanted,6,1.9431150001567365,0.5882574433470035,0.6352782418552407,0.317307402143083,Gradual/incomplete
K22033,Tomato-planted,6,2.218868618388229,0.7068941144317049,0.7385254781652413,0.680721158872303,Gradual/incomplete
K04618,Unplanted,8,1.2024139076950706,0.11358842976856896,0.3004192756654257,1.07150192669973,Persistent/strengthened
K04618,Tomato-planted,8,1.4182524550331608,0.25534316343580776,0.3816420866445602,1.78083625693355,Persistent/strengthened
K14155,Unplanted,9,3.2407319774247236,0.38781816172150013,0.3628368195390694,0.370925435657226,Gradual/incomplete
K14155,Tomato-planted,9,3.4672989846096094,0.3251575604239435,0.30951694924974965,0.525791800306207,Gradual/incomplete
K21378,Unplanted,3,3.6219884829361604,0.4873464192380381,0.4481441163562593,1.39850305872535,Persistent/strengthened
K21378,Tomato-planted,3,4.431244344812141,0.39399163574854024,0.37714967651011005,1.19940313575049,Persistent/strengthened
K11407,Unplanted,9,1.04514616905026,0.8486619696780033,0.8203023362183548,0.668775108482834,Gradual/incomplete
K11407,Tomato-planted,9,1.085183085909808,0.8193495312074894,0.8164906612548124,0.742790936109984,Gradual/incomplete
K03528,Unplanted,3,0.3537643651968079,0.13096869979319342,0.1870231933632903,0.558443377250231,Gradual/incomplete
K03528,Tomato-planted,3,0.3491573837792218,0.14119557872920724,0.19049086024028616,0.830266392920625,Gradual/incomplete
K18234,Unplanted,3,2.245353253706325,0.7322573966344232,0.6911784223273486,0.635809781500316,Gradual/incomplete
K18234,Tomato-planted,3,2.5753417274069017,0.6179133486386292,0.5986514201806977,0.773177092372354,Gradual/incomplete
K03457,Unplanted,13,1.9471230150216008,0.7064832173436163,0.6986094568058128,0.180202921966796,Rapid
K03457,Tomato-planted,13,2.0272546939872536,0.6801299490161158,0.6876301264116459,0.246067153309272,Rapid
K06177,Unplanted,10,2.829001449286883,0.7107963567800023,0.7017907982256911,0.968698520703558,Persistent/strengthened
K06177,Tomato-planted,10,3.101002496426646,0.6246535857396045,0.6467330267142654,1.11832936126255,Persistent/strengthened
K22723,Unplanted,4,0.3577703889223314,0.5122097409322921,0.44990475700613525,0.496577351165586,Overshoot/reversal
K22723,Tomato-planted,4,0.37576557348939843,0.8453436136765552,0.6306439615827059,0.385580956112438,Gradual/incomplete
K07517,Unplanted,5,2.746607681503735,0.9468517505865707,0.9205627331806046,0.172375484860697,Rapid
K07517,Tomato-planted,5,3.273030142574931,0.910767119432532,0.8770926014348357,0.308243908860159,Rapid
K21284,Unplanted,5,2.1443737498272677,0.705394403738986,0.7587820482463065,0.416072858832392,Gradual/incomplete
K21284,Tomato-planted,5,2.4806762939024924,0.8375831696865622,0.8594591848148352,0.722750263200367,Gradual/incomplete
K06447,Unplanted,2,0.40449110373841246,0.0,0.0,0.882461224174073,Persistent/strengthened
K06447,Tomato-planted,2,0.41512176401537315,0.0,0.0,1.26415327205651,Persistent/strengthened
K02230,Unplanted,10,0.7084426307603631,0.0,0.0,0.230465630010005,Rapid
K02230,Tomato-planted,10,0.8857675359996902,0.0,0.0,0.359415727990737,Gradual/incomplete
K04788,Unplanted,2,0.6544822356327447,0.0,0.0,0.64642624095336,Gradual/incomplete
K04788,Tomato-planted,2,0.7619436183721533,0.0,0.0,0.683203792749458,Gradual/incomplete
K07068,Unplanted,11,2.0555396057013957,0.8375940522962266,0.8363049638360275,0.979767084241418,Persistent/strengthened
K07068,Tomato-planted,11,2.2501885030820823,0.8880643643659608,0.8641773141176138,1.15006974097381,Persistent/strengthened
K06919,Unplanted,6,0.4830964243959808,0.0,0.0,0.783944769405989,Gradual/incomplete
K06919,Tomato-planted,6,0.7944717054504362,0.0,0.0,0.789618371406729,Gradual/incomplete
K17662,Unplanted,4,1.0169334928436795,0.13502207412783893,0.0999287808427557,0.948990481425032,Persistent/strengthened
K17662,Tomato-planted,4,1.080517331992211,0.12842471841619435,0.1196320513827143,1.39142333775513,Persistent/strengthened
K21163,Unplanted,3,1.4500228690195611,0.42200047425784754,0.45652137181414243,0.28109115802733,Rapid
K21163,Tomato-planted,3,1.4888940608546133,0.47623804700475153,0.496678519638688,0.449247902711015,Gradual/incomplete
K18240,Unplanted,3,0.35447716449843847,0.16728946684381546,0.2202531787460151,1.00296957044325,Gradual/incomplete
K18240,Tomato-planted,3,0.35406788208563855,0.1550230548703888,0.2050704835940979,0.853798910657188,Gradual/incomplete
K11391,Unplanted,3,0.29563968630805126,0.0,0.0,0.729634060375518,Gradual/incomplete
K11391,Tomato-planted,3,0.6318883122687102,0.0,0.0,0.655199402267948,Gradual/incomplete
K00537,Unplanted,23,2.0902670875089004,0.812834851792561,0.8272682029746159,0.606939189796895,Gradual/incomplete
K00537,Tomato-planted,23,2.0867233968574554,0.8641379689982407,0.8561089380672657,0.992362339832418,Persistent/strengthened
K14251,Unplanted,3,0.6083270060264692,0.0,0.0,0.641525039572571,Gradual/incomplete
K14251,Tomato-planted,3,0.9407493602023267,0.0,0.0,0.703331259246269,Gradual/incomplete
K01046,Unplanted,25,2.0873077904741226,0.9522004435197945,0.8916347965545054,0.565073612002851,Gradual/incomplete
K01046,Tomato-planted,25,2.1414156960883286,0.7635786821767124,0.7439257651056314,0.651688641282172,Gradual/incomplete
K19668,Unplanted,13,2.2683762154369327,0.7961608438940031,0.8165834934844083,0.180107445309071,Rapid
K19668,Tomato-planted,13,2.4195919340069802,0.8603791986493479,0.8776351388259005,0.178452241158912,Rapid
K08484,Unplanted,18,2.592262366108894,0.7599806762775639,0.7953085729248629,0.934209083285823,Persistent/strengthened
K08484,Tomato-planted,18,2.5529405355376737,0.8133267203379104,0.8378065108492874,1.04649861981774,Persistent/strengthened
K00156,Unplanted,17,3.102923260552255,0.6736022849595015,0.6557231865432358,0.447664761224627,Gradual/incomplete
K00156,Tomato-planted,17,3.331912371503938,0.6526496809540586,0.6305268709802916,0.6048167575489,Gradual/incomplete
K09801,Unplanted,3,0.3460419011910696,0.42185712534717984,0.434740489510363,0.616381678455214,Gradual/incomplete
K09801,Tomato-planted,3,0.34065239347544835,0.47406901871093426,0.4629858987458865,0.465275495660113,Gradual/incomplete
K19126,Unplanted,2,0.3340127446915331,0.0,0.0,0.353439129436798,Rapid
K19126,Tomato-planted,2,0.8121067413553994,0.0,0.0,0.889276488973679,Gradual/incomplete
K05782,Unplanted,5,0.8519067282060548,0.0,0.0,0.19936706237713,Rapid
K05782,Tomato-planted,5,0.966712703971129,0.0,0.0,0.276689050070597,Rapid
K15983,Unplanted,10,1.9647813317880756,0.7842739253219099,0.8006232888404581,0.53359446560976,Gradual/incomplete
K15983,Tomato-planted,10,2.178643036237906,0.7583362577218925,0.788151393505012,0.862220713128797,Gradual/incomplete
K13010,Unplanted,23,2.4618167589372923,0.9761518249711445,0.9768338746127354,0.107175499763451,Rapid
K13010,Tomato-planted,23,2.5604710004664852,0.9236962285730345,0.930505477315799,0.283636216036228,Rapid
K09929,Unplanted,2,0.9608543957385822,0.4560558211493645,0.46626724926622226,0.908681678875055,Gradual/incomplete
K09929,Tomato-planted,2,0.9323518475356768,0.7427397742224565,0.6949697300679208,0.852386032698283,Gradual/incomplete
K01493,Unplanted,9,1.6691900635094634,0.2056450787937109,0.3355996426282436,0.93054989747167,Persistent/strengthened
K01493,Tomato-planted,9,1.8629787392298112,0.3241607729343661,0.422885757830393,0.820151689634619,Gradual/incomplete
K22322,Unplanted,3,1.7988471201382146,0.0,0.041142727782471605,0.3452730426771,Gradual/incomplete
K22322,Tomato-planted,3,2.3002414058394454,0.06729224131545289,0.11292672051017064,0.534876607527978,Gradual/incomplete
K05996,Unplanted,12,2.525497933545199,0.5546617901588456,0.5677298946272585,0.250726475659152,Rapid
K05996,Tomato-planted,12,2.7600827474038523,0.6756691362135603,0.6595505730653529,0.616714676166879,Gradual/incomplete
K20500,Unplanted,3,0.33690106634263367,0.0,0.0,0.872274132781727,Gradual/incomplete
K20500,Tomato-planted,3,0.3102471406259646,0.0,0.0,1.0283229141667,Persistent/strengthened
K21193,Unplanted,7,2.4885415629790915,0.900964556778632,0.9192420540274455,2.19447722552129,Persistent/strengthened
K21193,Tomato-planted,7,2.849988105041433,0.9290163093649833,0.9410651553920181,1.94588224482263,Persistent/strengthened
K12420,Unplanted,3,0.09682803532760248,0.0,0.0,0.774927635890128,Gradual/incomplete
K12420,Tomato-planted,3,0.08192913618535039,0.0,0.0,0.770971809060958,Gradual/incomplete
K22502,Unplanted,2,0.5958880161520255,0.13875709152169435,0.12887550342200843,0.783804522589123,Gradual/incomplete
K22502,Tomato-planted,2,0.602320830051564,0.16407000670480643,0.14923175453716922,0.914190619129451,Gradual/incomplete
K02351,Unplanted,19,2.358337539253422,0.8346481356703912,0.8564276925570941,0.231770565981525,Rapid
K02351,Tomato-planted,19,2.473067587735602,0.8892357558678005,0.9018824501589421,0.329243905630568,Gradual/incomplete
K11159,Unplanted,2,0.025098510655033462,0.0,0.0,0.925749929350134,Persistent/strengthened
K11159,Tomato-planted,2,0.012363149016772065,0.0,0.0,1.5860349517794,Persistent/strengthened
K11532,Unplanted,7,0.8065380000277828,0.13183656983834016,0.08789104655889345,0.911328261340496,Persistent/strengthened
K11532,Tomato-planted,7,0.7297162861219382,0.13474162728225836,0.10645254143631344,1.51324698465291,Persistent/strengthened
K20866,Unplanted,4,1.3462259995421233,0.1993172064926543,0.21213163132458276,0.221726101597959,Overshoot/reversal
K20866,Tomato-planted,4,1.367700238539205,0.22966154491800383,0.24628071858047734,0.311296329281498,Rapid
K07177,Unplanted,11,1.9527180366525525,0.5937944442763543,0.6143043966297419,0.869860541333505,Overshoot/reversal
K07177,Tomato-planted,11,2.1032814276180196,0.6019945470592949,0.637676398732849,0.215756845825134,Rapid
K07652,Unplanted,13,2.3136131412805225,0.9545840192904003,0.9483578670151189,0.501405395858117,Gradual/incomplete
K07652,Tomato-planted,13,2.2570021541851943,0.9452860233053916,0.9251434564339993,0.547980280795022,Gradual/incomplete
K21961,Unplanted,7,1.721166404148399,0.7210655668263641,0.6611474565480445,0.719149297544496,Gradual/incomplete
K21961,Tomato-planted,7,1.6828380817986892,0.5139589267520518,0.5078775186170232,1.04248029484486,Persistent/strengthened
K06864,Unplanted,15,1.8606753229493385,0.8754517323057097,0.8012405622030868,0.104915579083971,Rapid
K06864,Tomato-planted,15,1.8087048459385513,0.7483023087753141,0.7078767816307256,0.296004431007777,Gradual/incomplete
K08260,Unplanted,11,1.8225762842345001,0.8337877027117067,0.823007132925369,0.681246241717354,Gradual/incomplete
K08260,Tomato-planted,11,2.113155585117908,0.7135180244551469,0.7416295960014255,0.87856073977383,Gradual/incomplete
K10006,Unplanted,13,2.253186925579463,0.7319752283419584,0.7557609592902863,0.204190316215882,Rapid
K10006,Tomato-planted,13,2.3525001075817267,0.7638406817928983,0.7932143051800229,0.444622465711044,Gradual/incomplete
K08365,Unplanted,8,2.5690855061163616,0.7635938166795714,0.8093956510656114,1.0759206563246,Persistent/strengthened
K08365,Tomato-planted,8,2.5742725412763496,0.9518966272082002,0.961008583714387,1.801023152784,Persistent/strengthened
K10217,Unplanted,8,0.9899387086734124,0.6336114468026374,0.691123692835533,0.214995411011024,Rapid
K10217,Tomato-planted,8,1.0145013311202358,0.790647109081576,0.7948597976152788,0.457483203681481,Gradual/incomplete
K15916,Unplanted,7,1.3757393069158155,0.1962238601018206,0.21380866410695407,0.407173799406249,Gradual/incomplete
K15916,Tomato-planted,7,1.4329809914873497,0.2500413294455092,0.2644330198865911,0.784576678516147,Gradual/incomplete
K07034,Unplanted,2,0.924646783241638,0.0,0.0,0.277616043880223,Rapid
K07034,Tomato-planted,2,1.093754888219558,0.0,0.0,0.48837476614523,Overshoot/reversal
K23107,Unplanted,29,2.1272669266641095,0.9483014451496056,0.8968705143573256,0.255093317398587,Rapid
K23107,Tomato-planted,29,2.2256896041269068,0.8179264915841307,0.8036579466559283,0.550874624861934,Gradual/incomplete
K22705,Unplanted,3,1.9577920102960875,0.9334786559992629,0.8740075197720647,1.27296028753518,Persistent/strengthened
K22705,Tomato-planted,3,2.0618181321440616,0.8568071271343349,0.8050981893627885,0.75767296060684,Gradual/incomplete
K17993,Unplanted,4,0.9258953022555816,0.0,0.0,1.10682238867096,Persistent/strengthened
K17993,Tomato-planted,4,0.8900691796568216,0.0,0.0,1.20380770348633,Persistent/strengthened
K09967,Unplanted,5,0.46294879507692477,0.37144196244644595,0.33875000506089276,0.607626920084473,Gradual/incomplete
K09967,Tomato-planted,5,0.4206112480867634,0.7277647938155417,0.5668723717041761,1.14116811815498,Persistent/strengthened
K01809,Unplanted,18,2.716822671991851,0.35378654273874954,0.37718928288752834,0.452467297475008,Gradual/incomplete
K01809,Tomato-planted,18,3.0470178439606945,0.34096672352537316,0.3902141067104042,0.84531509955367,Gradual/incomplete
K21251,Unplanted,5,0.4677977627479579,0.0,0.0,0.889838795417439,Gradual/incomplete
K21251,Tomato-planted,5,0.7577447857248785,0.0,0.0,0.516040199116412,Gradual/incomplete
K18244,Unplanted,24,2.1071298964660796,0.8726605638770273,0.8559666151603914,2.45831514982424,Persistent/strengthened
K18244,Tomato-planted,24,2.185416718704329,0.8026964032971762,0.8136710707429591,2.55396896176426,Persistent/strengthened
K21332,Unplanted,2,0.3340127446915331,0.0,0.0,1.13613648850963,Persistent/strengthened
K21332,Tomato-planted,2,0.8121067413553994,0.0,0.0,1.44297051629564,Persistent/strengthened
K00216,Unplanted,4,1.9759152366813066,0.18873247925617567,0.27070203429709727,1.03642709789654,Persistent/strengthened
K00216,Tomato-planted,4,2.3719282150168013,0.272874479005041,0.32097946510849745,0.583118602723189,Gradual/incomplete
K11632,Unplanted,3,0.2944630311566967,0.0,0.0,0.289787956182508,Rapid
K11632,Tomato-planted,3,0.7528624786890308,0.0,0.0,0.530307838385387,Gradual/incomplete
K23169,Unplanted,4,0.5398079764211338,0.592518901580711,0.6451398506920996,0.300499911233439,Rapid
K23169,Tomato-planted,4,0.5663064970778191,0.5026186630035181,0.587069982039727,0.528657999558738,Gradual/incomplete
K05889,Unplanted,3,2.9339339183068636,0.6987695755436217,0.6589064073371032,1.23410249424843,Persistent/strengthened
K05889,Tomato-planted,3,3.05311643322111,0.5762364109213527,0.5575024295106173,1.89354686743041,Persistent/strengthened
K18030,Unplanted,4,1.0219954535010927,0.0,0.020265482448376188,1.59033815867597,Persistent/strengthened
K18030,Tomato-planted,4,1.335410351715403,0.0,0.03900420212703011,1.86611699768929,Persistent/strengthened
K07586,Unplanted,2,0.15405585246844172,0.0,0.0,0.655897003578278,Gradual/incomplete
K07586,Tomato-planted,2,0.11712489957601425,0.0,0.0,0.609527096561138,Gradual/incomplete
K18912,Unplanted,23,2.581974445181723,0.6141863295315576,0.5896540800082265,0.217310898857908,Rapid
K18912,Tomato-planted,23,2.776137914419613,0.5480918589539259,0.539867883650318,0.387946752594794,Gradual/incomplete
K02069,Unplanted,5,1.0599011171096713,0.1743439843899131,0.1921637928964278,0.408863983939261,Overshoot/reversal
K02069,Tomato-planted,5,1.2919204715302248,0.21880971512767966,0.23572692840355813,0.206796629117583,Rapid
K02297,Unplanted,3,0.8569470451109223,0.14963729139189558,0.09975819426126371,1.06350780041472,Persistent/strengthened
K02297,Tomato-planted,3,0.7988599721747052,0.11544153759041881,0.09199618022082844,1.51466567765808,Persistent/strengthened
K00148,Unplanted,7,3.064851644957291,0.3544854810520756,0.3607494515031358,0.613739592928145,Gradual/incomplete
K00148,Tomato-planted,7,3.305266562717434,0.3970037962186207,0.3835715070806291,0.85784876472733,Gradual/incomplete
K16029,Unplanted,3,0.2645996279517263,0.0,0.0,1.08077604595468,Persistent/strengthened
K16029,Tomato-planted,3,0.6903498093283926,0.0,0.0,1.31029158531747,Persistent/strengthened
K05337,Unplanted,20,2.5226190025742907,0.8998551685240147,0.8771924727479,0.242132685308258,Rapid
K05337,Tomato-planted,20,2.6624304859984194,0.8864955838252946,0.8543252108428557,0.629827548170607,Gradual/incomplete
K05936,Unplanted,5,0.9128154868895229,0.0,0.0,0.476976964060105,Gradual/incomplete
K05936,Tomato-planted,5,1.190733720849114,0.0,0.0,0.603502767609403,Gradual/incomplete
K02361,Unplanted,5,2.180060500362517,0.8759744978743405,0.8869823597403725,0.394089047894689,Gradual/incomplete
K02361,Tomato-planted,5,2.485082276285516,0.830931732837748,0.8513030738756641,0.659103098101587,Gradual/incomplete
K09883,Unplanted,4,0.7601852352217102,0.10273995659562576,0.06849330439708384,0.755204088913846,Gradual/incomplete
K09883,Tomato-planted,4,0.7024634757296633,0.07863924233574845,0.062498182887869166,1.15808777323465,Persistent/strengthened
K22900,Unplanted,9,1.1971157899150668,0.8541197264690419,0.6702390306666257,0.635725472629257,Gradual/incomplete
K22900,Tomato-planted,9,1.2591247307596292,0.5023877563363317,0.40174612316520997,0.987691071429083,Persistent/strengthened
K01118,Unplanted,13,1.3783945950307461,0.730397651488771,0.6600924262628886,0.649433744989491,Gradual/incomplete
K01118,Tomato-planted,13,1.431037236157864,0.6046451740758657,0.5673764401800097,1.0538709971913,Persistent/strengthened
K13409,Unplanted,3,0.3869710807130731,0.0,0.0,0.768684547467558,Gradual/incomplete
K13409,Tomato-planted,3,0.3041284510013831,0.0,0.0,1.00261251469709,Persistent/strengthened
K23424,Unplanted,13,1.164123448582728,0.5687389285611923,0.596607297735233,0.255380132941763,Rapid
K23424,Tomato-planted,13,1.2420438645897263,0.9030615859821454,0.8144879232730181,0.625018074659177,Gradual/incomplete
K00485,Unplanted,19,2.096595796283665,0.9433008870529459,0.915433667475496,0.525146595256572,Gradual/incomplete
K00485,Tomato-planted,19,2.1136510284210672,0.9415041793000847,0.9198231347118959,0.764491731887712,Gradual/incomplete
K05570,Unplanted,5,3.0638326200363535,0.3413070578906282,0.34217230915487223,0.461455745571278,Gradual/incomplete
K05570,Tomato-planted,5,3.1568314602966145,0.3572094106750595,0.3497563007609732,0.555010467147797,Gradual/incomplete
K05567,Unplanted,5,2.7163863630322473,0.6696539875775054,0.6467642869246765,0.690732779581228,Gradual/incomplete
K05567,Tomato-planted,5,2.825732965018454,0.6349842229425002,0.6188077636755568,0.924990224204784,Gradual/incomplete
K22886,Unplanted,2,0.12050777173183286,0.0,0.0,1.36269873057308,Persistent/strengthened
K22886,Tomato-planted,2,0.17604703010803655,0.0,0.0,1.41513371537718,Persistent/strengthened
K01506,Unplanted,6,0.30002878631921226,0.0,0.0,0.655687264351862,Gradual/incomplete
K01506,Tomato-planted,6,0.4892457727683116,0.0,0.0,0.841866161805489,Gradual/incomplete
K15408,Unplanted,8,1.3007962189194302,0.0,0.012103263515126911,1.22523322723387,Persistent/strengthened
K15408,Tomato-planted,8,1.7109598314040686,0.0,0.01975775896334161,1.43175437053588,Persistent/strengthened
K21949,Unplanted,4,0.5147198683272669,0.0,0.0,0.330286211199655,Gradual/incomplete
K21949,Tomato-planted,4,0.8065004414726038,0.0,0.0,0.888515326752747,Gradual/incomplete
K05565,Unplanted,7,0.4967962321449139,0.0,0.0,1.05546867614079,Persistent/strengthened
K05565,Tomato-planted,7,0.6616176328179515,0.0,0.0,1.15913878086939,Persistent/strengthened
K03824,Unplanted,11,2.7589055073709163,0.55272707705519,0.5102537697395385,0.241106932437331,Rapid
K03824,Tomato-planted,11,3.174093581354951,0.48425026443629565,0.45585428617908624,0.312435840514421,Gradual/incomplete
K07274,Unplanted,4,0.40109473724329703,0.0,0.0,0.838280502748547,Gradual/incomplete
K07274,Tomato-planted,4,0.41176180417737746,0.0,0.0,2.10891984299727,Persistent/strengthened
K18148,Unplanted,2,0.1567211110574762,0.0,0.0,0.629573277969824,Gradual/incomplete
K18148,Tomato-planted,2,0.20516690070260601,0.0,0.0,0.825781078254038,Gradual/incomplete
K02458,Unplanted,12,0.8725090553524006,0.8567403533546569,0.7970512591687623,0.562898185794864,Gradual/incomplete
K02458,Tomato-planted,12,0.9620542033565636,0.5584221682270263,0.5529479054717023,0.776926100407801,Gradual/incomplete
K10829,Unplanted,8,1.5960876133772972,0.6203875597220617,0.6004908700072284,0.380449558084539,Rapid
K10829,Tomato-planted,8,1.8190339143981271,0.4691014884935199,0.48619372205459094,0.311929481729436,Rapid
K16163,Unplanted,11,2.372063709135695,0.7652329815007506,0.8082323709589307,0.345586569139633,Overshoot/reversal
K16163,Tomato-planted,11,2.524690495637628,0.8735786592172966,0.8938012081700624,0.280179920523097,Rapid
K16396,Unplanted,7,2.9465165005900147,0.8614546107067925,0.8092869928021283,0.539121174667005,Gradual/incomplete
K16396,Tomato-planted,7,3.2626683082562495,0.7179521602587394,0.6931212053607368,0.760453386382533,Gradual/incomplete
K02491,Unplanted,4,1.0912432432512373,0.6414348712123509,0.6679871468353455,0.390661584276764,Gradual/incomplete
K02491,Tomato-planted,4,0.9600204568142809,0.7864741766534118,0.731261995760956,0.376077817224786,Gradual/incomplete
K07150,Unplanted,3,0.5811286930156581,0.0,0.0,0.624930418139859,Gradual/incomplete
K07150,Tomato-planted,3,0.5452571860209688,0.0,0.0,0.648413269966907,Gradual/incomplete
K02599,Unplanted,9,1.1898736572776774,0.0,0.07518032611643835,0.599068386381799,Gradual/incomplete
K02599,Tomato-planted,9,1.4733089085597944,0.02547381252192029,0.17562567915660374,1.13357285723025,Persistent/strengthened
K16653,Unplanted,13,1.370488427795754,0.3641187024440895,0.3458803320864044,2.31156626544521,Persistent/strengthened
K16653,Tomato-planted,13,1.3786558154099775,0.3659434948433708,0.3563490744409157,2.23171611054273,Persistent/strengthened
K03464,Unplanted,4,0.37942750129773917,0.0,0.0,0.455078720805939,Gradual/incomplete
K03464,Tomato-planted,4,0.7052319897294493,0.0,0.0,0.839110872753295,Gradual/incomplete
K16432,Unplanted,3,2.632654741494332,0.9366722227939326,0.8934486804169812,0.687546470170755,Gradual/incomplete
K16432,Tomato-planted,3,2.7329135540579057,0.8372450737943651,0.8063363371231682,0.601907598724901,Gradual/incomplete
K01055,Unplanted,39,2.3570730664335544,0.9814415846108614,0.9651608356987378,0.202836477187262,Rapid
K01055,Tomato-planted,39,2.410027024349403,0.915874042061071,0.9187800657910107,0.238013056494012,Rapid
K13541,Unplanted,4,0.47901908346089195,0.0,0.0,0.582561900378429,Gradual/incomplete
K13541,Tomato-planted,4,0.7614675254515255,0.0,0.0,0.804015977237865,Gradual/incomplete
K21802,Unplanted,5,0.6561017365748341,0.0,0.0,0.869690932622695,Gradual/incomplete
K21802,Tomato-planted,5,0.8815041167834095,0.0,0.0,0.948156071999711,Gradual/incomplete
K03617,Unplanted,2,0.09275704069014812,0.0,0.0,0.618077597015473,Overshoot/reversal
K03617,Tomato-planted,2,0.09287252749749568,0.0,0.0,0.820170392727194,Overshoot/reversal
K01186,Unplanted,8,3.0405725019450838,0.8151797772573891,0.7676486680788294,0.475954884598075,Gradual/incomplete
K01186,Tomato-planted,8,3.552577833136523,0.7009499079005278,0.67309921722701,0.787894779176426,Gradual/incomplete
K02232,Unplanted,12,2.8680980683599246,0.5641222010617882,0.5349351013324835,0.582746743756857,Gradual/incomplete
K02232,Tomato-planted,12,3.2240895641895806,0.5217866046658657,0.4985432363826444,0.676997957035722,Gradual/incomplete
K19338,Unplanted,11,2.5604607936960617,0.8207907525556755,0.8007240917394868,0.685949761751294,Overshoot/reversal
K19338,Tomato-planted,11,2.8081099278366435,0.7896525271779482,0.7771323917096142,0.332584838968287,Rapid
K10007,Unplanted,14,2.1700961483900736,0.6908310488719991,0.7174875346482575,0.102322905291827,Rapid
K10007,Tomato-planted,14,2.262071325178778,0.7269507998317207,0.7593264231772301,0.4499193246191,Gradual/incomplete
K15981,Unplanted,13,1.7327890536868733,0.6795142506254895,0.6721832675454819,1.61223003723365,Persistent/strengthened
K15981,Tomato-planted,13,2.0081758693141385,0.5796381450499185,0.6023801188366624,1.42147552803833,Persistent/strengthened
K14414,Unplanted,3,0.8139683385964689,0.0,0.11835172364089468,0.461153309727671,Gradual/incomplete
K14414,Tomato-planted,3,1.0628721852657363,0.0,0.11853272647578225,0.565631569949438,Gradual/incomplete
K13481,Unplanted,11,1.310548402363506,0.24085786284197525,0.2600549091820437,0.497788203658348,Gradual/incomplete
K13481,Tomato-planted,11,1.3798327416654885,0.28639888355978577,0.3049407085200167,0.390073202710971,Gradual/incomplete
K15581,Unplanted,17,1.744777761190206,0.8485034133288384,0.7980444348435679,0.15848321421974,Rapid
K15581,Tomato-planted,17,1.9622837970636413,0.7648875036005901,0.7407755185214813,0.409620574899475,Gradual/incomplete
K19231,Unplanted,13,2.267904357246784,0.7010288499139198,0.7049150893393022,1.04027219515816,Persistent/strengthened
K19231,Tomato-planted,13,2.243024597568138,0.7975774391197211,0.7668015816858456,0.655566035404018,Gradual/incomplete
K22617,Unplanted,6,0.9195364001452939,0.07821444445811011,0.05214296297207341,0.906219386081387,Gradual/incomplete
K22617,Tomato-planted,6,0.8327975990850893,0.09181611569656338,0.0720065648699701,1.18972536650326,Persistent/strengthened
K09386,Unplanted,11,2.4482611964792342,0.7688454502627803,0.7740462597553406,0.564161016410861,Gradual/incomplete
K09386,Tomato-planted,11,2.841854664247741,0.7925380322048312,0.7831100908646886,0.780103525659275,Gradual/incomplete
K15973,Unplanted,18,2.5615333613791,0.8968915337151329,0.9228477642679512,2.09944388753339,Persistent/strengthened
K15973,Tomato-planted,18,2.7269976500550586,0.9547672985388531,0.9451444831571305,1.86361829043435,Persistent/strengthened
K15876,Unplanted,10,1.1099027868392364,0.08329689431559266,0.20606840850905278,0.401924172337589,Overshoot/reversal
K15876,Tomato-planted,10,1.2542398010386597,0.18897207623732729,0.32453330002932457,0.349121884573214,Rapid
K07000,Unplanted,3,0.4520513009213132,0.0,0.0,0.3780136763827,Overshoot/reversal
K07000,Tomato-planted,3,0.4841197531226288,0.0,0.0,0.221199229142055,Rapid
K02381,Unplanted,3,0.6306592352076792,0.0,0.0,0.533263288544558,Overshoot/reversal
K02381,Tomato-planted,3,0.6349144637735332,0.0,0.0,0.298153163208677,Rapid
K10234,Unplanted,5,0.3552732788439683,0.0,0.0,0.589564682959678,Gradual/incomplete
K10234,Tomato-planted,5,0.6397791484876119,0.0,0.0,1.06461957393535,Persistent/strengthened
K20238,Unplanted,4,0.2197487025967514,0.0,0.0,0.331939380588345,Rapid
K20238,Tomato-planted,4,0.2790065634724882,0.0,0.0,0.456323699622275,Gradual/incomplete
K05913,Unplanted,3,0.3110768613669483,0.0,0.0,0.26913926837598,Overshoot/reversal
K05913,Tomato-planted,3,0.22650903815319526,0.0,0.0,0.391020343826379,Gradual/incomplete
K01788,Unplanted,8,2.968039962001905,0.2269937099129345,0.21633600540374054,0.618186671275426,Gradual/incomplete
K01788,Tomato-planted,8,3.1981244911413764,0.20726647021750674,0.19781510569062125,0.845623574482801,Gradual/incomplete
K16698,Unplanted,16,2.8351478536584884,0.45650909235142945,0.4646606461019723,0.527210468436902,Rapid
K16698,Tomato-planted,16,3.1224093292350545,0.42225472193734737,0.44000976104343303,0.520115980373442,Overshoot/reversal
K14291,Unplanted,6,0.3854030664202343,0.4404469756705588,0.3915065891208112,0.507977591050318,Overshoot/reversal
K14291,Tomato-planted,6,0.4062392635507219,0.7496355720366521,0.5792942897443036,0.532422749989963,Gradual/incomplete
K02659,Unplanted,7,2.038790824744768,0.19127195827795582,0.2021158613608195,0.53049031404323,Gradual/incomplete
K02659,Tomato-planted,7,1.9650168370724808,0.1793328373371581,0.1850719142618246,0.941248708416249,Gradual/incomplete
K00248,Unplanted,32,2.1117226942406426,0.9676861128788568,0.9188767838263765,0.488335765890165,Gradual/incomplete
K00248,Tomato-planted,32,2.155612207253643,0.8491101497986591,0.8324584497654169,0.687498430093513,Gradual/incomplete
K00116,Unplanted,9,0.9424745650317674,0.08575729064165505,0.0571715270944367,0.621465307246114,Gradual/incomplete
K00116,Tomato-planted,9,1.0790639310370165,0.06786761030824222,0.053831797602301404,0.7023144933479,Gradual/incomplete
K18547,Unplanted,7,3.1921992293478194,0.5322134767767204,0.5033521766095933,0.542711282687641,Gradual/incomplete
K18547,Tomato-planted,7,3.4709971510150988,0.46693918405051893,0.4445133237939287,0.70760439663843,Gradual/incomplete
K06203,Unplanted,11,2.7989411716838144,0.18817623734312108,0.19250754092183928,0.388164111924781,Gradual/incomplete
K06203,Tomato-planted,11,3.0462401526608076,0.18888215751811016,0.1934583091226339,0.650798399045464,Gradual/incomplete
K01659,Unplanted,4,0.46850608192058874,0.567465917454494,0.6047746149336051,0.99725722344007,Gradual/incomplete
K01659,Tomato-planted,4,0.4685882340645381,0.5776965276150923,0.5952187087288061,1.39762174384466,Persistent/strengthened
K07673,Unplanted,4,0.18925543324370211,0.0,0.0,1.89251335636392,Persistent/strengthened
K07673,Tomato-planted,4,0.27005157218859477,0.0,0.0,1.75380950454546,Persistent/strengthened
K03933,Unplanted,7,3.0145428247716053,0.27673192797803,0.2578763046716323,0.76111999412956,Gradual/incomplete
K03933,Tomato-planted,7,3.142889877807294,0.22530968193330855,0.21546266083331717,0.854032380267964,Gradual/incomplete
K07009,Unplanted,5,0.26863775933516404,0.0,0.0,0.393888753850299,Gradual/incomplete
K07009,Tomato-planted,5,0.2592675746633191,0.0,0.0,0.785797527485289,Gradual/incomplete
K19068,Unplanted,4,0.7513721679104277,0.0,0.0,0.644493040818403,Gradual/incomplete
K19068,Tomato-planted,4,0.8743593115552066,0.0,0.0,0.964187763668766,Persistent/strengthened
K22907,Unplanted,12,2.0374162544001284,0.5133768173549135,0.4658827994498016,0.491616199220589,Gradual/incomplete
K22907,Tomato-planted,12,2.0068762334657793,0.3519193628668474,0.33044478812683326,0.821752544650877,Gradual/incomplete
K05562,Unplanted,3,0.040346543967115595,0.0,0.0,0.996392752676787,Overshoot/reversal
K05562,Tomato-planted,3,0.033873040833811235,0.0,0.0,0.791718979086504,Overshoot/reversal
K07816,Unplanted,6,2.518058142085519,0.8573982073170272,0.8596335589286654,1.3932220091539,Persistent/strengthened
K07816,Tomato-planted,6,2.9171184447065697,0.917554875399215,0.8920575056014567,0.86598166671317,Gradual/incomplete
K02071,Unplanted,2,1.1848074946614768,0.3559102004072843,0.350180996373878,0.288604226609873,Rapid
K02071,Tomato-planted,2,1.1697104184859453,0.6399132838187402,0.5444857786901663,0.636516880358453,Gradual/incomplete
K01457,Unplanted,6,0.768854309911392,0.5681619492780862,0.5101914992937169,0.643465914863094,Gradual/incomplete
K01457,Tomato-planted,6,0.6952928213378664,0.8571898924374866,0.6817497922557937,1.36774307377565,Persistent/strengthened
K06189,Unplanted,9,0.9547323184814352,0.28489212927830676,0.22013025094286068,0.741506842961408,Gradual/incomplete
K06189,Tomato-planted,9,0.9212020501404475,0.12445076067782064,0.09804659210515806,1.06395164605564,Persistent/strengthened
K08100,Unplanted,2,0.5733955017649829,0.0,0.0,0.732149714176883,Overshoot/reversal
K08100,Tomato-planted,2,0.6018053125851399,0.0,0.0,0.50228582260188,Overshoot/reversal
K13525,Unplanted,13,2.66490526833528,0.9127167601037633,0.9336827951557142,0.438862875979853,Gradual/incomplete
K13525,Tomato-planted,13,2.6664086618221736,0.9886362529477916,0.9862764916291301,0.758813457421149,Gradual/incomplete
K23555,Unplanted,11,1.6839394637177552,0.0761940468525157,0.21552100393211548,0.370340980335888,Overshoot/reversal
K23555,Tomato-planted,11,2.0930545576653303,0.1705485608319415,0.31722446097367646,0.552809025241983,Gradual/incomplete
K11250,Unplanted,6,2.6313249534390577,0.4475138989181326,0.4488383026859774,0.815552264410619,Gradual/incomplete
K11250,Tomato-planted,6,2.6917866490208953,0.47246436956352256,0.46486532444738327,0.868094218313043,Gradual/incomplete
K06718,Unplanted,8,2.6002993464451087,0.7301236452602465,0.6875975473059782,0.351770139537197,Rapid
K06718,Tomato-planted,8,2.8231238369490015,0.6706437492084227,0.6299201607074654,0.272889802228913,Rapid
K22462,Unplanted,17,2.586200370199082,0.609672549260777,0.6403558715820098,0.325259135955677,Rapid
K22462,Tomato-planted,17,2.887657355316346,0.6302575478274024,0.6579611119467487,0.469887654137627,Gradual/incomplete
K02227,Unplanted,14,2.8948305085941213,0.6412783842990399,0.6186882008333315,0.260102967834782,Rapid
K02227,Tomato-planted,14,3.158108238579935,0.5900761072689009,0.5773493898526357,0.300326306174933,Gradual/incomplete
K02613,Unplanted,19,2.7223929467609973,0.9493320970809199,0.9235917919405787,0.436312640893633,Gradual/incomplete
K02613,Tomato-planted,19,2.7508914229368484,0.8921712369096342,0.8817021943876553,0.937483759998901,Gradual/incomplete
K03367,Unplanted,8,3.067786964856861,0.4649256434230661,0.45027244201699756,0.966515155214844,Persistent/strengthened
K03367,Tomato-planted,8,3.3201358623665196,0.3991496401575359,0.3916956949192008,1.1030871880814,Persistent/strengthened
K20331,Unplanted,2,0.27664566183754447,0.0,0.0,0.442716841076456,Gradual/incomplete
K20331,Tomato-planted,2,0.3412166775331126,0.0,0.0,0.783359342576774,Gradual/incomplete
K00096,Unplanted,5,0.5166983757224147,0.0,0.0,0.619294916758102,Gradual/incomplete
K00096,Tomato-planted,5,0.6912817098924094,0.0,0.0,0.792118951021891,Gradual/incomplete
K18352,Unplanted,9,3.2911420498036303,0.529912600559276,0.49306454035268793,0.842739168648234,Gradual/incomplete
K18352,Tomato-planted,9,3.77671250771066,0.4356002556138815,0.41761655819441595,1.02576563530452,Persistent/strengthened
K03557,Unplanted,5,0.7032083519399772,0.2266460748454366,0.2616674468564274,1.01013557560329,Gradual/incomplete
K03557,Tomato-planted,5,0.759445123473451,0.3129097008617133,0.31857365644962143,1.1715093848556,Persistent/strengthened
K02063,Unplanted,7,1.272798960392203,0.6445907926762089,0.5996197355929078,0.42212285061554,Gradual/incomplete
K02063,Tomato-planted,7,1.2920601860201193,0.3984638840211912,0.41238419851991026,0.358615130199355,Rapid
K02300,Unplanted,2,0.31374973133250117,0.0,0.0,1.00175770781214,Persistent/strengthened
K02300,Tomato-planted,2,0.33087414600382525,0.0,0.0,1.06162972693824,Persistent/strengthened
K04719,Unplanted,2,0.8194405425738218,0.0,0.0,0.37279006257913,Gradual/incomplete
K04719,Tomato-planted,2,0.9455372773479016,0.0,0.0,0.439161777552611,Gradual/incomplete
K14338,Unplanted,4,2.3789812696023214,0.4907606566195922,0.44909851217015295,1.03633831894182,Overshoot/reversal
K14338,Tomato-planted,4,2.5240996966014198,0.4412122538594398,0.40280196038114524,0.33839274697016,Overshoot/reversal
K00114,Unplanted,5,0.5284623707591433,0.0,0.0,1.46314144428452,Persistent/strengthened
K00114,Tomato-planted,5,0.503406636664426,0.0,0.0,1.88576122097362,Persistent/strengthened
K02319,Unplanted,4,0.6619914516503654,0.0,0.0,0.843421767163743,Gradual/incomplete
K02319,Tomato-planted,4,0.9313025502729848,0.0,0.0,0.982663894835641,Gradual/incomplete
K03633,Unplanted,4,0.44457110412665163,0.20033131659762654,0.18247554052392434,0.550442662870415,Overshoot/reversal
K03633,Tomato-planted,4,0.4946063902567289,0.4375190032209989,0.37772499996043857,0.288938171223524,Rapid
K14187,Unplanted,2,0.02634064517021751,0.0,0.0,0.759079444370507,Gradual/incomplete
K14187,Tomato-planted,2,0.0290416150720054,0.0,0.0,1.72351788445575,Persistent/strengthened
K07645,Unplanted,5,0.7687207354245809,0.6028132341812192,0.5857501932792791,0.262985264338648,Rapid
K07645,Tomato-planted,5,0.8223658110815382,0.34095943796744105,0.3740292535196666,0.351915996975616,Gradual/incomplete
K07123,Unplanted,5,0.3127516462124725,0.0,0.0,0.172155103424147,Rapid
K07123,Tomato-planted,5,0.3663879770203102,0.1488525474812583,0.14107844527529312,0.243903774765864,Rapid
K07396,Unplanted,3,0.26090601465443597,0.0,0.0,0.229475784788793,Rapid
K07396,Tomato-planted,3,0.2895045672660855,0.0,0.0,0.376310998862232,Gradual/incomplete
K07285,Unplanted,3,0.36024962213022127,0.3106293298140721,0.33699988719497165,0.856244351761662,Gradual/incomplete
K07285,Tomato-planted,3,0.34472835408245556,0.14567488024629127,0.20513077092821463,0.764568767824193,Gradual/incomplete
K22452,Unplanted,28,1.975300230944181,0.9377335641917299,0.8757597410766683,0.406379826075747,Rapid
K22452,Tomato-planted,28,2.0172219139298515,0.850567761478213,0.7951163482828554,0.922221682059761,Gradual/incomplete
K03804,Unplanted,3,0.2619039301793331,0.0,0.0,0.671651452982817,Overshoot/reversal
K03804,Tomato-planted,3,0.27732720497952335,0.09605734437141888,0.09202186385894123,0.67889953905173,Gradual/incomplete
K07720,Unplanted,12,1.6757953904654128,0.3661729038751636,0.48322605159040544,0.445331780001384,Gradual/incomplete
K07720,Tomato-planted,12,1.8281632015755704,0.4657607795651066,0.5747622632854859,0.305207569351674,Rapid
K09684,Unplanted,18,2.3658458219572838,0.852196242237764,0.8801823118107902,0.319561037873778,Gradual/incomplete
K09684,Tomato-planted,18,2.534887607864434,0.9008806013252785,0.9179971441368584,0.691066696348105,Gradual/incomplete
K04027,Unplanted,3,0.6334729219368246,0.0,0.0,0.279536095454125,Rapid
K04027,Tomato-planted,3,0.8818966387157019,0.0,0.0,0.575450495684397,Gradual/incomplete
K09799,Unplanted,5,0.4336536023519431,0.0,0.0,0.268366694768338,Rapid
K09799,Tomato-planted,5,0.7374232665720466,0.0,0.0,0.560846006707915,Gradual/incomplete
K02363,Unplanted,2,0.044370953805131286,0.0,0.0,0.977863896342797,Persistent/strengthened
K02363,Tomato-planted,2,0.01402305966968492,0.0,0.0,1.27130394692446,Persistent/strengthened
K10118,Unplanted,13,2.718415944056975,0.792651784131681,0.7562908124618122,0.798130888365166,Gradual/incomplete
K10118,Tomato-planted,13,3.0685856514605607,0.744836038473362,0.7112013293942184,1.05718245902587,Persistent/strengthened
K16429,Unplanted,7,2.9178668431978334,0.9558539188232715,0.9091275389830409,0.940366489384081,Gradual/incomplete
K16429,Tomato-planted,7,3.361347129006445,0.8329240980440892,0.8079430100503981,0.774735162758984,Gradual/incomplete
K06399,Unplanted,4,0.7585848365266485,0.0,0.151362603449731,0.257845323508377,Rapid
K06399,Tomato-planted,4,0.944529262646969,0.05935370930566316,0.13877145859151133,0.425522784780969,Gradual/incomplete
K01406,Unplanted,22,1.9768717931270023,0.8705954168529407,0.8320473118398166,0.882689025752179,Gradual/incomplete
K01406,Tomato-planted,22,1.9636176489364843,0.8385464841529146,0.7719698786677723,1.20766758600797,Persistent/strengthened
K09987,Unplanted,4,0.7297702531028505,0.10528681512723674,0.0701912100848245,0.863719051000483,Gradual/incomplete
K09987,Tomato-planted,4,0.6756063686484459,0.08036415925489848,0.0638877826876855,1.2604675601399,Persistent/strengthened
K21336,Unplanted,5,1.8247606633592441,0.4889376209990097,0.5318544962113223,1.35840023384801,Persistent/strengthened
K21336,Tomato-planted,5,2.1408336601096174,0.5908971030087654,0.6174365794380684,1.55596460809155,Persistent/strengthened
K19221,Unplanted,8,0.9208884310216371,0.0,0.0,0.290188617363444,Gradual/incomplete
K19221,Tomato-planted,8,1.2707945665676077,0.0,0.0,0.390658954600639,Gradual/incomplete
K01230,Unplanted,6,0.742859490676538,0.7460279593140581,0.5430160452075264,1.16504840534259,Persistent/strengthened
K01230,Tomato-planted,6,0.8779318864186629,0.36152431946280944,0.2593665261891515,2.15070896868303,Persistent/strengthened
K10003,Unplanted,2,0.22124177883496374,0.0,0.0,0.722492325681893,Gradual/incomplete
K10003,Tomato-planted,2,0.21611162162971276,0.0,0.0,0.89223919293446,Gradual/incomplete
K07448,Unplanted,9,1.0724304328088832,0.5905872310322537,0.5390530965401891,0.373226784584126,Gradual/incomplete
K07448,Tomato-planted,9,1.2467572611047228,0.6179977565330317,0.5554538009085959,0.506358655072658,Gradual/incomplete
K15781,Unplanted,25,1.723933326587042,0.5764753031493177,0.5514860715220589,0.745396491697255,Gradual/incomplete
K15781,Tomato-planted,25,1.758976776257989,0.5109572017590313,0.5128105713185396,0.431780529945755,Gradual/incomplete
K21885,Unplanted,10,1.6138267110152404,0.46320957927559014,0.46453677550287176,0.599216902271778,Overshoot/reversal
K21885,Tomato-planted,10,1.6593268827146772,0.4845047703169417,0.48874940907254333,0.200531750899333,Rapid
K21700,Unplanted,2,1.858821454168071,0.7494032401382423,0.804846497668792,0.346498593404285,Gradual/incomplete
K21700,Tomato-planted,2,1.9739664476112255,0.8640572916870617,0.8810032232547753,0.343410065082108,Rapid
K15315,Unplanted,2,0.3340127446915331,0.0,0.0,0.342908684204657,Rapid
K15315,Tomato-planted,2,0.8121067413553994,0.0,0.0,0.515364492936023,Gradual/incomplete
K05882,Unplanted,15,2.593756252789961,0.9381463535242626,0.9170571124458705,0.376987499376227,Rapid
K05882,Tomato-planted,15,2.8541994877562233,0.8942021012084406,0.8835210542849026,0.635340860917421,Gradual/incomplete
K01184,Unplanted,6,0.5883544883104787,0.0,0.08320329670113258,0.294795069990726,Rapid
K01184,Tomato-planted,6,0.7575452016000951,0.03935573256383129,0.08705773318663483,0.621248714054872,Overshoot/reversal
K05552,Unplanted,3,0.5640553788394269,0.0,0.0,0.576530578853657,Gradual/incomplete
K05552,Tomato-planted,3,0.8045055626988531,0.0,0.0,0.798588459387828,Gradual/incomplete
K00360,Unplanted,12,2.528577836153786,0.5617029641091585,0.5762343508763783,0.12614111144783,Rapid
K00360,Tomato-planted,12,2.736644735713234,0.598415813989041,0.601818586889815,0.415155879141199,Gradual/incomplete
K21449,Unplanted,36,2.269291938943405,0.6593988792796309,0.7055003537283415,0.334516559099721,Rapid
K21449,Tomato-planted,36,2.4477141452565307,0.7679263975655556,0.7901417504628774,0.360675451592839,Gradual/incomplete
K03893,Unplanted,7,0.7305294117381587,0.0,0.0,0.717580156897968,Gradual/incomplete
K03893,Tomato-planted,7,1.123701492693784,0.0,0.0,0.681419491710229,Gradual/incomplete
K15982,Unplanted,9,1.9222532476008403,0.8329240632061401,0.828700909995767,0.589287815766619,Gradual/incomplete
K15982,Tomato-planted,9,2.110791678156487,0.7664615571826154,0.7748921095088639,0.737668727581837,Gradual/incomplete
K03690,Unplanted,5,0.4449355368524391,0.37332769797740556,0.43139514239018223,0.762995623105917,Gradual/incomplete
K03690,Tomato-planted,5,0.4402894682510232,0.3878606435625954,0.43229396611084,0.985020268778508,Persistent/strengthened
K02025,Unplanted,24,2.599836242357527,0.9191881208960802,0.8851474686666004,0.240819148672814,Rapid
K02025,Tomato-planted,24,2.961075911686219,0.8471292804183037,0.824913250195355,0.575110822480541,Gradual/incomplete
K23086,Unplanted,5,2.4856444942264844,0.7950158269254045,0.8457949956516138,0.954449030686629,Gradual/incomplete
K23086,Tomato-planted,5,3.0050163232082783,0.9111201379249672,0.9221684845348528,0.9600869178897,Gradual/incomplete
K18233,Unplanted,7,2.221201295384163,0.7158755730400495,0.7640969304989429,0.558887986868061,Gradual/incomplete
K18233,Tomato-planted,7,2.5944378860217485,0.8199797146535881,0.8437919133267785,0.737250671305257,Gradual/incomplete
K18230,Unplanted,14,2.4068542196431757,0.7695422082508382,0.8150165750012559,0.254497941127,Rapid
K18230,Tomato-planted,14,2.558516234231039,0.8960663073197684,0.9115431214782916,0.400016808313753,Gradual/incomplete
K08169,Unplanted,6,2.607836509066999,0.27890569733564197,0.2698493307560661,1.04024156887246,Persistent/strengthened
K08169,Tomato-planted,6,2.584939205832184,0.2397930251626868,0.2446395613856502,1.49875421764393,Persistent/strengthened
K03897,Unplanted,10,3.2702741658929733,0.3601088247789418,0.3332309573633854,0.431586159441857,Gradual/incomplete
K03897,Tomato-planted,10,3.7588662413423877,0.29276754174790376,0.2813584559774813,0.668203125249802,Gradual/incomplete
K14259,Unplanted,6,1.8403090598408207,0.6369624769362995,0.6442121104757244,0.720580703894316,Gradual/incomplete
K14259,Tomato-planted,6,2.147895464950036,0.6109857277230571,0.631954759784604,0.574271024138538,Gradual/incomplete
K02298,Unplanted,3,0.6165638162395076,0.26126940179413877,0.17417960119609252,1.04788718113572,Persistent/strengthened
K02298,Tomato-planted,3,0.5398517229258395,0.21965500932350648,0.17503534859567918,1.37625858210249,Persistent/strengthened
K14534,Unplanted,6,0.7967403561503404,0.0,0.03794345798771675,0.20509549573628,Rapid
K14534,Tomato-planted,6,0.9416759043192615,0.04744044869200644,0.11558276400704623,0.446254976719032,Gradual/incomplete
K13639,Unplanted,16,2.3217115587290187,0.8798248250484948,0.8867686147054304,0.282033125121287,Overshoot/reversal
K13639,Tomato-planted,16,2.4278146962455893,0.8464093490273363,0.8704290701928385,0.371456938228547,Gradual/incomplete
K15314,Unplanted,15,1.9580537833974332,0.3206306962813972,0.3565184472392936,0.132401673191159,Rapid
K15314,Tomato-planted,15,1.9419122201766006,0.400184643095099,0.42925512238931507,0.31052287448287,Gradual/incomplete
K21331,Unplanted,3,0.2948122626328735,0.0,0.0,0.43419598132909,Gradual/incomplete
K21331,Tomato-planted,3,0.7734915052424585,0.0,0.0,0.421225261663436,Gradual/incomplete
K00558,Unplanted,8,0.9468787128634587,0.0,0.0019665594698189282,0.644791383888485,Gradual/incomplete
K00558,Tomato-planted,8,1.3317292951834376,0.0,0.002886834376601477,0.676108189580616,Gradual/incomplete
K07116,Unplanted,9,1.99658659801071,0.7147047666072739,0.7005625625807415,0.383604088137234,Gradual/incomplete
K07116,Tomato-planted,9,2.0772207777752802,0.6366483485331252,0.6367098526503103,0.743026292915428,Gradual/incomplete
K13687,Unplanted,12,1.0366084886254368,0.49740298651486625,0.4110478324931901,0.324165582272923,Gradual/incomplete
K13687,Tomato-planted,12,0.9653451822093589,0.2114672558868295,0.19178371974829028,0.440438484760808,Gradual/incomplete
K17641,Unplanted,10,3.1845657577821496,0.5958610742097183,0.563332253194058,0.334291618902511,Gradual/incomplete
K17641,Tomato-planted,10,3.6183985357092263,0.527958629426851,0.5084710734373159,0.598805989469662,Gradual/incomplete
K18351,Unplanted,8,3.35601415056615,0.4301747114578468,0.3989729188123298,0.339090168738035,Rapid
K18351,Tomato-planted,8,3.86650336091491,0.352196760549847,0.3375578151980754,0.819085691395546,Gradual/incomplete
K09985,Unplanted,4,1.0996829189541848,0.13915861999087836,0.10067950674435336,1.09694468141063,Persistent/strengthened
K09985,Tomato-planted,4,1.168310973793904,0.11414752405596097,0.10606500794008134,1.5422065049212,Persistent/strengthened
K05979,Unplanted,11,2.1655067197686217,0.7545573516031975,0.7720040910461797,0.516413146058571,Gradual/incomplete
K05979,Tomato-planted,11,2.27773478831367,0.8700306448878113,0.8716850081450267,0.61258100473388,Gradual/incomplete
K20422,Unplanted,2,0.4465206472729706,0.0,0.0,1.006702927632,Persistent/strengthened
K20422,Tomato-planted,2,0.7643916105311843,0.0,0.0,1.09683647698654,Persistent/strengthened
K06560,Unplanted,8,0.9290843017712573,0.0,0.10285764302281952,0.259573720136347,Rapid
K06560,Tomato-planted,8,1.1534508011643156,0.03519239172110052,0.16520333852691138,0.140531270966675,Rapid
K00354,Unplanted,6,3.2755520573837935,0.2519925463584227,0.24821499884287282,0.333430219381037,Rapid
K00354,Tomato-planted,6,3.638729257809546,0.2597216179181012,0.24711006201998023,0.353933217929742,Gradual/incomplete
K09744,Unplanted,6,0.5566394936616044,0.2930735116479085,0.3262543982788495,0.369597143482521,Rapid
K09744,Tomato-planted,6,0.5719521884129908,0.6908380277766772,0.5991857341758813,0.292900721106455,Rapid
K18855,Unplanted,9,1.568242395462105,0.42830737592710594,0.43142799592640624,0.49248953325471,Gradual/incomplete
K18855,Tomato-planted,9,1.6154264690698512,0.4569736473634741,0.46022282327321035,0.408284478920734,Gradual/incomplete
K09879,Unplanted,9,1.997451724749253,0.0,0.03727284040308712,0.51460548921936,Gradual/incomplete
K09879,Tomato-planted,9,2.7068338612265803,0.0,0.059094698528393566,0.716089802828303,Gradual/incomplete
K01429,Unplanted,9,2.8264331555962903,0.30588279697270704,0.3460156564940215,0.165840775034356,Rapid
K01429,Tomato-planted,9,3.109022435036405,0.4065222221643156,0.4210752987234899,0.316028900805661,Gradual/incomplete
K18072,Unplanted,2,0.029898018120938792,0.0,0.0,0.695783601093921,Gradual/incomplete
K18072,Tomato-planted,2,0.03296376106481588,0.0,0.0,1.7604070385983,Persistent/strengthened
K16425,Unplanted,3,0.7906976800986626,0.0,0.0,0.387283836493905,Gradual/incomplete
K16425,Tomato-planted,3,0.8918743718000435,0.0,0.0,0.656610391246152,Gradual/incomplete
K00055,Unplanted,5,1.0106323013944865,0.0,0.0,0.23313898424368,Rapid
K00055,Tomato-planted,5,1.3489546292517824,0.0,0.0,0.32149825777272,Gradual/incomplete
K22879,Unplanted,3,0.22179912296149615,0.0,0.0,0.601051518367224,Gradual/incomplete
K22879,Tomato-planted,3,0.2798151752131282,0.0,0.0,1.11932431244248,Persistent/strengthened
K15922,Unplanted,4,0.2269205582635072,0.0,0.0,1.80979129863975,Persistent/strengthened
K15922,Tomato-planted,4,0.24461537395754596,0.0,0.0,1.21092512303437,Persistent/strengthened
K03737,Unplanted,13,1.8181980980721426,0.9703042271896807,0.8793555135772413,0.744068945013455,Gradual/incomplete
K03737,Tomato-planted,13,1.742017397188596,0.8805478042368728,0.8151523744528316,0.757970277930757,Gradual/incomplete
K05916,Unplanted,11,2.748517748673353,0.9379722124007812,0.9147976925466249,0.384710468811008,Gradual/incomplete
K05916,Tomato-planted,11,2.9236608477329864,0.8913641610874455,0.8591785946198544,0.552651492393842,Gradual/incomplete
K07506,Unplanted,25,1.8607879045967155,0.61758649674085,0.699134099208732,0.377556496831309,Rapid
K07506,Tomato-planted,25,2.1399873911994916,0.8140443907220176,0.8393018625816718,0.315402458479523,Gradual/incomplete
K05375,Unplanted,12,2.2509981000161554,0.6821144866640302,0.7311733530450575,0.125932665311982,Rapid
K05375,Tomato-planted,12,2.635209022743655,0.8120157467514959,0.8304266558673623,0.228905118741144,Rapid
K19746,Unplanted,9,2.2460307831233894,0.41136763423690265,0.37352093256136026,1.00264812935859,Persistent/strengthened
K19746,Tomato-planted,9,2.4303552091898504,0.3962896735714332,0.3848350318289257,1.53844014062255,Persistent/strengthened
K07794,Unplanted,5,1.0857966733391846,0.0,0.0,0.187453656913847,Rapid
K07794,Tomato-planted,5,1.4208126592074497,0.0,0.0,0.318705069530574,Gradual/incomplete
K06977,Unplanted,8,0.8831534179954664,0.5641179074495819,0.5346969069096882,0.692407159447259,Gradual/incomplete
K06977,Tomato-planted,8,0.9580402787736914,0.47550507929979213,0.4482010510810601,1.08367605017174,Persistent/strengthened
K15524,Unplanted,5,0.39053805054894575,0.0,0.0,0.397367209842485,Gradual/incomplete
K15524,Tomato-planted,5,0.4423235808874606,0.0,0.0,0.470082659244256,Gradual/incomplete
K18369,Unplanted,18,2.4681915012569213,0.8254794510411658,0.8567838897386222,0.52340494116504,Overshoot/reversal
K18369,Tomato-planted,18,2.5325914212377088,0.864851764816686,0.8735664748165716,0.247681152416281,Rapid
K04074,Unplanted,11,1.8526059333877987,0.5949992518714742,0.6065347739845727,0.220975854258564,Rapid
K04074,Tomato-planted,11,1.913965671285626,0.6598544625746298,0.6737282680999733,0.263932611436419,Rapid
K04030,Unplanted,2,0.03545883243820171,0.0,0.0,0.442257587434918,Overshoot/reversal
K04030,Tomato-planted,2,0.03716067303847015,0.0,0.0,0.328986081242744,Rapid
K21014,Unplanted,3,0.3287403037033656,0.0,0.0,0.380831242904782,Gradual/incomplete
K21014,Tomato-planted,3,0.3733728856385773,0.0,0.0,0.662628808090358,Gradual/incomplete
K05365,Unplanted,4,0.5410269956290694,0.5333185624052244,0.5935236305969501,1.10467095797754,Persistent/strengthened
K05365,Tomato-planted,4,0.5365387792267401,0.3889186636503566,0.4869158850574491,1.3917405204866,Persistent/strengthened
K00853,Unplanted,16,1.824098441501997,0.8732600574753642,0.8679321797274119,0.301148389774754,Rapid
K00853,Tomato-planted,16,2.0343554592277266,0.9594438863488067,0.940098409517292,0.584131299415709,Gradual/incomplete
K01436,Unplanted,7,2.3241048613625788,0.7936643070934126,0.7376186058646563,0.435964079220591,Gradual/incomplete
K01436,Tomato-planted,7,2.3850293898242256,0.5361719024072181,0.5220891012655964,0.559889497303775,Gradual/incomplete
K00867,Unplanted,10,2.0184336548607655,0.6132566862245555,0.6347368230583397,0.905773945234517,Gradual/incomplete
K00867,Tomato-planted,10,2.1215539592296393,0.6567151016602017,0.6852236811208877,1.05356914052658,Persistent/strengthened
K21119,Unplanted,6,2.9774856552346027,0.27292311571563665,0.2705805121967336,0.545371191172118,Overshoot/reversal
K21119,Tomato-planted,6,3.5773518017759725,0.302173448341121,0.29437970391209656,0.756585676335963,Gradual/incomplete
K07014,Unplanted,4,0.26839360822095415,0.6321644656640668,0.447668884133475,1.03212737843302,Persistent/strengthened
K07014,Tomato-planted,4,0.15008057749235743,0.27868274704896107,0.19942835260616154,1.87736562066193,Persistent/strengthened
K21394,Unplanted,2,0.3629575099363029,0.4571790644241638,0.3047860429494425,0.290207947762809,Rapid
K21394,Tomato-planted,2,0.3091648251101508,0.5940474986298374,0.47822236004359747,0.225261411240959,Rapid
K02770,Unplanted,15,1.952110261171818,0.42215212935382657,0.49287758479271215,0.360431399197667,Rapid
K02770,Tomato-planted,15,2.0494606996900684,0.5714986697297217,0.6156903304033742,0.252250388411021,Rapid
K07407,Unplanted,20,2.691955419819542,0.24887338548162374,0.2865693201068171,0.268606491932083,Rapid
K07407,Tomato-planted,20,3.1563790276834616,0.2681967219290919,0.31356109205230476,0.53310973222566,Gradual/incomplete
K17677,Unplanted,5,0.5281947655416008,0.0,0.0,0.781895683826324,Gradual/incomplete
K17677,Tomato-planted,5,0.5838943068621107,0.0,0.0,0.884432502273445,Gradual/incomplete
K07662,Unplanted,2,0.16362609384268897,0.6828806992551905,0.49656971658913074,0.917857688962902,Persistent/strengthened
K07662,Tomato-planted,2,0.2221864214883179,0.25695249221623245,0.17363952065482885,1.04559186499454,Persistent/strengthened
K02224,Unplanted,8,0.7331491559098751,0.0,0.0,0.321594502079972,Gradual/incomplete
K02224,Tomato-planted,8,0.9528816209130624,0.0,0.0,0.563254381415063,Gradual/incomplete
K13018,Unplanted,21,2.239869727186984,0.8300305981664657,0.8582992767754751,0.789444286782834,Gradual/incomplete
K13018,Tomato-planted,21,2.2867666494640724,0.9376129915014916,0.932078558635895,0.555689150644265,Gradual/incomplete
K08640,Unplanted,6,2.5306273064803575,0.3576162798335433,0.2973928737663316,0.316384365170454,Gradual/incomplete
K08640,Tomato-planted,6,3.0272858587190674,0.27920923628495214,0.2530927002245182,0.605293463740767,Gradual/incomplete
K06985,Unplanted,6,1.9411723611633191,0.4264605437307025,0.3830955205098865,1.00286889179399,Persistent/strengthened
K06985,Tomato-planted,6,1.993716733957786,0.3379225221748544,0.3450106058538699,1.3422387856575,Persistent/strengthened
K17883,Unplanted,9,1.3847756103864546,0.47122240362160556,0.46526747026023124,0.983795206006572,Persistent/strengthened
K17883,Tomato-planted,9,1.5731615624684823,0.3840464524454442,0.4069024452233887,0.904045622724929,Gradual/incomplete
K16435,Unplanted,2,3.121460287743271,0.9115905663219201,0.8567500867473508,0.460280686770008,Gradual/incomplete
K16435,Tomato-planted,2,3.675652739702268,0.7570953254226354,0.7405385033120394,0.598204688432646,Gradual/incomplete
K01400,Unplanted,9,2.0080174717723156,0.9339294414900717,0.8903681067121445,0.183767161725936,Overshoot/reversal
K01400,Tomato-planted,9,2.013171593949424,0.7731814890900334,0.7785521672713474,0.211172193130514,Rapid
K23786,Unplanted,8,1.468209447138897,0.267725858560864,0.4087463889465558,0.171793373392068,Rapid
K23786,Tomato-planted,8,1.6141038567625898,0.40917837518536015,0.509326940420489,0.355575244610243,Gradual/incomplete
K00226,Unplanted,6,0.8316289351412921,0.0,0.1373050108060066,0.868635755840496,Gradual/incomplete
K00226,Tomato-planted,6,1.0418649529119202,0.04525205943010902,0.13600731429219173,1.05088399384859,Persistent/strengthened
K15531,Unplanted,7,0.41528019086681667,0.41864785315099295,0.37757461572105205,0.292431018829554,Rapid
K15531,Tomato-planted,7,0.40830827982094253,0.7634236511010716,0.5850588447856823,0.435368381255999,Gradual/incomplete
K12308,Unplanted,19,2.453202436498777,0.4505732839622074,0.4780064517795893,0.647832473475558,Gradual/incomplete
K12308,Tomato-planted,19,2.7926647979807804,0.4557793751753415,0.4808376900955524,0.846442664852806,Gradual/incomplete
K13532,Unplanted,3,0.20240279329067265,0.0,0.0,0.128393015579023,Rapid
K13532,Tomato-planted,3,0.19017880418688055,0.0,0.0,0.394662866029706,Gradual/incomplete
K16384,Unplanted,8,1.5981985281616558,0.4031120187129631,0.43964237947254065,0.268246331245737,Rapid
K16384,Tomato-planted,8,1.876188935218737,0.4900290326129042,0.5168931373492838,0.851330913623925,Gradual/incomplete
K13612,Unplanted,8,3.0279149930792553,0.2805849805560453,0.2623670650516584,0.504925012755316,Gradual/incomplete
K13612,Tomato-planted,8,3.2107183021217782,0.22559356003752834,0.21664357146636043,0.368866807020243,Gradual/incomplete
K03466,Unplanted,37,2.499258555865805,0.8950303803370177,0.8851322530123061,0.19477323041514,Rapid
K03466,Tomato-planted,37,2.643756544287948,0.8654881684331228,0.8546087407798764,0.446703550477095,Gradual/incomplete
K01496,Unplanted,11,2.499023210116362,0.8513877730602429,0.8790237366339447,0.0978220756514097,Rapid
K01496,Tomato-planted,11,2.613364076556439,0.9327995086020887,0.9419203946288753,0.357938257185509,Gradual/incomplete
K02521,Unplanted,5,0.7761224048041705,0.4567423700741992,0.47946787342593483,0.411025412954997,Rapid
K02521,Tomato-planted,5,0.8676545064561703,0.7367276154548049,0.6816072195030634,0.489842507238437,Gradual/incomplete
K05829,Unplanted,11,2.11276726547241,0.7363890646504844,0.7761306697667935,0.246711802500543,Rapid
K05829,Tomato-planted,11,2.3822262544347934,0.9532304511727305,0.9311108141958233,0.298172055337546,Rapid
K22130,Unplanted,2,0.6069364098558485,0.0,0.0,0.67097061248184,Gradual/incomplete
K22130,Tomato-planted,2,0.7037386331285983,0.0,0.0,0.594917498766226,Gradual/incomplete
K00836,Unplanted,12,2.1158801035459294,0.7761270404765397,0.8214099859914016,0.55334569165816,Gradual/incomplete
K00836,Tomato-planted,12,2.380746673632025,0.8545718623747659,0.875667917162428,0.604025501505131,Gradual/incomplete
K18336,Unplanted,20,2.0676057205964353,0.6904579913267173,0.7572265938083427,0.221706641828449,Rapid
K18336,Tomato-planted,20,2.3204704804135403,0.842599362588207,0.8817916248805729,0.177116172578326,Rapid
K21686,Unplanted,7,1.7798704700211205,0.4622897588347294,0.48903636843332826,1.23249651363777,Persistent/strengthened
K21686,Tomato-planted,7,1.7784128007063074,0.5505143110866673,0.5727861884667969,1.75133601001836,Persistent/strengthened
K03791,Unplanted,2,0.10795411782567177,0.0,0.0,0.18918718335096,Rapid
K03791,Tomato-planted,2,0.06421624968770615,0.0,0.0,0.324335108278349,Rapid
K06384,Unplanted,3,0.9709430111108455,0.23925880668284225,0.23847621391928292,0.247328756984504,Rapid
K06384,Tomato-planted,3,0.9835738881986106,0.2964215039338248,0.2832809840914028,0.230294290028655,Rapid
K15019,Unplanted,6,2.318728001196223,0.45412682215345657,0.4891914832360226,0.496302564941599,Overshoot/reversal
K15019,Tomato-planted,6,2.299819461665546,0.6640483445518169,0.6537715996396936,0.67423445779553,Overshoot/reversal
K07663,Unplanted,9,0.9667233827492356,0.7724466246323581,0.7794140472693816,0.823352270953269,Gradual/incomplete
K07663,Tomato-planted,9,1.0652545062480516,0.7776928325796267,0.7897091956301661,0.763544529107299,Gradual/incomplete
K06443,Unplanted,15,2.2886021988127414,0.4157195778183687,0.4651312241663304,0.55195419884327,Gradual/incomplete
K06443,Tomato-planted,15,2.4627604102376597,0.4308813867484914,0.4880863403576639,0.82310112706215,Gradual/incomplete
K16428,Unplanted,2,3.2685244019430155,0.6173939346671216,0.5836693155278008,1.31298683916239,Persistent/strengthened
K16428,Tomato-planted,2,3.7105753137618445,0.5507613945652051,0.5210941696067949,1.10647404949139,Persistent/strengthened
K22298,Unplanted,13,2.672924922366014,0.6509943497271244,0.6798370610594437,0.383314587652233,Gradual/incomplete
K22298,Tomato-planted,13,3.033530156403998,0.7832612254025575,0.7846168688294324,0.515944511169019,Gradual/incomplete
K06905,Unplanted,13,1.8075147187979792,0.6964540695147459,0.739186376901271,1.22066753039695,Persistent/strengthened
K06905,Tomato-planted,13,1.9244959979128264,0.876862342834354,0.8684381761401404,1.52333471185558,Persistent/strengthened
K05714,Unplanted,18,2.5475839446002935,0.8254293871799551,0.8406798961578795,0.369452118891096,Gradual/incomplete
K05714,Tomato-planted,18,2.6631868762394943,0.8031074450222193,0.8068768978930673,0.42835259023862,Gradual/incomplete
K16648,Unplanted,13,1.9365507473821828,0.796162637293788,0.8165244456831868,0.582305876657382,Overshoot/reversal
K16648,Tomato-planted,13,2.0987229181182188,0.7858240041265491,0.8166454917926864,0.21911619417341,Rapid
K16421,Unplanted,10,2.692598332648015,0.7849837465072614,0.7508789167275696,0.398718135739605,Gradual/incomplete
K16421,Tomato-planted,10,2.946632978133696,0.7209591695713862,0.6964606016949083,0.631732904191417,Gradual/incomplete
K07695,Unplanted,19,2.2030902367993095,0.7392057728259183,0.7570918469712863,0.587831151362359,Gradual/incomplete
K07695,Tomato-planted,19,2.3546287600284264,0.7702102399742083,0.7967311766748675,0.778809624078784,Gradual/incomplete
K19545,Unplanted,3,0.3287403037033656,0.0,0.0,0.435544543578626,Gradual/incomplete
K19545,Tomato-planted,3,0.3733728856385773,0.0,0.0,0.610321888778899,Gradual/incomplete
K04091,Unplanted,4,1.0904752131698103,0.13184477840255146,0.13324696299890426,1.02325260814468,Persistent/strengthened
K04091,Tomato-planted,4,1.4805443597532435,0.27234064041180067,0.22806622529970802,1.12774938742146,Persistent/strengthened
K17840,Unplanted,3,1.014885331991358,0.6576451981079258,0.5716759966635949,0.293487099952368,Gradual/incomplete
K17840,Tomato-planted,3,1.2895539883853262,0.3348032305016095,0.3094472522841221,0.244006351142194,Rapid
K11740,Unplanted,7,0.5156080082010134,0.0,0.0,1.70417039897044,Persistent/strengthened
K11740,Tomato-planted,7,0.4696149177745252,0.0,0.0,2.06636372969597,Persistent/strengthened
K12685,Unplanted,4,0.7081228711107963,0.0,0.0,0.267030265578715,Rapid
K12685,Tomato-planted,4,0.7204073960058346,0.0,0.0,0.707758737949809,Gradual/incomplete
K01489,Unplanted,21,2.508314872282944,0.6642009105884477,0.6667041425151107,0.592748539481968,Gradual/incomplete
K01489,Tomato-planted,21,2.762108922531781,0.6889466034134509,0.6821302396835641,0.839366948164146,Gradual/incomplete
K07074,Unplanted,14,2.513927292331319,0.3318462975580933,0.41641644517498927,0.653479005261121,Gradual/incomplete
K07074,Tomato-planted,14,2.8714184696879506,0.47277842751504146,0.5452264899927997,0.743868651839668,Gradual/incomplete
K05793,Unplanted,2,0.6153023404006066,0.0,0.0,0.563459458186717,Gradual/incomplete
K05793,Tomato-planted,2,0.9126211443482499,0.0,0.0,0.775520693607444,Gradual/incomplete
K18334,Unplanted,6,3.0426087346090087,0.6191441847834463,0.584523853057051,0.425140880346425,Rapid
K18334,Tomato-planted,6,3.24789304704929,0.5135720613104018,0.497861710515371,0.603418139977846,Gradual/incomplete
K16434,Unplanted,3,0.8882763187308753,0.0,0.0,0.541260278685416,Gradual/incomplete
K16434,Tomato-planted,3,1.0033731473101468,0.0,0.0,0.57424874553298,Gradual/incomplete
K17319,Unplanted,6,0.4899169438762674,0.0,0.0,0.707230687448225,Gradual/incomplete
K17319,Tomato-planted,6,0.736611858469577,0.0,0.0,0.811525819764329,Gradual/incomplete
K09935,Unplanted,3,0.9810841771596823,0.0,0.0,0.52213091510959,Gradual/incomplete
K09935,Tomato-planted,3,1.603221799688273,0.0,0.0,0.721002910416753,Gradual/incomplete
K01631,Unplanted,3,0.6165638162395076,0.26126940179413877,0.17417960119609252,0.833158179344035,Gradual/incomplete
K01631,Tomato-planted,3,0.5398517229258395,0.21965500932350648,0.17503534859567918,1.00245681977919,Persistent/strengthened
K00571,Unplanted,14,1.56016979415378,0.02411261161961344,0.14293737795179481,0.891192168694706,Gradual/incomplete
K00571,Tomato-planted,14,1.9593165647744435,0.05818401682877544,0.23175659887650352,0.622713470006764,Gradual/incomplete
K20754,Unplanted,17,2.3221821385703816,0.8361739867393021,0.8470521118739142,0.691412631016479,Overshoot/reversal
K20754,Tomato-planted,17,2.5609266941608686,0.858227169714522,0.8577405699257212,0.955674135745777,Overshoot/reversal
K19355,Unplanted,6,0.505447484883091,0.20604265981456232,0.19107381351561192,0.321389939850295,Gradual/incomplete
K19355,Tomato-planted,6,0.48616982643925455,0.5055645571254009,0.4376758820155018,0.460324779099715,Gradual/incomplete
K09141,Unplanted,3,0.040346543967115595,0.0,0.0,0.247485625790593,Rapid
K09141,Tomato-planted,3,0.033873040833811235,0.0,0.0,0.342573835395668,Rapid
K18214,Unplanted,6,0.7405944612466255,0.0,0.0,0.530764722237521,Gradual/incomplete
K18214,Tomato-planted,6,1.1741295299938068,0.0,0.0,0.662992962211877,Gradual/incomplete
K14136,Unplanted,13,1.4318560312438704,0.7282977141441362,0.6041305009046513,2.24189826194373,Persistent/strengthened
K14136,Tomato-planted,13,1.2724611260597947,0.4029576760680914,0.3612506760603993,2.16596851647371,Persistent/strengthened
K21966,Unplanted,2,0.13278317696312658,0.0,0.0,1.02223256194919,Persistent/strengthened
K21966,Tomato-planted,2,0.12734568498966264,0.0,0.0,1.24020926014297,Persistent/strengthened
K01664,Unplanted,6,1.787277213070759,0.4353838496610946,0.4658306297897259,0.148243465656668,Rapid
K01664,Tomato-planted,6,1.867722161530481,0.5237772919797348,0.5476917490427498,0.308940963827134,Gradual/incomplete
K16438,Unplanted,5,2.173221701115918,0.7773039931344572,0.8253362498370206,0.723182763562908,Gradual/incomplete
K16438,Tomato-planted,5,2.256409020730384,0.8903586406334144,0.9077430308144687,0.735906875642025,Gradual/incomplete
K01178,Unplanted,4,0.571445522318658,0.0,0.0,0.621608758361472,Gradual/incomplete
K01178,Tomato-planted,4,0.9063324995495168,0.0,0.0,0.360527207226874,Gradual/incomplete
K11783,Unplanted,4,0.34501863014787715,0.0,0.0,0.369693257269019,Gradual/incomplete
K11783,Tomato-planted,4,0.345161250380073,0.0,0.0,0.496703561476169,Gradual/incomplete
K05895,Unplanted,3,3.2144178189684864,0.8539179707372695,0.8044376403038042,0.422986966394379,Rapid
K05895,Tomato-planted,3,3.967362329530892,0.7622952394920843,0.7320527117936297,0.627231459094443,Gradual/incomplete
K06377,Unplanted,11,2.671583468042759,0.9109496037233694,0.8629855059805105,0.492951569899746,Gradual/incomplete
K06377,Tomato-planted,11,3.0254996242793606,0.8123310290765631,0.7806239901006186,0.775881191894962,Gradual/incomplete
K15329,Unplanted,3,1.7681972255962992,0.9251082137494324,0.9183152966039494,0.545875351271598,Gradual/incomplete
K15329,Tomato-planted,3,2.021940817551336,0.9545063991693254,0.960783373865813,0.73556719550032,Gradual/incomplete
K17876,Unplanted,10,3.0249232742882315,0.6946327878226166,0.6674402703992056,0.805844713742589,Gradual/incomplete
K17876,Tomato-planted,10,3.393912500598911,0.6185758032438977,0.6023969421673215,0.700077781931468,Gradual/incomplete
K02081,Unplanted,5,2.240280072367625,0.7064827242790488,0.7522298691030841,0.518025025129311,Gradual/incomplete
K02081,Tomato-planted,5,2.674286442555842,0.8057400685507906,0.8318042692694998,0.707416310497119,Gradual/incomplete
K18545,Unplanted,5,0.3295059352252112,0.0,0.0,0.76148898390465,Gradual/incomplete
K18545,Tomato-planted,5,0.5360786517304952,0.0,0.0,1.0070083826814,Persistent/strengthened
K16049,Unplanted,5,2.2747128130805465,0.788640334552302,0.8150193362231347,0.723932693397388,Gradual/incomplete
K16049,Tomato-planted,5,2.5684855999718104,0.8740132890637428,0.8929337479244146,0.645175863637101,Gradual/incomplete
K05825,Unplanted,20,2.340441718793529,0.863237133085029,0.8618866799735938,0.437394273329801,Gradual/incomplete
K05825,Tomato-planted,20,2.6241482689835935,0.909857745446893,0.8944229090229313,0.71242815101256,Gradual/incomplete
K18554,Unplanted,4,0.34243288239484654,0.0,0.0,0.33642224746851,Gradual/incomplete
K18554,Tomato-planted,4,0.6252457815139207,0.0,0.0,0.681854844513157,Gradual/incomplete
K03739,Unplanted,3,0.2935488334875346,0.0,0.0,0.806505194226072,Gradual/incomplete
K03739,Tomato-planted,3,0.292566662243153,0.0,0.0,1.08992284960017,Persistent/strengthened
K08992,Unplanted,8,1.0036122530688203,0.664285449004207,0.6004052577449697,0.336585809947715,Rapid
K08992,Tomato-planted,8,1.0196634513224045,0.5737444110391012,0.5444368358645482,0.365439443355702,Gradual/incomplete
K01707,Unplanted,7,3.5614318751110634,0.4138655355045834,0.38050932742181864,0.425610547421814,Gradual/incomplete
K01707,Tomato-planted,7,4.341224791108763,0.32286383169865684,0.3126393373531104,0.658385254929847,Gradual/incomplete
K00477,Unplanted,15,2.4353722377248026,0.5696688613471679,0.5940899462370379,1.01067150339361,Persistent/strengthened
K00477,Tomato-planted,15,2.6983233525808012,0.5888906139628486,0.6142131592473586,1.14444008358959,Persistent/strengthened
K00563,Unplanted,4,3.462168777919528,0.520556208444423,0.4762168990381105,0.173920879503947,Rapid
K00563,Tomato-planted,4,4.052709957037067,0.39930564867243024,0.3876413122278129,0.458851380774496,Gradual/incomplete
K22336,Unplanted,3,1.430377386435116,0.7804192189780492,0.6995382227239638,0.759760569355998,Gradual/incomplete
K22336,Tomato-planted,3,1.427713945030532,0.41731089278697475,0.40543481524527686,0.450522164247146,Gradual/incomplete
K03826,Unplanted,6,2.0150540481988735,0.853123622010669,0.8958222897682871,0.452641428477702,Overshoot/reversal
K03826,Tomato-planted,6,2.227287891399742,0.8892280401756861,0.9008128169522946,0.458064945642646,Gradual/incomplete
K13049,Unplanted,21,2.28691691656795,0.8632439235690287,0.861691291189905,0.7939446075531,Gradual/incomplete
K13049,Tomato-planted,21,2.340553529936752,0.9115174958714589,0.8973566442149726,1.0532227309223,Persistent/strengthened
K12543,Unplanted,5,0.8923693412616338,0.15350454137188713,0.11106612222208265,0.724153617162363,Gradual/incomplete
K12543,Tomato-planted,5,0.9556113885521036,0.11885512656247683,0.11338256291109693,0.994872668977275,Persistent/strengthened
K02000,Unplanted,3,0.19038573220209845,0.0,0.0,0.1959962062244,Rapid
K02000,Tomato-planted,3,0.24264499111035673,0.0,0.0,0.461629824430038,Gradual/incomplete
K03761,Unplanted,3,0.6165638162395076,0.26126940179413877,0.17417960119609252,1.03275257348508,Persistent/strengthened
K03761,Tomato-planted,3,0.5398517229258395,0.21965500932350648,0.17503534859567918,1.56177878219723,Persistent/strengthened
K01725,Unplanted,3,0.1142683462881027,0.0,0.0,0.768932182057251,Gradual/incomplete
K01725,Tomato-planted,3,0.08673687731820942,0.0,0.0,1.79319923687274,Persistent/strengthened
K16423,Unplanted,4,2.87817607937351,0.6709821149313231,0.6328293914019689,0.356876817017331,Gradual/incomplete
K16423,Tomato-planted,4,3.0128647533445174,0.558384045870494,0.5354674586507807,0.715059381485612,Gradual/incomplete
K22969,Unplanted,8,2.5289330146497706,0.14183353338163893,0.13269699975503244,0.329116122023181,Gradual/incomplete
K22969,Tomato-planted,8,2.6653891230201814,0.11779543952765949,0.11246889045188604,0.539624084716618,Gradual/incomplete
K02015,Unplanted,9,2.4845803903868298,0.4000690777966847,0.4549781308793021,0.513282934444506,Gradual/incomplete
K02015,Tomato-planted,9,2.585829992808206,0.42416452095440577,0.49750108428254275,0.716356724782337,Gradual/incomplete
K02650,Unplanted,13,1.4611920597141517,0.1662938452689053,0.276128014651767,0.631397685716437,Gradual/incomplete
K02650,Tomato-planted,13,1.6120647079415658,0.32253979545236405,0.44492776271970463,1.11465992541322,Persistent/strengthened
K04767,Unplanted,15,1.9639607013835998,0.15879256761376329,0.2502636752913825,0.339098365381069,Rapid
K04767,Tomato-planted,15,2.139713332206418,0.27347594601635883,0.3789736365434837,0.636899250850428,Gradual/incomplete
K07156,Unplanted,6,1.8055790446265116,0.6064175014183715,0.6195843843727451,0.532099020238016,Gradual/incomplete
K07156,Tomato-planted,6,2.022116267248525,0.7253498065141706,0.6976266781975112,0.7449852359798,Gradual/incomplete
K00365,Unplanted,11,1.5959349680992447,0.3542900627333634,0.37977205595976116,1.70465294588554,Persistent/strengthened
K00365,Tomato-planted,11,1.699514083005862,0.4045521778176478,0.43096764916092095,1.59280147032209,Persistent/strengthened
K16937,Unplanted,7,2.680916528145171,0.31365542145249753,0.287381378505457,0.238949541388328,Rapid
K16937,Tomato-planted,7,2.982363639179088,0.2808025011267833,0.25680105060499137,0.455661669535831,Gradual/incomplete
K06202,Unplanted,3,0.5042687933983736,0.6653286921714322,0.6239281475584391,0.401896787266257,Rapid
K06202,Tomato-planted,3,0.4976742817421813,0.7489747801162238,0.6363338212987403,0.600887321302807,Gradual/incomplete
K00556,Unplanted,10,1.2925968967835915,0.6015374552551612,0.5895081826119233,0.96179810161815,Overshoot/reversal
K00556,Tomato-planted,10,1.398686687047552,0.9108143015822505,0.7801264030206664,0.414719338607198,Overshoot/reversal
K16117,Unplanted,5,1.773778931650916,0.5104174657409091,0.5447056920133216,0.965303322530064,Persistent/strengthened
K16117,Tomato-planted,5,2.1417921350266207,0.5674334954652881,0.5933988036494213,1.09766446332195,Persistent/strengthened
K06995,Unplanted,2,0.1041750554685992,0.0,0.0,0.485039826230315,Gradual/incomplete
K06995,Tomato-planted,2,0.08056683823446414,0.0,0.0,0.884536992515725,Gradual/incomplete
K17763,Unplanted,21,2.0136008700944585,0.872814441781396,0.8492912988203764,1.03437977108411,Persistent/strengthened
K17763,Tomato-planted,21,1.9704943484186876,0.8950997309722678,0.8485920365668193,0.958099307667216,Gradual/incomplete
K03271,Unplanted,20,2.229024411399803,0.9926287041515044,0.9675559429638653,0.368542149813491,Gradual/incomplete
K03271,Tomato-planted,20,2.2864531136023367,0.951437482725831,0.944513583787115,0.474072502369757,Gradual/incomplete
K00038,Unplanted,12,1.3087464370373834,0.39488901502423446,0.3787901968928778,0.666105082022758,Gradual/incomplete
K00038,Tomato-planted,12,1.4643939684607525,0.3006381460928059,0.31104554852553323,0.723607219279545,Gradual/incomplete
K06726,Unplanted,4,0.5204351387881607,0.0,0.0,0.879104301139395,Gradual/incomplete
K06726,Tomato-planted,4,0.816795151297534,0.0,0.0,0.885882543234963,Gradual/incomplete
K14340,Unplanted,9,1.9401985927821819,0.2690210768521658,0.23384184604842934,0.820453249176775,Gradual/incomplete
K14340,Tomato-planted,9,1.9838702243373905,0.21533973420867397,0.20609799362769207,0.913992211548659,Gradual/incomplete
K14743,Unplanted,9,3.068694352307003,0.5863398101133913,0.5761233891852555,0.5515310705862,Gradual/incomplete
K14743,Tomato-planted,9,3.5556891769102696,0.6065093440451363,0.5890628180734631,0.694652201403793,Gradual/incomplete
K07640,Unplanted,4,1.4168976590037026,0.0,0.10615278933389237,0.638102070747192,Gradual/incomplete
K07640,Tomato-planted,4,1.7630984848495745,0.0,0.16241943428647906,0.559095629038194,Gradual/incomplete
K01497,Unplanted,25,1.8128835778104233,0.6305573269191295,0.7007782263477301,0.938359427541098,Gradual/incomplete
K01497,Tomato-planted,25,1.9440943932162518,0.7408278677020872,0.7930137327242442,1.08794915691056,Persistent/strengthened
K00301,Unplanted,16,2.639847785644146,0.9524089389326112,0.9454588213738737,0.403811140661685,Gradual/incomplete
K00301,Tomato-planted,16,2.678410132557527,0.8716090818006302,0.8791192429777132,0.443231044634872,Gradual/incomplete
K03746,Unplanted,3,0.38620343038354576,0.4981221944543154,0.507221989212215,0.450309916493657,Overshoot/reversal
K03746,Tomato-planted,3,0.37668333066710163,0.3646171013620652,0.39367639469059906,0.329340847993527,Overshoot/reversal
K09815,Unplanted,9,2.3949111317176657,0.7010964036388599,0.6782474983207125,0.208007966370469,Rapid
K09815,Tomato-planted,9,2.552943988197035,0.7163542268238408,0.6764073279053506,0.251529168108737,Rapid
K00479,Unplanted,4,1.3087578508876243,0.0,0.05674474432193348,0.132660043936737,Rapid
K00479,Tomato-planted,4,1.8050990253927086,0.0,0.08785450703652366,0.377493910670804,Gradual/incomplete
K22553,Unplanted,5,0.4667205221529814,0.0,0.0,0.198737651915132,Rapid
K22553,Tomato-planted,5,0.7798965351997484,0.0,0.0,0.310921914993087,Gradual/incomplete
K09692,Unplanted,9,3.0532844756899955,0.47597785840148327,0.44985443401050973,0.521869654251606,Gradual/incomplete
K09692,Tomato-planted,9,3.1750772381898233,0.3834870538800772,0.37487474378711794,0.744397723165457,Gradual/incomplete
K05341,Unplanted,3,0.6596366036880694,0.0,0.0,0.493452148369396,Gradual/incomplete
K05341,Tomato-planted,3,0.6350405167832193,0.0,0.0,0.46458860405842,Gradual/incomplete
K21214,Unplanted,4,0.4887942275035224,0.0,0.0,0.514727651786048,Gradual/incomplete
K21214,Tomato-planted,4,0.7961488894756847,0.0,0.0,0.69853627386648,Gradual/incomplete
K09822,Unplanted,6,0.6095710476487418,0.0,0.0,0.209667703823817,Rapid
K09822,Tomato-planted,6,0.8396300091101636,0.0,0.0,0.257029455180711,Rapid
K21687,Unplanted,22,2.250643816455673,0.546125843449066,0.5929481193789841,0.413249961157788,Overshoot/reversal
K21687,Tomato-planted,22,2.262191795349924,0.633974253023172,0.6666180780957854,0.235557840163271,Rapid
K05898,Unplanted,13,2.5292992170037536,0.6643058897199389,0.6424694965975765,0.539378113512052,Gradual/incomplete
K05898,Tomato-planted,13,2.8202188248218354,0.6870676548517404,0.6508848011001442,0.70215812092548,Gradual/incomplete
K02281,Unplanted,4,0.7939975185430327,0.2065179311041781,0.14328885292119642,0.876811900638567,Gradual/incomplete
K02281,Tomato-planted,4,0.8123281031910581,0.17806977137042418,0.1526759373287674,1.16754260886062,Persistent/strengthened
K05792,Unplanted,4,0.381815823218962,0.0,0.0,0.474029327960865,Gradual/incomplete
K05792,Tomato-planted,4,0.7062614808201227,0.0,0.0,0.606750674693757,Gradual/incomplete
K14669,Unplanted,4,0.566465496674609,0.0,0.0,0.307119673680927,Rapid
K14669,Tomato-planted,4,0.8610871882395632,0.0,0.0,0.509556321297729,Gradual/incomplete
K18851,Unplanted,8,3.2216450956626703,0.4567889049983707,0.4673809128025902,0.761685488738102,Gradual/incomplete
K18851,Tomato-planted,8,3.7735661877637288,0.5362359465414259,0.5206092375073006,0.62312313751439,Gradual/incomplete
K21165,Unplanted,5,0.6462700817489072,0.0,0.0,2.05993109495475,Persistent/strengthened
K21165,Tomato-planted,5,0.6797018312757201,0.0,0.0,1.6669612911725,Persistent/strengthened
K18955,Unplanted,17,2.2499518287297082,0.7417021646742695,0.7691224716269544,0.248055561265741,Rapid
K18955,Tomato-planted,17,2.3737662547033143,0.7903977520307608,0.8194139452744839,0.628605100971278,Gradual/incomplete
K13507,Unplanted,5,0.35452504925199135,0.0,0.0,1.41228361004648,Persistent/strengthened
K13507,Tomato-planted,5,0.4806189428230132,0.0,0.0,1.39095523852458,Persistent/strengthened
K05795,Unplanted,6,0.45536092641096704,0.0,0.0,0.604442641229934,Gradual/incomplete
K05795,Tomato-planted,6,0.7102319315920295,0.0,0.0,0.712973227651936,Gradual/incomplete
K07693,Unplanted,15,2.4156881043307616,0.9530968273777732,0.9006421343041567,0.263182785627723,Rapid
K07693,Tomato-planted,15,2.773808643776726,0.8530240715967006,0.8154949484422912,0.529309313700598,Gradual/incomplete
K23725,Unplanted,4,3.4239920515453806,0.6904146921663862,0.6388503573102905,0.508296932651435,Gradual/incomplete
K23725,Tomato-planted,4,4.174622764220834,0.5659402157464909,0.5412596722481415,0.716883377651398,Gradual/incomplete
K00646,Unplanted,2,0.15405585246844172,0.0,0.0,0.95424812641179,Gradual/incomplete
K00646,Tomato-planted,2,0.11712489957601425,0.0,0.0,0.91632035536896,Gradual/incomplete
K01200,Unplanted,18,1.9863221270089473,0.741198390829854,0.7204659129071878,0.696121935023823,Overshoot/reversal
K01200,Tomato-planted,18,2.0988735765479865,0.7486852283282696,0.7395247207973179,1.01083398610043,Overshoot/reversal
K03404,Unplanted,9,0.7863701743705438,0.0,0.0,0.3057945965208,Gradual/incomplete
K03404,Tomato-planted,9,1.0324413438995714,0.0,0.0,0.361211994340934,Gradual/incomplete
K18688,Unplanted,15,1.9705648659436026,0.8289135147328563,0.8539378841426513,0.747191341381418,Gradual/incomplete
K18688,Tomato-planted,15,2.2259878500013874,0.8125505202742932,0.8416268602711767,0.767669374768236,Gradual/incomplete
K13671,Unplanted,11,3.1083516652851,0.7365723256933701,0.6972155815071809,0.323246385903668,Gradual/incomplete
K13671,Tomato-planted,11,3.5568668412615247,0.6454198541986946,0.625325935244666,0.624015174277448,Gradual/incomplete
K03465,Unplanted,16,2.87108166897267,0.4479652773007362,0.47755650676491257,0.641215295399762,Gradual/incomplete
K03465,Tomato-planted,16,3.3900491028075805,0.46774183555687,0.4994725640618472,0.588159139549849,Gradual/incomplete
K15642,Unplanted,2,0.1041750554685992,0.0,0.0,0.532219159492869,Gradual/incomplete
K15642,Tomato-planted,2,0.08056683823446414,0.0,0.0,0.913550050769958,Gradual/incomplete
K23227,Unplanted,7,2.1705659876318553,0.8687907535957458,0.8750563883919008,0.317361123595607,Rapid
K23227,Tomato-planted,7,2.4196335402708207,0.8316086048043384,0.8477110116462414,0.217560777940928,Rapid
K04772,Unplanted,12,0.6376741886510876,0.8053497765550387,0.8320418170055196,0.470405474358718,Gradual/incomplete
K04772,Tomato-planted,12,0.7380975403448161,0.8125713851130728,0.8317692174815511,0.935158517931513,Gradual/incomplete
K10202,Unplanted,8,2.9176252043695348,0.46604864801548007,0.46512399361653406,0.583774671532156,Gradual/incomplete
K10202,Tomato-planted,8,3.1604257847634,0.40561162762976516,0.42072247314078987,0.961061117362552,Persistent/strengthened
K10215,Unplanted,15,2.2144340738855743,0.7662790378028089,0.776579403693903,0.608919472953946,Gradual/incomplete
K10215,Tomato-planted,15,2.2154517120417037,0.834004552673458,0.8329952815211431,0.706663403960679,Gradual/incomplete
K07454,Unplanted,5,1.5961845370207286,0.0,0.023000062809845272,0.45144421031684,Gradual/incomplete
K07454,Tomato-planted,5,2.206352635103565,0.03185647725978012,0.05804492987562414,0.650708887416812,Gradual/incomplete
K15921,Unplanted,8,2.1208526948452553,0.0,0.05425674242162351,0.669357354249674,Gradual/incomplete
K15921,Tomato-planted,8,2.8258323465390918,0.023296438003418112,0.09878877819790804,0.802484412499648,Gradual/incomplete
K02315,Unplanted,9,2.2277757192749217,0.0,0.028217109340605766,0.381615886658588,Gradual/incomplete
K02315,Tomato-planted,9,3.063217065202422,0.0,0.04520248683007373,0.445457901170791,Gradual/incomplete
K09962,Unplanted,5,0.48574771620502416,0.0,0.0,0.524678875938334,Gradual/incomplete
K09962,Tomato-planted,5,0.8454109048249245,0.0,0.0,0.664301761137297,Gradual/incomplete
K06903,Unplanted,18,1.819446755734563,0.48188192124576823,0.5692123258940361,0.7884929769504,Gradual/incomplete
K06903,Tomato-planted,18,1.991955013366868,0.6213707277921442,0.6798368997020796,0.794665249015372,Gradual/incomplete
K03272,Unplanted,12,2.445710703411776,0.753828113224139,0.7480695905051303,0.541308084738318,Gradual/incomplete
K03272,Tomato-planted,12,2.6850228090915573,0.6950843054540147,0.6979095219370959,0.720066465842605,Gradual/incomplete
K09607,Unplanted,17,2.3322554301682117,0.9532755378967385,0.9545530060043997,0.149557210508658,Rapid
K09607,Tomato-planted,17,2.6180925897765546,0.9499312620144279,0.9441714197719595,0.411018662292658,Gradual/incomplete
K16301,Unplanted,9,0.9996357036390107,0.5453864159834042,0.4478749290683233,0.270518138261119,Rapid
K16301,Tomato-planted,9,0.9869892160135545,0.3648173642814595,0.3115565186489646,0.589563305642505,Gradual/incomplete
K07504,Unplanted,3,0.8519506902909901,0.0,0.0,0.487517551108343,Gradual/incomplete
K07504,Tomato-planted,3,1.2217821578533585,0.0,0.0,0.500809983132065,Gradual/incomplete
K09925,Unplanted,3,0.39175131818961423,0.0,0.0,0.577676686714873,Gradual/incomplete
K09925,Tomato-planted,3,0.697894745015141,0.0,0.0,0.778864447923207,Gradual/incomplete
K09794,Unplanted,6,1.1441602291084862,0.7660319234669908,0.7552322112354157,0.404452559665237,Rapid
K09794,Tomato-planted,6,1.230421917112495,0.6895625134830348,0.7198805897554157,0.302798608165967,Rapid
K09667,Unplanted,14,1.8479897336837394,0.5998000334988288,0.6284213719717253,0.669144410022995,Gradual/incomplete
K09667,Tomato-planted,14,1.8028882168715348,0.7110588311259385,0.6994084776250751,1.49059733635894,Persistent/strengthened
K19125,Unplanted,2,0.3340127446915331,0.0,0.0,0.34041970261886,Rapid
K19125,Tomato-planted,2,0.8121067413553994,0.0,0.0,0.491061124330231,Rapid
K00435,Unplanted,7,1.4792857015037386,0.3932884002211739,0.39058022769535966,1.45315767168886,Persistent/strengthened
K00435,Tomato-planted,7,1.5343146004696897,0.35296250458976614,0.36940704843038685,1.64289342673125,Persistent/strengthened
K04093,Unplanted,4,2.0703007253663843,0.8903502408581085,0.9176312853961544,0.317467396296016,Gradual/incomplete
K04093,Tomato-planted,4,2.168582729216226,0.9583500895696938,0.9355035519867014,0.706619543063639,Gradual/incomplete
K06950,Unplanted,4,0.5513041005049479,0.0,0.0,0.619558418495264,Gradual/incomplete
K06950,Tomato-planted,4,0.9151183117512126,0.0,0.0,0.802005103374599,Gradual/incomplete
K20483,Unplanted,11,2.110934865255679,0.7205526286432786,0.7348196891091145,0.31034320344291,Rapid
K20483,Tomato-planted,11,2.363331409673466,0.7419564274715914,0.7349062821603877,0.296734341935297,Gradual/incomplete
K01066,Unplanted,2,1.2603532141254044,0.7049630699825357,0.7039280817148535,0.489777860302789,Gradual/incomplete
K01066,Tomato-planted,2,1.2712325410221548,0.619045312545666,0.6281652028621182,0.544496371083582,Gradual/incomplete
K01082,Unplanted,18,1.555945389616375,0.5509171524977476,0.5464956566708077,0.453182240960863,Gradual/incomplete
K01082,Tomato-planted,18,1.6504084225358775,0.5168127536765302,0.5320511170508694,0.779951767717654,Gradual/incomplete
K23393,Unplanted,6,0.37351245630615115,0.0,0.0,0.52473480998043,Gradual/incomplete
K23393,Tomato-planted,6,0.5980302887644199,0.0,0.0,0.773835952978161,Gradual/incomplete
K10200,Unplanted,7,3.269346507023305,0.6290692642295616,0.5862780420656702,0.560943824940758,Gradual/incomplete
K10200,Tomato-planted,7,3.753911029024987,0.5193685997326537,0.4985391420878916,0.858724921109433,Gradual/incomplete
K13634,Unplanted,2,0.2791536776948348,0.0,0.0,0.507532584541451,Gradual/incomplete
K13634,Tomato-planted,2,0.3069604062854294,0.0,0.0,1.38665312813149,Persistent/strengthened
K00887,Unplanted,2,0.535743385200488,0.43465635222433735,0.2897709014828916,0.376257215633551,Gradual/incomplete
K00887,Tomato-planted,2,0.4631992535324789,0.3964523244813041,0.3181240820563832,0.540620958977417,Gradual/incomplete
K06298,Unplanted,5,1.0989525421166302,0.4176095334969253,0.3448716937574462,0.36994559581869,Gradual/incomplete
K06298,Tomato-planted,5,0.9718705051296954,0.28591559330990046,0.2563129961324202,0.291685537480217,Rapid
K11962,Unplanted,7,0.821624280210177,0.5174436566553946,0.5415587168102011,0.400340503841475,Rapid
K11962,Tomato-planted,7,0.8902119318443706,0.713639282309242,0.6751781654075963,0.433619594662655,Gradual/incomplete
K02009,Unplanted,12,2.192419848826285,0.8865441998736272,0.9125922261237862,0.267644079269539,Rapid
K02009,Tomato-planted,12,2.439803509282374,0.8902414185889045,0.9066802022436108,0.263024727243194,Rapid
K00869,Unplanted,9,0.8590384475684747,0.5912955331106156,0.5774044184722238,0.84152042985449,Overshoot/reversal
K00869,Tomato-planted,9,0.7916257233180171,0.9271035374887499,0.7609825803033309,0.542626700415449,Overshoot/reversal
K04116,Unplanted,3,0.1407271019877459,0.0,0.0,1.54475851364814,Persistent/strengthened
K04116,Tomato-planted,3,0.15139182728748152,0.0,0.0,1.47603872082315,Persistent/strengthened
K22818,Unplanted,6,1.405596706511131,0.4469952027750026,0.4215865038973812,0.854742301516913,Gradual/incomplete
K22818,Tomato-planted,6,1.6813375988198596,0.30286494081593507,0.30830670084522316,0.979155571466368,Persistent/strengthened
K21162,Unplanted,8,2.3182333930100176,0.44730566517519527,0.4898002177404038,0.854556113623013,Gradual/incomplete
K21162,Tomato-planted,8,2.3915684206787065,0.4336291262207147,0.4780694132909394,1.09869710312439,Persistent/strengthened
K07118,Unplanted,8,1.8499550920053838,0.6253543002517677,0.6380046728339881,0.33701289014481,Gradual/incomplete
K07118,Tomato-planted,8,2.1884268767688893,0.6214594789402786,0.646092620279118,0.594727637364346,Gradual/incomplete
K05551,Unplanted,2,0.6153023404006066,0.0,0.0,0.444655963052742,Gradual/incomplete
K05551,Tomato-planted,2,0.9126211443482499,0.0,0.0,0.654070011821039,Gradual/incomplete
K16074,Unplanted,3,0.37318221377808525,0.0,0.0,0.880230182085838,Gradual/incomplete
K16074,Tomato-planted,3,0.2967087737996153,0.0,0.0,0.799291480101368,Gradual/incomplete
K02013,Unplanted,24,2.4813436378999265,0.9243352560878219,0.9416220854160304,0.486414016803519,Gradual/incomplete
K02013,Tomato-planted,24,2.558940478857016,0.9409612494407072,0.9521691942381294,0.749434157621012,Gradual/incomplete
K01666,Unplanted,11,2.135263126393204,0.6320493100767293,0.6097162025807855,0.267409179035341,Gradual/incomplete
K01666,Tomato-planted,11,2.226569757110774,0.6570601286420447,0.6161474010632138,0.588888094636385,Gradual/incomplete
K00661,Unplanted,17,1.4784608095815819,0.0,0.030884156031962873,1.03813312009486,Persistent/strengthened
K00661,Tomato-planted,17,1.981207462372388,0.006172973949300535,0.05799308345391107,1.17132568025258,Persistent/strengthened
K06211,Unplanted,9,3.125166963069801,0.7442265634575992,0.7045916001108858,0.519433360861977,Gradual/incomplete
K06211,Tomato-planted,9,3.5812607048926295,0.6116033932813033,0.6037000548927057,0.691978964419412,Gradual/incomplete
K21962,Unplanted,13,2.5469340911780085,0.8968864799236329,0.8695679623321858,0.38490508828706,Overshoot/reversal
K21962,Tomato-planted,13,2.79602588809563,0.8699287489076901,0.8395057292898876,0.649093548073697,Gradual/incomplete
K10002,Unplanted,2,0.22124177883496374,0.0,0.0,0.67471078514958,Gradual/incomplete
K10002,Tomato-planted,2,0.21611162162971276,0.0,0.0,1.01236778358649,Persistent/strengthened
K05791,Unplanted,6,0.4111464960433444,0.0,0.0,0.419337737219377,Gradual/incomplete
K05791,Tomato-planted,6,0.7072472348111805,0.0,0.0,0.371143678170203,Gradual/incomplete
K04782,Unplanted,3,0.3653034339776379,0.0,0.0,1.581293020864,Persistent/strengthened
K04782,Tomato-planted,3,0.37756899818365675,0.0,0.0,2.00093020602612,Persistent/strengthened
K11893,Unplanted,2,0.6998625231669178,0.7770383149938616,0.6724978070033868,0.26812927470855,Rapid
K11893,Tomato-planted,2,0.7479546016502865,0.7060251742529415,0.6352016535130619,0.209500875432025,Rapid
K11735,Unplanted,6,1.8024124456702508,0.46953222131156297,0.5019757826308715,0.858644144542846,Overshoot/reversal
K11735,Tomato-planted,6,1.8317641581913033,0.5544459831997004,0.5809668594675176,1.22214477316536,Overshoot/reversal
K09859,Unplanted,4,0.4865969329104388,0.2695079810839341,0.23998479734984018,0.302620128884928,Rapid
K09859,Tomato-planted,4,0.48251473454140026,0.4957027460072044,0.4251783504106137,0.330078849775296,Gradual/incomplete
K15582,Unplanted,17,2.1837028861901224,0.5711075158872303,0.6285065200134556,0.349521079832792,Gradual/incomplete
K15582,Tomato-planted,17,2.464300048419986,0.6594403304936731,0.6915034110521847,0.511361949999619,Gradual/incomplete
K16431,Unplanted,6,1.213332273336797,0.409609187440486,0.3539947081540469,0.306042107509361,Overshoot/reversal
K16431,Tomato-planted,6,1.2183780006785412,0.27360869389843145,0.24009722547811038,0.192470301603975,Rapid
K15313,Unplanted,2,0.30122810901836106,0.0,0.0,0.694980552688656,Gradual/incomplete
K15313,Tomato-planted,2,0.23801525930548323,0.0,0.0,0.685180133251093,Gradual/incomplete
K10119,Unplanted,11,2.935048527274205,0.7104544721197591,0.6772089597909008,0.82752330124256,Gradual/incomplete
K10119,Tomato-planted,11,3.3223884590350874,0.6601838895617176,0.6309845901683561,1.02918821760937,Persistent/strengthened
K00046,Unplanted,10,1.7458635050194062,0.9236581257724555,0.8947972270429324,0.932614014347486,Gradual/incomplete
K00046,Tomato-planted,10,1.9460469507169513,0.9018589720073723,0.8856579349143096,0.977019378802926,Persistent/strengthened
K02001,Unplanted,5,0.4262898964740103,0.0,0.0,0.263572045514571,Rapid
K02001,Tomato-planted,5,0.7133053164506489,0.0,0.0,0.43481483132286,Gradual/incomplete
K18382,Unplanted,7,1.4894496306438991,0.326641919807554,0.32078005497633155,1.08549109198487,Persistent/strengthened
K18382,Tomato-planted,7,1.5363357275876894,0.2853377804950695,0.2943509434896439,1.0794248968753,Persistent/strengthened
K11947,Unplanted,2,0.3248010157206043,0.0,0.0,0.659007628177346,Gradual/incomplete
K11947,Tomato-planted,2,0.6784986884064451,0.0,0.0,1.01724541795491,Persistent/strengthened
K09966,Unplanted,2,1.2603532141254044,0.7049630699825357,0.7039280817148535,0.846563434514386,Gradual/incomplete
K09966,Tomato-planted,2,1.2712325410221548,0.619045312545666,0.6281652028621182,1.05561970106988,Persistent/strengthened
K07217,Unplanted,2,0.2566530454250636,0.0,0.0,0.385569475278768,Gradual/incomplete
K07217,Tomato-planted,2,0.2555058393935978,0.0,0.0,0.287445332007868,Rapid
K21178,Unplanted,3,0.561347344316104,0.0,0.0,1.74307478435912,Persistent/strengthened
K21178,Tomato-planted,3,0.9014240422143159,0.0,0.0,1.36255309813902,Persistent/strengthened
K11689,Unplanted,3,0.36635999231392496,0.0,0.0,0.790622000199019,Gradual/incomplete
K11689,Tomato-planted,3,0.3904930072167494,0.0,0.0,0.980427988177387,Persistent/strengthened
K01846,Unplanted,2,0.3340127446915331,0.0,0.0,0.965025167282731,Gradual/incomplete
K01846,Tomato-planted,2,0.8121067413553994,0.0,0.0,0.715112957991225,Gradual/incomplete
K11617,Unplanted,10,2.42542842876481,0.8858585853377844,0.9216454578705343,0.741400000388766,Gradual/incomplete
K11617,Tomato-planted,10,2.7985405955242095,0.956187057565978,0.9502543598333967,0.591762469535217,Gradual/incomplete
K01414,Unplanted,6,1.3584404736790578,0.0,0.15390396338360238,0.65060713654313,Gradual/incomplete
K01414,Tomato-planted,6,1.81646962322381,0.0,0.2044121542323552,1.30673111597076,Persistent/strengthened
K02671,Unplanted,3,0.3624608481313921,0.0,0.0,0.442978881281362,Gradual/incomplete
K02671,Tomato-planted,3,0.34665511992927134,0.0,0.0,0.794497460544777,Gradual/incomplete
K04065,Unplanted,12,1.8139329517361544,0.058112255625326056,0.13150315519058295,0.683038584728737,Gradual/incomplete
K04065,Tomato-planted,12,2.1409758246711275,0.07344705510091534,0.16444744063029562,1.15089876578989,Persistent/strengthened
K16697,Unplanted,15,2.816077113468794,0.6375501378246985,0.6683717962610941,0.332160640233747,Gradual/incomplete
K16697,Tomato-planted,15,2.736709792569834,0.5988743299744069,0.6559141659717656,0.423073871852737,Gradual/incomplete
K21744,Unplanted,17,2.9818216351282203,0.5523711659738918,0.5417034086119595,0.632156473485864,Gradual/incomplete
K21744,Tomato-planted,17,3.3687405031985165,0.5391984196781983,0.5267777478965638,0.675099784825527,Gradual/incomplete
K07455,Unplanted,16,2.3735263127707644,0.8342431613757003,0.835727630017977,0.775843253444557,Gradual/incomplete
K07455,Tomato-planted,16,2.393582299236997,0.805112936231723,0.8190497152394746,0.621436344530002,Gradual/incomplete
K03223,Unplanted,4,0.4781397180974046,0.3162955595494269,0.28413209707506887,0.771090954462421,Gradual/incomplete
K03223,Tomato-planted,4,0.46299165639419915,0.620977610515028,0.522580653051861,0.465386880964387,Gradual/incomplete
K02228,Unplanted,3,1.1449742449522813,0.0,0.0,0.533938295444073,Gradual/incomplete
K02228,Tomato-planted,3,1.5726581277677836,0.0,0.0,0.674720991846885,Gradual/incomplete
K00561,Unplanted,4,0.4367274528143861,0.0,0.0,0.523591728256614,Gradual/incomplete
K00561,Tomato-planted,4,0.5985081358706362,0.0,0.0,0.952508926435482,Persistent/strengthened
K16424,Unplanted,3,0.7906976800986626,0.0,0.0,0.176968871967538,Rapid
K16424,Tomato-planted,3,0.8918743718000435,0.0,0.0,0.463562691696901,Gradual/incomplete
K03810,Unplanted,3,0.8296309536414956,0.0,0.0,0.716690902914438,Gradual/incomplete
K03810,Tomato-planted,3,1.2164475781234647,0.0,0.0,0.916789178552011,Persistent/strengthened
K22552,Unplanted,20,1.7228597996705868,0.55894803919894,0.5218427893363572,0.401457041987644,Gradual/incomplete
K22552,Tomato-planted,20,1.8889119237402288,0.5105420016954311,0.4754879459157278,0.762931727107148,Gradual/incomplete
K07665,Unplanted,10,2.068931475166929,0.6379531532269195,0.6314502410676596,0.467557957527733,Gradual/incomplete
K07665,Tomato-planted,10,2.125204091089052,0.618659786837476,0.6213561526856786,0.488853711791329,Gradual/incomplete
K06378,Unplanted,7,2.71392721989025,0.9474490224348344,0.9374953531249127,0.286561154403636,Overshoot/reversal
K06378,Tomato-planted,7,2.845868320273087,0.9164314791765493,0.8862033609051261,0.404449477230983,Rapid
K03230,Unplanted,9,0.9480387723770713,0.10139395024622873,0.2718579691831044,0.34992208415676,Gradual/incomplete
K03230,Tomato-planted,9,1.0094742581010885,0.2740464703928405,0.3410796548407181,0.720378831813149,Gradual/incomplete
K01192,Unplanted,15,2.121150442375785,0.9788187720622982,0.9587704263849173,0.47618739238252,Gradual/incomplete
K01192,Tomato-planted,15,2.4009634989805115,0.9556469312064121,0.9494674813979024,0.681060788383414,Gradual/incomplete
K23176,Unplanted,6,3.486812925051537,0.3211607175981,0.2922521221876674,0.43280362701854,Gradual/incomplete
K23176,Tomato-planted,6,4.152838722726166,0.25078564665585046,0.2401087262573268,0.733589390427163,Gradual/incomplete
K16046,Unplanted,2,0.14214978914815976,0.0,0.0,0.72116010283648,Gradual/incomplete
K16046,Tomato-planted,2,0.03906976094160467,0.0,0.0,0.759848086304769,Gradual/incomplete
K14667,Unplanted,7,1.6257959925517893,0.4638610188981386,0.49701978433740696,0.399373105168199,Gradual/incomplete
K14667,Tomato-planted,7,1.8506801625978362,0.5271689995214446,0.5521766003705226,0.650759584785922,Gradual/incomplete
K03623,Unplanted,2,0.27664566183754447,0.0,0.0,0.687459760252634,Gradual/incomplete
K03623,Tomato-planted,2,0.3412166775331126,0.0,0.0,1.04925060004873,Persistent/strengthened
K14052,Unplanted,8,2.1929349710613337,0.16277243271948444,0.153761752031544,0.440386578486839,Gradual/incomplete
K14052,Tomato-planted,8,2.271131486581366,0.15479822385998784,0.14482079694491437,0.453591138478626,Gradual/incomplete
K05554,Unplanted,5,1.7501099184464657,0.4772713890070722,0.5073368523711085,0.331429338830384,Gradual/incomplete
K05554,Tomato-planted,5,2.0008037480222742,0.5455469172450178,0.5665131075884211,0.622750906511451,Gradual/incomplete
K14668,Unplanted,8,2.499709818729711,0.9614317637407759,0.9215699618222433,0.537546769666258,Gradual/incomplete
K14668,Tomato-planted,8,2.7126950654192115,0.8951622728513288,0.8618733202419787,0.84142822778913,Gradual/incomplete
K01153,Unplanted,10,2.166222056537597,0.6015216407330618,0.6080025790774457,0.868974391326505,Gradual/incomplete
K01153,Tomato-planted,10,2.1463673889468504,0.5836132104891434,0.6074110359988757,0.876068435420759,Gradual/incomplete
K05822,Unplanted,2,0.34290719300360784,0.0,0.0,0.506204020166852,Gradual/incomplete
K05822,Tomato-planted,2,0.2789046615841042,0.5138793884419863,0.4047357259599656,0.524703032239732,Gradual/incomplete
K12436,Unplanted,2,0.4618370680345679,0.0,0.0,0.40551496640248,Gradual/incomplete
K12436,Tomato-planted,2,0.42776437459508065,0.0,0.0,0.657047167031513,Gradual/incomplete
K08714,Unplanted,8,2.2920628247743187,0.8638388022245539,0.8670771183100398,0.226063908301569,Rapid
K08714,Tomato-planted,8,2.5694441942126423,0.8735338779723134,0.8784334995167102,0.527550676387829,Gradual/incomplete
K05342,Unplanted,13,3.0188284402998518,0.5746407332875959,0.5463208597862261,0.429337086920423,Gradual/incomplete
K05342,Tomato-planted,13,3.309495939628164,0.5078779400752849,0.4912318275095461,0.665255434407584,Gradual/incomplete
K13787,Unplanted,25,2.174118640191958,0.9631178574586495,0.9331846513775274,0.158623217935632,Rapid
K13787,Tomato-planted,25,2.2929554876331704,0.9120092353131862,0.9041170869931042,0.449762980560741,Gradual/incomplete
K01421,Unplanted,10,2.3991620810670673,0.9131708214119876,0.9169229122113305,0.736197341650825,Overshoot/reversal
K01421,Tomato-planted,10,2.6526002294883004,0.9407125204324809,0.9173866806002037,0.164280449222877,Rapid
K15532,Unplanted,13,2.035361777888797,0.6056809486086839,0.687931915273555,0.635809463514685,Gradual/incomplete
K15532,Tomato-planted,13,2.217909807370964,0.6692904868829721,0.7452377928406257,1.16404232558298,Persistent/strengthened
K03822,Unplanted,4,0.21278747315322163,0.0,0.0,1.76606909567855,Persistent/strengthened
K03822,Tomato-planted,4,0.2299638969020475,0.0,0.0,1.34326409271773,Persistent/strengthened
K19005,Unplanted,5,0.8233219853254673,0.0,0.0,0.233489539431046,Rapid
K19005,Tomato-planted,5,1.138016373613396,0.0,0.0,0.195408977184142,Rapid
K00138,Unplanted,6,2.6548089599573226,0.197602236615366,0.20400616937986377,0.239866074675916,Rapid
K00138,Tomato-planted,6,2.7983526444327813,0.22332938140969782,0.2211371841293129,0.387236859070616,Gradual/incomplete
K22539,Unplanted,7,2.1338074233577657,0.0,0.04559866539888801,0.504542322150701,Gradual/incomplete
K22539,Tomato-planted,7,2.8595776716845847,0.0,0.06987493557856289,0.658506010211585,Gradual/incomplete
K17675,Unplanted,4,1.948556389140046,0.07404999731349575,0.0973239668287911,0.564809330257072,Gradual/incomplete
K17675,Tomato-planted,4,2.060435369406732,0.06332210333398902,0.09196691840127912,0.918592057672952,Gradual/incomplete
K07002,Unplanted,6,2.404427554952159,0.9016432865892815,0.911065263276005,0.753129322822303,Gradual/incomplete
K07002,Tomato-planted,6,2.8027898109786866,0.9073312137956536,0.9225342479834631,0.996627939108468,Persistent/strengthened
K05555,Unplanted,19,2.4621840686397007,0.8427896638211502,0.8370160915032121,0.230792334070845,Overshoot/reversal
K05555,Tomato-planted,19,2.743184293860594,0.8628914584520857,0.8504140637921844,0.240158677076762,Rapid
K04117,Unplanted,3,0.13850780832219567,0.0,0.0,1.03101658931414,Persistent/strengthened
K04117,Tomato-planted,3,0.1520922950630481,0.0,0.0,1.07174180312962,Persistent/strengthened
K13727,Unplanted,3,0.2422936507042002,0.0,0.0,0.414659347806696,Overshoot/reversal
K13727,Tomato-planted,3,0.37891459484958706,0.3370071873354578,0.30757593360347857,0.483835289709164,Overshoot/reversal
K06945,Unplanted,16,2.707561283424186,0.952594871638588,0.9334865127388691,0.63253869830467,Overshoot/reversal
K06945,Tomato-planted,16,2.9441152869696703,0.9233276233081613,0.8921161521160463,0.175800820588481,Rapid
K13315,Unplanted,14,1.7572629664248198,0.6136174776056652,0.5708059403559437,0.689320267600263,Gradual/incomplete
K13315,Tomato-planted,14,1.7716449021515803,0.5547504960182479,0.5425171257006584,0.860683492193999,Gradual/incomplete
K03716,Unplanted,3,0.15535239645897858,0.0,0.0,0.295608880237229,Rapid
K03716,Tomato-planted,3,0.1461320084142314,0.0,0.0,0.564865155420957,Gradual/incomplete
K21023,Unplanted,35,2.362617473141608,0.8007274399133062,0.8101847307670433,0.587388184079681,Gradual/incomplete
K21023,Tomato-planted,35,2.352700984873102,0.8790255761799757,0.8706801988867301,0.503215527565262,Gradual/incomplete
K03300,Unplanted,4,0.4069359138669431,0.0,0.0,0.300402772643472,Rapid
K03300,Tomato-planted,4,0.7239698597355518,0.0,0.0,0.511859905613333,Gradual/incomplete
K21480,Unplanted,4,1.0743343830230394,0.0,0.0,0.7331696901564,Gradual/incomplete
K21480,Tomato-planted,4,1.4532421166758813,0.0,0.0,0.737991896970986,Gradual/incomplete
K03760,Unplanted,2,0.1283534349357007,0.0,0.0,0.503748955138053,Overshoot/reversal
K03760,Tomato-planted,2,0.12537717384016278,0.0,0.0,0.642650549521656,Gradual/incomplete
K02476,Unplanted,11,2.990675409477863,0.4841890766806253,0.4730725173384237,0.569921722491213,Gradual/incomplete
K02476,Tomato-planted,11,3.426318597396147,0.5034782918327788,0.4795825386921808,0.692556821290851,Gradual/incomplete
K04756,Unplanted,10,0.9019756925290832,0.8797707558822226,0.9117221141505045,0.738450124437441,Gradual/incomplete
K04756,Tomato-planted,10,0.9922426389886794,0.8386996288766827,0.8567837365317323,0.802735849725749,Gradual/incomplete
K15312,Unplanted,2,0.30122810901836106,0.0,0.0,0.60109733013925,Gradual/incomplete
K15312,Tomato-planted,2,0.23801525930548323,0.0,0.0,0.360492420734109,Gradual/incomplete
K02026,Unplanted,25,2.7018676103874872,0.7703184512693966,0.7440087153165523,0.296813003444153,Rapid
K02026,Tomato-planted,25,3.0404333101503687,0.7047796444081226,0.6880339235326941,0.645174481888176,Gradual/incomplete
K11782,Unplanted,7,0.3753465171280823,0.0,0.0,0.365963961676882,Gradual/incomplete
K11782,Tomato-planted,7,0.5716856538180227,0.0,0.0,0.340264434828723,Gradual/incomplete
K09153,Unplanted,3,0.6359239548090152,0.335117917644772,0.2803248592212475,1.17731566605155,Persistent/strengthened
K09153,Tomato-planted,3,0.5895167109371192,0.14460539798003927,0.13330140681580885,1.67889265354412,Persistent/strengthened
K03749,Unplanted,8,0.6521315246969286,0.7654438824854343,0.8206786082157661,0.212542753023805,Rapid
K03749,Tomato-planted,8,0.7630099514774482,0.8229692217062724,0.8124047860595417,0.167961257926594,Rapid
K06402,Unplanted,20,2.0921488981823857,0.9670929453341296,0.9206339602039241,0.184849237249104,Rapid
K06402,Tomato-planted,20,2.15875409452421,0.9005097046724805,0.8682729276028336,0.17565844848139,Rapid
K16150,Unplanted,23,2.7205485755843766,0.48696215740617455,0.5030489874843473,0.597805954490156,Gradual/incomplete
K16150,Tomato-planted,23,2.973665810578006,0.47782453155385923,0.4986416072677993,0.883100449879328,Gradual/incomplete
K16862,Unplanted,3,0.23070459296716198,0.0,0.0,1.57437232703957,Persistent/strengthened
K16862,Tomato-planted,3,0.24537786706136594,0.0,0.0,1.23054871081078,Persistent/strengthened
K08691,Unplanted,4,2.6622219474736566,0.8139530945914439,0.8397976858827649,0.770350247337851,Gradual/incomplete
K08691,Tomato-planted,4,3.0202484265074134,0.8990125694394143,0.9000507480769616,0.869771909322946,Gradual/incomplete
K18587,Unplanted,3,0.36155778652988824,0.0,0.0,0.80924416421128,Gradual/incomplete
K18587,Tomato-planted,3,0.3718130401204808,0.0,0.0,1.10825241710945,Persistent/strengthened
K16014,Unplanted,9,2.1775355794519275,0.8984751228994758,0.8972135740197145,1.38400283095419,Persistent/strengthened
K16014,Tomato-planted,9,2.542502569099082,0.8161442893137425,0.8361294781503685,1.3117448622738,Persistent/strengthened
K00351,Unplanted,4,1.0637704661154959,0.4207381218592239,0.33087951277882266,1.00776934669986,Persistent/strengthened
K00351,Tomato-planted,4,1.0338908195111451,0.1402426988523083,0.11057548568436774,1.1979732494677,Persistent/strengthened
K01625,Unplanted,15,2.1607372901018906,0.6467547296696446,0.612265686990869,0.671313111559723,Gradual/incomplete
K01625,Tomato-planted,15,2.4695956013245306,0.5030916549040295,0.4889497211436807,1.02655902054946,Persistent/strengthened
K23117,Unplanted,8,3.076946866189095,0.3035826969571129,0.3228531868557781,0.221210229504582,Rapid
K23117,Tomato-planted,8,3.787791945530273,0.2953701874203293,0.329352745983648,0.158347706064136,Rapid
K10232,Unplanted,7,2.9262965446683196,0.8034564139406726,0.7616968612770795,0.371015292349679,Gradual/incomplete
K10232,Tomato-planted,7,3.3353513809212023,0.7051361164942559,0.68214151698216,0.712136663071147,Gradual/incomplete
K15578,Unplanted,6,0.9521126595149946,0.0,0.1581410058378266,0.646648139678812,Gradual/incomplete
K15578,Tomato-planted,6,1.3668809966417137,0.06865922666082276,0.14370656943448143,1.0973618866241,Persistent/strengthened
K21567,Unplanted,9,2.1524376280996917,0.6874986929455849,0.7120630529969263,0.860820303837096,Gradual/incomplete
K21567,Tomato-planted,9,2.20269173834256,0.7292878696002932,0.7368341446654146,1.09259838481183,Persistent/strengthened
K07651,Unplanted,6,1.7162607130684022,0.6664514023511341,0.7186597123494605,0.331501114582631,Gradual/incomplete
K07651,Tomato-planted,6,1.78184793565086,0.7908097551943446,0.812075392817086,0.306487024111682,Rapid
K06940,Unplanted,12,0.8593856061518995,0.8677964568749322,0.7887944741870277,0.906326514114197,Gradual/incomplete
K06940,Tomato-planted,12,0.9880273720207375,0.7593144982703635,0.6632461278938847,0.991151765353,Persistent/strengthened
K11746,Unplanted,4,1.276837308560536,0.0,0.16619787248180753,0.272919150601507,Overshoot/reversal
K11746,Tomato-planted,4,1.7155333030913842,0.1044124625045136,0.287875676726368,0.133780742815266,Rapid
K01321,Unplanted,3,0.21986349653537884,0.0,0.0,0.359993192945735,Rapid
K01321,Tomato-planted,3,0.30335363772642643,0.0,0.0,0.39041671371548,Rapid
K05834,Unplanted,7,2.5394058062062568,0.8135176348730866,0.7343479622431198,0.74233659468,Gradual/incomplete
K05834,Tomato-planted,7,2.936685367842097,0.6644054345855902,0.6297523120745866,1.16884601456957,Persistent/strengthened
K09861,Unplanted,11,2.0276327502998543,0.5897005152091426,0.5981245373879311,0.752192480967062,Gradual/incomplete
K09861,Tomato-planted,11,2.0612216129839234,0.5878913364543069,0.6084676604909963,1.21348570526053,Persistent/strengthened
K16436,Unplanted,4,1.6080103320777335,0.0,0.10562561026990792,0.445848091428377,Gradual/incomplete
K16436,Tomato-planted,4,2.1004350929084317,0.03308424310410133,0.19148435554898546,0.658203392239354,Gradual/incomplete
K00273,Unplanted,14,2.4769523267788625,0.9698127954460005,0.97221433038779,0.32032967304812,Rapid
K00273,Tomato-planted,14,2.532223506885948,0.935101684093083,0.9475553493047232,0.473624135990495,Gradual/incomplete
K11173,Unplanted,4,1.593012384449179,0.7047326528575351,0.7571064767214308,1.25893350231237,Persistent/strengthened
K11173,Tomato-planted,4,1.6189138083403463,0.8570502211005255,0.8914747896391344,2.13649446637315,Persistent/strengthened
K21685,Unplanted,9,0.6531473096943108,0.0,0.0,0.943458598212108,Gradual/incomplete
K21685,Tomato-planted,9,0.8450206955686761,0.0,0.0,0.938444810770516,Gradual/incomplete
K22297,Unplanted,12,2.5698657407596386,0.8038428519875431,0.7799990605064033,0.363535998036328,Overshoot/reversal
K22297,Tomato-planted,12,2.9205513524921134,0.8134618381120132,0.7804591311395882,0.415391229394077,Gradual/incomplete
K01796,Unplanted,20,2.3343844583339557,0.937205736024397,0.9381396798875817,0.39152970506846,Gradual/incomplete
K01796,Tomato-planted,20,2.431686335395713,0.8928308185223228,0.9119752961501969,0.770711777972096,Gradual/incomplete
K21064,Unplanted,23,2.265514570382713,0.5845321656660077,0.587554807190566,0.205488381507574,Rapid
K21064,Tomato-planted,23,2.4765397772237865,0.6173174007101773,0.6049774606284728,0.216909377791961,Rapid
K09986,Unplanted,10,1.8665240281197537,0.1272008690674957,0.14472133717877467,0.931028597651522,Persistent/strengthened
K09986,Tomato-planted,10,1.974458147937999,0.14197177901361702,0.16961244785919424,1.43657732317515,Persistent/strengthened
K07496,Unplanted,27,2.342657275260808,0.5093315565233558,0.4942371124558082,0.566863151711453,Gradual/incomplete
K07496,Tomato-planted,27,2.6276389041347237,0.503911309770793,0.4855196563059441,0.790385327373678,Gradual/incomplete
K15311,Unplanted,2,0.28084892754085633,0.0,0.0,0.71975000270499,Gradual/incomplete
K15311,Tomato-planted,2,0.2219126579260545,0.0,0.0,0.711611270478588,Gradual/incomplete
K13877,Unplanted,4,1.5119345024624544,0.5858023680778108,0.58562537511768,0.680026890115552,Gradual/incomplete
K13877,Tomato-planted,4,1.8331954614948442,0.6548256635179764,0.6533462851012954,0.787661435165358,Gradual/incomplete
K14339,Unplanted,6,3.218349714227399,0.7470872821050667,0.6926049478449651,1.04109044575718,Persistent/strengthened
K14339,Tomato-planted,6,3.6866824474193365,0.5973567872388188,0.5770214899870783,0.895620378394158,Gradual/incomplete
K13995,Unplanted,4,2.347489350232739,0.18186114952827306,0.22698635384987928,0.858247619301606,Gradual/incomplete
K13995,Tomato-planted,4,2.696143337286383,0.1667062162711945,0.2010651772903085,0.607392788032292,Gradual/incomplete
K00851,Unplanted,11,2.4055604771523935,0.6395352479583886,0.6144218025121592,0.378774130692434,Gradual/incomplete
K00851,Tomato-planted,11,2.5560092053893637,0.6725822198461494,0.6296651623008698,0.688919199650863,Gradual/incomplete
K06221,Unplanted,9,2.201830114006638,0.11385788346357113,0.10986652489235361,0.618822079440866,Gradual/incomplete
K06221,Tomato-planted,9,2.4265523160177773,0.12274131001614677,0.1176045446801955,0.899677255964096,Gradual/incomplete
K04691,Unplanted,2,0.025098510655033462,0.0,0.0,0.801631079015819,Overshoot/reversal
K04691,Tomato-planted,2,0.012363149016772065,0.0,0.0,1.68944138051747,Persistent/strengthened
K01392,Unplanted,8,1.4425612648581347,0.47728742066730495,0.5373732798781949,0.246985094277824,Rapid
K01392,Tomato-planted,8,1.3601380513393835,0.9233340166983465,0.8862844900457717,0.704610740152454,Gradual/incomplete
K00040,Unplanted,3,0.3100894312292253,0.0,0.0,0.178012507457002,Rapid
K00040,Tomato-planted,3,0.3609986964899199,0.0,0.0,0.197826327607241,Rapid
K07494,Unplanted,9,1.8799257542686045,0.6792331583194651,0.6997987587611703,0.977425477409346,Persistent/strengthened
K07494,Tomato-planted,9,2.122284980980039,0.7462136025913734,0.761467231277116,1.00719224898432,Persistent/strengthened
K01281,Unplanted,12,2.8454357366135286,0.7725894797531058,0.7368970057577451,0.488146948170513,Gradual/incomplete
K01281,Tomato-planted,12,3.173755328618526,0.6716948148653888,0.6501346479042068,0.780901429146112,Gradual/incomplete
K14054,Unplanted,7,1.5340895961756384,0.6696839745273818,0.7014944008704738,0.715976043959911,Gradual/incomplete
K14054,Tomato-planted,7,1.423720245522162,0.870720752677248,0.8130805055139741,0.778380831742735,Gradual/incomplete
K03762,Unplanted,21,2.1928889731303265,0.4463096447408747,0.4630564643672196,0.280895428754211,Rapid
K03762,Tomato-planted,21,2.3898761690155914,0.5159518689076411,0.5308958823266058,0.169271469696299,Rapid
K16164,Unplanted,9,2.7706202651443896,0.20479657441915705,0.19465431156033147,0.623303230938245,Gradual/incomplete
K16164,Tomato-planted,9,2.935122580520288,0.18411960440061506,0.1756156598118222,0.94660138611898,Gradual/incomplete
K15792,Unplanted,3,0.039067903061606284,0.0,0.0,1.44564202808399,Persistent/strengthened
K15792,Tomato-planted,3,0.03146918884079155,0.0,0.0,0.709894648281513,Gradual/incomplete
K03599,Unplanted,9,0.9115063284325555,0.641617147764618,0.5872703542251695,0.459710277547926,Gradual/incomplete
K03599,Tomato-planted,9,1.003485648261191,0.5433502390876189,0.49443262853100034,0.906662201223292,Gradual/incomplete
K05501,Unplanted,4,0.48157378927086203,0.0,0.0,0.500745425474268,Gradual/incomplete
K05501,Tomato-planted,4,0.43325113324894193,0.0,0.0,0.520357869953394,Gradual/incomplete
K14519,Unplanted,7,2.848484689179669,0.5533515705643604,0.5186645612209042,0.371239418947412,Gradual/incomplete
K14519,Tomato-planted,7,3.13133439393833,0.5161445721532522,0.47972644197343794,0.724370939000303,Gradual/incomplete
K17330,Unplanted,10,1.984263810276946,0.5403553519974517,0.5774600479666794,0.184109896625286,Rapid
K17330,Tomato-planted,10,2.1570703514761878,0.6378413581671681,0.6669881666583201,0.447973128202019,Gradual/incomplete
K05888,Unplanted,17,2.7670820512452696,0.4663190905141866,0.49283238179541056,0.67292976996779,Gradual/incomplete
K05888,Tomato-planted,17,3.195467737216861,0.5313361425198637,0.5482511353681913,0.74879250826959,Gradual/incomplete
K07485,Unplanted,15,1.9151235910117113,0.5781384817295249,0.661590586156899,0.672644408442917,Gradual/incomplete
K07485,Tomato-planted,15,2.0725422781389504,0.8264005836713476,0.860099785899678,0.816864158211473,Gradual/incomplete
K15771,Unplanted,9,2.2594305941178923,0.749099794589398,0.7741275869016928,0.422317246358988,Overshoot/reversal
K15771,Tomato-planted,9,2.2927803862917786,0.7964034417000986,0.8246835648236358,0.159825919186054,Rapid
K10621,Unplanted,4,0.45474804700405413,0.0,0.0,0.584388939403514,Gradual/incomplete
K10621,Tomato-planted,4,0.751918265561844,0.0,0.0,0.574535208215592,Gradual/incomplete
K21681,Unplanted,8,2.2079461413924046,0.6119691347296754,0.5909800301731897,0.408127195901588,Gradual/incomplete
K21681,Tomato-planted,8,2.3368670599905625,0.6121028355740294,0.588750165315902,0.722764784222328,Gradual/incomplete
K03973,Unplanted,24,2.3626424756969575,0.7574106877900555,0.7890452207024328,1.04322710245893,Persistent/strengthened
K03973,Tomato-planted,24,2.3986047021193393,0.8302614356780355,0.8466753844600847,1.32841018579511,Persistent/strengthened
K01176,Unplanted,16,1.7714322175012722,0.6499120503336693,0.6430347793437553,0.516630049126503,Gradual/incomplete
K01176,Tomato-planted,16,1.8723130863670783,0.651927437534165,0.6535491323213832,0.817555113763777,Gradual/incomplete
K16417,Unplanted,4,0.5015351672464299,0.14846224127027396,0.13526044719567812,0.988003707902965,Persistent/strengthened
K16417,Tomato-planted,4,0.5627164181926024,0.4047877046179769,0.31737921274102365,1.01807840781536,Persistent/strengthened
K06330,Unplanted,9,0.5516298492988613,0.2257912829859557,0.254992271752121,1.20758888808358,Persistent/strengthened
K06330,Tomato-planted,9,0.572462466867823,0.5549933775830512,0.48765768674743004,0.903381161329637,Gradual/incomplete
K01932,Unplanted,6,2.021528918856338,0.0,0.05126704613508362,0.800895814545112,Gradual/incomplete
K01932,Tomato-planted,6,2.680383811703847,0.0,0.07668060374758306,0.573747316501826,Gradual/incomplete
K00702,Unplanted,9,0.585645093666288,0.28442132163229,0.3056097804703705,0.532901696724045,Overshoot/reversal
K00702,Tomato-planted,9,0.6226999691797964,0.5976741189203123,0.528904575814306,0.399735507222147,Gradual/incomplete
K20370,Unplanted,9,1.3386442325054333,0.18353388549769512,0.37333114741714774,1.14219540983525,Overshoot/reversal
K20370,Tomato-planted,9,1.5089861763063923,0.35619546465725044,0.46982170910334725,0.458645928902658,Rapid
K16051,Unplanted,7,1.5522407829436138,0.5492464358215295,0.5475691373533134,0.980639008569643,Persistent/strengthened
K16051,Tomato-planted,7,1.7521701588193808,0.48146397502289706,0.5020375488599123,1.09652971962994,Persistent/strengthened
K12710,Unplanted,5,1.932298544282045,0.6750741037641862,0.7102637164421081,0.615370063536366,Gradual/incomplete
K12710,Tomato-planted,5,2.0109343738905086,0.7497682370056685,0.7773448580430053,0.362010976333373,Gradual/incomplete
K19181,Unplanted,7,1.9197604144857427,0.0,0.04551510009277766,0.617338329601822,Gradual/incomplete
K19181,Tomato-planted,7,2.609806793005576,0.0,0.07432182610104669,0.610837739868803,Gradual/incomplete
K01821,Unplanted,9,1.0357192771073578,0.0822409069359062,0.054827271290604135,0.660231425450247,Gradual/incomplete
K01821,Tomato-planted,9,1.2963636190810433,0.08513266946107183,0.06616266813561997,1.02684580707684,Persistent/strengthened
K19670,Unplanted,13,2.333992173970365,0.7503993599357079,0.7114332397695414,1.14089369922469,Persistent/strengthened
K19670,Tomato-planted,13,2.5288529534064113,0.6683363277888309,0.6568839859142718,1.28846878433844,Persistent/strengthened
K13653,Unplanted,10,2.8290245953009805,0.4435509853971382,0.4783132437625651,0.656481464273563,Gradual/incomplete
K13653,Tomato-planted,10,3.432024214451911,0.456596312836223,0.4986907872133075,0.825032002502376,Gradual/incomplete
K20274,Unplanted,3,1.7535397265142287,0.44416693577284455,0.4789307729177087,0.607267182323676,Gradual/incomplete
K20274,Tomato-planted,3,1.8513684557744692,0.5448968137256613,0.5704878213847978,0.844203567138728,Gradual/incomplete
K03430,Unplanted,6,1.6562349528822882,0.11082035579421619,0.217896666580717,0.497215795216054,Gradual/incomplete
K03430,Tomato-planted,6,1.7757870747852622,0.1866777360364973,0.27970628754684673,0.868010299238166,Gradual/incomplete
K22704,Unplanted,6,0.9679850916255398,0.0,0.0,0.172833439979756,Rapid
K22704,Tomato-planted,6,1.4535618369375296,0.0,0.0,0.267842878289344,Overshoot/reversal
K02551,Unplanted,16,1.464887830836737,0.7541862304020932,0.6392703648282684,0.260342459545408,Rapid
K02551,Tomato-planted,16,1.450454979991604,0.43241754761301043,0.388779572583746,0.333355727151205,Overshoot/reversal
K00066,Unplanted,5,2.1317275188128155,0.30126957047022457,0.36470249164886154,0.988884658387612,Persistent/strengthened
K00066,Tomato-planted,5,2.397900274905539,0.3842561275997731,0.43746001810529156,1.60285415244795,Persistent/strengthened
K02385,Unplanted,4,1.905714731366606,0.18310935558323904,0.25755344730196816,0.431001061725518,Overshoot/reversal
K02385,Tomato-planted,4,2.110662656145574,0.20296950199632796,0.26199905497571446,0.415001807832333,Overshoot/reversal
K03710,Unplanted,15,2.7840182739435715,0.3694480196783524,0.3444168621147899,0.382164809869587,Gradual/incomplete
K03710,Tomato-planted,15,3.0252525790762386,0.3310693374937069,0.3103259754278151,0.52156814907933,Gradual/incomplete
K07774,Unplanted,2,0.30296650475557885,0.0,0.0,0.681957403916904,Overshoot/reversal
K07774,Tomato-planted,2,0.3145095319717369,0.0,0.0,0.776465447327715,Overshoot/reversal
K06974,Unplanted,2,0.23553024117678067,0.0,0.0,0.237808675590317,Rapid
K06974,Tomato-planted,2,0.41712465255040276,0.0,0.0,0.361733007241275,Gradual/incomplete
K04068,Unplanted,4,0.48912832930265326,0.0,0.0,1.23187855059533,Persistent/strengthened
K04068,Tomato-planted,4,0.7473831622865181,0.0,0.0,0.94047311590023,Gradual/incomplete
K14673,Unplanted,4,0.9944008089280177,0.3837511431462306,0.43120900717992033,0.610350670355297,Gradual/incomplete
K14673,Tomato-planted,4,0.9961493932590935,0.4125390244284376,0.4701239531274652,0.862625636625762,Gradual/incomplete
K22820,Unplanted,7,2.787353995032481,0.5745482878761533,0.5915072266374369,0.639040111114071,Gradual/incomplete
K22820,Tomato-planted,7,3.115975589920974,0.692512106525377,0.674952940632848,0.784671749486685,Gradual/incomplete
K01210,Unplanted,2,0.2751823915395295,0.0,0.0,0.881868017166065,Gradual/incomplete
K01210,Tomato-planted,2,0.7684544204255991,0.0,0.0,0.758966813171365,Gradual/incomplete
K00313,Unplanted,2,0.5919997928769565,0.0,0.0,0.452423312228224,Rapid
K00313,Tomato-planted,2,0.9443620484755868,0.0,0.0,0.296485207152734,Overshoot/reversal
K14682,Unplanted,2,0.1283534349357007,0.0,0.0,0.65394029207475,Gradual/incomplete
K14682,Tomato-planted,2,0.12537717384016278,0.0,0.0,0.948656493870145,Persistent/strengthened
K03222,Unplanted,5,0.5553536468611913,0.562293722752723,0.4738963222463701,0.660938782668167,Gradual/incomplete
K03222,Tomato-planted,5,0.5324029149607301,0.6711358062093091,0.5299716140250483,0.821331788451178,Gradual/incomplete
K16645,Unplanted,9,1.9802380445383239,0.6009508034472111,0.6191869544845128,0.964638780251708,Persistent/strengthened
K16645,Tomato-planted,9,2.050577862379815,0.6401202191619266,0.6603675759336404,1.04575976428731,Persistent/strengthened
K09166,Unplanted,8,1.9598897169660432,0.09438153525926318,0.19416838331563047,0.425785717025993,Gradual/incomplete
K09166,Tomato-planted,8,2.3360674345953405,0.1410558827566383,0.24773231182702035,0.698117734584734,Gradual/incomplete
K07226,Unplanted,3,1.3488156350116662,0.0,0.08445637605146336,0.266596656703295,Rapid
K07226,Tomato-planted,3,1.7815652720136415,0.0,0.16142080116572216,0.354971369625063,Rapid
K03891,Unplanted,16,2.365919852454019,0.7774121885641893,0.8138547845424582,0.243566710833569,Rapid
K03891,Tomato-planted,16,2.5353334935114566,0.852535084884381,0.874095355365849,0.516938578860454,Gradual/incomplete
K03651,Unplanted,27,1.9395293224752832,0.3396310268953912,0.3694963061853222,0.438667870324222,Gradual/incomplete
K03651,Tomato-planted,27,2.154016820390171,0.36629814812405653,0.40006324241421565,0.590660340392635,Gradual/incomplete
K01449,Unplanted,5,1.9035640506582543,0.19510528880844977,0.17977406771674836,0.759433059614139,Overshoot/reversal
K01449,Tomato-planted,5,1.9595847089715417,0.16103154230867012,0.15567306847267567,1.00471707235414,Overshoot/reversal
K07451,Unplanted,22,2.5096691948183425,0.6871002102230638,0.7057013293000692,0.364258922694925,Gradual/incomplete
K07451,Tomato-planted,22,2.519987824756628,0.7364030217912207,0.7425844471005881,0.577190978709394,Gradual/incomplete
K01286,Unplanted,33,2.3909052056228823,0.477459099725199,0.45437335406780965,0.197714245397363,Rapid
K01286,Tomato-planted,33,2.621795764164366,0.4529308672600832,0.4347095874961258,0.439680325028662,Gradual/incomplete
K07077,Unplanted,7,2.296770287139597,0.800476943594823,0.8323463133041111,0.218742602236292,Rapid
K07077,Tomato-planted,7,2.436361379095196,0.9003655062619881,0.9176691184972362,0.62405497250905,Gradual/incomplete
K03974,Unplanted,5,0.7335841645144465,0.0923005707273577,0.06153371381823847,0.95943228043555,Persistent/strengthened
K03974,Tomato-planted,5,0.6760337311630359,0.07757462920658628,0.06149614084647358,1.24333323262932,Persistent/strengthened
K14631,Unplanted,5,2.6843495263287775,0.833220071267256,0.7816715557865195,0.965808604033831,Overshoot/reversal
K14631,Tomato-planted,5,2.7943698795248695,0.7100293426805352,0.6837766087530364,0.540067181886334,Overshoot/reversal
K12454,Unplanted,7,0.32252923092378816,0.0,0.0,1.05963225460687,Persistent/strengthened
K12454,Tomato-planted,7,0.4024422664919499,0.0,0.0,1.23753681385924,Persistent/strengthened
K10546,Unplanted,7,2.596721403572735,0.6396843458892787,0.6253434413267707,0.689187955022375,Gradual/incomplete
K10546,Tomato-planted,7,2.6854170509345714,0.6198043080918552,0.6119685947555992,0.989309068800856,Persistent/strengthened
K22902,Unplanted,2,0.2751823915395295,0.0,0.0,1.09119470537587,Persistent/strengthened
K22902,Tomato-planted,2,0.7684544204255991,0.0,0.0,1.01456042865412,Persistent/strengthened
K07110,Unplanted,5,0.7459904978548869,0.08339251730442776,0.05559501153628517,0.967290450761269,Persistent/strengthened
K07110,Tomato-planted,5,0.7036018895376304,0.0670111284449272,0.05324397242454435,1.35093499129624,Persistent/strengthened
K15764,Unplanted,4,0.28940923962247767,0.0,0.0,0.377953911434798,Gradual/incomplete
K15764,Tomato-planted,4,0.3637039706476402,0.08410784420625203,0.08013923369148132,0.469103266804694,Gradual/incomplete
K05346,Unplanted,5,0.5054179762483708,0.0,0.0,0.809420914660649,Gradual/incomplete
K05346,Tomato-planted,5,0.8594677341101848,0.0,0.0,0.791937641255686,Gradual/incomplete
K16649,Unplanted,8,1.5337975838160687,0.6161123885163422,0.588718056808698,0.65905710595241,Gradual/incomplete
K16649,Tomato-planted,8,1.8144676590372,0.43817580206939055,0.4507235879699982,0.828307032467225,Gradual/incomplete
K06959,Unplanted,19,2.1010770184793257,0.6192160253519499,0.68138957157829,1.46977660935746,Persistent/strengthened
K06959,Tomato-planted,19,2.3350849582447295,0.7226131929370303,0.760481308207477,1.5345428793146,Persistent/strengthened
K03573,Unplanted,5,0.2855802570040022,0.0,0.0,0.261275419538494,Rapid
K03573,Tomato-planted,5,0.3447848776770454,0.07970114329192048,0.07623025189206134,0.479415089135828,Gradual/incomplete
K23624,Unplanted,3,0.2911147446906306,0.0,0.0,0.252873961010404,Rapid
K23624,Tomato-planted,3,0.37533895817170726,0.0,0.0,0.300384132913211,Rapid
K23262,Unplanted,12,1.929556276203729,0.9316810314092783,0.9409156466915232,0.272542374169368,Rapid
K23262,Tomato-planted,12,2.1747042571937034,0.9511853947118761,0.9529362332646861,0.44198386123398,Gradual/incomplete
K19978,Unplanted,3,0.7798804954118277,0.0,0.0,0.7452918115102,Gradual/incomplete
K19978,Tomato-planted,3,0.9240235369706727,0.0,0.0,0.906944349593276,Gradual/incomplete
K12240,Unplanted,7,1.2813762958428612,0.2690911423896811,0.2954198241939088,0.458843157245556,Gradual/incomplete
K12240,Tomato-planted,7,1.472451782809165,0.320616140737829,0.3419201487659656,0.670116825048422,Gradual/incomplete
K00657,Unplanted,16,2.2954173851449426,0.7042753376160837,0.7240124880417822,0.513542295845233,Gradual/incomplete
K00657,Tomato-planted,16,2.3407733302842355,0.7127819799292817,0.7368930045659522,0.929945802917073,Gradual/incomplete
K03577,Unplanted,14,1.4782965218471968,0.6224428994379425,0.6415810147251307,0.385253244947961,Overshoot/reversal
K03577,Tomato-planted,14,1.6279357957099703,0.5693451056932544,0.6087707265443882,0.400702109214388,Overshoot/reversal
K01222,Unplanted,4,0.5416250755247803,0.0,0.0,0.392036894177663,Gradual/incomplete
K01222,Tomato-planted,4,0.8766499759228926,0.0,0.0,0.385914417281509,Gradual/incomplete
K16905,Unplanted,4,0.762219821570344,0.0,0.0,1.62729191218799,Persistent/strengthened
K16905,Tomato-planted,4,1.074046280249354,0.0,0.0,1.64310478708025,Persistent/strengthened
K16048,Unplanted,14,2.595537522322509,0.6175256871205035,0.597973530776323,0.755147738190368,Gradual/incomplete
K16048,Tomato-planted,14,2.883073542867127,0.601254662760763,0.5806135238937553,0.759427125936289,Gradual/incomplete
K08082,Unplanted,5,0.7548784914374227,0.4602180599110495,0.47085289005690883,0.58538573188918,Gradual/incomplete
K08082,Tomato-planted,5,0.8076599483449685,0.399488508441682,0.41175668241583013,1.06333767510403,Persistent/strengthened
K03226,Unplanted,6,0.6855975499760614,0.235379629200553,0.3243676344617786,0.38507977083866,Overshoot/reversal
K03226,Tomato-planted,6,0.6763952811083814,0.7142751045242373,0.6342226105433407,0.498285183999056,Gradual/incomplete
K10201,Unplanted,9,2.966901421974713,0.5958794337148435,0.5842929227406193,0.605598482696063,Gradual/incomplete
K10201,Tomato-planted,9,3.344771496240425,0.5139715624335812,0.5233238111932875,0.912042742835921,Gradual/incomplete
K08152,Unplanted,6,1.7985674982511228,0.4965911316643991,0.5252510646150245,0.416590191171289,Gradual/incomplete
K08152,Tomato-planted,6,1.9006891205661582,0.5706471592192981,0.5976094489815916,0.446844650373711,Gradual/incomplete
K16868,Unplanted,16,1.4483548057633855,0.6560616259677715,0.5637690283647675,0.468878887629959,Gradual/incomplete
K16868,Tomato-planted,16,1.3381759067087606,0.48679965090083244,0.43511315129410216,1.24001730002275,Persistent/strengthened
K00635,Unplanted,20,1.8008210090331112,0.5976123441440985,0.5800406834121457,0.936740118949313,Persistent/strengthened
K00635,Tomato-planted,20,1.8659282744307382,0.49878736819133207,0.5064547970612465,0.872768064794459,Gradual/incomplete
K03381,Unplanted,5,2.6472497806455344,0.7405615438888872,0.7660582048047757,0.537441475066116,Gradual/incomplete
K03381,Tomato-planted,5,2.993956152328654,0.8702275687686656,0.8652913638849534,0.702476245096537,Gradual/incomplete
K20469,Unplanted,22,1.9580367857533545,0.7168535149373957,0.7044774707972032,1.00965849028295,Persistent/strengthened
K20469,Tomato-planted,22,2.021614419200982,0.6463472737093726,0.6622655906467657,0.980399225358085,Gradual/incomplete
K02496,Unplanted,2,0.05732526739741088,0.0,0.0,0.867595998624853,Gradual/incomplete
K02496,Tomato-planted,2,0.038841270605715454,0.0,0.0,1.06320817029151,Persistent/strengthened
K00387,Unplanted,19,2.5097776329955668,0.9112852524306929,0.8831339733033742,0.644040231234458,Gradual/incomplete
K00387,Tomato-planted,19,2.823631361437151,0.8939598024876249,0.8626538252860143,0.540089878196308,Gradual/incomplete
K03795,Unplanted,13,2.3054373825417884,0.6540651327503388,0.6388662715771242,0.410279180598532,Gradual/incomplete
K03795,Tomato-planted,13,2.4701982654868178,0.691332236446311,0.6553818588480512,0.549541847920615,Gradual/incomplete
K03890,Unplanted,10,1.604823134251649,0.378392531804974,0.3919271339354587,0.257698222746981,Overshoot/reversal
K03890,Tomato-planted,10,1.6449764570158472,0.40358102138148294,0.42357349566519387,0.381568760041642,Gradual/incomplete
K03298,Unplanted,25,2.335600986472044,0.9465629734576181,0.9540726645241163,0.522669931607397,Gradual/incomplete
K03298,Tomato-planted,25,2.397227909983974,0.9317249786682525,0.9440556358032022,0.941282892251921,Persistent/strengthened
K13745,Unplanted,16,2.681793040787409,0.8457345741856283,0.848491907971987,1.32095952409992,Persistent/strengthened
K13745,Tomato-planted,16,2.7907062530599167,0.8465818774572055,0.836239325693218,1.30217503603009,Persistent/strengthened
K01202,Unplanted,2,0.24137635584065759,0.0,0.0,1.67057064963081,Persistent/strengthened
K01202,Tomato-planted,2,0.22036001542589423,0.0,0.0,1.69922870965535,Persistent/strengthened
K03087,Unplanted,7,1.620164558630414,0.2835074950449667,0.3039229702146653,0.474862806711141,Overshoot/reversal
K03087,Tomato-planted,7,1.6568332652359057,0.3608242290000452,0.36435535655092444,0.114619409008151,Rapid
K07641,Unplanted,12,1.0028485200557036,0.7604607691186511,0.8109223099731022,0.699385020657156,Gradual/incomplete
K07641,Tomato-planted,12,1.0660089923566418,0.826657390052402,0.8235434270273355,0.836660290279009,Gradual/incomplete
K09759,Unplanted,4,2.1506583895620257,0.5034044829240545,0.48661157473270505,0.312801477877269,Gradual/incomplete
K09759,Tomato-planted,4,2.2652914101897856,0.5577891472640223,0.5192378127364746,0.623394806175489,Gradual/incomplete
K11031,Unplanted,5,0.34595964200619755,0.0,0.0,1.15648919113429,Persistent/strengthened
K11031,Tomato-planted,5,0.28141261722849537,0.0,0.0,0.802342094376387,Gradual/incomplete
K01416,Unplanted,7,2.8578694152042567,0.9419764605063375,0.9018895151679002,0.170184957848236,Rapid
K01416,Tomato-planted,7,3.378813197445483,0.8692641737819509,0.8371796557839322,0.564708812888115,Gradual/incomplete
K19696,Unplanted,3,0.6361040882315168,0.6999642584692729,0.7491743014083955,0.899472758827393,Gradual/incomplete
K19696,Tomato-planted,3,0.6561055796836506,0.6228892854975123,0.6793645068913298,0.918187627368855,Gradual/incomplete
K17234,Unplanted,5,0.6469179372508382,0.22413995691096,0.27747122469798924,0.37634626464567,Overshoot/reversal
K17234,Tomato-planted,5,0.6708379235846869,0.45322721636339014,0.4119483631493669,0.444202209576771,Rapid
K20420,Unplanted,18,2.9409526428199175,0.6323057856551318,0.6022175094234251,0.226979423315135,Rapid
K20420,Tomato-planted,18,3.36411321078788,0.5833286265844281,0.5571500108082809,0.393868510362172,Gradual/incomplete
K17994,Unplanted,3,0.0929558105502874,0.0,0.0,0.584733638045079,Gradual/incomplete
K17994,Tomato-planted,3,0.05183303112685348,0.0,0.0,0.7165772613841,Gradual/incomplete
K15269,Unplanted,22,2.405467580143112,0.9495171196996356,0.9638162295088891,0.175477799073784,Rapid
K15269,Tomato-planted,22,2.492322529249711,0.9780221834415015,0.9770648373584878,0.344086782880694,Rapid
K08738,Unplanted,32,2.3914547960591914,0.8751048674065578,0.8977999721088734,0.682754085892517,Gradual/incomplete
K08738,Tomato-planted,32,2.638267691625691,0.9359188979430245,0.9376442867740633,0.982468238733912,Persistent/strengthened
K16652,Unplanted,10,1.4354641227263238,0.38565248526454776,0.36943096487089644,3.77995445732436,Persistent/strengthened
K16652,Tomato-planted,10,1.4246328134573891,0.3879254876574275,0.37902159293946436,2.93505651131653,Persistent/strengthened
K06413,Unplanted,6,2.3919944681292016,0.5418455062294294,0.6176296941594399,0.402727709258586,Gradual/incomplete
K06413,Tomato-planted,6,2.703568282713111,0.7057150089127289,0.7563227540141503,0.31691149615674,Rapid
K15270,Unplanted,7,0.577603698490329,0.5288299428845126,0.5996598497840833,0.418971140578763,Overshoot/reversal
K15270,Tomato-planted,7,0.5741297310201425,0.5167687733838289,0.6037007511929504,0.317235576053383,Overshoot/reversal
K21025,Unplanted,5,0.433434648907691,0.34207459807029833,0.39865582284289464,0.737776391641588,Gradual/incomplete
K21025,Tomato-planted,5,0.42854044801107827,0.30829860667938114,0.36427791673803894,1.43839597376998,Persistent/strengthened
K02672,Unplanted,7,1.1877076907384276,0.0,0.11989559556104158,0.209206842549205,Rapid
K02672,Tomato-planted,7,1.6153089070241995,0.0,0.2021333591736474,0.468836164258584,Gradual/incomplete
K02657,Unplanted,6,0.5771750950724562,0.7251093040786779,0.7099400620975863,0.703147599477545,Gradual/incomplete
K02657,Tomato-planted,6,0.670559741459411,0.6194580107504367,0.6034474013017483,1.11269353363981,Persistent/strengthened
K18676,Unplanted,3,2.194302451714844,0.7210447305782764,0.7460010445279315,0.889966862536789,Gradual/incomplete
K18676,Tomato-planted,3,2.5696357561310093,0.8270621137588509,0.8190726394529908,1.18553097993364,Persistent/strengthened
K03831,Unplanted,8,2.228689258147778,0.29785456767638463,0.28537939976822696,0.389959044099492,Gradual/incomplete
K03831,Tomato-planted,8,2.2817896042160544,0.24998897045619414,0.24520450736483274,0.410770045842959,Gradual/incomplete
K07044,Unplanted,7,0.8782609099846383,0.06564029650823179,0.04376019767215453,1.45921328969826,Persistent/strengthened
K07044,Tomato-planted,7,0.7950083706127201,0.0886855214040983,0.0692656142220406,1.65130563202434,Persistent/strengthened
K17061,Unplanted,2,0.6594481157709347,0.8198495554213,0.696930736599797,0.335498895299988,Gradual/incomplete
K17061,Tomato-planted,2,0.6942952564728837,0.6967233574065104,0.628997704311874,0.548037509552485,Gradual/incomplete
K07216,Unplanted,2,0.43646347191198154,0.0,0.0,1.20507443141542,Persistent/strengthened
K07216,Tomato-planted,2,0.5542880775140702,0.0,0.0,1.05792133086404,Persistent/strengthened
K16066,Unplanted,19,2.1099463705499115,0.6394648003492129,0.6591409420910324,0.656988611978021,Gradual/incomplete
K16066,Tomato-planted,19,2.2079241673803605,0.708408360086632,0.7213024349257853,0.489628642445613,Gradual/incomplete
K00956,Unplanted,12,1.7101280038556095,0.37930978701613216,0.3948655864899249,0.656441348858561,Gradual/incomplete
K00956,Tomato-planted,12,1.765084092236314,0.4148023715274652,0.4316308799886562,0.827969019512799,Gradual/incomplete
K10187,Unplanted,7,2.6301101175923893,0.9308928867905563,0.9274635592577902,0.277829119525429,Rapid
K10187,Tomato-planted,7,3.041430260683553,0.9612158195427549,0.9312892461114283,0.439186377909475,Gradual/incomplete
K00122,Unplanted,16,2.8730070578889393,0.4012630417114411,0.3999907319423121,0.735669092934603,Gradual/incomplete
K00122,Tomato-planted,16,3.106146303819147,0.40430898060638476,0.40768617659635464,1.11774497521482,Persistent/strengthened
K09922,Unplanted,8,0.8204541574216625,0.9100375103174552,0.7485561413932152,0.245792649221665,Rapid
K09922,Tomato-planted,8,0.9807176090856125,0.7167835698098666,0.5814820091814219,0.168491563830978,Rapid
K07394,Unplanted,5,1.4029299209981843,0.8951010365895691,0.8583021832439092,0.498551249829346,Gradual/incomplete
K07394,Tomato-planted,5,1.583543488401545,0.8639264291504735,0.8419968697188048,0.860722316878911,Gradual/incomplete
K01753,Unplanted,8,2.5101569590608417,0.8322122805876911,0.8776618581348902,0.212356133625623,Overshoot/reversal
K01753,Tomato-planted,8,2.968488204292897,0.9331992222238829,0.9365154943443125,0.114591027098647,Rapid
K05569,Unplanted,5,3.0638326200363535,0.3413070578906282,0.34217230915487223,0.567589395264099,Gradual/incomplete
K05569,Tomato-planted,5,3.1568314602966145,0.3572094106750595,0.3497563007609732,0.733727504926469,Gradual/incomplete
K10242,Unplanted,13,2.9891837470752334,0.724259923726551,0.6801665476372482,0.52490256678798,Gradual/incomplete
K10242,Tomato-planted,13,3.349762280191033,0.5962676996087193,0.5796026431471161,0.79667613409283,Gradual/incomplete
K05303,Unplanted,6,0.598866012736194,0.561412180350079,0.46233728497986837,0.417889194523008,Rapid
K05303,Tomato-planted,6,0.6720429620134967,0.9093463106799433,0.6845370892693864,0.294819586196648,Rapid
K08162,Unplanted,5,0.971497428167554,0.0,0.0,1.0708617133642,Persistent/strengthened
K08162,Tomato-planted,5,1.2823513561282693,0.0,0.0,1.23854277144525,Persistent/strengthened
K18546,Unplanted,9,2.54153054273683,0.9098446685805934,0.928888479951284,0.261675390075646,Rapid
K18546,Tomato-planted,9,2.9432871271238703,0.9636285247512284,0.9521462920017202,0.19740755001007,Rapid
K10798,Unplanted,4,0.23835662508323036,0.0,0.0,1.25127481790426,Persistent/strengthened
K10798,Tomato-planted,4,0.2588061521593364,0.0,0.0,0.946176464323595,Gradual/incomplete
K02362,Unplanted,2,0.04351972891067267,0.0,0.0,0.36635974167314,Gradual/incomplete
K02362,Tomato-planted,2,0.03863871403148609,0.0,0.0,0.599980751595461,Gradual/incomplete
K00464,Unplanted,3,0.039067903061606284,0.0,0.0,0.264844863364589,Gradual/incomplete
K00464,Tomato-planted,3,0.03146918884079155,0.0,0.0,0.435243392330929,Gradual/incomplete
K15583,Unplanted,17,1.9707697136120337,0.8459536277591885,0.8597821718596943,0.15331589288253,Rapid
K15583,Tomato-planted,17,2.1312787058041973,0.9297092212289594,0.9369641710762674,0.310065966777829,Gradual/incomplete
K07697,Unplanted,5,0.9196275243835603,0.0,0.0917853698163822,0.340147317682053,Gradual/incomplete
K07697,Tomato-planted,5,1.1461321745153867,0.0,0.12972618557341545,0.371973460172673,Gradual/incomplete
K05571,Unplanted,4,3.0919109409187424,0.413235329578177,0.40145643339661785,0.784339575818053,Gradual/incomplete
K05571,Tomato-planted,4,3.1954327369321973,0.3867339666543848,0.37616713961081033,1.03154200101803,Persistent/strengthened
K04082,Unplanted,8,0.9429575976802032,0.15510129857252158,0.28744811972747697,0.433565166583405,Gradual/incomplete
K04082,Tomato-planted,8,0.9978293242013782,0.28571046915259857,0.3549347694278064,0.883420403304993,Gradual/incomplete
K23778,Unplanted,11,2.122042851338822,0.7110064929589932,0.7453306312162261,0.41764914933424,Rapid
K23778,Tomato-planted,11,2.4865261930844973,0.7647486838794345,0.791021767891372,0.599264172545459,Gradual/incomplete
K18301,Unplanted,27,2.6321784326626316,0.9174069454409629,0.9064621733246404,0.81878274317262,Gradual/incomplete
K18301,Tomato-planted,27,2.734474568458946,0.8937907433810737,0.8765086697221108,0.536529750595699,Gradual/incomplete
K09160,Unplanted,3,0.8569470451109223,0.14963729139189558,0.09975819426126371,0.645108835658744,Gradual/incomplete
K09160,Tomato-planted,3,0.7988599721747052,0.11544153759041881,0.09199618022082844,1.29004835523692,Persistent/strengthened
K11004,Unplanted,2,1.5681036571477551,0.0,0.07309509581563993,0.588402558280025,Gradual/incomplete
K11004,Tomato-planted,2,2.1018082156091875,0.0,0.0987430549000909,0.813563337442334,Gradual/incomplete
K09703,Unplanted,5,0.748423744310899,0.0,0.0,1.5775860391486,Persistent/strengthened
K09703,Tomato-planted,5,1.0337352944198175,0.0,0.0,1.43780447426999,Persistent/strengthened
K10253,Unplanted,2,0.31374973133250117,0.0,0.0,0.789982009911326,Gradual/incomplete
K10253,Tomato-planted,2,0.33087414600382525,0.0,0.0,1.3421095506884,Persistent/strengthened
K19551,Unplanted,7,0.7283114017266548,0.11202577545903283,0.17268415566419976,0.683309136416815,Overshoot/reversal
K19551,Tomato-planted,7,0.7968378143211599,0.287699474202532,0.3110852787355009,0.82503445848096,Gradual/incomplete
K11410,Unplanted,13,1.850315421450703,0.541585540363525,0.5576444475432698,0.150325808820637,Rapid
K11410,Tomato-planted,13,1.944569235614833,0.5568451910970542,0.58224411661916,0.420797336292442,Gradual/incomplete
K08225,Unplanted,19,2.323231787885372,0.7334701319657561,0.7645653868659593,0.501325490624813,Gradual/incomplete
K08225,Tomato-planted,19,2.4214062468820003,0.8021418394348665,0.8171782640784387,0.540395227086003,Gradual/incomplete
K07714,Unplanted,18,1.2113139679808236,0.13184008740311123,0.26131922502974975,0.201648904899086,Rapid
K07714,Tomato-planted,18,1.31285381832128,0.3111650307185048,0.41786616206379174,0.508441360892945,Gradual/incomplete
K09780,Unplanted,21,1.710234433495979,0.8627301316733347,0.8367728719567967,0.321647024969863,Overshoot/reversal
K09780,Tomato-planted,21,1.9358602960415552,0.7357038364363088,0.7447396114096606,0.288359260221127,Overshoot/reversal
K03775,Unplanted,9,0.7035288001949261,0.8838630320624665,0.7664968654948069,0.267670731846809,Rapid
K03775,Tomato-planted,9,0.8147700378128574,0.6692795033814134,0.5754874635001517,0.486633378947188,Gradual/incomplete
K08976,Unplanted,5,1.1406560302934887,0.0,0.09812886392768264,0.18637834433066,Rapid
K08976,Tomato-planted,5,1.3814367573492405,0.08018089795097524,0.24447261066401085,0.726152762514092,Gradual/incomplete
K21832,Unplanted,5,1.835391693265924,0.655445362728439,0.651774266474922,1.01980937352481,Persistent/strengthened
K21832,Tomato-planted,5,1.9136961090749862,0.6233684794859302,0.6414184907019249,1.28474950946415,Persistent/strengthened
K01194,Unplanted,17,2.088997484333992,0.7589538266555502,0.7468911937666823,0.159881465330219,Rapid
K01194,Tomato-planted,17,2.0686400198285595,0.7611867215439995,0.7611698439720757,0.258478223060546,Rapid
K19270,Unplanted,17,2.442130754454427,0.9522214944825291,0.9485010581612532,0.42712252625746,Gradual/incomplete
K19270,Tomato-planted,17,2.480401511170794,0.9397739216057149,0.9472029978502629,0.426221158915673,Gradual/incomplete
K10820,Unplanted,14,1.7290032857626252,0.7136145897165892,0.7363724649036257,0.53883067136914,Gradual/incomplete
K10820,Tomato-planted,14,1.9440222407226733,0.7997912603374979,0.8092118006486918,0.643828909390379,Gradual/incomplete
K04095,Unplanted,14,2.0609266036202065,0.5578268267568524,0.5981147058796081,0.349356528286201,Gradual/incomplete
K04095,Tomato-planted,14,2.2288368684738966,0.5181230186056753,0.572376851690485,0.533209349727481,Gradual/incomplete
K02497,Unplanted,5,1.1576552488860823,0.4415541459451218,0.3975039352992808,0.156100687960535,Rapid
K02497,Tomato-planted,5,1.1932260294751775,0.2682036619196858,0.26487691321471285,0.384427522766879,Gradual/incomplete
K16416,Unplanted,12,2.3755137068306853,0.9354196445220717,0.9519842614408628,0.437593661311675,Gradual/incomplete
K16416,Tomato-planted,12,2.646305237032986,0.9566826164316196,0.9562321330899375,0.484407200661575,Gradual/incomplete
K00262,Unplanted,8,2.6564828789214316,0.9343583328495335,0.9450390959731808,0.660383167348681,Gradual/incomplete
K00262,Tomato-planted,8,2.727775104477309,0.943524540596378,0.9330608348781361,0.794042335666758,Gradual/incomplete
K19203,Unplanted,5,1.3465938718351866,0.5425773679273649,0.5678333701597744,0.268436168157714,Overshoot/reversal
K19203,Tomato-planted,5,1.421607757528379,0.6153115600690696,0.6388807079725857,0.453877574531522,Gradual/incomplete
K02441,Unplanted,3,1.2343834366734883,0.0,0.09009735127436808,1.14426838494493,Persistent/strengthened
K02441,Tomato-planted,3,1.4760167958821584,0.09247367833946815,0.1977991420877387,0.668794919071153,Gradual/incomplete
K03784,Unplanted,7,1.0580144418479218,0.8298521768799156,0.8579142499253183,0.245288274298042,Overshoot/reversal
K03784,Tomato-planted,7,1.0758399458334953,0.749069889005585,0.7939788769324577,0.391743935408795,Gradual/incomplete
K16899,Unplanted,8,2.0121738069734327,0.13941038497899783,0.18565350302849967,0.845230061738294,Gradual/incomplete
K16899,Tomato-planted,8,2.1311787194408325,0.11970996696354386,0.17183188876112815,1.10458666786334,Persistent/strengthened
K00219,Unplanted,14,1.623150396264002,0.7162486096617752,0.6551518044165271,1.5141191280032,Persistent/strengthened
K00219,Tomato-planted,14,1.7567150614623217,0.6219646037339472,0.5730953400479675,1.6775984564948,Persistent/strengthened
K07096,Unplanted,10,2.897453701483055,0.7727030130257663,0.7403948424050409,0.831484892343268,Overshoot/reversal
K07096,Tomato-planted,10,3.2803094026207478,0.6504199912574238,0.6541995885994037,0.724635836859243,Overshoot/reversal
K15786,Unplanted,2,3.121460287743271,0.9115905663219201,0.8567500867473508,0.96731996959094,Gradual/incomplete
K15786,Tomato-planted,2,3.675652739702268,0.7570953254226354,0.7405385033120394,1.61949055489791,Persistent/strengthened
K06223,Unplanted,12,1.6936676623921063,0.11450635008511464,0.24020120667997413,0.707233037170325,Gradual/incomplete
K06223,Tomato-planted,12,1.9823932393718988,0.21525763788861782,0.3318200273789847,0.303278926043877,Gradual/incomplete
K07008,Unplanted,10,2.1245568383626177,0.8790933567824913,0.9062303877855955,0.227241067487583,Rapid
K07008,Tomato-planted,10,2.4782090109954833,0.9386732196663091,0.9280163884471553,0.763721392602652,Gradual/incomplete
K21065,Unplanted,4,1.2030300859245684,0.0,0.03752156814229707,0.13292953476366,Rapid
K21065,Tomato-planted,4,1.6317084313668224,0.028132681631638862,0.07644842507256584,0.428315981600061,Overshoot/reversal
K07029,Unplanted,35,2.4798081648310824,0.9532078251329765,0.9533842305856898,0.244804488181461,Rapid
K07029,Tomato-planted,35,2.513534265072443,0.9592469090165279,0.9601918445711397,0.477088217575506,Gradual/incomplete
K10561,Unplanted,8,3.2698459203844905,0.5538416833381063,0.5165949863352903,0.826647687330293,Gradual/incomplete
K10561,Tomato-planted,8,3.7552791157972756,0.46555421449051293,0.44554854760323237,0.671073003621944,Gradual/incomplete
K09912,Unplanted,2,0.2563028938245333,0.12355070851759786,0.14992447985310073,0.374271160180572,Gradual/incomplete
K09912,Tomato-planted,2,0.25984152852475484,0.0919226652591616,0.12080102399002952,0.873683943413948,Gradual/incomplete
K03291,Unplanted,5,1.0658617695109531,0.2170619039090941,0.34719913357233595,0.513576143093616,Gradual/incomplete
K03291,Tomato-planted,5,1.2177346652860837,0.4112623590088149,0.4729488759024422,0.661294343311677,Gradual/incomplete
K09978,Unplanted,5,0.7519115245970007,0.7103413948882029,0.737985390016863,1.12114569763368,Persistent/strengthened
K09978,Tomato-planted,5,0.7582034514316636,0.8149459660584791,0.802513252773325,1.58586169291146,Persistent/strengthened
K18800,Unplanted,2,0.1283534349357007,0.0,0.0,0.424114809035381,Gradual/incomplete
K18800,Tomato-planted,2,0.12537717384016278,0.0,0.0,0.990227456023187,Gradual/incomplete
K05770,Unplanted,15,1.425893801672005,0.8037989181510662,0.7536957609729109,0.845699447569709,Gradual/incomplete
K05770,Tomato-planted,15,1.5853408622429088,0.7936380974497312,0.7548532890725322,0.997650867394839,Persistent/strengthened
K21703,Unplanted,14,2.1157970418673377,0.7704410374958046,0.7324925905607208,1.11019526488449,Persistent/strengthened
K21703,Tomato-planted,14,2.071178428449609,0.7187629493320006,0.6947442668617578,1.09388968876266,Persistent/strengthened
K14735,Unplanted,3,2.435822959099818,0.48607509696208756,0.44304958480435147,0.23092703656855,Rapid
K14735,Tomato-planted,3,2.5657674031807876,0.43179954664807857,0.39486031671251065,0.174921070088346,Rapid
K16907,Unplanted,3,0.2944630311566967,0.0,0.0,0.587550302842775,Gradual/incomplete
K16907,Tomato-planted,3,0.7528624786890308,0.0,0.0,0.520581265687743,Gradual/incomplete
K05832,Unplanted,4,0.69718149478359,0.0,0.0,1.23795976377379,Persistent/strengthened
K05832,Tomato-planted,4,0.7299428716814471,0.0,0.0,1.04098135330923,Persistent/strengthened
K14164,Unplanted,7,1.6237109357109187,0.3749268473965375,0.40236291710109634,0.465919936833662,Overshoot/reversal
K14164,Tomato-planted,7,1.7590648796198303,0.4618578019456645,0.4688349332625848,0.383461858974211,Gradual/incomplete
K03811,Unplanted,14,2.2500913115961714,0.7828528188599005,0.8058011740005556,0.233528212527227,Rapid
K03811,Tomato-planted,14,2.3138322378775404,0.8716191588598896,0.8884874818131365,0.408601656464149,Gradual/incomplete
K19511,Unplanted,2,1.5370081874958539,0.7319723567720529,0.7839184775872555,1.15013417491953,Persistent/strengthened
K19511,Tomato-planted,2,1.6263945197794327,0.8382044000406665,0.8762883435021493,1.21686186301876,Persistent/strengthened
K10680,Unplanted,12,0.788062845243281,0.0,0.0,0.767538854876225,Gradual/incomplete
K10680,Tomato-planted,12,1.1308672958987644,0.0,0.0,0.837736906413226,Gradual/incomplete
K00768,Unplanted,14,2.3017572144332146,0.9171901118917761,0.9158759920776174,0.32136871363666,Gradual/incomplete
K00768,Tomato-planted,14,2.4434417788052336,0.8831710624254667,0.8958051659131585,0.392958174237973,Gradual/incomplete
K16397,Unplanted,3,1.4987219054758407,0.0,0.13925811391761098,0.51819502249653,Gradual/incomplete
K16397,Tomato-planted,3,2.0266743684304505,0.0,0.2085448791563335,0.805662745425071,Gradual/incomplete
K14166,Unplanted,10,0.9905822819772787,0.0,0.0011518388290983556,0.512123188565527,Gradual/incomplete
K14166,Tomato-planted,10,1.398510054121814,0.0,0.0021927113704431223,0.7187371362632,Gradual/incomplete
K12255,Unplanted,2,0.38275665626296984,0.0,0.0,0.43064217783257,Gradual/incomplete
K12255,Tomato-planted,2,0.5796164103829566,0.0,0.0,0.638060298664428,Gradual/incomplete
K18687,Unplanted,6,2.2004195846492234,0.8602050260029545,0.8885249194778794,0.663694685387565,Gradual/incomplete
K18687,Tomato-planted,6,2.542374403761868,0.9281409579650919,0.9394047890431527,0.766671954401547,Gradual/incomplete
K02841,Unplanted,2,0.1766103715359596,0.0,0.0,1.06145709273851,Persistent/strengthened
K02841,Tomato-planted,2,0.1856965567207299,0.0,0.0,1.05657927004217,Persistent/strengthened
K07131,Unplanted,21,2.8749368821250068,0.8458349822929343,0.8113629694890734,0.178949620550642,Rapid
K07131,Tomato-planted,21,3.1558311151841574,0.7694009215542217,0.7439246986532357,0.581474193252307,Gradual/incomplete
K17734,Unplanted,20,2.4195766893305666,0.8344483174448757,0.8701034417944538,0.782001245382908,Gradual/incomplete
K17734,Tomato-planted,20,2.6549157397334446,0.932796060405247,0.9401133299189174,0.861778774917361,Gradual/incomplete
K16925,Unplanted,2,1.6309755299071607,0.7320820480644747,0.7934091547720569,0.298857473129243,Overshoot/reversal
K16925,Tomato-planted,2,1.72824256268904,0.8136955503995421,0.8634255715593294,0.439477177673967,Gradual/incomplete
K01494,Unplanted,20,2.557242794476375,0.8813060249528326,0.822397761640305,0.270821823021351,Rapid
K01494,Tomato-planted,20,2.5389674847141936,0.7315233034445712,0.7067785275445536,0.245144122128138,Rapid
K05275,Unplanted,28,2.2457048424578003,0.8852296527268626,0.8760941419799759,0.373284194986235,Gradual/incomplete
K05275,Tomato-planted,28,2.350460572875839,0.8683839961837199,0.8768500895217172,0.635521522934629,Gradual/incomplete
K06975,Unplanted,16,2.386480972035357,0.45032907167759834,0.45732780299533254,0.616762167541701,Gradual/incomplete
K06975,Tomato-planted,16,2.708958128251328,0.4554389055567579,0.4525324265206374,1.02417339674967,Persistent/strengthened
K18844,Unplanted,5,3.254540099667558,0.4663452726964698,0.4453404461669768,0.559254708420414,Gradual/incomplete
K18844,Tomato-planted,5,3.8234526683530334,0.43550971000248156,0.42262453727836596,0.72906958213925,Gradual/incomplete
K07155,Unplanted,7,3.1991834740349563,0.29345477279074295,0.27768353923905414,1.16530280922121,Persistent/strengthened
K07155,Tomato-planted,7,3.4794755382772973,0.2524917883987349,0.2406419043802976,1.40109519409855,Persistent/strengthened
K05712,Unplanted,21,2.6706442657967426,0.42630332947438604,0.4222984873742272,0.206146906117606,Rapid
K05712,Tomato-planted,21,3.044589586124426,0.41108992978334025,0.4079630707058854,0.381892119280711,Gradual/incomplete
K13058,Unplanted,3,0.1142683462881027,0.0,0.0,0.49292317258462,Overshoot/reversal
K13058,Tomato-planted,3,0.08673687731820942,0.0,0.0,0.373872919365849,Overshoot/reversal
K16118,Unplanted,13,2.2296216903356827,0.7053797573885926,0.7546220836610159,0.542009497692542,Gradual/incomplete
K16118,Tomato-planted,13,2.5633447767493003,0.8159293930052163,0.8356727194038415,0.601651668292316,Gradual/incomplete
K21166,Unplanted,6,0.7835684134893762,0.0,0.0,2.20642078299808,Persistent/strengthened
K21166,Tomato-planted,6,0.804723164661819,0.0,0.0,1.61797417716366,Persistent/strengthened
K10008,Unplanted,9,2.477326944400488,0.8840674667103732,0.9030357572761598,0.132521842483121,Rapid
K10008,Tomato-planted,9,2.610379110430992,0.9343279805478952,0.9422821595650256,0.459578075744401,Gradual/incomplete
K13275,Unplanted,2,1.996973587129781,0.721943910828904,0.766404484380147,0.420053834466331,Gradual/incomplete
K13275,Tomato-planted,2,2.110070464724437,0.8451122357871534,0.8685747387245504,0.165022942148196,Rapid
K09702,Unplanted,7,2.436211390259436,0.47997585588925873,0.5338315788341064,0.468641888487373,Gradual/incomplete
K09702,Tomato-planted,7,2.9342005536148736,0.4767948236564829,0.5342477566587407,0.53533468484956,Gradual/incomplete
K23777,Unplanted,16,2.041599227851982,0.953778199662708,0.9214354805339994,0.756479969186328,Gradual/incomplete
K23777,Tomato-planted,16,2.310649125844062,0.9698851661753842,0.9250193108719325,0.782915963421155,Gradual/incomplete
K19123,Unplanted,5,1.144910121475088,0.1780991189730317,0.19711779870903762,0.0931100413477923,Rapid
K19123,Tomato-planted,5,1.4641409340023848,0.21286524508831065,0.2232631790160284,0.425802678913523,Gradual/incomplete
K03336,Unplanted,9,1.641495934473185,0.4614758699554048,0.4983456941218165,0.214120946993554,Rapid
K03336,Tomato-planted,9,1.8420080638805092,0.5278804624340787,0.5570014636883779,0.465143701503955,Gradual/incomplete
K13584,Unplanted,4,0.804959704414927,0.12182877875910321,0.08121918583940214,0.828687954089248,Gradual/incomplete
K13584,Tomato-planted,4,0.7464583768917505,0.09354909527921244,0.07442910083792839,1.09979149254786,Persistent/strengthened
K16559,Unplanted,5,1.9586573275038428,0.0,0.09119479287136298,1.27367249164284,Persistent/strengthened
K16559,Tomato-planted,5,2.7601097970329707,0.035623509853057456,0.15646854019248077,1.64897332173593,Persistent/strengthened
K03921,Unplanted,14,1.9841653290046337,0.6152110809731371,0.6319986581838143,0.520091822946711,Gradual/incomplete
K03921,Tomato-planted,14,2.034454334711283,0.6825142366430408,0.6978321787762919,0.632937024735312,Gradual/incomplete
K03778,Unplanted,5,0.6059478673968788,0.0,0.0,1.18193181102225,Persistent/strengthened
K03778,Tomato-planted,5,0.8237580361670306,0.0,0.0,1.06904711771681,Persistent/strengthened
K00468,Unplanted,4,0.5309954569976685,0.0,0.0,0.317976754081928,Gradual/incomplete
K00468,Tomato-planted,4,0.843918036635156,0.0,0.0,0.539281330266136,Gradual/incomplete
K00016,Unplanted,3,0.26403973488700627,0.5659791206778085,0.4856146034419339,0.425858107122217,Overshoot/reversal
K00016,Tomato-planted,3,0.3684618732331386,0.8288103652316817,0.6226717800656895,0.272433028629688,Rapid
K22515,Unplanted,5,1.4408449141981254,0.14077853384435896,0.15020832582038005,1.01587667675221,Persistent/strengthened
K22515,Tomato-planted,5,1.6564155644420495,0.11479868893002207,0.12394828246355251,1.39533312704229,Persistent/strengthened
K13652,Unplanted,6,2.3850406280656804,0.5367498760649151,0.5194531494688578,0.573805743361762,Gradual/incomplete
K13652,Tomato-planted,6,2.524333451804184,0.4939247184743134,0.4794494246268682,1.35161660049644,Persistent/strengthened
K20484,Unplanted,6,1.4843127729477814,0.0,0.004207579556374309,0.525221968278278,Gradual/incomplete
K20484,Tomato-planted,6,2.0829877132929493,0.0,0.008024090394814998,0.651007430637565,Gradual/incomplete
K16033,Unplanted,11,1.9083653981157045,0.779156231612642,0.753048944378466,0.97443909282576,Overshoot/reversal
K16033,Tomato-planted,11,2.1692734183141846,0.6453351663031575,0.6481676763352607,0.781030550563335,Overshoot/reversal
K08224,Unplanted,11,2.3891853337997793,0.8559862143472375,0.8627401756884585,0.503228957171821,Gradual/incomplete
K08224,Tomato-planted,11,2.6258905195287667,0.93775931792074,0.9302991193977254,0.856171226745139,Gradual/incomplete
K13327,Unplanted,4,2.4883084542969973,0.7721824200907891,0.8178790300869071,0.387308667544618,Gradual/incomplete
K13327,Tomato-planted,4,2.888792841061216,0.974259813688048,0.9523648250684367,0.522287735110698,Gradual/incomplete
K14287,Unplanted,7,0.5522330966420975,0.6279965275194599,0.6350132464352849,0.534280407625766,Gradual/incomplete
K14287,Tomato-planted,7,0.5987787875348546,0.4094573605664324,0.4578960255500589,0.616815250613013,Gradual/incomplete
K17329,Unplanted,12,1.7356993275372439,0.44187632153289835,0.4723072568263655,0.265243188606597,Overshoot/reversal
K17329,Tomato-planted,12,1.8595359161878955,0.5178342494318526,0.5465236675324615,0.324619688408296,Gradual/incomplete
K11325,Unplanted,3,3.2144178189684864,0.8539179707372695,0.8044376403038042,0.893684169346467,Gradual/incomplete
K11325,Tomato-planted,3,3.967362329530892,0.7622952394920843,0.7320527117936297,0.425785150194679,Gradual/incomplete
K06415,Unplanted,7,0.9377613522777739,0.15517458181553226,0.28568701648932604,0.419280861173259,Gradual/incomplete
K06415,Tomato-planted,7,0.9991818980988951,0.2885896745385538,0.3565247122188861,0.985202136869946,Persistent/strengthened
K16047,Unplanted,16,1.747255793934852,0.7343518051162847,0.7220735248074538,0.709584194690416,Gradual/incomplete
K16047,Tomato-planted,16,1.906926107610869,0.6659471804458894,0.6763830081364505,1.26568899789066,Persistent/strengthened
K23054,Unplanted,3,0.6939710001000017,0.0,0.14889444080560504,1.33239472614176,Persistent/strengthened
K23054,Tomato-planted,3,0.8933879763380539,0.0,0.06906122508275467,1.7422224719451,Persistent/strengthened
K03748,Unplanted,8,1.1306668863269045,0.0,0.005411497963876553,0.313055131249536,Rapid
K03748,Tomato-planted,8,1.4596118015336654,0.0,0.008537758757485303,0.348577138159944,Rapid
K21645,Unplanted,2,0.17231195740767047,0.0,0.0,1.9504153097468,Persistent/strengthened
K21645,Tomato-planted,2,0.16831638552924474,0.0,0.0,1.96784125180542,Persistent/strengthened
K09516,Unplanted,6,1.8086276562891457,0.4750511966951008,0.4589947875779863,0.493230679680876,Gradual/incomplete
K09516,Tomato-planted,6,1.8497084012877725,0.35812449362676885,0.3786753887647693,0.798826250884732,Gradual/incomplete
K00232,Unplanted,16,1.7010657159436757,0.5116532370790846,0.48851724376383077,0.979577208976266,Persistent/strengthened
K00232,Tomato-planted,16,1.7489903120925803,0.43588880716287887,0.44061337997951766,0.692462767720141,Gradual/incomplete
K06937,Unplanted,9,1.3935064558208374,0.09460244878790593,0.2840975407086654,0.325177222618774,Rapid
K06937,Tomato-planted,9,1.657576300333918,0.23019058483074079,0.3755578195518246,0.477027128334307,Gradual/incomplete
K09957,Unplanted,16,1.9028668851722597,0.8536131032435473,0.8472227242879905,0.659374980996867,Gradual/incomplete
K09957,Tomato-planted,16,2.05895828113647,0.9037187571978494,0.8760621709996819,0.602730401097031,Gradual/incomplete
K02002,Unplanted,3,0.22179912296149615,0.0,0.0,0.474515777859571,Gradual/incomplete
K02002,Tomato-planted,3,0.2798151752131282,0.0,0.0,0.780138568666321,Gradual/incomplete
K05970,Unplanted,12,2.2692112529712825,0.46330562853411983,0.5503560641402695,0.32428198298778,Rapid
K05970,Tomato-planted,12,2.506620610141889,0.5535270838953663,0.6403952016185863,0.444010072541198,Gradual/incomplete
K01134,Unplanted,11,1.9765030858630648,0.8476018881707236,0.7736934509268488,0.195428799736632,Rapid
K01134,Tomato-planted,11,1.9110017910974224,0.7117090917509119,0.6679607714079524,0.251650852552122,Overshoot/reversal
K23775,Unplanted,31,2.5281873519481306,0.8867779272514075,0.8934172970536571,0.374038167028022,Gradual/incomplete
K23775,Tomato-planted,31,2.6381014795513327,0.9179197233433615,0.9034482148908329,0.682828869989038,Gradual/incomplete
K16050,Unplanted,10,2.0777388490238424,0.8322515902595969,0.828875941984424,0.423436619260747,Gradual/incomplete
K16050,Tomato-planted,10,2.4057587130089284,0.7549719065240795,0.7774424877690627,0.635365104678601,Gradual/incomplete
K02651,Unplanted,3,0.43594945995464196,0.0,0.0,1.00724623943079,Persistent/strengthened
K02651,Tomato-planted,3,0.44826328093406154,0.0,0.0,1.59034751023335,Persistent/strengthened
K20628,Unplanted,7,1.9736564915509338,0.0,0.07346039786260121,0.768369940396727,Gradual/incomplete
K20628,Tomato-planted,7,2.576796741781443,0.023141111212884296,0.13069874785134208,0.823919472694895,Gradual/incomplete
K15836,Unplanted,11,1.128965902445843,0.08835472730797209,0.2560089194334326,0.880487787502342,Gradual/incomplete
K15836,Tomato-planted,11,1.3848851490717944,0.24780005463735805,0.3429296147635597,1.12991524452804,Persistent/strengthened
K10189,Unplanted,7,0.5436722035673189,0.34557211381729697,0.35681647061392807,1.32760172179757,Persistent/strengthened
K10189,Tomato-planted,7,0.557579626112698,0.7093339616003405,0.603870254278148,1.51541943846709,Persistent/strengthened
K16427,Unplanted,3,0.2209545451578792,0.0,0.0,0.389693873402855,Gradual/incomplete
K16427,Tomato-planted,3,0.20472033428122088,0.0,0.0,0.585045812127202,Gradual/incomplete
K21684,Unplanted,3,0.8742630842596351,0.0,0.0,1.61779415570813,Persistent/strengthened
K21684,Tomato-planted,3,1.2368687261327056,0.0,0.0,1.42653323079212,Persistent/strengthened
K00433,Unplanted,27,2.819595624860348,0.8137996137577859,0.7969485354310111,0.798472705409066,Gradual/incomplete
K00433,Tomato-planted,27,2.941609377061006,0.7742146916671101,0.7688554086554507,0.870467744845643,Gradual/incomplete
K07039,Unplanted,6,2.4173808096891136,0.8705242976429995,0.8879108040370572,0.5718455031197,Gradual/incomplete
K07039,Tomato-planted,6,2.685192006118231,0.8732975779342425,0.8989443251087423,0.213471952449381,Rapid
K01182,Unplanted,4,0.6257245521064373,0.0,0.0,0.475128354918534,Gradual/incomplete
K01182,Tomato-planted,4,0.602485740234511,0.0,0.0,0.319666307937691,Rapid
K16694,Unplanted,6,1.2237757231773125,0.1541180579268002,0.2906759952690007,0.315857714125895,Rapid
K16694,Tomato-planted,6,1.4203265369397386,0.18918966019638095,0.3426284868184344,0.274911505713584,Rapid
K15894,Unplanted,7,2.6297444456858585,0.7020393677630714,0.6789156532760968,0.826671409957511,Gradual/incomplete
K15894,Tomato-planted,7,3.0769952880487175,0.7247191775108113,0.6888407712579465,0.7183492311661,Gradual/incomplete
K00018,Unplanted,4,0.2957711890879111,0.0,0.0,0.462706076489264,Gradual/incomplete
K00018,Tomato-planted,4,0.3192082160681072,0.17146822969840345,0.16355495785967306,0.670024142131377,Gradual/incomplete
K19580,Unplanted,4,2.452943635516958,0.6031545496949227,0.6507179245879207,1.66151476124271,Persistent/strengthened
K19580,Tomato-planted,4,2.4811617085871105,0.7798741397075319,0.7863111002035569,2.06570086545017,Persistent/strengthened
K10233,Unplanted,9,2.6654167984210995,0.9524899427487316,0.9215983845446895,0.485079308019528,Gradual/incomplete
K10233,Tomato-planted,9,2.9358345655555675,0.8788971498212363,0.8539608990163412,0.722932081228157,Gradual/incomplete
K18828,Unplanted,9,2.0905444458240368,0.2593460580808361,0.3338023863557834,0.338791918449722,Overshoot/reversal
K18828,Tomato-planted,9,2.521755852013621,0.3001113717188546,0.39803449318553813,0.289373683063199,Rapid
K03297,Unplanted,9,2.527793477182172,0.9618851829099031,0.9263224172496463,0.31868922256151,Gradual/incomplete
K03297,Tomato-planted,9,2.79998130657759,0.8696808375647209,0.8517749523253801,0.683454566122171,Gradual/incomplete
K14954,Unplanted,7,1.7664267560271,0.6222641194888561,0.617976294502545,0.763297923307171,Gradual/incomplete
K14954,Tomato-planted,7,1.9652246377852927,0.5582830073686259,0.5727334644132764,0.810398681264773,Gradual/incomplete
K23228,Unplanted,8,2.811259960268604,0.8854423829276328,0.8614176583163047,0.351471672205674,Gradual/incomplete
K23228,Tomato-planted,8,3.250311111043574,0.8628607622810603,0.8384269073739588,0.491675055155466,Gradual/incomplete
K05589,Unplanted,12,0.9832314997136338,0.8988259262776351,0.9191924128277063,0.395738743897173,Gradual/incomplete
K05589,Tomato-planted,12,1.0593333033702395,0.8984637249150321,0.9038078695938989,0.592165622505151,Gradual/incomplete
K16013,Unplanted,3,0.7347027774399181,0.09355346427523659,0.10254297373711538,0.414761074076462,Gradual/incomplete
K16013,Tomato-planted,3,0.7990047329906458,0.11440340547325523,0.12004183832459898,0.716123385190816,Gradual/incomplete
K18911,Unplanted,18,2.013589567141002,0.37907806084127854,0.3486092119539784,0.390984072627541,Gradual/incomplete
K18911,Tomato-planted,18,2.1359198707541474,0.3024048886932716,0.28755576291532264,0.589136718527546,Gradual/incomplete
K00257,Unplanted,11,2.1350458685682323,0.6707943898412738,0.6932782498835847,0.55525572611813,Gradual/incomplete
K00257,Tomato-planted,11,2.2735555859002234,0.700505749161345,0.7334207863502037,0.433580683484008,Gradual/incomplete
K09932,Unplanted,4,1.5014529371328607,0.32968878156475345,0.36191164748261656,0.338040569684657,Rapid
K09932,Tomato-planted,4,1.575771558685724,0.43042290268079386,0.44970410462901916,0.646156022775326,Gradual/incomplete
K02839,Unplanted,4,0.4887942275035224,0.0,0.0,0.967577471589303,Persistent/strengthened
K02839,Tomato-planted,4,0.7961488894756847,0.0,0.0,1.42917930659591,Persistent/strengthened
K03802,Unplanted,15,2.306619324725056,0.5485387495990015,0.540418375120289,0.201995882602303,Rapid
K03802,Tomato-planted,15,2.3911914526903124,0.5288491286460096,0.5185675499913934,0.429192717771242,Gradual/incomplete
K14252,Unplanted,6,2.4242517359559788,0.24402393377094508,0.23369814658646837,0.828400309626438,Gradual/incomplete
K14252,Tomato-planted,6,2.8303349792081702,0.2527814295539337,0.23843989953322628,0.686633962572813,Gradual/incomplete
K06306,Unplanted,4,1.111433223537116,0.0,0.022246466727100567,0.382492264555433,Gradual/incomplete
K06306,Tomato-planted,4,1.5152305471968557,0.0,0.03805287642512127,0.262189279222757,Rapid
K00852,Unplanted,22,2.3073204510295606,0.7285984702383915,0.7435678117164825,0.34207083461456,Gradual/incomplete
K00852,Tomato-planted,22,2.38913945708957,0.727680050536598,0.7533107366041358,0.738473300250451,Gradual/incomplete
K07518,Unplanted,4,0.2301799305577325,0.15214573470593673,0.1634675528738914,1.86011724828624,Persistent/strengthened
K07518,Tomato-planted,4,0.22180238380821332,0.1563540993169714,0.1633627026553248,1.62305428207623,Persistent/strengthened
K20938,Unplanted,2,1.1149643327935685,0.592053568619143,0.5966988421030767,0.309012060744215,Overshoot/reversal
K20938,Tomato-planted,2,1.1056318831566434,0.6900402232197335,0.6688468988297683,0.544128279564367,Gradual/incomplete
K09146,Unplanted,3,0.9110337130740438,0.0,0.0,1.27470687769128,Persistent/strengthened
K09146,Tomato-planted,3,1.3118156134135284,0.0,0.0,1.10571905495091,Persistent/strengthened
K09913,Unplanted,7,0.7062298462154089,0.42813884556974374,0.4252830552167712,0.4981223865077,Overshoot/reversal
K09913,Tomato-planted,7,0.7681055442467113,0.8384131624529045,0.6962262960438229,0.440876996699506,Overshoot/reversal
K18692,Unplanted,5,0.6393105301680149,0.0,0.15497563647542484,0.418489700352639,Gradual/incomplete
K18692,Tomato-planted,5,0.815811224026758,0.060687741698065144,0.10624609691790336,0.423378869892609,Gradual/incomplete
K15760,Unplanted,5,0.6064160139523566,0.0,0.16975618503411743,0.35001731385022,Rapid
K15760,Tomato-planted,5,0.7407764141041847,0.06006581621746739,0.12149992490534167,0.477619117401387,Gradual/incomplete
K09946,Unplanted,5,3.2601726615254476,0.3376246810264373,0.34239544077142425,1.22193834504755,Persistent/strengthened
K09946,Tomato-planted,5,3.6812176904700507,0.31474622678132186,0.3420639753219217,1.05149683364718,Persistent/strengthened
K16149,Unplanted,5,0.7485804012093018,0.0,0.0,0.503586851620359,Gradual/incomplete
K16149,Tomato-planted,5,0.7838111521865331,0.0,0.0,0.939813787570314,Gradual/incomplete
K16446,Unplanted,4,2.122202164788276,0.6209230409298145,0.668295431189845,0.663983480089735,Gradual/incomplete
K16446,Tomato-planted,4,2.4400606733850942,0.745957559271307,0.7663026878054869,0.619849052404188,Gradual/incomplete
K01181,Unplanted,24,2.178778015492294,0.7704277864849323,0.8103887941817918,0.322735113521991,Gradual/incomplete
K01181,Tomato-planted,24,2.3295613714141625,0.8695245420940788,0.8891900513793616,0.481141426329762,Gradual/incomplete
K14055,Unplanted,13,1.3330884802948273,0.05091836716960857,0.1920782059658855,1.14064445508925,Gradual/incomplete
K14055,Tomato-planted,13,1.5661207627820746,0.11953907086159912,0.29964639735326704,2.55885090117941,Persistent/strengthened
K01617,Unplanted,6,2.554070080722817,0.8497531178362976,0.8554094311511473,0.603316380865396,Gradual/incomplete
K01617,Tomato-planted,6,2.8879486937643417,0.8759345741477822,0.8828556751250455,0.782740489598006,Gradual/incomplete
K15924,Unplanted,11,1.6856949757661188,0.06852232371472981,0.19469713909306663,0.746152448250398,Overshoot/reversal
K15924,Tomato-planted,11,2.0047511071857422,0.1141314235955758,0.25990782388751593,0.528306814925426,Gradual/incomplete
K13832,Unplanted,2,0.23953702254249334,0.0,0.0,0.863098100549482,Gradual/incomplete
K13832,Tomato-planted,2,0.26519140064497243,0.0,0.0,0.804405555781439,Gradual/incomplete
K21575,Unplanted,6,0.588206193037103,0.0,0.0,0.186351986370246,Rapid
K21575,Tomato-planted,6,0.5988690957286833,0.0,0.0,0.253970616526619,Rapid
K12443,Unplanted,3,0.22179912296149615,0.0,0.0,0.252299029625974,Rapid
K12443,Tomato-planted,3,0.2798151752131282,0.0,0.0,0.45435946618347,Gradual/incomplete
K08776,Unplanted,7,0.5005374823453224,0.8107670612251273,0.8454316830245369,1.32786388603124,Persistent/strengthened
K08776,Tomato-planted,7,0.48225415714743114,0.7195819524632823,0.7517965551060675,1.67030925469893,Persistent/strengthened
K22390,Unplanted,19,1.6211031240952134,0.8216683528505029,0.737269761546838,0.9822053558711,Gradual/incomplete
K22390,Tomato-planted,19,1.5958386952436494,0.5430896612846777,0.523946649937624,1.37111599069827,Persistent/strengthened
K01727,Unplanted,4,0.3262931171918334,0.0,0.0,0.611302348856495,Gradual/incomplete
K01727,Tomato-planted,4,0.4224086272543147,0.0,0.0,1.01545891509709,Persistent/strengthened
K07559,Unplanted,9,1.9555979942202426,0.0,0.01770069386926611,0.689837102073624,Gradual/incomplete
K07559,Tomato-planted,9,2.6783742162802455,0.0,0.030381896818026208,0.829223820156621,Gradual/incomplete
K06926,Unplanted,3,1.1231010890080864,0.13712706749255502,0.13867344742914073,0.486780823194147,Gradual/incomplete
K06926,Tomato-planted,3,1.5202384592391642,0.28067149162269545,0.23551351288197786,0.476392036034848,Gradual/incomplete
K19224,Unplanted,5,1.583681068818382,0.734616423108198,0.7362797341545496,0.533058420549391,Gradual/incomplete
K19224,Tomato-planted,5,1.6440449057943782,0.6316645340704424,0.6638322696702916,0.792780263182018,Gradual/incomplete
K21255,Unplanted,4,2.1319351280851624,0.6280996445139625,0.6847062451683691,1.57053187541497,Persistent/strengthened
K21255,Tomato-planted,4,2.4388480483107147,0.7797200780561946,0.8016135477891704,1.80002348737196,Persistent/strengthened
K08321,Unplanted,3,0.5314524506390497,0.0,0.0,0.458893997184504,Overshoot/reversal
K08321,Tomato-planted,3,0.8455868578683672,0.0,0.0,0.362353449974606,Rapid
K22693,Unplanted,2,0.3153144453997701,0.0,0.0,0.367869794243722,Gradual/incomplete
K22693,Tomato-planted,2,0.7666443596108188,0.0,0.0,0.426039477842537,Gradual/incomplete
K05878,Unplanted,7,2.8511722226111362,0.9241424599520575,0.8730136986711294,0.157521734416606,Rapid
K05878,Tomato-planted,7,3.392326476925742,0.8265068519050076,0.7949555142352539,0.313478801526725,Overshoot/reversal
K16870,Unplanted,18,2.345972057855617,0.8131256767521781,0.8376106017864958,1.0701856293558,Persistent/strengthened
K16870,Tomato-planted,18,2.4753622073072794,0.8415643162878114,0.8651963816437488,1.04606861964687,Persistent/strengthened
K23465,Unplanted,8,2.3577313745020625,0.8542872999968173,0.8746332698318166,0.432256098494918,Gradual/incomplete
K23465,Tomato-planted,8,2.6513235933281583,0.8278050156322223,0.8543853323489565,0.39966605514876,Rapid
K10004,Unplanted,2,0.1283534349357007,0.0,0.0,0.613939679248807,Gradual/incomplete
K10004,Tomato-planted,2,0.12537717384016278,0.0,0.0,0.830872672461596,Gradual/incomplete
K23170,Unplanted,6,0.2706487580846529,0.4248888842208028,0.4054586996736544,0.348432404330779,Rapid
K23170,Tomato-planted,6,0.2557341155129148,0.25473070375047163,0.2687197989255516,0.696903336491874,Gradual/incomplete
K00290,Unplanted,18,1.8597447300890564,0.5536885106068594,0.5618704205859323,0.289975649716063,Rapid
K00290,Tomato-planted,18,1.913767114196641,0.5618672660108068,0.5791068450166896,0.352376555940861,Gradual/incomplete
K00986,Unplanted,13,2.3901877444554738,0.23372092905708547,0.2776748473130287,1.81189911395762,Persistent/strengthened
K00986,Tomato-planted,13,2.59584165305849,0.2941257103605485,0.3253575867333572,1.88989111755864,Persistent/strengthened
K01446,Unplanted,14,2.752159967114915,0.9031687388240826,0.880993131635968,0.671379671219367,Gradual/incomplete
K01446,Tomato-planted,14,2.8523804137049416,0.8641374237653844,0.8352317207965316,0.87004927209433,Gradual/incomplete
K16784,Unplanted,2,1.510209758331423,0.6833801116375997,0.693500999751349,0.441431088176964,Gradual/incomplete
K16784,Tomato-planted,2,1.5364672293568182,0.7006203779662301,0.6881711533689135,0.635751193554281,Gradual/incomplete
K15067,Unplanted,5,0.567835030181675,0.534220741512879,0.6021301768189462,0.393716431049486,Gradual/incomplete
K15067,Tomato-planted,5,0.5792077232557893,0.47445878444888023,0.5719630265324013,0.453719270441929,Gradual/incomplete
K01387,Unplanted,5,0.4430190751210299,0.4277726189929429,0.3895090314173001,0.475833384308116,Gradual/incomplete
K01387,Tomato-planted,5,0.35291056420271544,0.7706213100783638,0.5571366471377067,0.569309026174079,Gradual/incomplete
K01337,Unplanted,2,0.04924843128700964,0.0,0.0,1.23290026599254,Persistent/strengthened
K01337,Tomato-planted,2,0.07078626559985707,0.0,0.0,1.64785079888805,Persistent/strengthened
K03740,Unplanted,2,0.09275704069014812,0.0,0.0,0.392890209878274,Gradual/incomplete
K03740,Tomato-planted,2,0.09287252749749568,0.0,0.0,0.379209194778332,Gradual/incomplete
K09733,Unplanted,9,1.2049329421858777,0.0,0.0028890874970288133,0.377221039270287,Gradual/incomplete
K09733,Tomato-planted,9,1.6247920745070679,0.0,0.0055703716606168695,0.370744027199897,Gradual/incomplete
K03632,Unplanted,5,0.40688164665979304,0.28789235959911086,0.26298183597563984,0.297165942032909,Rapid
K03632,Tomato-planted,5,0.45341661913637854,0.6162589514819333,0.5145620612890627,0.307324855395748,Gradual/incomplete
K19124,Unplanted,2,0.3340127446915331,0.0,0.0,0.190601493093505,Rapid
K19124,Tomato-planted,2,0.8121067413553994,0.0,0.0,0.531217038372942,Gradual/incomplete
K08989,Unplanted,11,2.5392992821836344,0.6984621739278148,0.7117314736007172,0.543707835662108,Gradual/incomplete
K08989,Tomato-planted,11,2.943605254680757,0.7041771923027491,0.7166583215724796,0.602617828857417,Gradual/incomplete
K05364,Unplanted,26,2.2216688256396653,0.9419102072846134,0.9289655702439004,0.240113339787418,Rapid
K05364,Tomato-planted,26,2.307121710175891,0.914068377467336,0.9203910904111804,0.308432492488866,Gradual/incomplete
K10005,Unplanted,12,2.3624490939913523,0.7766921356189659,0.8041735201633113,0.212730164067191,Rapid
K10005,Tomato-planted,12,2.500822367979837,0.8242125841835779,0.8471767136226651,0.495083425299426,Gradual/incomplete
K02462,Unplanted,10,0.7115498609452635,0.8202698345267301,0.7326751537644762,0.437076631276784,Gradual/incomplete
K02462,Tomato-planted,10,0.8591207079180767,0.7542104623681085,0.6246034973422969,0.644452238782369,Gradual/incomplete
K10547,Unplanted,7,2.7012074755707873,0.49927621839227526,0.4655790119112887,0.755865281306629,Gradual/incomplete
K10547,Tomato-planted,7,2.7964145138640215,0.43106456058187037,0.4126684628583449,1.00864434148623,Persistent/strengthened
K18476,Unplanted,18,2.7612057455050527,0.7120651850758573,0.7084033269715615,0.284757030151394,Rapid
K18476,Tomato-planted,18,3.058470029623799,0.7053623990277651,0.6990010542358356,0.701025930199945,Gradual/incomplete
K14987,Unplanted,6,1.7892608173840845,0.30657535505318706,0.29464255196461275,1.00516928756571,Persistent/strengthened
K14987,Tomato-planted,6,1.9792261641787565,0.27247892356976083,0.2815408309411227,1.3076839848503,Persistent/strengthened
K09956,Unplanted,3,0.560081041146504,0.0,0.0,0.423907343298207,Gradual/incomplete
K09956,Tomato-planted,3,0.753852672583048,0.0,0.0,0.748585406444966,Gradual/incomplete
K07644,Unplanted,2,0.19057640087217276,0.0,0.0,0.864155921916057,Gradual/incomplete
K07644,Tomato-planted,2,0.13120416416165864,0.0,0.0,0.816652711570642,Gradual/incomplete
K06194,Unplanted,17,2.0495487849017575,0.5590288771675761,0.5952622246159752,0.919106629766469,Gradual/incomplete
K06194,Tomato-planted,17,2.0168175799838286,0.6449529151179082,0.6606795583320414,0.943637335867928,Gradual/incomplete
K07048,Unplanted,6,2.4533660447578414,0.3146784356683431,0.2892760218060664,0.279606687006541,Rapid
K07048,Tomato-planted,6,2.707887173784994,0.3100176189566489,0.2789770937793759,0.294465133317665,Rapid
K18968,Unplanted,12,1.6707151413786003,0.7544916399654418,0.6931950801925224,1.41662306876992,Persistent/strengthened
K18968,Tomato-planted,12,1.9369845863855406,0.5443548578038817,0.5218504817640984,1.45546072047377,Persistent/strengthened
K02484,Unplanted,36,2.2693041922344586,0.9028199846546615,0.8861335681411109,0.147325547958458,Rapid
K02484,Tomato-planted,36,2.3068648209398273,0.8634030844854247,0.8668579223704344,0.566361867861888,Gradual/incomplete
K13963,Unplanted,9,2.4292589661323394,0.5160942327142873,0.5831668265101186,0.930521695492979,Overshoot/reversal
K13963,Tomato-planted,9,2.6934720822800795,0.8179303729125131,0.8401101540472873,1.2181727781264,Persistent/strengthened
K18586,Unplanted,4,0.2269205582635072,0.0,0.0,1.36960748497347,Persistent/strengthened
K18586,Tomato-planted,4,0.24461537395754596,0.0,0.0,1.30458608689975,Persistent/strengthened
K19295,Unplanted,4,0.844091795524187,0.0,0.0,0.572840781030419,Gradual/incomplete
K19295,Tomato-planted,4,1.0484586752912213,0.0,0.0,0.39462583204029,Gradual/incomplete
K01060,Unplanted,13,2.720904308278489,0.19190691032743712,0.2154981254097528,0.575581879212638,Gradual/incomplete
K01060,Tomato-planted,13,3.3045347654943544,0.1839153098515154,0.21557195795256462,0.73258743958412,Gradual/incomplete
K21471,Unplanted,23,2.650451617954654,0.8746228481228112,0.839984839458807,0.167155548992895,Rapid
K21471,Tomato-planted,23,2.750485171847827,0.8115869531528122,0.7828816565683804,0.503166136873068,Gradual/incomplete
K16869,Unplanted,2,0.18453590279002874,0.0,0.0,0.257561821277439,Rapid
K16869,Tomato-planted,2,0.20147646619459092,0.0,0.0,0.350375067828889,Rapid
K12434,Unplanted,6,3.3293618035022137,0.31165922568364507,0.2908708559019951,0.189090674802806,Rapid
K12434,Tomato-planted,6,3.685743871512406,0.2650955907545954,0.24940168578062086,0.120265317575098,Rapid
K06219,Unplanted,12,2.0090582284167158,0.5446126126207864,0.5846492607891975,1.18312346417993,Persistent/strengthened
K06219,Tomato-planted,12,2.1148531494166205,0.6511540580347878,0.6818077106662375,1.49503075457154,Persistent/strengthened
K01761,Unplanted,11,2.628196512892717,0.7327992669706083,0.6679092610791252,0.528384137583918,Gradual/incomplete
K01761,Tomato-planted,11,2.923337499034653,0.622055953112187,0.5866420131956284,0.740500070374232,Gradual/incomplete
K06921,Unplanted,6,1.5165944597273082,0.5464222368681517,0.534994843071552,0.369608111960082,Gradual/incomplete
K06921,Tomato-planted,6,1.7143460808350344,0.5824815489669098,0.5708795187070766,0.579293213097329,Gradual/incomplete
K09786,Unplanted,8,0.950753149881006,0.13784410617924894,0.29738267146233643,0.525740461405264,Gradual/incomplete
K09786,Tomato-planted,8,0.9957543841850781,0.2882388783280585,0.35572621507036795,0.843802815490126,Gradual/incomplete
K10125,Unplanted,6,1.0564242933920913,0.16718467254525546,0.3212542452836516,0.937253502340358,Gradual/incomplete
K10125,Tomato-planted,6,1.1657102268355541,0.2809050773363542,0.3810688206932616,1.20772388640552,Persistent/strengthened
K03299,Unplanted,8,3.101144909304606,0.48003883504637684,0.4451060738142947,0.378878626980898,Gradual/incomplete
K03299,Tomato-planted,8,3.6383180255680765,0.39691676068415455,0.37919717789398877,0.766797158375131,Gradual/incomplete
K18785,Unplanted,9,1.0626881612843337,0.43887103103153036,0.5301886811513953,0.412622811455815,Gradual/incomplete
K18785,Tomato-planted,9,1.1713996832222147,0.6870057406376274,0.6920267930901902,0.413850219860418,Gradual/incomplete
K16044,Unplanted,16,2.3942369917423023,0.8162592632923271,0.8427553600171948,0.471202517354759,Gradual/incomplete
K16044,Tomato-planted,16,2.478459534985711,0.9166940277739066,0.9298401460556357,0.686060324797139,Gradual/incomplete
K00968,Unplanted,3,2.182840846413398,0.6885800393221098,0.7388522425240758,1.81660927278156,Persistent/strengthened
K00968,Tomato-planted,3,2.772927866540903,0.7716726828355538,0.8070087316622298,1.53920119046039,Persistent/strengthened
K00045,Unplanted,2,0.06824338587046,0.0,0.0,1.15480453277437,Persistent/strengthened
K00045,Tomato-planted,2,0.025454787205018304,0.0,0.0,0.433561364261753,Gradual/incomplete
K22819,Unplanted,6,1.6071743364747486,0.5060728167856008,0.4957831320994935,0.70599899157144,Gradual/incomplete
K22819,Tomato-planted,6,1.9458883475706785,0.40593694453531337,0.4269094538609698,1.10820649478448,Persistent/strengthened
K08642,Unplanted,12,2.423302883435425,0.7548371404293884,0.7897984199012691,0.877210070438779,Gradual/incomplete
K08642,Tomato-planted,12,2.7146370998074625,0.928244573298066,0.9211453724059779,0.764768802399181,Gradual/incomplete
K17713,Unplanted,26,1.7129457909996872,0.5624150609284682,0.600943521720278,0.975168544688013,Persistent/strengthened
K17713,Tomato-planted,26,1.9039126149969108,0.5859709335229686,0.6242468410738249,1.29297695893728,Persistent/strengthened
K02558,Unplanted,17,0.7916472937258787,0.8945215902786614,0.8372275187121735,0.392138519833198,Gradual/incomplete
K02558,Tomato-planted,17,0.8968762006620625,0.7474090519317957,0.7018933709128349,0.62214488445802,Gradual/incomplete
K13276,Unplanted,2,0.04351972891067267,0.0,0.0,0.214399645487175,Rapid
K13276,Tomato-planted,2,0.03863871403148609,0.0,0.0,0.486713930305331,Overshoot/reversal
K15653,Unplanted,4,1.1333155468570209,0.17104259575874672,0.17537102679628716,0.518142285745528,Gradual/incomplete
K15653,Tomato-planted,4,1.4104372118125514,0.1794474600531845,0.18376491800753558,0.431825842529327,Gradual/incomplete
K18232,Unplanted,7,2.033726892252348,0.6162766147029349,0.6603331289796001,0.515931949059298,Gradual/incomplete
K18232,Tomato-planted,7,2.3605566578354367,0.7137358955792783,0.748286827317913,0.707192430452347,Gradual/incomplete
K19268,Unplanted,2,0.3340127446915331,0.0,0.0,1.25616758714718,Persistent/strengthened
K19268,Tomato-planted,2,0.8121067413553994,0.0,0.0,1.10113059995618,Persistent/strengthened
K09880,Unplanted,3,1.170059879727752,0.0,0.0459922172627697,0.558809260402481,Gradual/incomplete
K09880,Tomato-planted,3,1.495896625307385,0.0,0.08151706624168223,0.425013203306901,Gradual/incomplete
K02529,Unplanted,32,2.6634662226771177,0.659195326300307,0.641609196134458,0.637243599117677,Gradual/incomplete
K02529,Tomato-planted,32,3.0221716642575087,0.6156502622427653,0.6033000871138386,0.895003704907181,Gradual/incomplete
K02364,Unplanted,12,2.7133052866863,0.7891239407523196,0.7592417970506646,0.426199787016298,Gradual/incomplete
K02364,Tomato-planted,12,3.048675221027369,0.6975025139786203,0.6850692298302848,0.78245069522347,Gradual/incomplete
K19794,Unplanted,3,1.267493405465716,0.19091285264275137,0.2089656555358707,1.62318178128162,Persistent/strengthened
K19794,Tomato-planted,3,1.2796097846827803,0.2519703669095475,0.2650642252927176,1.63630011153475,Persistent/strengthened
K14520,Unplanted,2,1.874234266717554,0.7134061517752748,0.699363523145234,0.369854188814363,Gradual/incomplete
K14520,Tomato-planted,2,1.8713962175859802,0.6643929128869606,0.6495375030154172,0.62923965073533,Gradual/incomplete
K07654,Unplanted,23,2.42639962504896,0.9299022599263228,0.941467410261093,0.147388919098887,Rapid
K07654,Tomato-planted,23,2.592258155081112,0.9308384349810417,0.9409826608715993,0.496730701774562,Gradual/incomplete
K07319,Unplanted,2,1.2957236370268883,0.6222703099850028,0.7205122071708046,0.937728561271415,Gradual/incomplete
K07319,Tomato-planted,2,1.4781701066474429,0.6497055483842225,0.7110941150152444,0.807290621667361,Gradual/incomplete
K01197,Unplanted,8,3.3307956418301092,0.19198131791992057,0.17969541880755438,0.198785177521646,Rapid
K01197,Tomato-planted,8,4.062565374506624,0.1680555432490605,0.1617987186755973,0.254642485172082,Rapid
K09771,Unplanted,8,2.667882771046387,0.4550276189189165,0.4319208579534143,0.328421424015709,Gradual/incomplete
K09771,Tomato-planted,8,2.7839585472524404,0.4223862648942931,0.399874558208915,0.730732970734532,Gradual/incomplete
K13771,Unplanted,10,2.0565051742461664,0.0,0.03515474413582635,0.478476029475611,Gradual/incomplete
K13771,Tomato-planted,10,2.733902742914089,0.016416021512156487,0.06651730669341338,0.746918790614992,Gradual/incomplete
K18286,Unplanted,6,2.3128518087422467,0.8879681702044315,0.8927749735480294,0.242183875740835,Rapid
K18286,Tomato-planted,6,2.6949543802208,0.8436402108333322,0.858803346480738,0.431846240879291,Gradual/incomplete
K06042,Unplanted,5,1.0169726469145839,0.0,0.0,0.267264427798999,Rapid
K06042,Tomato-planted,5,1.3728570259911348,0.0,0.0,0.523405820361534,Gradual/incomplete
K13788,Unplanted,9,2.4403440989722878,0.3111712198506187,0.29504146299331757,0.190123160171702,Rapid
K13788,Tomato-planted,9,2.6776124502759755,0.3284607256992506,0.30524628129767517,0.663377043718139,Gradual/incomplete
K23366,Unplanted,2,0.4618370680345679,0.0,0.0,0.716089642318985,Gradual/incomplete
K23366,Tomato-planted,2,0.42776437459508065,0.0,0.0,0.780613599507063,Gradual/incomplete
K06617,Unplanted,5,0.2855802570040022,0.0,0.0,0.447076927439341,Rapid
K06617,Tomato-planted,5,0.3447848776770454,0.07970114329192048,0.07623025189206134,0.414846683224573,Gradual/incomplete
K12583,Unplanted,24,2.2452381321019983,0.8482695627677155,0.8578676312911315,0.474959163714384,Gradual/incomplete
K12583,Tomato-planted,24,2.341026309268309,0.8162149825094345,0.8369303410411544,0.757563073560733,Gradual/incomplete
K15579,Unplanted,6,0.47957946253387496,0.24823759869141804,0.228595278810666,0.277123755379534,Rapid
K15579,Tomato-planted,6,0.4722580261475554,0.579463368436658,0.49680348359188564,0.633262049908968,Gradual/incomplete
K06027,Unplanted,5,0.7702389076030424,0.0,0.0,0.716467831406946,Gradual/incomplete
K06027,Tomato-planted,5,0.8292083811808614,0.0,0.0,0.658274665154185,Gradual/incomplete
K02457,Unplanted,7,0.6134596015794016,0.8233507000400182,0.8124465259266769,0.417894295399313,Gradual/incomplete
K02457,Tomato-planted,7,0.7105849112426917,0.666107286604457,0.6593339486707149,0.614699265288581,Gradual/incomplete
K07710,Unplanted,4,0.3124344097681553,0.0,0.0,0.976897437409442,Persistent/strengthened
K07710,Tomato-planted,4,0.4025869105187976,0.0,0.0,1.11343293407229,Persistent/strengthened
K00595,Unplanted,6,3.3380765953244342,0.496063864313325,0.47344647812830687,0.451801655318225,Gradual/incomplete
K00595,Tomato-planted,6,3.915811872222379,0.46506410495771583,0.4455021176886259,0.409805407925837,Gradual/incomplete
K18675,Unplanted,4,0.3230127234416091,0.0,0.0,1.08791533428572,Persistent/strengthened
K18675,Tomato-planted,4,0.35990258063979297,0.14562915780235702,0.1377658568248867,0.900690664548972,Gradual/incomplete
K10240,Unplanted,10,2.8515286032463782,0.8186814432215522,0.7734222277995918,0.469935113392757,Gradual/incomplete
K10240,Tomato-planted,10,3.3431351134289615,0.7172908554095352,0.6924022367823721,0.802746986181201,Gradual/incomplete
K07393,Unplanted,6,1.8060588977968275,0.908000556081243,0.8431144934811579,0.333493796872107,Gradual/incomplete
K07393,Tomato-planted,6,2.0378763024215765,0.6220166295447513,0.6135755649640271,0.703007366215,Gradual/incomplete
K04073,Unplanted,9,2.2838534574525555,0.5321970070371032,0.5059933527862579,0.230692010904794,Rapid
K04073,Tomato-planted,9,2.3810847702110305,0.531168407544221,0.49478312978447647,0.462055751752097,Gradual/incomplete
K19267,Unplanted,27,2.188693455256473,0.9471571298700006,0.9111209854157595,0.393403885852081,Gradual/incomplete
K19267,Tomato-planted,27,2.2781188458641255,0.8703581070113773,0.8616629978984365,0.536068774167738,Gradual/incomplete
K17318,Unplanted,6,0.45063381067312525,0.0,0.0,0.713861731133352,Gradual/incomplete
K17318,Tomato-planted,6,0.6906595231126966,0.0,0.0,0.97892031087822,Persistent/strengthened
K01856,Unplanted,2,0.13110850344717245,0.0,0.0,0.270573762492435,Rapid
K01856,Tomato-planted,2,0.2218124074826625,0.0,0.0,0.206858948950105,Rapid
K02647,Unplanted,4,2.720182264507468,0.25770614650535933,0.25296371988065464,0.485631027902162,Gradual/incomplete
K02647,Tomato-planted,4,2.823369367772733,0.2590091112031947,0.251072101091909,0.650527754515692,Gradual/incomplete
K11939,Unplanted,20,2.5720194392079714,0.8388273091142451,0.813384345578172,0.088076777651807,Rapid
K11939,Tomato-planted,20,2.8445835189888333,0.8079922629070999,0.7834689808045366,0.333335844492005,Gradual/incomplete
K20273,Unplanted,14,2.57563384291423,0.9641631930394498,0.9208065633532128,0.349941035253059,Gradual/incomplete
K20273,Tomato-planted,14,2.636097406292514,0.9031189021429931,0.8611370171374656,0.686221689660077,Gradual/incomplete
K14727,Unplanted,9,2.6168961900226737,0.8092676813732018,0.7583572630576823,0.469340081670384,Overshoot/reversal
K14727,Tomato-planted,9,3.093796666891299,0.7354260058158149,0.6934383436479645,0.376126096689852,Rapid
K17108,Unplanted,6,1.9912486528106965,0.5806030420928889,0.6266236909771544,0.658255832432108,Overshoot/reversal
K17108,Tomato-planted,6,2.3071708981530326,0.700744562727952,0.7292711427896936,0.240281430236171,Rapid
K23988,Unplanted,15,2.4539418734183167,0.7287463520126248,0.7307883209267841,0.672648712142176,Gradual/incomplete
K23988,Tomato-planted,15,2.7788921096810997,0.7560530380061601,0.7521503071482596,0.532387023268315,Gradual/incomplete
K12339,Unplanted,9,1.1586626691601747,0.2769336179255759,0.4007688002517701,0.383896790509814,Gradual/incomplete
K12339,Tomato-planted,9,1.2671591710706838,0.47502271351863457,0.5270806272956046,0.743800089882268,Gradual/incomplete
K09749,Unplanted,2,0.09275704069014812,0.0,0.0,0.363156131796512,Overshoot/reversal
K09749,Tomato-planted,2,0.09287252749749568,0.0,0.0,0.453634354079141,Gradual/incomplete
K22694,Unplanted,3,0.7864463757663396,0.31059629445571874,0.223258135637138,0.444765031518751,Gradual/incomplete
K22694,Tomato-planted,3,0.7713800285408554,0.0710030137642654,0.049072132966014176,0.569950902901113,Gradual/incomplete
K21159,Unplanted,13,3.270792939710439,0.4925660305178065,0.4637102790155218,0.515893517813101,Gradual/incomplete
K21159,Tomato-planted,13,3.6723622752307055,0.422658382380504,0.40726170507812876,0.704614630663131,Gradual/incomplete
K07789,Unplanted,3,0.37197807930259164,0.0,0.0,1.06001526439747,Persistent/strengthened
K07789,Tomato-planted,3,0.3980688582601166,0.0,0.0,1.23925659365459,Persistent/strengthened
K06714,Unplanted,2,1.2902451540297526,0.0,0.08046845988720258,0.304027130553999,Rapid
K06714,Tomato-planted,2,1.675783571112718,0.0,0.14636853923169882,0.421682774770697,Gradual/incomplete
K06876,Unplanted,2,0.43646347191198154,0.0,0.0,0.408719681880305,Gradual/incomplete
K06876,Tomato-planted,2,0.5542880775140702,0.0,0.0,0.73152523878771,Gradual/incomplete
K01661,Unplanted,15,1.3512942003586281,0.5368848705923223,0.4686167586144705,0.77809598061812,Gradual/incomplete
K01661,Tomato-planted,15,1.2910858340762892,0.4087529441727952,0.3758137520581516,0.941157167305112,Gradual/incomplete
K11741,Unplanted,14,2.6394131396294935,0.3573765018144057,0.36286977764162875,0.687183074840257,Gradual/incomplete
K11741,Tomato-planted,14,2.8204035177471125,0.3251428496644036,0.3329223468532881,0.884485201202154,Gradual/incomplete
K00643,Unplanted,2,0.5280948979904008,0.4350175095983077,0.2900116730655385,1.22203023202706,Persistent/strengthened
K00643,Tomato-planted,2,0.46638269368619567,0.561809346151542,0.4533198098189162,1.67686351572005,Persistent/strengthened
K08153,Unplanted,18,2.430146607485423,0.9363204162719972,0.942152939310669,0.437825026486698,Gradual/incomplete
K08153,Tomato-planted,18,2.463878741548402,0.9619553798460307,0.9615913640373583,0.443138764509099,Gradual/incomplete
K16650,Unplanted,8,1.7267664455609153,0.6588943006899988,0.6546994826282719,0.937696969100072,Persistent/strengthened
K16650,Tomato-planted,8,1.8676760362031977,0.5870796862504775,0.6058931765426281,1.05189195219996,Persistent/strengthened
K01630,Unplanted,2,0.8890667325975885,0.0,0.18332458372213623,0.897842641772809,Gradual/incomplete
K01630,Tomato-planted,2,1.1585642258349478,0.0,0.12500581600236552,1.01342469581004,Persistent/strengthened
K07079,Unplanted,4,1.1259225230924044,0.37419983392917233,0.3520925838436529,0.305219343554942,Gradual/incomplete
K07079,Tomato-planted,4,1.1206984991320548,0.41167380631746237,0.3889935655368296,0.373035907165643,Gradual/incomplete
K02553,Unplanted,2,0.2602193772786118,0.0,0.0,0.63871306033004,Gradual/incomplete
K02553,Tomato-planted,2,0.3607196475032407,0.0,0.0,0.678249394668201,Gradual/incomplete
K02422,Unplanted,3,0.6107053726525886,0.0,0.0,0.464398022463226,Overshoot/reversal
K02422,Tomato-planted,3,0.7159178727447447,0.0,0.0,0.474806896511904,Overshoot/reversal
K09959,Unplanted,3,0.5111953594313491,0.0,0.0,0.651991862275424,Gradual/incomplete
K09959,Tomato-planted,3,0.6859447453900764,0.0,0.0,0.819206628790291,Gradual/incomplete
K04127,Unplanted,16,2.2236066697916197,0.9795167735724251,0.9400341848503482,0.499320052239083,Gradual/incomplete
K04127,Tomato-planted,16,2.1983662884606856,0.9753248737217461,0.9484920499113494,0.625383007210773,Gradual/incomplete
K03583,Unplanted,18,0.9845536584479163,0.6214286217758589,0.5421464687783929,0.773651564190809,Gradual/incomplete
K03583,Tomato-planted,18,1.0819150845339216,0.3419224896647026,0.32126907639569807,0.944194616596507,Gradual/incomplete
K02405,Unplanted,20,1.9919250514942122,0.9163904612291986,0.8641959959908742,0.159000814032166,Rapid
K02405,Tomato-planted,20,1.9829529733714186,0.8603235321316363,0.8114200024426035,0.263475791012608,Rapid
K10156,Unplanted,2,0.4465206472729706,0.0,0.0,0.660554987831018,Gradual/incomplete
K10156,Tomato-planted,2,0.7643916105311843,0.0,0.0,0.744138249840348,Gradual/incomplete
K14670,Unplanted,8,2.1986987371700124,0.7816482128432667,0.8334260871442997,0.277993794194174,Rapid
K14670,Tomato-planted,8,2.585958914298123,0.873046702445866,0.8956944168851321,0.574073247511599,Gradual/incomplete
K23356,Unplanted,6,2.925962577937753,0.845398377665868,0.7972006663242533,0.58273902064388,Gradual/incomplete
K23356,Tomato-planted,6,3.32931860123659,0.7265955958957252,0.698251972582699,0.728458522008641,Gradual/incomplete
K14274,Unplanted,7,2.6255426484928277,0.8801004919575727,0.8251606670628471,0.406009511702295,Gradual/incomplete
K14274,Tomato-planted,7,3.1219577066797877,0.8267099015444016,0.78156173168283,0.627596684915998,Gradual/incomplete
K17752,Unplanted,17,2.1556488257149904,0.389930071309599,0.43758335959377215,0.796833491800146,Gradual/incomplete
K17752,Tomato-planted,17,2.30740677476899,0.4196740902968391,0.4673635171042335,0.539310079204931,Gradual/incomplete
K06409,Unplanted,8,2.169312129250405,0.08603335077942122,0.13594539947866655,0.539847691339827,Gradual/incomplete
K06409,Tomato-planted,8,2.444005381157761,0.12048888880621196,0.15970638755868027,0.652871758273031,Gradual/incomplete
K15576,Unplanted,5,0.6302161487796805,0.0,0.1650589355686047,0.815836257103763,Gradual/incomplete
K15576,Tomato-planted,5,0.80316267539372,0.0,0.0528227462663168,1.61862190530091,Persistent/strengthened
K17623,Unplanted,2,0.2035584847034641,0.7465930455426188,0.538405545293169,0.303998580581884,Rapid
K17623,Tomato-planted,2,0.22129445168452233,0.2709140401654895,0.18307430577390119,0.648807225286787,Gradual/incomplete
K03790,Unplanted,26,2.129992840669402,0.7057965251723989,0.7191170284530909,0.180288791885674,Rapid
K03790,Tomato-planted,26,2.197657295133061,0.770085113299915,0.7790216718680881,0.537946696900386,Gradual/incomplete
K02418,Unplanted,5,0.7022029959521952,0.26417843356397014,0.3540399901361592,0.360415328849572,Overshoot/reversal
K02418,Tomato-planted,5,0.6699727260499044,0.7470910876292339,0.6634050892128844,0.300365663776831,Overshoot/reversal
K12953,Unplanted,2,0.9881291468244657,0.0,0.0,0.62981604959456,Gradual/incomplete
K12953,Tomato-planted,2,1.314405005977212,0.0,0.0,0.625529969046233,Gradual/incomplete
K18225,Unplanted,3,1.7927664762363684,0.7161889115697179,0.7494986631488211,0.513529835114384,Overshoot/reversal
K18225,Tomato-planted,3,1.8222457569436674,0.8621125638334636,0.8532606680822384,0.323450724454195,Overshoot/reversal
K11472,Unplanted,11,1.6898647450345043,0.5493341960357139,0.5554461785049676,0.0953536966889672,Rapid
K11472,Tomato-planted,11,1.7152732460193914,0.6546198751397023,0.6458563501269722,0.197045138141801,Rapid
K19702,Unplanted,16,2.5480392182699783,0.5558090649502004,0.5780704163132322,0.21545769531406,Rapid
K19702,Tomato-planted,16,2.7333016023469083,0.6195700623122159,0.6258966054606547,0.593829027920948,Gradual/incomplete
K15629,Unplanted,10,2.1515831956037577,0.5421915408006487,0.6094561658900242,0.717954224514121,Gradual/incomplete
K15629,Tomato-planted,10,2.3713246270385175,0.7661623692301812,0.7868847562056965,0.848909364296599,Gradual/incomplete
K05350,Unplanted,30,2.543088397410382,0.7143945675438491,0.7192482307172802,0.465798714905422,Gradual/incomplete
K05350,Tomato-planted,30,2.835972481580039,0.700756133117523,0.7055708808286972,0.677147559062087,Gradual/incomplete
K15891,Unplanted,4,1.9672114490287211,0.0,0.06123204887789245,0.322847608757496,Overshoot/reversal
K15891,Tomato-planted,4,2.6100116747705333,0.0,0.0986387495094238,0.468079133113533,Overshoot/reversal
K12542,Unplanted,4,0.6256969189816841,0.15771206138152755,0.10514137425435169,1.06768403310547,Persistent/strengthened
K12542,Tomato-planted,4,0.5502850125747552,0.10941914363859369,0.08998069423838256,1.02617365262455,Persistent/strengthened
K02919,Unplanted,17,2.2003641827968226,0.8635678554415213,0.8454983554889611,0.483857876432044,Gradual/incomplete
K02919,Tomato-planted,17,2.196364578697564,0.8097137922273406,0.8062136701938459,1.07307640466517,Persistent/strengthened
