"KO","Mode","Time_integrated_absolute_residual_7to70d","Absolute_residual_at_70d"
"K24017","Natural",0.409814991345262,0.248789717785377
"K24017","Plant",0.855918447867031,1.01032303837507
"K08352","Natural",1.1532279033847,1.44497140615584
"K08352","Plant",0.990117287059886,1.27794840220138
"K15733","Natural",0.701807714015529,0.416736985907345
"K15733","Plant",1.00377093527962,1.36096709748483
"K13316","Natural",0.452879451117307,0.432432674969521
"K13316","Plant",0.498619460259985,0.606538351709632
"K06898","Natural",0.306820340296514,0.150351254312576
"K06898","Plant",0.455321932218744,0.329374731030601
"K00693","Natural",0.265072533530844,0.309277789630892
"K00693","Plant",0.25614866815764,0.279733714551526
"K00076","Natural",0.685707122468867,0.592066675024778
"K00076","Plant",0.799155027499311,0.717607880982352
"K18593","Natural",0.988735960506502,1.89992034028557
"K18593","Plant",1.12704148211677,1.30775003417618
"K07536","Natural",0.445666525592167,0.247168540838227
"K07536","Plant",0.556626304318066,0.62824620219793
"K10548","Natural",0.670782534643334,0.789304468653591
"K10548","Plant",0.904191602316078,1.05032111465029
"K01218","Natural",0.501827542388428,0.52070035627246
"K01218","Plant",0.773684123359891,0.959926694559462
"K10117","Natural",0.736124266061273,0.749192452042966
"K10117","Plant",0.997022977484718,1.41864155565869
"K15468","Natural",0.379240345314015,0.110176955260907
"K15468","Plant",0.332808995252369,0.221137541494027
"K23980","Natural",0.365627863671914,1.01704100695385
"K23980","Plant",0.378173241127723,1.1181076385408
"K06518","Natural",0.279158187821464,0.154388548977661
"K06518","Plant",0.148394382760721,0.0463690931372682
"K06483","Natural",0.63720881824106,0.535650748937034
"K06483","Plant",0.763410904226506,1.44879934675236
"K01539","Natural",0.207659449674904,0.478894194025531
"K01539","Plant",0.310192939584617,0.177763432108503
"K13498","Natural",1.20460121770344,0.517357425024207
"K13498","Plant",1.30162613587026,1.37965352937057
"K06436","Natural",0.506692651257459,0.679971378461358
"K06436","Plant",0.947334801421314,0.90407515645758
"K10111","Natural",1.57038212597007,0.819750517912106
"K10111","Plant",2.25180778307909,2.31598430752314
"K09943","Natural",1.10736909184659,0.735815069089483
"K09943","Plant",0.634265880453922,0.73899475649578
"K17331","Natural",0.286311884363402,0.501382289991853
"K17331","Plant",0.173115333939292,0.436379032396772
"K01302","Natural",0.88389063128295,0.919574972172899
"K01302","Plant",0.918460236862507,0.512726730052671
"K00172","Natural",1.71011269408963,1.72834432571575
"K00172","Plant",1.55765750658538,1.37771805836421
"K11106","Natural",1.77956871146608,1.75621603036734
"K11106","Plant",1.93146138267002,2.08966804287264
"K01896","Natural",0.486545772460262,0.463031790715044
"K01896","Plant",0.451988896025108,0.266890865835639
"K07465","Natural",0.86416309043953,0.305384575590289
"K07465","Plant",0.29976275352359,0.265598602204918
"K14629","Natural",0.717956647562113,0.365381115699797
"K14629","Plant",1.03530830200951,0.78735638222411
"K13931","Natural",0.499973528667803,0.297640923399648
"K13931","Plant",0.607391056273745,0.768480741516175
"K02008","Natural",0.271434855024525,0.428966195303474
"K02008","Plant",0.632473691356317,1.09210069127424
"K06438","Natural",0.423701584288687,0.314520901288318
"K06438","Plant",0.38460284464892,0.411890719714082
"K12444","Natural",1.40594413173069,0.548716804015651
"K12444","Plant",1.48914841899672,1.02248294601969
"K21337","Natural",1.33450090650761,1.25173805928175
"K21337","Plant",1.29568717540998,1.61908898096365
"K03693","Natural",0.334512051871666,0.504409036700926
"K03693","Plant",0.246129419510418,0.288335623722517
"K18429","Natural",0.250267144026625,0.0192075499405677
"K18429","Plant",0.232176883229889,0.399601808486465
"K01616","Natural",1.26142735690765,1.03068418894578
"K01616","Plant",1.39988055334145,1.11273528200229
"K15782","Natural",0.491691846859769,0.745398574962855
"K15782","Plant",0.60902965669244,0.00466708541345331
"K22215","Natural",0.461787068228825,0.165306286148487
"K22215","Plant",0.413601769752074,0.752217592493881
"K06904","Natural",0.685178558897622,0.672872754481885
"K06904","Plant",0.638656912088413,0.545970452123001
"K04044","Natural",0.564174936948742,0.371050851849691
"K04044","Plant",0.831359682392906,1.56991300274366
"K23508","Natural",0.563228848847544,1.17064433599376
"K23508","Plant",0.314140129192456,0.686151966643803
"K01233","Natural",0.596571315605951,0.437120478833704
"K01233","Plant",0.794237107106804,0.483367159693051
"K21993","Natural",0.444913422359489,0.113892216521817
"K21993","Plant",0.665726351919467,0.748990276279617
"K06720","Natural",0.317032600788079,0.0956287350737528
"K06720","Plant",0.399733067136374,0.28102479801548
"K21571","Natural",0.464470961771718,0.382579413959127
"K21571","Plant",0.282798946973087,0.0405140112406837
"K07224","Natural",0.264439076066729,0.192663415996596
"K07224","Plant",0.568289317347572,0.684846047681893
"K02082","Natural",0.91679261092633,1.02421747074257
"K02082","Plant",1.0135019158847,0.437806340357612
"K20533","Natural",1.02859697422189,0.995626512012666
"K20533","Plant",0.783371785084815,1.07874605866195
"K08086","Natural",0.506414473337259,0.184942585510663
"K08086","Plant",1.20795964374555,1.62442209496862
"K06218","Natural",0.17525780731432,0.187192466674378
"K06218","Plant",0.153060444194538,0.375410694475887
"K17836","Natural",0.862860888437981,0.523913271717816
"K17836","Plant",1.13507958069362,1.12895886597861
"K17320","Natural",0.759034507398231,0.710590745103827
"K17320","Plant",0.874359039135525,0.837743616208075
"K13592","Natural",0.724742124337692,0.184535348993393
"K13592","Plant",1.02067982464041,0.79221788086135
"K02554","Natural",0.106519210992331,0.136637205943286
"K02554","Plant",0.222862971908242,0.148261019294816
"K22129","Natural",0.336094757160264,0.374378655360873
"K22129","Plant",0.161568019798946,0.201452694114062
"K03426","Natural",0.329849905184255,0.0286004058964236
"K03426","Plant",0.77545571911232,0.776727498897969
"K03480","Natural",0.297412336704469,0
"K03480","Plant",0.472002909771447,0.467427439994752
"K22476","Natural",0.258787935910352,0.152323485051824
"K22476","Plant",0.502558763091247,0.648539343517605
"K13283","Natural",0.911844574985866,0.427637127673528
"K13283","Plant",1.30037301169083,1.13812340592099
"K01183","Natural",0.331397832600889,0.39346365273597
"K01183","Plant",0.632564942553179,0.781532410870606
"K05601","Natural",0.477969490634339,0.00352431303979554
"K05601","Plant",0.300915606962874,0.191266167777206
"K10525","Natural",0.586218294010142,0.349427495888336
"K10525","Plant",0.726898140049438,0.322305294387718
"K18197","Natural",0.182064576363137,0.114786524535145
"K18197","Plant",0.129847090306147,0.0197073049623476
"K10219","Natural",0.778711627908488,0.313372017244427
"K10219","Plant",1.15475668740998,1.34762098131992
"K02475","Natural",0.72603362375442,1.34944206645126
"K02475","Plant",0.645851471858453,1.19520065543081
"K10037","Natural",0.347124033898807,0.197816921850849
"K10037","Plant",0.461934143079372,0.128331550996461
"K21008","Natural",0.346908116809371,0.527147023560845
"K21008","Plant",0.334900009075112,0.360997807595197
"K22343","Natural",0.227867425701992,0
"K22343","Plant",0.383129498518706,0.412602577893257
"K11989","Natural",0.245220561647978,0.0676705393183834
"K11989","Plant",0.193413367191753,0.0292408371906732
"K20480","Natural",0.21454549547466,0.33076723995014
"K20480","Plant",0.468636932456765,0.439332577515759
"K11616","Natural",0.274781826157775,0.511873875198111
"K11616","Plant",0.391578378276783,0.27559641991907
"K08168","Natural",0.896609434405964,0.719904782040126
"K08168","Plant",1.03722953925639,0.823888207968551
"K03394","Natural",0.580222210918024,0.35651438438898
"K03394","Plant",0.754075639493027,0.765173117554809
"K01095","Natural",0.440777879564179,0.248088554297149
"K01095","Plant",0.659477055180828,0.437315863100835
"K18199","Natural",0.794977213235025,0.608475405423482
"K18199","Plant",0.994085739664023,1.05874057796726
"K03332","Natural",0.324993597899996,0.033452033736071
"K03332","Plant",0.738027040205049,1.33795296083363
"K09693","Natural",0.509228755612162,0.423696666937078
"K09693","Plant",0.66185313644147,0.756050418640251
"K23556","Natural",0.498342199083156,0.568370868204613
"K23556","Plant",0.383633895170524,0.426730603899797
"K21308","Natural",0.625639641597678,0.773224676077446
"K21308","Plant",0.820525200373761,1.5257855749788
"K06382","Natural",0.366581445183876,0.557901782316154
"K06382","Plant",0.456804967813432,0.473978433035678
"K00271","Natural",0.121903960742233,0.119448724131641
"K00271","Plant",0.425569958526645,0.756323363028687
"K14337","Natural",0.79612615766416,0.285867351278324
"K14337","Plant",0.869902068246585,0.657169894383804
"K10541","Natural",0.295508306358637,0
"K10541","Plant",0.270484035720629,0.441143241562056
"K06312","Natural",0.520427169259938,0.539832762785713
"K06312","Plant",0.416848031685524,0.131415059475796
"K03152","Natural",0.439529472078981,0.190501116837858
"K03152","Plant",0.488886898449265,0.0806904403853554
"K01941","Natural",0.561935154887689,0.316800132430173
"K01941","Plant",0.85043637570885,0.348996828672126
"K01308","Natural",0.400036945341691,0.182600338443891
"K01308","Plant",0.262201382042659,0.662272374472029
"K06401","Natural",0.232798890824594,0.194700321529011
"K06401","Plant",0.137407312297068,0.158268043513112
"K22112","Natural",0.613466755917716,0.595902218098461
"K22112","Plant",0.722713763036784,0.944015421845332
"K23359","Natural",0.824094761543637,0.380390355304075
"K23359","Plant",1.03264563763885,1.01445711035658
"K15719","Natural",0.443087783152464,0.122923031022565
"K15719","Plant",0.483989677898516,1.14603385501597
"K22293","Natural",0.453915820975617,0.317771712291373
"K22293","Plant",0.894320248713808,0.708970940060966
"K20265","Natural",0.283472267492976,0.00397816847336022
"K20265","Plant",0.59638284445945,0.166707143215089
"K06944","Natural",1.51706331000068,2.04661390705031
"K06944","Plant",1.7971157085838,1.9445741655438
"K19242","Natural",0.244151428527885,0.662673541919049
"K19242","Plant",0.224395912514362,0.046470205847151
"K10800","Natural",0.49286771196059,0.554804711488335
"K10800","Plant",0.904093366710909,0.286780964554958
"K22757","Natural",0.459878711758033,0.294170193924273
"K22757","Plant",0.508944933865437,0.0491905559828071
"K08167","Natural",0.178910326469939,0.459191544975821
"K08167","Plant",0.363056897129863,0.558702320522521
"K17203","Natural",0.710362902466741,0.606567020498299
"K17203","Plant",1.22116869966161,1.16432451454685
"K15640","Natural",0.758978779365321,1.65965556147591
"K15640","Plant",0.669978492331144,0.520642215552738
"K22551","Natural",0.276918729813708,0.240140050156596
"K22551","Plant",0.292994649127096,0.0307802984192097
"K16885","Natural",2.21707671362882,1.995948993161
"K16885","Plant",2.58965630381277,3.38764017063135
"K07051","Natural",0.444489222017506,0.280683142477786
"K07051","Plant",0.730179279779765,0.891224992044228
"K10009","Natural",0.476314970403102,0.131669941742599
"K10009","Plant",0.999727352919443,0.906798784201371
"K00875","Natural",0.885480817192053,0.472415856263318
"K00875","Plant",1.03523379529076,0.458347771378712
"K09136","Natural",0.580645011773355,0.352043483025095
"K09136","Plant",0.793847204613381,0.824642148799037
"K08221","Natural",0.204424057821105,0.305022206138488
"K08221","Plant",0.617698371758437,0.681663352075799
"K06169","Natural",0.459645042901956,0.813899800331296
"K06169","Plant",0.230357311155849,0.586191477824193
"K23301","Natural",1.54140785102256,1.90057324468947
"K23301","Plant",1.50185655415068,1.6824335246433
"K14253","Natural",0.774361959010517,0.441376410277379
"K14253","Plant",0.855619991549854,0.810584295786925
"K20532","Natural",0.939263245308465,0.617499002083096
"K20532","Plant",0.744576123391174,0.706731425186579
"K08159","Natural",0.714124748544383,0.602806831721146
"K08159","Plant",0.97441750833187,0.805974483571373
"K13063","Natural",0.115132174535023,0.0954422299327079
"K13063","Plant",0.508054524478172,0.980830795709256
"K20975","Natural",0.760276777254363,0.688661614825302
"K20975","Plant",1.11877295391355,0.463628908781104
"K22103","Natural",0.438132393567168,0.150027427869426
"K22103","Plant",0.546241877417228,0.334797592096154
"K02073","Natural",0.807341138126893,0.460585210105468
"K02073","Plant",0.757084231328505,1.12051245498909
"K19540","Natural",0.378785512623683,0.499678016450087
"K19540","Plant",0.406643035958666,0.574707071049445
"K23367","Natural",0.692779341575616,0.54607007945845
"K23367","Plant",0.905655197720074,1.00977963247208
"K08988","Natural",1.33769927231767,0.874381336172405
"K08988","Plant",1.61770255755652,1.46788353897908
"K02451","Natural",0.587160545138153,0.143162132937172
"K02451","Plant",0.951598313908478,1.38120529195632
"K02663","Natural",0.600326516298593,0.457954374931509
"K02663","Plant",0.853197468876647,1.16402322430568
"K01312","Natural",0.655948616851483,0.227377568850606
"K01312","Plant",0.302350183006297,0.415331542908692
"K21613","Natural",0.2199895403606,0.645154013729915
"K21613","Plant",0.274200037698104,0.116281530776463
"K00972","Natural",0.12801535191228,0.116597441219562
"K00972","Plant",0.395557914026352,0.539406589602478
"K09976","Natural",0.0579619581457272,0
"K09976","Plant",0.188014550877967,0.203752678683266
"K11630","Natural",0.203580970798543,0.212238289987447
"K11630","Plant",0.19997121779377,0.191570206476755
"K03606","Natural",0.743920149984606,0.251989113565487
"K03606","Plant",1.12362551369803,1.0948995578464
"K00938","Natural",0.346935712556036,0.625321126963418
"K00938","Plant",0.418399514638513,0.486606215635251
"K18353","Natural",0.658598599596673,0.738694526135347
"K18353","Plant",0.758910681503839,0.967427267848
"K18907","Natural",0.158679411880016,0.031143829285522
"K18907","Plant",0.198248655648478,0.230774298660044
"K16359","Natural",0.798695463786566,0.939434775177755
"K16359","Plant",0.930056568955295,0.927855002134034
"K16647","Natural",0.531092357583614,0.394946817171401
"K16647","Plant",0.511239285362282,0.40788909190218
"K07258","Natural",0.217274468437111,0.0975095424280963
"K07258","Plant",0.487030667701181,0.486515540262861
"K17947","Natural",0.805504127437187,0.780865310327661
"K17947","Plant",0.947498724714548,0.865469487943242
"K21935","Natural",0.223471996879927,0.199896334030886
"K21935","Plant",0.257545106635517,0.355889941575223
"K12506","Natural",0.586298971139518,0.161311316188542
"K12506","Plant",0.888786239900224,1.1066048363428
"K03093","Natural",0.263616978618241,0.441587148239561
"K03093","Plant",0.417594890027135,0.987967717548071
"K21393","Natural",0.253727560453141,0.202930585627618
"K21393","Plant",0.443591940540188,0.482290857414295
"K11896","Natural",0.527883263866161,0.488243972887283
"K11896","Plant",0.49855582966506,0.361891100295446
"K16901","Natural",0.271529354131172,0.731480812012903
"K16901","Plant",0.499074048496365,0.625922418324011
"K12429","Natural",0.631157155347778,0.658307883821903
"K12429","Plant",0.955550529387358,1.20035164821551
"K22822","Natural",0.550483798346283,0.373599114125756
"K22822","Plant",0.71712537783941,0.24458214266106
"K02027","Natural",0.299640380945508,0.21111299862984
"K02027","Plant",0.586677063945376,0.767839806453601
"K03563","Natural",0.196330005449846,0.0733606479415792
"K03563","Plant",0.145561122616981,0.118445659836653
"K22447","Natural",0.870014490888187,1.36376648844041
"K22447","Plant",1.06733816133256,0.862880884383192
"K11901","Natural",0.374087325548328,0.103029137563547
"K11901","Plant",0.530174230121705,0.534457692327305
"K12979","Natural",1.30175168553647,1.26453899900373
"K12979","Plant",1.20034339580762,1.4146235533132
"K00880","Natural",0.888224012533694,0.892501066394971
"K00880","Plant",0.843657338653822,1.00934189439358
"K06136","Natural",0.505605735206872,0.240384797033348
"K06136","Plant",0.990280684360198,0.946494407045496
"K10241","Natural",0.531280875700459,0.562562613607501
"K10241","Plant",0.768821698588508,0.892707919870268
"K18567","Natural",0.198655802400659,0.480515747357903
"K18567","Plant",0.407952829521165,0.460647942121959
"K06308","Natural",0.46589869895189,0.125560496917418
"K06308","Plant",0.527808376918914,0.632445388313954
"K07228","Natural",0.391905700659002,0.288350147646021
"K07228","Plant",0.653794105743561,0.883137441211964
"K01027","Natural",0.232199769999159,0.619754897213579
"K01027","Plant",0.808895082745564,1.07021096609629
"K10622","Natural",0.168258444847505,0.0732042710592458
"K10622","Plant",0.550845094789994,0.013629475268836
"K18013","Natural",0.151529516097553,0.0448772941250894
"K18013","Plant",0.209749229475241,0.285455452869859
"K21138","Natural",1.03896752080765,1.04681976095702
"K21138","Plant",0.904337058804658,0.854834937548034
"K13533","Natural",0.137498570990332,0.0102107228160324
"K13533","Plant",0.106213602964784,0.114606670328982
"K09936","Natural",0.450253515818308,0.339101687636625
"K09936","Plant",0.720249241045535,0.746901521367636
"K07778","Natural",0.231424147931297,0.102416708156166
"K07778","Plant",0.579382037175259,0.790337765677032
"K22719","Natural",0.345309953264103,0.261390267270869
"K22719","Plant",0.916532047396516,0.303862942813124
"K21209","Natural",1.14989780923913,1.77835335124186
"K21209","Plant",2.25385662444079,1.32406789984982
"K11614","Natural",0.411209780341072,0.517614031849786
"K11614","Plant",0.497285069130518,0.412897382431951
"K19200","Natural",0.391895099560026,0.0783514826920056
"K19200","Plant",0.281181601277515,0.192720292192602
"K14671","Natural",0.453966464998863,0.325477097111673
"K14671","Plant",0.691106518068823,0.920978721572911
"K12449","Natural",0.665705141615232,0.481257155059617
"K12449","Plant",0.793040492528108,0.056731716480383
"K12955","Natural",0.103559899715592,0.020718557682819
"K12955","Plant",0.288198302555265,0.645943963563999
"K06214","Natural",1.53859372512355,1.13306947477766
"K06214","Plant",2.05207026155309,1.94599317145616
"K02243","Natural",0.243398922316753,0.353010969830593
"K02243","Plant",0.387361332680301,0.511996083571451
"K09681","Natural",0.199887708636537,0.881814324858868
"K09681","Plant",0.250596630242967,0.500182562300716
"K21887","Natural",1.06236305665055,1.83605358497389
"K21887","Plant",1.14137251085106,1.70288644119859
"K04115","Natural",1.88168278294864,2.2114119164732
"K04115","Plant",2.11216472100128,2.44119377037799
"K09158","Natural",0.521146516830247,0.146867688282115
"K09158","Plant",0.566583276998839,0.543998685624468
"K21273","Natural",0.267519824619978,0.0940563095927857
"K21273","Plant",0.430865312531203,0.855568962098028
"K00594","Natural",0.606630875580355,0.481118851331407
"K00594","Plant",0.785148713559315,0.921706769541058
"K02689","Natural",2.14821458855711,2.26697131630139
"K02689","Plant",1.08211211191823,1.18545776487095
"K03090","Natural",0.384165583664512,0.307138629337395
"K03090","Plant",0.787057310590288,1.24804139989091
"K10001","Natural",0.82997490629371,0.674435180716361
"K10001","Plant",0.800792165272686,1.0742636778523
"K23385","Natural",0.920936447220077,1.32811272868075
"K23385","Plant",0.544548102491401,0.587878305304174
"K07321","Natural",0.441920552670896,0.477159378711259
"K07321","Plant",0.866170841315438,0.622242970712027
"K23825","Natural",0.848383730676654,0.767443006312068
"K23825","Plant",0.958391639032618,1.06766328957766
"K03234","Natural",0.358315343369051,0.108581945175797
"K03234","Plant",0.54235351346377,0.583931537365442
"K13875","Natural",0.80362126858118,0.475546915651266
"K13875","Plant",1.08762736200768,1.25875596202048
"K16213","Natural",0.240680167197326,0.121832291872189
"K16213","Plant",0.194432520422469,0.207545389627001
"K13633","Natural",0.604499711138369,0.331948331482243
"K13633","Plant",0.899524949583807,0.961504871441075
"K18482","Natural",1.17475899289954,0.855610350443426
"K18482","Plant",1.61413344599807,1.74250372084576
"K18220","Natural",0.277608323875466,0.224826628363438
"K18220","Plant",0.43804903728689,1.05617218611507
"K14647","Natural",0.316788255638687,0.684180058895889
"K14647","Plant",0.370026502815184,0.410896356094518
"K06967","Natural",0.457989501638022,0.278465674408346
"K06967","Plant",0.451845015166213,0.0799945846164516
"K18297","Natural",0.564028013547239,0.7887277377261
"K18297","Plant",0.428240149308447,0.474621521174127
"K07792","Natural",1.32223838852563,1.33255459763931
"K07792","Plant",1.40190880008966,1.35039205629139
"K01014","Natural",0.356930514367687,0.234123493176437
"K01014","Plant",0.497109761026799,0.369408162986682
"K13794","Natural",0.256037068885018,0.396788250013583
"K13794","Plant",0.436266504769745,0.49222779464088
"K17716","Natural",0.546175263198805,0.147090178337311
"K17716","Plant",0.749576117977005,0.586977372149732
"K10697","Natural",0.509033896776862,1.22250414727037
"K10697","Plant",0.365206370563436,0.537679591389272
"K01086","Natural",0.244244578300028,0.287373326437937
"K01086","Plant",0.54210356153233,0.361154155377761
"K16567","Natural",1.74026324722146,1.20025129732452
"K16567","Plant",2.13089249439501,2.36554828318796
"K06957","Natural",0.673756130227802,0.460965808058056
"K06957","Plant",1.0408754576262,0.0537406242981827
"K08372","Natural",0.118917903954623,0.12542990055609
"K08372","Plant",0.457683333135847,0.83027103468737
"K21136","Natural",0.504254846779706,0.451671950051913
"K21136","Plant",0.341568664862642,0.761635128346577
"K23509","Natural",0.414198051157762,0.637570192028099
"K23509","Plant",0.616459122871044,0.527604475417966
"K22033","Natural",0.317307402143083,0.14857600877111
"K22033","Plant",0.680721158872303,0.745998840402303
"K10011","Natural",1.03049262630078,0.802186949157865
"K10011","Plant",1.74325672964107,2.10737632278029
"K03048","Natural",0.403231151945578,0.557315747011101
"K03048","Plant",0.487143754415259,0.209415716293077
"K04618","Natural",1.07150192669973,0.642796171225836
"K04618","Plant",1.78083625693355,1.83786003318032
"K14155","Natural",0.370925435657226,0.297377943809917
"K14155","Plant",0.525791800306207,0.629610895307352
"K03414","Natural",0.379280767134758,0.400653521496523
"K03414","Plant",0.667951277250907,0.238571840228746
"K21378","Natural",1.39850305872535,0.967093453008841
"K21378","Plant",1.19940313575049,0.535877847057317
"K00720","Natural",0.968507423534795,0.982704287969637
"K00720","Plant",0.710520652403896,0.755986884112449
"K18553","Natural",0.206731882501561,0.141706016204017
"K18553","Plant",0.538708028278861,1.13457945560902
"K21601","Natural",0.229325093638871,0.305078902908777
"K21601","Plant",0.258031467587346,0
"K06394","Natural",0.386448315500591,0.434103868528792
"K06394","Plant",0.341882383411774,0.109907230124322
"K11407","Natural",0.668775108482834,1.28316825107768
"K11407","Plant",0.742790936109984,0.561870715765559
"K03528","Natural",0.558443377250231,0.380048045218713
"K03528","Plant",0.830266392920625,1.35419178830388
"K12538","Natural",0.847520256706545,0.842716082624497
"K12538","Plant",0.764429703312178,0.529030513447491
"K18234","Natural",0.635809781500316,0.663381569426921
"K18234","Plant",0.773177092372354,0.7926910454089
"K03457","Natural",0.180202921966796,0.0300215316470382
"K03457","Plant",0.246067153309272,0.199124221536857
"K06177","Natural",0.968698520703558,0.610360913865053
"K06177","Plant",1.11832936126255,1.05667741097957
"K02706","Natural",1.53837004065248,1.82925096594561
"K02706","Plant",0.389806657346754,0.407574217332076
"K22723","Natural",0.496577351165586,0.265516220294263
"K22723","Plant",0.385580956112438,0.106767412656771
"K07517","Natural",0.172375484860697,0.365341867822152
"K07517","Plant",0.308243908860159,0.0717060246097339
"K21284","Natural",0.416072858832392,0.378136536659319
"K21284","Plant",0.722750263200367,1.08003869673545
"K06447","Natural",0.882461224174073,0.647978631371163
"K06447","Plant",1.26415327205651,1.26062127105328
"K02230","Natural",0.230465630010005,0.298764389466138
"K02230","Plant",0.359415727990737,0.570812127305105
"K04788","Natural",0.64642624095336,1.11592171496738
"K04788","Plant",0.683203792749458,0.991434756061485
"K13892","Natural",1.54432361332524,1.73859144478525
"K13892","Plant",1.35927402474759,1.77004567942589
"K02079","Natural",0.682019188003911,0.832682202139862
"K02079","Plant",0.655052883667191,1.76062294453363
"K07068","Natural",0.979767084241418,1.09099577240451
"K07068","Plant",1.15006974097381,1.25189590506426
"K09685","Natural",0.25674542559125,0.395528107477664
"K09685","Plant",0.367751453410303,0.288727444017175
"K06919","Natural",0.783944769405989,0.711752508872467
"K06919","Plant",0.789618371406729,0.764856761878413
"K01155","Natural",0.229060406724443,0.243488799298697
"K01155","Plant",0.133579121747007,0.116472642414474
"K17662","Natural",0.948990481425032,0.575985474093333
"K17662","Plant",1.39142333775513,1.37891534468091
"K21163","Natural",0.28109115802733,0.141627490278202
"K21163","Plant",0.449247902711015,0.535553817746557
"K00840","Natural",1.53766823662092,1.74645184974828
"K00840","Plant",1.66365084809591,1.60900064254314
"K18240","Natural",1.00296957044325,0.696012572724773
"K18240","Plant",0.853798910657188,1.70598817963882
"K11391","Natural",0.729634060375518,0.500774083976448
"K11391","Plant",0.655199402267948,0.776974131235322
"K07791","Natural",1.66466821780047,1.81344868232968
"K07791","Plant",1.50334954784028,1.74243807583681
"K00537","Natural",0.606939189796895,0.0723483822433848
"K00537","Plant",0.992362339832418,1.04774928072644
"K07169","Natural",2.03269835452416,1.85741837177473
"K07169","Plant",1.40753859896709,1.77721244647886
"K14251","Natural",0.641525039572571,1.37313003093588
"K14251","Plant",0.703331259246269,0.888267749859343
"K01046","Natural",0.565073612002851,0.589456394990212
"K01046","Plant",0.651688641282172,0.470432182228721
"K19668","Natural",0.180107445309071,0.419232048206978
"K19668","Plant",0.178452241158912,0.389587238572974
"K11987","Natural",0.598637325081376,0.493861342578669
"K11987","Plant",0.649316614546459,0.595018753047825
"K08484","Natural",0.934209083285823,0.536467444586262
"K08484","Plant",1.04649861981774,0.681881537771508
"K00156","Natural",0.447664761224627,0.362272543062008
"K00156","Plant",0.6048167575489,0.730675930260205
"K09801","Natural",0.616381678455214,0.120131154207581
"K09801","Plant",0.465275495660113,0.879216578630344
"K21514","Natural",0.526458437712226,0.390759753044063
"K21514","Plant",0.702419225525166,0.773722899273876
"K19126","Natural",0.353439129436798,0.218397208693474
"K19126","Plant",0.889276488973679,1.04161485736921
"K05782","Natural",0.19936706237713,0.36543724268557
"K05782","Plant",0.276689050070597,0.0982596212410035
"K15983","Natural",0.53359446560976,0.302632232473365
"K15983","Plant",0.862220713128797,0.5895034428683
"K13010","Natural",0.107175499763451,0.334774832138672
"K13010","Plant",0.283636216036228,0.40740658906648
"K06383","Natural",0.281363790696108,0.4346931692877
"K06383","Plant",0.323297512164231,0.448914647661516
"K09929","Natural",0.908681678875055,1.24580763491057
"K09929","Plant",0.852386032698283,1.15709332402583
"K01493","Natural",0.93054989747167,1.02218290593753
"K01493","Plant",0.820151689634619,0.674924927153131
"K21619","Natural",0.952932905483464,0.89952404208509
"K21619","Plant",0.950509119110191,1.27731062447288
"K04092","Natural",0.367745265125381,0.402966300244877
"K04092","Plant",0.705211743594544,1.16591290946079
"K22322","Natural",0.3452730426771,0.0521461333367346
"K22322","Plant",0.534876607527978,0.97375562749689
"K05996","Natural",0.250726475659152,0.167534249824928
"K05996","Plant",0.616714676166879,0.823982359000809
"K20500","Natural",0.872274132781727,0.540809742179838
"K20500","Plant",1.0283229141667,1.06754693429892
"K21193","Natural",2.19447722552129,1.91584979473459
"K21193","Plant",1.94588224482263,1.69307307088064
"K12420","Natural",0.774927635890128,0.877287690882398
"K12420","Plant",0.770971809060958,0.614305904246774
"K22502","Natural",0.783804522589123,0.637555064053181
"K22502","Plant",0.914190619129451,0.856894676947924
"K02351","Natural",0.231770565981525,0.0671215266068385
"K02351","Plant",0.329243905630568,0.709926951304637
"K11159","Natural",0.925749929350134,0.960804237178517
"K11159","Plant",1.5860349517794,1.19984465845386
"K11897","Natural",0.29025090803167,0.360722844592784
"K11897","Plant",0.295907248097414,0.522755975438698
"K11532","Natural",0.911328261340496,0.315932279705754
"K11532","Plant",1.51324698465291,1.35645478847894
"K02844","Natural",0.537808696110172,0.289506583310718
"K02844","Plant",0.82661924119842,1.38160333886949
"K20866","Natural",0.221726101597959,0.281651162468944
"K20866","Plant",0.311296329281498,0.412199771745156
"K07177","Natural",0.869860541333505,0.95415070823764
"K07177","Plant",0.215756845825134,0.496456734753783
"K07652","Natural",0.501405395858117,0.118188477675584
"K07652","Plant",0.547980280795022,0.560384385977849
"K21961","Natural",0.719149297544496,0.518989115120731
"K21961","Plant",1.04248029484486,1.08080820143011
"K06864","Natural",0.104915579083971,0.150918083363694
"K06864","Plant",0.296004431007777,0.0983641398717993
"K08222","Natural",0.695214759687407,0.703462292038177
"K08222","Plant",0.587386679338245,0.630452633968814
"K11900","Natural",0.404161139820528,0.400501301490822
"K11900","Plant",0.476348996356959,0.140033979842071
"K09758","Natural",1.68710400573373,1.38242082826499
"K09758","Plant",2.21003517658474,1.82958698507965
"K19563","Natural",0.155804053792976,0.460208926202827
"K19563","Plant",0.246587401796938,0.132710201077958
"K08260","Natural",0.681246241717354,0.737957319014935
"K08260","Plant",0.87856073977383,0.85992075096041
"K11474","Natural",0.207628684862114,0.052742553285762
"K11474","Plant",0.362236193951487,0.46812335825465
"K10006","Natural",0.204190316215882,0.125255064355133
"K10006","Plant",0.444622465711044,0.748748966177699
"K11738","Natural",0.594221957803615,0.565918891783513
"K11738","Plant",0.815903538643738,1.05340111490843
"K08365","Natural",1.0759206563246,0.106567684399141
"K08365","Plant",1.801023152784,1.20600526156967
"K10217","Natural",0.214995411011024,0.23513977095034
"K10217","Plant",0.457483203681481,0.547115812984167
"K15916","Natural",0.407173799406249,0.391365331782323
"K15916","Plant",0.784576678516147,1.13669063245987
"K07034","Natural",0.277616043880223,0.436841668305318
"K07034","Plant",0.48837476614523,0.742336124480754
"K03207","Natural",0.390543213068268,0.5186681963129
"K03207","Plant",0.132592994691277,0.0137034020923213
"K23107","Natural",0.255093317398587,0.184705357471046
"K23107","Plant",0.550874624861934,0.538922827447944
"K02244","Natural",0.478942436887456,0.54267364198023
"K02244","Plant",0.266400829336697,0.341764001291097
"K07722","Natural",0.982380047286729,0.606216629862312
"K07722","Plant",1.07033157960754,1.70216554791371
"K06012","Natural",0.2520876118811,0.413080669334218
"K06012","Plant",0.343505157732718,0.490869087311298
"K22705","Natural",1.27296028753518,1.21074154280158
"K22705","Plant",0.75767296060684,1.0624223668655
"K23548","Natural",0.233201160240127,0.538886130184512
"K23548","Plant",0.449310319762557,0.0373444738539472
"K00511","Natural",0.516736448623216,0.338793098540327
"K00511","Plant",0.492020643040016,0.191658605192919
"K17993","Natural",1.10682238867096,1.02328671684676
"K17993","Plant",1.20380770348633,0.857552554933438
"K05823","Natural",0.961550309292731,1.15632078192269
"K05823","Plant",0.873645990991621,0.923792754304671
"K04483","Natural",0.615040238039759,1.08946370320355
"K04483","Plant",0.637546862368995,0.308067046330653
"K09967","Natural",0.607626920084473,0.0254179180194869
"K09967","Plant",1.14116811815498,0.9464375151836
"K00899","Natural",0.6322819300925,0.389411235669889
"K00899","Plant",0.6651939447971,0.99131111054393
"K01809","Natural",0.452467297475008,0.481790591834418
"K01809","Plant",0.84531509955367,1.207414373405
"K21251","Natural",0.889838795417439,0.633176196317917
"K21251","Plant",0.516040199116412,0.884029269090944
"K18244","Natural",2.45831514982424,1.32998210565014
"K18244","Plant",2.55396896176426,1.8791302094391
"K21332","Natural",1.13613648850963,0.966160640413912
"K21332","Plant",1.44297051629564,1.25633333867483
"K00216","Natural",1.03642709789654,1.27055409848276
"K00216","Plant",0.583118602723189,0.108082923237483
"K11632","Natural",0.289787956182508,0.149692821952031
"K11632","Plant",0.530307838385387,0.509782226546393
"K23169","Natural",0.300499911233439,0.453698963989422
"K23169","Plant",0.528657999558738,0.491881707921415
"K05889","Natural",1.23410249424843,0.671597716158381
"K05889","Plant",1.89354686743041,1.7475733328525
"K06305","Natural",0.351583031170364,0.434457765234305
"K06305","Plant",0.304797712506332,0.252193331408532
"K22821","Natural",0.87344097065642,0.44630221976687
"K22821","Plant",0.920173935289523,0.662424659737541
"K18030","Natural",1.59033815867597,1.51922644315325
"K18030","Plant",1.86611699768929,1.75558659404761
"K07586","Natural",0.655897003578278,0.657366377409789
"K07586","Plant",0.609527096561138,0.724832234609486
"K18912","Natural",0.217310898857908,0.0843293452921366
"K18912","Plant",0.387946752594794,0.248277960869871
"K02069","Natural",0.408863983939261,0.0380533490912222
"K02069","Plant",0.206796629117583,0.127294553910909
"K02322","Natural",1.32009145962531,0.193443247879991
"K02322","Plant",1.68729447609412,1.84217416616327
"K02297","Natural",1.06350780041472,0.681582743707701
"K02297","Plant",1.51466567765808,1.10898826027733
"K04712","Natural",0.446315182008449,0.801719701054888
"K04712","Plant",0.587974014781097,0.607646503081007
"K00148","Natural",0.613739592928145,0.48838819606756
"K00148","Plant",0.85784876472733,1.01128396461836
"K16029","Natural",1.08077604595468,0.551022017670974
"K16029","Plant",1.31029158531747,1.37365068569763
"K05337","Natural",0.242132685308258,0.307918514407408
"K05337","Plant",0.629827548170607,0.632176475928989
"K10725","Natural",1.19230580529025,1.26057871765389
"K10725","Plant",1.16200683135734,1.27449899489245
"K05936","Natural",0.476976964060105,0.591364280922877
"K05936","Plant",0.603502767609403,0.847488176223336
"K02361","Natural",0.394089047894689,0.321721430597332
"K02361","Plant",0.659103098101587,0.395339606654162
"K09883","Natural",0.755204088913846,0.462005550069574
"K09883","Plant",1.15808777323465,0.891533901887395
"K07718","Natural",0.496826792250796,0.424832073007685
"K07718","Plant",0.447331405152452,0.277873392522697
"K06398","Natural",0.325110091820072,0.417321106730046
"K06398","Plant",0.451534434248759,0.493886238794383
"K22900","Natural",0.635725472629257,0.287187771311803
"K22900","Plant",0.987691071429083,0.97370057756954
"K22837","Natural",0.47773143715544,0.71969967427154
"K22837","Plant",0.635902349106089,0.482487807497925
"K14257","Natural",0.309416311266733,0.454475888040538
"K14257","Plant",0.135084399504543,0.310746022367566
"K01118","Natural",0.649433744989491,0.628885936211192
"K01118","Plant",1.0538709971913,1.18787732115631
"K09680","Natural",0.429139251357482,0.466079120242607
"K09680","Plant",0.48215760928052,0.483505397582937
"K18007","Natural",0.24675679840487,0.15865172721138
"K18007","Plant",0.698933767897096,0.950248829934867
"K13409","Natural",0.768684547467558,0.56166798795121
"K13409","Plant",1.00261251469709,1.16464650026883
"K23424","Natural",0.255380132941763,0.0258494387766864
"K23424","Plant",0.625018074659177,0.447481725577419
"K00485","Natural",0.525146595256572,0.50706954499588
"K00485","Plant",0.764491731887712,0.625306568602668
"K15551","Natural",0.97975049870337,1.13711374949318
"K15551","Plant",0.73657614016161,0.933299239645638
"K20902","Natural",0.583235464844225,0.563627487356139
"K20902","Plant",0.87166595341655,0.849528922169585
"K03700","Natural",0.127453700236588,0.216851975877579
"K03700","Plant",0.321771575583236,0.13698505044063
"K06408","Natural",0.354562694574007,0.189235284671661
"K06408","Plant",0.388631724453011,0.543596938943156
"K05570","Natural",0.461455745571278,0.538575203252548
"K05570","Plant",0.555010467147797,0.308469935410759
"K19979","Natural",0.688411060137718,0.701821801001263
"K19979","Plant",0.884799962189564,0.967290542056598
"K05567","Natural",0.690732779581228,0.950037754247957
"K05567","Plant",0.924990224204784,0.881678929779718
"K22886","Natural",1.36269873057308,1.04421023602572
"K22886","Plant",1.41513371537718,1.04033602449874
"K01506","Natural",0.655687264351862,0.499600498081107
"K01506","Plant",0.841866161805489,0.868469420944825
"K15408","Natural",1.22523322723387,0.91862876726912
"K15408","Plant",1.43175437053588,1.04894526012524
"K21949","Natural",0.330286211199655,0.778511857974516
"K21949","Plant",0.888515326752747,1.62676979901092
"K05565","Natural",1.05546867614079,0.825491434826779
"K05565","Plant",1.15913878086939,1.33509166305384
"K12995","Natural",0.329976335250213,0.554357279733537
"K12995","Plant",0.240847011463425,0.0203878810721798
"K03824","Natural",0.241106932437331,0.0796014421525536
"K03824","Plant",0.312435840514421,0.176741470870811
"K07274","Natural",0.838280502748547,0.185501119230828
"K07274","Plant",2.10891984299727,2.20920944736708
"K11181","Natural",1.35085337029872,0.933964727609625
"K11181","Plant",1.63864841749274,1.70045976291972
"K18148","Natural",0.629573277969824,0.448809370338068
"K18148","Plant",0.825781078254038,0.780332143689858
"K02458","Natural",0.562898185794864,0.531633121888698
"K02458","Plant",0.776926100407801,0.726416051876573
"K10829","Natural",0.380449558084539,0.263957398611115
"K10829","Plant",0.311929481729436,0.096431910382375
"K16163","Natural",0.345586569139633,0.194469592649841
"K16163","Plant",0.280179920523097,0.886451109269483
"K16396","Natural",0.539121174667005,0.31042809784172
"K16396","Plant",0.760453386382533,0.762128137410983
"K12239","Natural",1.19636453928639,0.673373245157115
"K12239","Plant",1.55220268074181,1.95399606511745
"K02491","Natural",0.390661584276764,0.0884965539922489
"K02491","Plant",0.376077817224786,0.194297754984341
"K07150","Natural",0.624930418139859,0.398823720681248
"K07150","Plant",0.648413269966907,0.52974441367018
"K22881","Natural",0.956317378138793,0.878281918772285
"K22881","Plant",0.954038616762421,1.13070541936266
"K02775","Natural",1.32715513717635,1.48816190648913
"K02775","Plant",1.18627706523194,0.661875192539049
"K02599","Natural",0.599068386381799,0.302971781751707
"K02599","Plant",1.13357285723025,0.620401569434228
"K16705","Natural",0.352092051220504,0.409200528112541
"K16705","Plant",0.373377870690014,0.333249187582833
"K16653","Natural",2.31156626544521,1.91515415796174
"K16653","Plant",2.23171611054273,1.85110627868826
"K03464","Natural",0.455078720805939,0.794585300266279
"K03464","Plant",0.839110872753295,1.12239762892564
"K16432","Natural",0.687546470170755,0.733333839817485
"K16432","Plant",0.601907598724901,0.256639762828399
"K01055","Natural",0.202836477187262,0.160618015063448
"K01055","Plant",0.238013056494012,0.260958403196601
"K13541","Natural",0.582561900378429,0.586301424628467
"K13541","Plant",0.804015977237865,0.90505254664126
"K16169","Natural",0.533800255453884,0.802862135899156
"K16169","Plant",0.751065692863008,0.840351735189436
"K21802","Natural",0.869690932622695,0.128130369459435
"K21802","Plant",0.948156071999711,0.571070576427165
"K03617","Natural",0.618077597015473,0.56020408274176
"K03617","Plant",0.820170392727194,0.797248271369039
"K01186","Natural",0.475954884598075,0.260545812361519
"K01186","Plant",0.787894779176426,0.815923849911741
"K02232","Natural",0.582746743756857,0.66885048303736
"K02232","Plant",0.676997957035722,0.915500927991497
"K19338","Natural",0.685949761751294,0.697905436094116
"K19338","Plant",0.332584838968287,0.222303395066084
"K10007","Natural",0.102322905291827,0.125243753913875
"K10007","Plant",0.4499193246191,1.39990838235548
"K15981","Natural",1.61223003723365,1.15258992869579
"K15981","Plant",1.42147552803833,1.0724835641481
"K14414","Natural",0.461153309727671,0.0241265009960362
"K14414","Plant",0.565631569949438,0.571386312236694
"K13481","Natural",0.497788203658348,0.425362251897629
"K13481","Plant",0.390073202710971,0.556106655082939
"K15581","Natural",0.15848321421974,0.123355964152514
"K15581","Plant",0.409620574899475,0.54047202891493
"K19231","Natural",1.04027219515816,1.51135482915649
"K19231","Plant",0.655566035404018,0.612252214582253
"K22617","Natural",0.906219386081387,0.140948830739988
"K22617","Plant",1.18972536650326,0.808150936005852
"K09386","Natural",0.564161016410861,0.531299734038125
"K09386","Plant",0.780103525659275,0.702499113274119
"K15973","Natural",2.09944388753339,2.07961294266056
"K15973","Plant",1.86361829043435,1.71532263880332
"K15876","Natural",0.401924172337589,0.352286763492973
"K15876","Plant",0.349121884573214,0.343816422644233
"K07000","Natural",0.3780136763827,0.56085915430694
"K07000","Plant",0.221199229142055,0.454133268256743
"K02381","Natural",0.533263288544558,0.809422344993525
"K02381","Plant",0.298153163208677,0.137909532042201
"K10234","Natural",0.589564682959678,0.63698938760975
"K10234","Plant",1.06461957393535,1.11573944796118
"K20238","Natural",0.331939380588345,0.314832182944057
"K20238","Plant",0.456323699622275,0.309058353707579
"K05913","Natural",0.26913926837598,0.0336033275725898
"K05913","Plant",0.391020343826379,0.21512765412897
"K01788","Natural",0.618186671275426,0.557648787495252
"K01788","Plant",0.845623574482801,0.819854398192651
"K16698","Natural",0.527210468436902,0.425806817095503
"K16698","Plant",0.520115980373442,1.25296540814976
"K14291","Natural",0.507977591050318,0.00653077142066361
"K14291","Plant",0.532422749989963,0.320443050235496
"K20531","Natural",0.759835707486058,1.26841261902697
"K20531","Plant",0.473576435634312,0.231796994825301
"K02659","Natural",0.53049031404323,0.407633701717941
"K02659","Plant",0.941248708416249,1.05336779766777
"K00009","Natural",0.583132536144631,0.738953944736885
"K00009","Plant",0.244224098959714,0.384626394194441
"K00248","Natural",0.488335765890165,0.32597047238304
"K00248","Plant",0.687498430093513,1.09513344496135
"K00116","Natural",0.621465307246114,0.866156742039904
"K00116","Plant",0.7023144933479,0.901929336712536
"K18547","Natural",0.542711282687641,0.603367508070706
"K18547","Plant",0.70760439663843,0.748078463939871
"K08955","Natural",0.206452119139731,0.447810853224428
"K08955","Plant",0.451643661973057,0.537945741933208
"K15671","Natural",0.388040589264642,0.602691736629374
"K15671","Plant",0.741696878656115,0.998560550992672
"K06155","Natural",0.587143416710513,0.951320644378322
"K06155","Plant",0.451063230042901,0.0604025965868353
"K06203","Natural",0.388164111924781,0.439461510566229
"K06203","Plant",0.650798399045464,0.77620646372589
"K20896","Natural",0.36738751775973,0.720034269096827
"K20896","Plant",0.281949364770941,0.505570452285435
"K01659","Natural",0.99725722344007,0.673165452338813
"K01659","Plant",1.39762174384466,2.0811067484782
"K06313","Natural",0.308804472030246,0.51258658629451
"K06313","Plant",0.419667050399239,0.0676005009597247
"K07673","Natural",1.89251335636392,2.43141550797722
"K07673","Plant",1.75380950454546,1.96945681538015
"K03933","Natural",0.76111999412956,0.698307123120409
"K03933","Plant",0.854032380267964,0.978115688626745
"K07009","Natural",0.393888753850299,0.25021929123723
"K07009","Plant",0.785797527485289,0.768687106789402
"K19068","Natural",0.644493040818403,0.209046670476097
"K19068","Plant",0.964187763668766,0.977269722227921
"K22907","Natural",0.491616199220589,0.361801882396588
"K22907","Plant",0.821752544650877,0.872241676739486
"K05562","Natural",0.996392752676787,1.04062076184621
"K05562","Plant",0.791718979086504,0.237484103971356
"K07816","Natural",1.3932220091539,1.07571736239167
"K07816","Plant",0.86598166671317,0.336492485766898
"K02071","Natural",0.288604226609873,0.341203133003316
"K02071","Plant",0.636516880358453,0.891460693107273
"K01457","Natural",0.643465914863094,0.269670981910456
"K01457","Plant",1.36774307377565,0.881502866361841
"K10107","Natural",0.957582612276133,0.70521509291737
"K10107","Plant",1.16932044645145,1.20688852673796
"K06189","Natural",0.741506842961408,0.498338093792375
"K06189","Plant",1.06395164605564,1.42181188823291
"K08100","Natural",0.732149714176883,0.246008286807975
"K08100","Plant",0.50228582260188,0.0775593012028476
"K18115","Natural",0.473080182312622,0.545219028771502
"K18115","Plant",0.756996990004543,0.14926711023132
"K23342","Natural",0.459297290272058,0.625776799895751
"K23342","Plant",0.409656093431319,0.512363240922389
"K13525","Natural",0.438862875979853,0.178638354360194
"K13525","Plant",0.758813457421149,0.618826756882063
"K16080","Natural",1.56062195734446,0.600965163272217
"K16080","Plant",1.63565879900767,1.62499806187051
"K13935","Natural",0.622342818461858,0.788333053719216
"K13935","Plant",0.579557716676802,0.488727578676646
"K23555","Natural",0.370340980335888,0.386171310022847
"K23555","Plant",0.552809025241983,0.136688373967759
"K11250","Natural",0.815552264410619,0.778776811748511
"K11250","Plant",0.868094218313043,0.862968737590314
"K06718","Natural",0.351770139537197,0.59205750500227
"K06718","Plant",0.272889802228913,0.238777178570332
"K20326","Natural",1.27000019621409,1.54246888958053
"K20326","Plant",1.48309258005124,1.69232161093582
"K22462","Natural",0.325259135955677,0.129958691688621
"K22462","Plant",0.469887654137627,0.410331762897035
"K02227","Natural",0.260102967834782,0.166224280701272
"K02227","Plant",0.300326306174933,0.0655689438401864
"K02120","Natural",0.440950568458524,0.030773416884984
"K02120","Plant",0.900495921254206,0.644130728579423
"K02613","Natural",0.436312640893633,0.190218312385498
"K02613","Plant",0.937483759998901,1.05584003314178
"K03367","Natural",0.966515155214844,1.31780782756938
"K03367","Plant",1.1030871880814,0.951877918393746
"K03852","Natural",1.37333755009517,1.33710420509916
"K03852","Plant",1.51100483076748,1.86602612611441
"K20331","Natural",0.442716841076456,0.176481574394542
"K20331","Plant",0.783359342576774,0.269650297052354
"K00096","Natural",0.619294916758102,0.329713310417688
"K00096","Plant",0.792118951021891,0.716111820867431
"K18352","Natural",0.842739168648234,1.25185249682873
"K18352","Plant",1.02576563530452,1.12984324011872
"K03557","Natural",1.01013557560329,0.843653619806962
"K03557","Plant",1.1715093848556,1.98931232845362
"K02063","Natural",0.42212285061554,0.0135751916873456
"K02063","Plant",0.358615130199355,0.331078307438177
"K03293","Natural",0.373893334134617,0.605743778107191
"K03293","Plant",0.532066007362414,0.518309726903993
"K02300","Natural",1.00175770781214,0.561204497927271
"K02300","Plant",1.06162972693824,1.01643270270024
"K04719","Natural",0.37279006257913,0.685496746728734
"K04719","Plant",0.439161777552611,0.498024690202991
"K14338","Natural",1.03633831894182,0.995772525012828
"K14338","Plant",0.33839274697016,0.224107075934707
"K00114","Natural",1.46314144428452,1.13058780339353
"K00114","Plant",1.88576122097362,1.64574602692912
"K18831","Natural",0.528623039407612,0.74177145528687
"K18831","Plant",0.46244892272407,0.471569014953782
"K02319","Natural",0.843421767163743,0.845752274549987
"K02319","Plant",0.982663894835641,0.83320058220746
"K05967","Natural",0.410533832867112,0.085077700216864
"K05967","Plant",0.547917032099005,0.90297037846967
"K07458","Natural",0.620413793624188,0.301479665757728
"K07458","Plant",1.07734700128898,0.735811291203141
"K03633","Natural",0.550442662870415,0.672751986514542
"K03633","Plant",0.288938171223524,0.100612938754635
"K14187","Natural",0.759079444370507,0.119163614774817
"K14187","Plant",1.72351788445575,1.97277959799659
"K07645","Natural",0.262985264338648,0.321000862019537
"K07645","Plant",0.351915996975616,0.618501182696211
"K16383","Natural",0.944330726597129,0.928162643997359
"K16383","Plant",0.910819084705683,0.910681211726746
"K07123","Natural",0.172155103424147,0.207334784697219
"K07123","Plant",0.243903774765864,0.374850873594495
"K07287","Natural",0.644415222970871,0.6279028947099
"K07287","Plant",0.936754548300736,1.78989461572872
"K11621","Natural",0.383255860180789,0.422505323771612
"K11621","Plant",0.398127538936778,0.321094976996014
"K21960","Natural",0.849338351690258,0.704855138654688
"K21960","Plant",0.92789473045021,0.531663233111512
"K22222","Natural",0.295120406698982,0.136758535498576
"K22222","Plant",0.189115872020081,0.13781467734021
"K07396","Natural",0.229475784788793,0.17812935500514
"K07396","Plant",0.376310998862232,0.170403090231796
"K07285","Natural",0.856244351761662,1.55302369642488
"K07285","Plant",0.764568767824193,1.40259043560968
"K22452","Natural",0.406379826075747,0.181709901934446
"K22452","Plant",0.922221682059761,1.22741578216287
"K03804","Natural",0.671651452982817,0.510249024566105
"K03804","Plant",0.67889953905173,0.146887509506647
"K07720","Natural",0.445331780001384,0.781037941363341
"K07720","Plant",0.305207569351674,0.0206690037598872
"K09684","Natural",0.319561037873778,0.244297402967204
"K09684","Plant",0.691066696348105,0.957127463222019
"K04027","Natural",0.279536095454125,0.239926267459482
"K04027","Plant",0.575450495684397,0.914600412588197
"K09799","Natural",0.268366694768338,0.176432718515881
"K09799","Plant",0.560846006707915,0.431674093240559
"K09934","Natural",0.582933402477392,0.410155514225296
"K09934","Plant",0.734005394052655,0.727958469233915
"K15833","Natural",0.475217454357129,0.0764820470203214
"K15833","Plant",0.352641942138771,0
"K02363","Natural",0.977863896342797,0.92179439217161
"K02363","Plant",1.27130394692446,1.5671009236226
"K10118","Natural",0.798130888365166,1.10642448719752
"K10118","Plant",1.05718245902587,1.31727662508329
"K06345","Natural",0.227089840551709,0.4480193273749
"K06345","Plant",0.370751926455461,0.0824500927852045
"K01223","Natural",0.14900831031318,0.0739287537708313
"K01223","Plant",0.193034236153036,0.382997564022574
"K06387","Natural",0.325348044122073,0.575936917086393
"K06387","Plant",0.38616210384001,0.293540475682195
"K16429","Natural",0.940366489384081,0.603798585686752
"K16429","Plant",0.774735162758984,0.697263893212833
"K06399","Natural",0.257845323508377,0
"K06399","Plant",0.425522784780969,0.487034461293998
"K01406","Natural",0.882689025752179,0.448435642249602
"K01406","Plant",1.20766758600797,1.26907985133671
"K09987","Natural",0.863719051000483,0.166886357348719
"K09987","Plant",1.2604675601399,1.21988880583013
"K21336","Natural",1.35840023384801,0.983710860456357
"K21336","Plant",1.55596460809155,1.5596817622868
"K19221","Natural",0.290188617363444,0.557570151565647
"K19221","Plant",0.390658954600639,0.645817975519608
"K01230","Natural",1.16504840534259,1.60115140184843
"K01230","Plant",2.15070896868303,2.53526172551596
"K10003","Natural",0.722492325681893,0.489683296588476
"K10003","Plant",0.89223919293446,1.06130184009513
"K07448","Natural",0.373226784584126,0.385096615085681
"K07448","Plant",0.506358655072658,0.579044735538928
"K06385","Natural",0.235388975299848,0.0921098137249967
"K06385","Plant",0.368620337232231,0.147660388665274
"K15781","Natural",0.745396491697255,0.778414004206697
"K15781","Plant",0.431780529945755,0.24594056187191
"K10710","Natural",0.443540755950966,1.05589073572377
"K10710","Plant",0.151225445810046,0.653194885746618
"K21885","Natural",0.599216902271778,0.199464717292106
"K21885","Plant",0.200531750899333,0.163722540432262
"K21700","Natural",0.346498593404285,0.62435914812747
"K21700","Plant",0.343410065082108,0.788345563950474
"K04103","Natural",1.82203858926908,1.76026592292505
"K04103","Plant",1.94228018688917,2.29013974998561
"K15315","Natural",0.342908684204657,0.0695374630012704
"K15315","Plant",0.515364492936023,1.05636348007833
"K05882","Natural",0.376987499376227,0.100789533604548
"K05882","Plant",0.635340860917421,1.51146757566603
"K01184","Natural",0.294795069990726,0.183699620005919
"K01184","Plant",0.621248714054872,0.934665735969813
"K05552","Natural",0.576530578853657,0.479701046215704
"K05552","Plant",0.798588459387828,1.074126278645
"K00360","Natural",0.12614111144783,0.193661873570552
"K00360","Plant",0.415155879141199,0.860315380788493
"K21449","Natural",0.334516559099721,0.398597941010438
"K21449","Plant",0.360675451592839,0.107171326914502
"K03893","Natural",0.717580156897968,0.347712347534255
"K03893","Plant",0.681419491710229,0.997058175305229
"K15982","Natural",0.589287815766619,0.0926079006432581
"K15982","Plant",0.737668727581837,0.274498875149375
"K03690","Natural",0.762995623105917,0.664295670211849
"K03690","Plant",0.985020268778508,1.26402646192753
"K07704","Natural",0.424057073272276,0.117474972163162
"K07704","Plant",0.264114627649376,0.120261223578171
"K17223","Natural",0.777835060454228,1.05983448020275
"K17223","Plant",1.12341430533508,1.45987205102097
"K06314","Natural",0.207939870688263,0.382566703726587
"K06314","Plant",0.375887983389898,0.276955465985966
"K02025","Natural",0.240819148672814,0.0319174354487629
"K02025","Plant",0.575110822480541,0.69575474045129
"K23086","Natural",0.954449030686629,0.363141231425189
"K23086","Plant",0.9600869178897,0.645145739367992
"K03228","Natural",1.5767608688882,2.17718102567181
"K03228","Plant",0.813492196971032,1.70954847394862
"K04766","Natural",0.26642407529861,0.188403447825008
"K04766","Plant",0.306307372561015,0.164364778836542
"K18233","Natural",0.558887986868061,0.510570483462297
"K18233","Plant",0.737250671305257,0.933880146308989
"K18230","Natural",0.254497941127,0.0284991821409963
"K18230","Plant",0.400016808313753,0.413299068961121
"K12111","Natural",0.387742910980649,0.0243205048122197
"K12111","Plant",0.420336832635542,0.190286420042663
"K08169","Natural",1.04024156887246,0.917929475166246
"K08169","Plant",1.49875421764393,1.22687114509024
"K15515","Natural",1.52340180228461,1.57764787827448
"K15515","Plant",1.68710298302476,1.72180173943816
"K03897","Natural",0.431586159441857,0.5815683861501
"K03897","Plant",0.668203125249802,0.851160595657524
"K14259","Natural",0.720580703894316,0.707415162415012
"K14259","Plant",0.574271024138538,0.059720322393713
"K03212","Natural",0.230627467314173,0.160061735113902
"K03212","Plant",0.277352144924032,0.673318140179251
"K02298","Natural",1.04788718113572,0.670886186250595
"K02298","Plant",1.37625858210249,1.30554236046216
"K14534","Natural",0.20509549573628,0.150729914088227
"K14534","Plant",0.446254976719032,0.622626721153898
"K06397","Natural",0.468179559402998,0.0560992217120365
"K06397","Plant",0.27198098891683,0.524809881947415
"K19132","Natural",0.743732570841433,0.426003667701143
"K19132","Plant",0.554665703673322,0.409530961928988
"K13639","Natural",0.282033125121287,0.36670179564431
"K13639","Plant",0.371456938228547,0.808975934643262
"K15314","Natural",0.132401673191159,0.0079874625959987
"K15314","Plant",0.31052287448287,0.683942735573449
"K21331","Natural",0.43419598132909,0.0710076232896457
"K21331","Plant",0.421225261663436,0.427232181615928
"K00558","Natural",0.644791383888485,0.718783483759008
"K00558","Plant",0.676108189580616,0.720287773332822
"K06965","Natural",0.555000475020461,0.572332170676192
"K06965","Plant",0.539824140132226,0.865072111588779
"K07116","Natural",0.383604088137234,0.181662717186725
"K07116","Plant",0.743026292915428,0.871969120340208
"K13687","Natural",0.324165582272923,0.249285578861366
"K13687","Plant",0.440438484760808,0.0844032347551868
"K17641","Natural",0.334291618902511,0.440313038089467
"K17641","Plant",0.598805989469662,0.690136087833538
"K18351","Natural",0.339090168738035,0.285431126742381
"K18351","Plant",0.819085691395546,1.3593587920626
"K10212","Natural",0.636850314261481,0.59933541915664
"K10212","Plant",0.48755680965668,0.809680293053355
"K08965","Natural",0.171158004394866,0.136895340075686
"K08965","Plant",0.247139737250108,0.138313467096297
"K16021","Natural",0.760258727297806,0.579294099239414
"K16021","Plant",0.723458710028054,0.779534460114826
"K09985","Natural",1.09694468141063,0.110334443411747
"K09985","Plant",1.5422065049212,1.08917921508766
"K05979","Natural",0.516413146058571,0.388771897285591
"K05979","Plant",0.61258100473388,0.690631308507458
"K20422","Natural",1.006702927632,1.27427453618937
"K20422","Plant",1.09683647698654,1.28138946749639
"K11816","Natural",0.331474629484003,0.762607545748427
"K11816","Plant",0.149791575855628,0.27617192297835
"K11624","Natural",0.354666734522664,0.795624783751048
"K11624","Plant",0.573975821436705,0.517938042653192
"K06560","Natural",0.259573720136347,0.024395367678455
"K06560","Plant",0.140531270966675,0.0535513893976443
"K00354","Natural",0.333430219381037,0.388896062923194
"K00354","Plant",0.353933217929742,0.218087448379595
"K09744","Natural",0.369597143482521,0.213552195394581
"K09744","Plant",0.292900721106455,0.0781101034009065
"K18855","Natural",0.49248953325471,0.546885772840522
"K18855","Plant",0.408284478920734,0.331836517752748
"K09879","Natural",0.51460548921936,0.543311802183146
"K09879","Plant",0.716089802828303,0.730394451456679
"K01429","Natural",0.165840775034356,0.0730753911398058
"K01429","Plant",0.316028900805661,0.581490196072562
"K13503","Natural",0.273256765775022,0.0980361991783535
"K13503","Plant",0.530257751713647,0.18586621178182
"K18072","Natural",0.695783601093921,0.113451230270048
"K18072","Plant",1.7604070385983,0.978265258281812
"K16425","Natural",0.387283836493905,0.923263264832647
"K16425","Plant",0.656610391246152,1.05202805273858
"K16018","Natural",0.441126000890774,0.310366841189083
"K16018","Plant",0.356673971088425,0.659096743666372
"K10565","Natural",0.117525158783449,0.0133217524018797
"K10565","Plant",0.234293272071143,0.14347407907153
"K05781","Natural",0.290102133635044,0.0356605264372105
"K05781","Plant",0.621773031691533,0.621447105691816
"K00055","Natural",0.23313898424368,0.312575084017131
"K00055","Plant",0.32149825777272,0.534169813712693
"K22879","Natural",0.601051518367224,0.17988977706436
"K22879","Plant",1.11932431244248,1.12478510162144
"K11626","Natural",0.350814091643635,0.191010793793822
"K11626","Plant",0.547517974229823,0.390074801147008
"K15922","Natural",1.80979129863975,1.73417082705842
"K15922","Plant",1.21092512303437,0.401679580941892
"K03737","Natural",0.744068945013455,0.835826371969107
"K03737","Plant",0.757970277930757,0.653891141216056
"K05916","Natural",0.384710468811008,0.376900076999455
"K05916","Plant",0.552651492393842,0.605502809403219
"K23078","Natural",0.343361040032294,0.306106686482411
"K23078","Plant",0.222179126170548,0.052434951978072
"K00177","Natural",0.148207590308097,0.274386670966497
"K00177","Plant",0.261029570295168,0.512022837816745
"K06209","Natural",0.127773397166114,0.516462036524959
"K06209","Plant",0.279838074988543,0.296327504075854
"K15337","Natural",0.542147488226039,0.593834628264125
"K15337","Plant",0.633790272776326,0.927236568762109
"K07506","Natural",0.377556496831309,0.446850171123124
"K07506","Plant",0.315402458479523,0.177048882514697
"K05375","Natural",0.125932665311982,0.0354862408645419
"K05375","Plant",0.228905118741144,0.307574559455826
"K19746","Natural",1.00264812935859,0.472009835144159
"K19746","Plant",1.53844014062255,1.51565139964959
"K16838","Natural",0.416033783758082,0.281441009706736
"K16838","Plant",0.42684804685941,0.504778104124843
"K07558","Natural",0.602769125192798,0.638092022474212
"K07558","Plant",0.802766757963602,0.164368196277636
"K12813","Natural",0.764583321988215,0.928047749515877
"K12813","Plant",0.989776798030456,1.17224149764889
"K07794","Natural",0.187453656913847,0.0304409279655194
"K07794","Plant",0.318705069530574,0.0131453905211487
"K07457","Natural",0.654714077903763,0.156971572584664
"K07457","Plant",0.72693827122086,0.969217976164925
"K06296","Natural",0.607604908117099,0.584546313727074
"K06296","Plant",0.735591895141426,0.643670439620681
"K21833","Natural",0.529200866995679,1.41908368092389
"K21833","Plant",0.393377513690387,0.371477281218345
"K06977","Natural",0.692407159447259,0.12698534872301
"K06977","Plant",1.08367605017174,1.05714855587021
"K00841","Natural",0.184165891610662,0.169392784030545
"K00841","Plant",0.226222762936236,0.347661157785087
"K15524","Natural",0.397367209842485,0.238469218178944
"K15524","Plant",0.470082659244256,0.376696482083422
"K18369","Natural",0.52340494116504,0.804290109579624
"K18369","Plant",0.247681152416281,0.360743569058661
"K04074","Natural",0.220975854258564,0.218793494027601
"K04074","Plant",0.263932611436419,0.0542242644617974
"K22686","Natural",0.966766522094222,0.49599118710126
"K22686","Plant",2.19926441878077,1.89520834389243
"K02086","Natural",0.261059855941775,0
"K02086","Plant",0.326898327342742,0.484978643017257
"K04030","Natural",0.442257587434918,0.44875906292179
"K04030","Plant",0.328986081242744,0.346587846690604
"K03319","Natural",1.14905674231121,1.20239296240395
"K03319","Plant",1.42455579037185,1.16882404780352
"K21014","Natural",0.380831242904782,0.32829922266648
"K21014","Plant",0.662628808090358,0.562253377100658
"K05365","Natural",1.10467095797754,0.982555348556316
"K05365","Plant",1.3917405204866,1.44560816920976
"K00853","Natural",0.301148389774754,0.0633305076486429
"K00853","Plant",0.584131299415709,0.639120817947904
"K01436","Natural",0.435964079220591,0.723569473656362
"K01436","Plant",0.559889497303775,0.931260115293417
"K01678","Natural",1.16757862318018,1.008716213281
"K01678","Plant",1.00587558670716,1.77585609324496
"K00867","Natural",0.905773945234517,0.771100727353284
"K00867","Plant",1.05356914052658,0.669150621936973
"K21119","Natural",0.545371191172118,0.356220162133227
"K21119","Plant",0.756585676335963,0.350390794524582
"K07014","Natural",1.03212737843302,1.01528539218551
"K07014","Plant",1.87736562066193,1.87310565782922
"K21394","Natural",0.290207947762809,0.0391538251547178
"K21394","Plant",0.225261411240959,0.278614864379539
"K10190","Natural",0.930115727550062,0.860668769523918
"K10190","Plant",1.11213744805389,1.62197347335818
"K01648","Natural",1.1031771687337,0.83526926657813
"K01648","Plant",1.1084166192868,1.26744318702655
"K02770","Natural",0.360431399197667,0.403191717551089
"K02770","Plant",0.252250388411021,0.499213242902601
"K07407","Natural",0.268606491932083,0.141707151168836
"K07407","Plant",0.53310973222566,0.88708741547748
"K17677","Natural",0.781895683826324,0.799636158040652
"K17677","Plant",0.884432502273445,0.815029938701166
"K23257","Natural",0.223847537175745,0.219981887845459
"K23257","Plant",0.291097942152317,0.243033088794954
"K17244","Natural",0.346731704728785,0.311803301845977
"K17244","Plant",0.289788775444595,0.405673301717371
"K07662","Natural",0.917857688962902,0.655712459053976
"K07662","Plant",1.04559186499454,0.5609141485221
"K10564","Natural",0.586772625118047,0.0440968169818447
"K10564","Plant",0.643275164887673,0.353622666322814
"K02224","Natural",0.321594502079972,0.408289711361811
"K02224","Plant",0.563254381415063,0.699740231445531
"K14581","Natural",0.36509361213254,0.493592495573939
"K14581","Plant",0.501577412883032,0.582422563881107
"K00710","Natural",0.399803033937036,0.599737251608275
"K00710","Plant",0.643329483547306,0.522217639687138
"K13018","Natural",0.789444286782834,0.510547100904006
"K13018","Plant",0.555689150644265,0.462668170032102
"K03181","Natural",0.70877268498755,0.0552009028528617
"K03181","Plant",0.860405964784028,0.686068515348065
"K01730","Natural",0.27411036400302,0.139064677342688
"K01730","Plant",0.229581112405451,0.122630194039017
"K18778","Natural",0.583957820639428,0.145482972875932
"K18778","Plant",1.40997958239312,1.90089927798633
"K08724","Natural",0.550784327715172,0.458390252173985
"K08724","Plant",0.592661428173789,1.14046970930119
"K08640","Natural",0.316384365170454,0.315886096698004
"K08640","Plant",0.605293463740767,0.635759909112611
"K06985","Natural",1.00286889179399,0.618401533394696
"K06985","Plant",1.3422387856575,1.1362718679635
"K17883","Natural",0.983795206006572,0.774525296145939
"K17883","Plant",0.904045622724929,0.540201200462465
"K04769","Natural",0.355633572916341,0.525061896567249
"K04769","Plant",0.504253187187161,0.494197831053749
"K16435","Natural",0.460280686770008,0.229103281593928
"K16435","Plant",0.598204688432646,0.513419114357466
"K01400","Natural",0.183767161725936,0.625562924527457
"K01400","Plant",0.211172193130514,0.204658565316339
"K23786","Natural",0.171793373392068,0.349570906646227
"K23786","Plant",0.355575244610243,0.532307920927366
"K00226","Natural",0.868635755840496,0.437859155967762
"K00226","Plant",1.05088399384859,0.770403018248104
"K14268","Natural",0.279580047702337,0.166332280332536
"K14268","Plant",0.417571218852714,0.189924601618699
"K15531","Natural",0.292431018829554,0.294152037357663
"K15531","Plant",0.435368381255999,0.0451180946149587
"K21465","Natural",0.606645560521803,0.802395344386179
"K21465","Plant",0.517730031388039,0.591430774469709
"K12308","Natural",0.647832473475558,0.431780734342456
"K12308","Plant",0.846442664852806,0.982686196828822
"K13532","Natural",0.128393015579023,0.0060775022122572
"K13532","Plant",0.394662866029706,0.561987896544076
"K16384","Natural",0.268246331245737,0.0291488251209745
"K16384","Plant",0.851330913623925,1.04624895435408
"K13612","Natural",0.504925012755316,0.896009162229179
"K13612","Plant",0.368866807020243,0.237631646691984
"K10537","Natural",0.222047440659382,0.350607180397908
"K10537","Plant",0.152516156450796,0.39323490014851
"K03466","Natural",0.19477323041514,0.157270558800866
"K03466","Plant",0.446703550477095,0.580755028564654
"K07717","Natural",0.357207860030682,0.263928023761095
"K07717","Plant",0.60594382483453,0.919511419644082
"K01496","Natural",0.0978220756514097,0.00916243090989378
"K01496","Plant",0.357938257185509,0.249954712417048
"K02521","Natural",0.411025412954997,0.210545998579279
"K02521","Plant",0.489842507238437,0.0468324143825063
"K09923","Natural",0.237021634374494,0.138044572046883
"K09923","Plant",0.347510996073564,0.0346309492200797
"K05829","Natural",0.246711802500543,0.0964407312576961
"K05829","Plant",0.298172055337546,0.0708462256598717
"K22130","Natural",0.67097061248184,0.376930937998966
"K22130","Plant",0.594917498766226,0.782750911755821
"K00836","Natural",0.55334569165816,0.493738389393392
"K00836","Plant",0.604025501505131,1.25018380992577
"K18336","Natural",0.221706641828449,0.371612837435137
"K18336","Plant",0.177116172578326,0.250302152268751
"K16027","Natural",0.955341918611646,0.797921266556365
"K16027","Plant",1.21163502728909,0.909523624929937
"K21686","Natural",1.23249651363777,0.921866318969589
"K21686","Plant",1.75133601001836,1.45403913115557
"K03791","Natural",0.18918718335096,0.0302081481047972
"K03791","Plant",0.324335108278349,0.590310782633401
"K23774","Natural",0.396425293523532,0.52974068305621
"K23774","Plant",0.350951117848645,0.399972739659817
"K06284","Natural",0.657143873667316,0.839575834472358
"K06284","Plant",0.422625201527472,0.481306866736005
"K06384","Natural",0.247328756984504,0.210231883759545
"K06384","Plant",0.230294290028655,0.206841954972695
"K15019","Natural",0.496302564941599,0.422887114295407
"K15019","Plant",0.67423445779553,0.606551335178171
"K07663","Natural",0.823352270953269,0.324745627748394
"K07663","Plant",0.763544529107299,0.556325437185664
"K06443","Natural",0.55195419884327,0.467129331621053
"K06443","Plant",0.82310112706215,0.753848063358638
"K16428","Natural",1.31298683916239,1.33387321294926
"K16428","Plant",1.10647404949139,0.618506649964469
"K22298","Natural",0.383314587652233,0.0863401288791712
"K22298","Plant",0.515944511169019,0.681759907581977
"K06905","Natural",1.22066753039695,0.916048681397363
"K06905","Plant",1.52333471185558,1.17642301847671
"K05714","Natural",0.369452118891096,0.485740013481092
"K05714","Plant",0.42835259023862,0.00921423672170509
"K03167","Natural",1.71045956705425,2.22784922629252
"K03167","Plant",2.16325818778906,2.75496526099137
"K16648","Natural",0.582305876657382,0.434930931030547
"K16648","Plant",0.21911619417341,0.320712065711558
"K01590","Natural",0.523604706146163,0.287371732494389
"K01590","Plant",0.646807125414707,0.666219004920705
"K16421","Natural",0.398718135739605,0.329336582574534
"K16421","Plant",0.631732904191417,0.643937866371901
"K12283","Natural",0.465407872039835,0.106189613182425
"K12283","Plant",1.14292284022255,1.46939903812086
"K07695","Natural",0.587831151362359,0.422641108162688
"K07695","Plant",0.778809624078784,1.07403305097312
"K19545","Natural",0.435544543578626,0.225806260628442
"K19545","Plant",0.610321888778899,0.454391287659227
"K03759","Natural",0.351408018579813,0.530846483086265
"K03759","Plant",0.233677314447199,0.0812910856314814
"K17235","Natural",0.229086876058448,0.212793326187477
"K17235","Plant",0.30809340737488,0.0785603653580079
"K04091","Natural",1.02325260814468,0.626970127262409
"K04091","Plant",1.12774938742146,1.42701545823136
"K17840","Natural",0.293487099952368,0.206445564825035
"K17840","Plant",0.244006351142194,0.103097291724426
"K11740","Natural",1.70417039897044,0.734527253577368
"K11740","Plant",2.06636372969597,2.0194368943562
"K00314","Natural",0.318665858332487,0.49739243510775
"K00314","Plant",0.349927886795469,0.215220598512626
"K12685","Natural",0.267030265578715,0.363053640231505
"K12685","Plant",0.707758737949809,0.0309158910365582
"K01489","Natural",0.592748539481968,0.460868115651725
"K01489","Plant",0.839366948164146,0.93876663308023
"K16328","Natural",0.547269209856089,0.828574331473723
"K16328","Plant",0.68815212250744,0.655076776279922
"K07074","Natural",0.653479005261121,0.573438565353825
"K07074","Plant",0.743868651839668,0.733677949907299
"K00213","Natural",0.349541819777422,0.170133787309996
"K00213","Plant",0.467566917425326,0.0821785001128792
"K06325","Natural",0.748674393235503,0.647372821789126
"K06325","Plant",0.783830719162293,0.930800541484367
"K05793","Natural",0.563459458186717,0.727263389162629
"K05793","Plant",0.775520693607444,0.739282257878447
"K18334","Natural",0.425140880346425,0.334904707751206
"K18334","Plant",0.603418139977846,1.31599463067519
"K16434","Natural",0.541260278685416,0.587775260857004
"K16434","Plant",0.57424874553298,0.118900551207939
"K17319","Natural",0.707230687448225,0.587179592095189
"K17319","Plant",0.811525819764329,1.00912622413012
"K09935","Natural",0.52213091510959,0.592285431985625
"K09935","Plant",0.721002910416753,0.948737853798637
"K01631","Natural",0.833158179344035,0.767847010695841
"K01631","Plant",1.00245681977919,0.728458441979211
"K13583","Natural",0.822072507003835,0.335700324074274
"K13583","Plant",1.61226777719645,1.37741970228076
"K00571","Natural",0.891192168694706,0.965738825556314
"K00571","Plant",0.622713470006764,0.442582123956464
"K20754","Natural",0.691412631016479,0.70455518101649
"K20754","Plant",0.955674135745777,0.885346828696687
"K19355","Natural",0.321389939850295,0.454956306037364
"K19355","Plant",0.460324779099715,0.735111052523628
"K09141","Natural",0.247485625790593,0.339910790084682
"K09141","Plant",0.342573835395668,0.354712214741568
"K18214","Natural",0.530764722237521,0.526072209729984
"K18214","Plant",0.662992962211877,0.277042204851826
"K03763","Natural",0.250027062606794,0.16365910098106
"K03763","Plant",0.453458539071801,0.496282948855099
"K14136","Natural",2.24189826194373,1.89255712884068
"K14136","Plant",2.16596851647371,1.51594753872357
"K21966","Natural",1.02223256194919,0.745317885032875
"K21966","Plant",1.24020926014297,1.39906603845611
"K01664","Natural",0.148243465656668,0.0252742123932254
"K01664","Plant",0.308940963827134,0.361453174613606
"K16438","Natural",0.723182763562908,0.413779538163498
"K16438","Plant",0.735906875642025,0.62923018769717
"K10353","Natural",1.30079238419862,1.31008962516342
"K10353","Plant",1.00913026466086,0.481459296069598
"K01178","Natural",0.621608758361472,0.555003614992077
"K01178","Plant",0.360527207226874,0.371244765173718
"K11783","Natural",0.369693257269019,0.347619787711395
"K11783","Plant",0.496703561476169,0.641489953794049
"K05895","Natural",0.422986966394379,0.321925426383191
"K05895","Plant",0.627231459094443,1.16269026655984
"K06377","Natural",0.492951569899746,0.413223241212829
"K06377","Plant",0.775881191894962,0.9457508741633
"K02121","Natural",0.455283955096592,0.622575323039091
"K02121","Plant",0.310773672080959,0.588562709287853
"K15329","Natural",0.545875351271598,0.33414529350763
"K15329","Plant",0.73556719550032,1.14491130471398
"K17876","Natural",0.805844713742589,0.75319972440913
"K17876","Plant",0.700077781931468,0.916734721286633
"K02081","Natural",0.518025025129311,0.511972861175477
"K02081","Plant",0.707416310497119,0.972435794443433
"K18545","Natural",0.76148898390465,0.858548898594245
"K18545","Plant",1.0070083826814,1.03858620410819
"K16049","Natural",0.723932693397388,0.37811160777675
"K16049","Plant",0.645175863637101,0.444724321498515
"K18827","Natural",0.843324193621483,0.854957027333897
"K18827","Plant",0.925320920106517,0.584541553360878
"K05825","Natural",0.437394273329801,0.38468137242027
"K05825","Plant",0.71242815101256,0.864574733047801
"K23549","Natural",0.233082016813328,0.179086980130323
"K23549","Plant",0.245605757391277,0.041598067570745
"K18554","Natural",0.33642224746851,0.906083050232266
"K18554","Plant",0.681854844513157,1.01901186983588
"K09157","Natural",0.508727130258127,0.109752357951498
"K09157","Plant",0.511863347555467,0.368343087139515
"K03739","Natural",0.806505194226072,1.0288893652926
"K03739","Plant",1.08992284960017,1.00554177824118
"K08992","Natural",0.336585809947715,0.172009498332506
"K08992","Plant",0.365439443355702,1.30361339075223
"K01707","Natural",0.425610547421814,0.225991306434055
"K01707","Plant",0.658385254929847,0.735930158670324
"K06328","Natural",0.302774662553168,0.420579143251892
"K06328","Plant",0.401506010953171,0.399780586183523
"K09723","Natural",0.978021711050062,0.528682406295175
"K09723","Plant",0.79955349254789,0.437965377938971
"K00477","Natural",1.01067150339361,1.12141668969175
"K00477","Plant",1.14444008358959,1.42293870175082
"K00563","Natural",0.173920879503947,0.149735996780862
"K00563","Plant",0.458851380774496,0.582100416982272
"K22336","Natural",0.759760569355998,0.612154368462418
"K22336","Plant",0.450522164247146,0.0365570890548327
"K15518","Natural",0.299803931257918,0.594631988535715
"K15518","Plant",0.513672421650912,0.418075561042253
"K03339","Natural",0.324039635934017,0.324539583098912
"K03339","Plant",0.262965814719207,0.30212051613207
"K03826","Natural",0.452641428477702,0.808287540793209
"K03826","Plant",0.458064945642646,0.247394191516638
"K13014","Natural",1.01735828011303,0.713064866453531
"K13014","Plant",1.12950244735836,0.739271979830849
"K13049","Natural",0.7939446075531,0.124674699261654
"K13049","Plant",1.0532227309223,0.687623506759367
"K12543","Natural",0.724153617162363,0.337065035979445
"K12543","Plant",0.994872668977275,0.74810308984685
"K22349","Natural",0.857664875203139,1.31858422382422
"K22349","Plant",0.511027637133242,0.0391700489345528
"K02000","Natural",0.1959962062244,0.0935413489007306
"K02000","Plant",0.461629824430038,0.461342087808879
"K03761","Natural",1.03275257348508,0.953129196978026
"K03761","Plant",1.56177878219723,1.7024212514637
"K01725","Natural",0.768932182057251,0.200878238856509
"K01725","Plant",1.79319923687274,1.0426913916814
"K21224","Natural",1.26599325126834,1.21872057962964
"K21224","Plant",1.10410459880701,0.891095139454371
"K02424","Natural",0.551549162617544,0.73281853592111
"K02424","Plant",0.64607270721728,0.408663519610386
"K16423","Natural",0.356876817017331,0.261470780527001
"K16423","Plant",0.715059381485612,0.913904467972281
"K06286","Natural",0.248363581917187,0.374784042669964
"K06286","Plant",0.453429369713165,0.355909951212932
"K22969","Natural",0.329116122023181,0.15088462789751
"K22969","Plant",0.539624084716618,0.493378447611952
"K15868","Natural",0.38275432672411,0.0307083405116125
"K15868","Plant",0.426419225864964,0.402420486232138
"K02015","Natural",0.513282934444506,0.394383692430604
"K02015","Plant",0.716356724782337,0.697047211847916
"K02650","Natural",0.631397685716437,0.456342713548662
"K02650","Plant",1.11465992541322,1.60984537509743
"K04767","Natural",0.339098365381069,0.395705683453394
"K04767","Plant",0.636899250850428,0.792309069391104
"K07156","Natural",0.532099020238016,0.654425700991889
"K07156","Plant",0.7449852359798,0.8702198536618
"K00365","Natural",1.70465294588554,1.53161251526406
"K00365","Plant",1.59280147032209,0.951859258172227
"K06865","Natural",0.662272154233309,0.199134726787479
"K06865","Plant",0.528173834214266,0.583260163947598
"K13731","Natural",0.22709214616056,0.420241329751392
"K13731","Plant",0.312179147898552,0.227331057617071
"K16937","Natural",0.238949541388328,0.176773899820757
"K16937","Plant",0.455661669535831,0.613459984997841
"K06202","Natural",0.401896787266257,0.102718066326818
"K06202","Plant",0.600887321302807,0.439237510171037
"K00556","Natural",0.96179810161815,1.89643263497793
"K00556","Plant",0.414719338607198,0.115434045258619
"K16117","Natural",0.965303322530064,0.757008919908211
"K16117","Plant",1.09766446332195,1.66216648039959
"K06995","Natural",0.485039826230315,0.0234837092317131
"K06995","Plant",0.884536992515725,0.311125837479416
"K17763","Natural",1.03437977108411,0.858310427431466
"K17763","Plant",0.958099307667216,1.15087192591846
"K03271","Natural",0.368542149813491,0.114022422663924
"K03271","Plant",0.474072502369757,0.485057850624767
"K00038","Natural",0.666105082022758,0.290867312780825
"K00038","Plant",0.723607219279545,0.141109404759936
"K06726","Natural",0.879104301139395,0.674629528324628
"K06726","Plant",0.885882543234963,0.770244139660609
"K14340","Natural",0.820453249176775,0.863471517543565
"K14340","Plant",0.913992211548659,1.23057441203928
"K14743","Natural",0.5515310705862,0.129929450175937
"K14743","Plant",0.694652201403793,0.487905009887909
"K07640","Natural",0.638102070747192,0.810766278203202
"K07640","Plant",0.559095629038194,0.50249246366432
"K11923","Natural",0.39067727376183,0.192974846750552
"K11923","Plant",0.505649852968221,0.297551211635093
"K01497","Natural",0.938359427541098,0.52118803213758
"K01497","Plant",1.08794915691056,1.22118721204909
"K01001","Natural",0.735183269294679,1.02204418797932
"K01001","Plant",0.850800978868496,0.267242964082622
"K00301","Natural",0.403811140661685,0.01144742296888
"K00301","Plant",0.443231044634872,0.0524144913099809
"K03746","Natural",0.450309916493657,0.510545605532083
"K03746","Plant",0.329340847993527,0.292222322138864
"K09815","Natural",0.208007966370469,0.0245948328457455
"K09815","Plant",0.251529168108737,0.353534655313471
"K00479","Natural",0.132660043936737,0.0695115010022091
"K00479","Plant",0.377493910670804,0.566132144722519
"K22952","Natural",0.28565526496736,0.133595186043675
"K22952","Plant",0.610188300359047,0.333233868166171
"K22553","Natural",0.198737651915132,0.227476531484932
"K22553","Plant",0.310921914993087,0.258973318320231
"K09692","Natural",0.521869654251606,0.50734106066205
"K09692","Plant",0.744397723165457,0.945055510984811
"K05341","Natural",0.493452148369396,0.227949901766226
"K05341","Plant",0.46458860405842,0.167128022402508
"K21214","Natural",0.514727651786048,0.36732788408462
"K21214","Plant",0.69853627386648,0.619821016454128
"K07719","Natural",0.319304197520608,0.168256964738451
"K07719","Plant",0.392073111459591,0.176073992867367
"K09822","Natural",0.209667703823817,0.0396522169348339
"K09822","Plant",0.257029455180711,0.0546348986068022
"K21687","Natural",0.413249961157788,0.459080753212261
"K21687","Plant",0.235557840163271,0.278765963682123
"K05898","Natural",0.539378113512052,0.150530375799756
"K05898","Plant",0.70215812092548,0.255114455730838
"K02281","Natural",0.876811900638567,0.271854524663016
"K02281","Plant",1.16754260886062,1.08030576569091
"K05792","Natural",0.474029327960865,0.399821059773644
"K05792","Plant",0.606750674693757,0.72085681812586
"K14669","Natural",0.307119673680927,0.324464295224287
"K14669","Plant",0.509556321297729,0.632134277649003
"K18851","Natural",0.761685488738102,0.613568969827558
"K18851","Plant",0.62312313751439,0.529568803942831
"K21165","Natural",2.05993109495475,1.88112862323622
"K21165","Plant",1.6669612911725,1.61120423901796
"K00131","Natural",0.253875271820548,0.550183725517914
"K00131","Plant",0.356746144681056,0.13733900236318
"K18955","Natural",0.248055561265741,0.420100412124211
"K18955","Plant",0.628605100971278,0.976927876788516
"K13507","Natural",1.41228361004648,0.845903249232254
"K13507","Plant",1.39095523852458,0.816256296240221
"K23874","Natural",0.74797041825363,0.734008560187933
"K23874","Plant",1.17726936929883,0.381572093249497
"K21467","Natural",0.191094894673877,0.199409948100934
"K21467","Plant",0.256198433655461,0.306079752466348
"K06349","Natural",0.354091812753879,0.347173643487022
"K06349","Plant",0.211023478331009,0.522107371319993
"K01569","Natural",0.380137517321978,0.383302347170044
"K01569","Plant",0.710595457692582,0.374586185320924
"K16331","Natural",0.816827323504993,0.98757597207751
"K16331","Plant",1.01434960180046,1.18151526765211
"K05795","Natural",0.604442641229934,0.667118229847839
"K05795","Plant",0.712973227651936,0.520076626650911
"K07693","Natural",0.263182785627723,0.260772742931865
"K07693","Plant",0.529309313700598,0.538816649046676
"K23725","Natural",0.508296932651435,0.738405425508463
"K23725","Plant",0.716883377651398,0.859406045388115
"K00646","Natural",0.95424812641179,1.29903435492569
"K00646","Plant",0.91632035536896,0.621006583588558
"K01200","Natural",0.696121935023823,0.760303969097928
"K01200","Plant",1.01083398610043,0.870044261967346
"K03404","Natural",0.3057945965208,0.549269593014749
"K03404","Plant",0.361211994340934,0.805311339744095
"K18688","Natural",0.747191341381418,0.424187206888061
"K18688","Plant",0.767669374768236,0.528004835747484
"K19742","Natural",1.66909545059642,0.812460076969966
"K19742","Plant",1.09990089379023,0.603600720492364
"K13671","Natural",0.323246385903668,0.464569611170381
"K13671","Plant",0.624015174277448,0.871698247450268
"K03465","Natural",0.641215295399762,0.728173454264688
"K03465","Plant",0.588159139549849,0.631656103763003
"K15642","Natural",0.532219159492869,0.0167489304832125
"K15642","Plant",0.913550050769958,0.622965172962843
"K23227","Natural",0.317361123595607,0.905738108814357
"K23227","Plant",0.217560777940928,0.861030309821352
"K04772","Natural",0.470405474358718,0.327763879454225
"K04772","Plant",0.935158517931513,1.25206877695089
"K10202","Natural",0.583774671532156,0.540486871272107
"K10202","Plant",0.961061117362552,1.07811219837784
"K10215","Natural",0.608919472953946,0.546077518033959
"K10215","Plant",0.706663403960679,0.983208372353393
"K02634","Natural",1.79311857098986,2.11025882333663
"K02634","Plant",0.665469619611426,0.556687104880518
"K07454","Natural",0.45144421031684,0.0205201293558565
"K07454","Plant",0.650708887416812,0.904210163513658
"K15921","Natural",0.669357354249674,0.694196704844633
"K15921","Plant",0.802484412499648,0.71828703075433
"K03006","Natural",0.392110319607841,0.247787526286436
"K03006","Plant",0.56574874160214,0.296222769490871
"K02315","Natural",0.381615886658588,0.185036486544548
"K02315","Plant",0.445457901170791,0.43045199212672
"K02568","Natural",0.218263395056754,0.420541634626799
"K02568","Plant",0.417695258842331,0.530185942206653
"K09962","Natural",0.524678875938334,0.434891298287768
"K09962","Plant",0.664301761137297,0.643560245302017
"K06903","Natural",0.7884929769504,0.511412019444336
"K06903","Plant",0.794665249015372,0.907528811531226
"K03272","Natural",0.541308084738318,0.456614657929548
"K03272","Plant",0.720066465842605,0.699002521538609
"K09607","Natural",0.149557210508658,0.0536113946461515
"K09607","Plant",0.411018662292658,0.654596602319174
"K16301","Natural",0.270518138261119,0.25582114020725
"K16301","Plant",0.589563305642505,0.708771296863714
"K07504","Natural",0.487517551108343,0.255167627782257
"K07504","Plant",0.500809983132065,0.375180190695497
"K07241","Natural",1.69965905097831,1.9097239627778
"K07241","Plant",1.35316579134906,0.779405966966466
"K09925","Natural",0.577676686714873,0.584958392245835
"K09925","Plant",0.778864447923207,0.952801642352085
"K09794","Natural",0.404452559665237,0.32878537634589
"K09794","Plant",0.302798608165967,0.473338825473217
"K02703","Natural",2.60487636221732,3.86463051495903
"K02703","Plant",1.59291690957184,1.89078263876734
"K09667","Natural",0.669144410022995,0.447488072505805
"K09667","Plant",1.49059733635894,1.39386679378945
"K19125","Natural",0.34041970261886,0.0130394218084781
"K19125","Plant",0.491061124330231,1.10333569367733
"K00435","Natural",1.45315767168886,0.897718516711316
"K00435","Plant",1.64289342673125,1.25557533429924
"K06909","Natural",2.28042751133476,2.5587695267063
"K06909","Plant",1.63978844359249,1.25600775242793
"K19714","Natural",0.262721731038949,0.357554432678251
"K19714","Plant",0.227945943364379,0.100114703922084
"K04093","Natural",0.317467396296016,0.1545459818267
"K04093","Plant",0.706619543063639,0.935834525576904
"K06950","Natural",0.619558418495264,0.561689807565279
"K06950","Plant",0.802005103374599,0.721931949235223
"K20483","Natural",0.31034320344291,0.515672018053823
"K20483","Plant",0.296734341935297,0.720295542272017
"K01066","Natural",0.489777860302789,0.175956304483203
"K01066","Plant",0.544496371083582,0.476968491978103
"K01082","Natural",0.453182240960863,0.460314981025172
"K01082","Plant",0.779951767717654,0.502066148112408
"K23393","Natural",0.52473480998043,0.282158651703282
"K23393","Plant",0.773835952978161,0.821269959617509
"K10200","Natural",0.560943824940758,0.480980560962703
"K10200","Plant",0.858724921109433,0.977243661851056
"K22446","Natural",0.603575486092911,0.465314094389046
"K22446","Plant",0.702215465205564,0.684098309857826
"K14392","Natural",0.333059002829235,0.6544410627694
"K14392","Plant",0.323463508199621,0.387206603737046
"K13634","Natural",0.507532584541451,0.0228375422514935
"K13634","Plant",1.38665312813149,1.80622741954549
"K00887","Natural",0.376257215633551,0.210618908271145
"K00887","Plant",0.540620958977417,0.326589540520727
"K22614","Natural",0.690387075853109,0.417458230399071
"K22614","Plant",0.730025670886355,0.79552655450538
"K06298","Natural",0.36994559581869,0.492033742292872
"K06298","Plant",0.291685537480217,0.293793045304748
"K11962","Natural",0.400340503841475,0.27430919321101
"K11962","Plant",0.433619594662655,0.360697560787149
"K02009","Natural",0.267644079269539,0.438722365769897
"K02009","Plant",0.263024727243194,0.24604854604699
"K18208","Natural",0.700458553453032,0.675509129258203
"K18208","Plant",0.865484621943594,0.952842938307653
"K00869","Natural",0.84152042985449,1.39987807770355
"K00869","Plant",0.542626700415449,0.491518587877984
"K22250","Natural",0.594559682073831,0.143131640652125
"K22250","Plant",1.11440453746125,1.06022070755612
"K04116","Natural",1.54475851364814,1.30037921914226
"K04116","Plant",1.47603872082315,1.38119380606392
"K07075","Natural",0.386919996228185,0.356933143896305
"K07075","Plant",0.145919691699462,0.214141151014226
"K06297","Natural",0.613175306066293,0.451298701051238
"K06297","Plant",0.569746860598958,0.414667848491452
"K22818","Natural",0.854742301516913,0.631500327254142
"K22818","Plant",0.979155571466368,0.964987044417528
"K05637","Natural",0.819254768461873,0.1135695386816
"K05637","Plant",0.735480373092572,0.622862127636035
"K21162","Natural",0.854556113623013,0.852430273265445
"K21162","Plant",1.09869710312439,1.169230051242
"K04098","Natural",0.39920347770625,0.561464096286189
"K04098","Plant",0.461015980655133,0.0370841554219776
"K07118","Natural",0.33701289014481,0.476938158186071
"K07118","Plant",0.594727637364346,0.567694933157962
"K06609","Natural",0.236229073369079,0.357525181639759
"K06609","Plant",0.300691930153106,0
"K07015","Natural",0.236792110286907,0.362274402712624
"K07015","Plant",0.116495870168046,0.019127432021129
"K05551","Natural",0.444655963052742,0.392173734423516
"K05551","Plant",0.654070011821039,0.919805285760421
"K16074","Natural",0.880230182085838,0.487083211133303
"K16074","Plant",0.799291480101368,0.377327541480822
"K02013","Natural",0.486414016803519,0.351281181127609
"K02013","Plant",0.749434157621012,0.858799321604161
"K06386","Natural",0.529134701147359,0.737176970500783
"K06386","Plant",0.441756737359632,0.748486975374756
"K01865","Natural",0.620269369479001,0.379192331738646
"K01865","Plant",0.93502601974413,0.956626486343176
"K13889","Natural",2.16982574174475,2.36772607926141
"K13889","Plant",2.51973206730639,3.16006767690739
"K11780","Natural",0.830112590753573,0.914793891031263
"K11780","Plant",0.708111544289511,1.02425897675304
"K01666","Natural",0.267409179035341,0.636351132326375
"K01666","Plant",0.588888094636385,0.948773412956758
"K00661","Natural",1.03813312009486,0.810975450067836
"K00661","Plant",1.17132568025258,1.08000988355939
"K06211","Natural",0.519433360861977,0.485975183568275
"K06211","Plant",0.691978964419412,0.756013025624446
"K08966","Natural",0.259153977798235,0.690372010285654
"K08966","Plant",0.468525399364616,0.464886544002084
"K21962","Natural",0.38490508828706,0.364972747374012
"K21962","Plant",0.649093548073697,0.6641367992392
"K10002","Natural",0.67471078514958,0.435947886920088
"K10002","Plant",1.01236778358649,1.50529746363216
"K05791","Natural",0.419337737219377,0.766544934791898
"K05791","Plant",0.371143678170203,0.233290995003867
"K04782","Natural",1.581293020864,1.07861408053836
"K04782","Plant",2.00093020602612,1.85410671443857
"K11893","Natural",0.26812927470855,0.0216237906881457
"K11893","Plant",0.209500875432025,0.0143771059205762
"K11735","Natural",0.858644144542846,0.124296605734759
"K11735","Plant",1.22214477316536,0.775348052522383
"K09859","Natural",0.302620128884928,0.0946163180368216
"K09859","Plant",0.330078849775296,0.460065975664131
"K22797","Natural",1.06922571375581,0.95526568048757
"K22797","Plant",0.87487563389993,0.512867264545696
"K07225","Natural",0.881744989308613,1.26530094181292
"K07225","Plant",1.20460832777327,1.1505163621436
"K15582","Natural",0.349521079832792,0.362249876481681
"K15582","Plant",0.511361949999619,0.525410723127211
"K06295","Natural",0.585779972082504,0.448110983860608
"K06295","Plant",0.643276073129325,0.727738165921982
"K09706","Natural",0.0739617094409576,0
"K09706","Plant",0.190463821668691,0.210077644165301
"K02072","Natural",0.511726761894063,0.259259813109058
"K02072","Plant",0.748638227229659,0.763633850496182
"K16431","Natural",0.306042107509361,0.064365036750833
"K16431","Plant",0.192470301603975,0.225203626819706
"K15313","Natural",0.694980552688656,0.301281496155387
"K15313","Plant",0.685180133251093,0.926727016286427
"K02704","Natural",1.37572165307146,1.67198709933348
"K02704","Plant",0.577506360990425,0.591293235257791
"K02768","Natural",0.456980741342644,0.0833176909665599
"K02768","Plant",0.604469303802814,0.132057400777416
"K10119","Natural",0.82752330124256,0.906373318878069
"K10119","Plant",1.02918821760937,1.33995493079792
"K13853","Natural",0.380985913623013,0.949556833598548
"K13853","Plant",0.404987959326939,0.470355458099011
"K05776","Natural",0.724997809577451,0.41507468614534
"K05776","Plant",1.08194562577857,0.976883157405274
"K00046","Natural",0.932614014347486,0.748820214054071
"K00046","Plant",0.977019378802926,0.988476805766648
"K16704","Natural",1.40303119694945,1.62164930662004
"K16704","Plant",1.33424680315637,1.71110231777444
"K02001","Natural",0.263572045514571,0.155457956255859
"K02001","Plant",0.43481483132286,0.553715712255418
"K18382","Natural",1.08549109198487,0.874605081162876
"K18382","Plant",1.0794248968753,1.05831751973192
"K11947","Natural",0.659007628177346,0.419263382679087
"K11947","Plant",1.01724541795491,1.1507200379706
"K09966","Natural",0.846563434514386,0.524874749729437
"K09966","Plant",1.05561970106988,1.31312833381304
"K07217","Natural",0.385569475278768,0.187105180512294
"K07217","Plant",0.287445332007868,0.341579520407644
"K06310","Natural",0.32828172913022,0.312386148996931
"K06310","Plant",0.325881585065156,0.467107493249277
"K21178","Natural",1.74307478435912,1.69396692845284
"K21178","Plant",1.36255309813902,1.07388889893667
"K07151","Natural",0.961657433572467,1.1965155020545
"K07151","Plant",0.812411299174302,1.04714518447023
"K11703","Natural",0.531036325234977,0.222771572168515
"K11703","Plant",1.1102779315657,1.37406939797884
"K11689","Natural",0.790622000199019,1.40131446125808
"K11689","Plant",0.980427988177387,1.38495162460101
"K01846","Natural",0.965025167282731,0.889293896936313
"K01846","Plant",0.715112957991225,0.404865079666841
"K11617","Natural",0.741400000388766,0.495086756734338
"K11617","Plant",0.591762469535217,0.379249699447291
"K01414","Natural",0.65060713654313,0.230540452859427
"K01414","Plant",1.30673111597076,1.5570019550507
"K02671","Natural",0.442978881281362,0.400985330653175
"K02671","Plant",0.794497460544777,1.35507341232827
"K04065","Natural",0.683038584728737,0.640515215920298
"K04065","Plant",1.15089876578989,0.93481002369249
"K08164","Natural",0.186075595669196,0.216641825886775
"K08164","Plant",0.368188188427442,0.353341935491913
"K00084","Natural",0.546938611016103,0.600384695204236
"K00084","Plant",0.718046880558445,1.0154382928879
"K16697","Natural",0.332160640233747,0.309051538838309
"K16697","Plant",0.423073871852737,0.360535557211763
"K21744","Natural",0.632156473485864,0.50999491235595
"K21744","Plant",0.675099784825527,0.675059859409372
"K07455","Natural",0.775843253444557,0.756730312283311
"K07455","Plant",0.621436344530002,0.52389342370151
"K05541","Natural",0.228812893555897,0.335753770088991
"K05541","Plant",0.363128103400424,0.497981872556519
"K03223","Natural",0.771090954462421,0.682928897085897
"K03223","Plant",0.465386880964387,1.22766716934422
"K02228","Natural",0.533938295444073,0.731115554419481
"K02228","Plant",0.674720991846885,0.361935739878266
"K00561","Natural",0.523591728256614,0.678994902411939
"K00561","Plant",0.952508926435482,0.920517901701115
"K20423","Natural",0.820202523150703,0.416955015084305
"K20423","Plant",1.21064743405173,1.09380739227917
"K16424","Natural",0.176968871967538,0.0613208874896585
"K16424","Plant",0.463562691696901,0.788168514542346
"K03810","Natural",0.716690902914438,1.29037006427614
"K03810","Plant",0.916789178552011,1.61452042061588
"K22552","Natural",0.401457041987644,0.512333588985988
"K22552","Plant",0.762931727107148,0.941607133334493
"K07665","Natural",0.467557957527733,0.482111051334325
"K07665","Plant",0.488853711791329,0.293617738203594
"K06862","Natural",1.02556232269549,0.878224902925316
"K06862","Plant",1.0610607547374,0.905580500748132
"K06378","Natural",0.286561154403636,0.307807187026284
"K06378","Plant",0.404449477230983,0.766692687647626
"K03230","Natural",0.34992208415676,0.0487330862369884
"K03230","Plant",0.720378831813149,0.85525351129076
"K01192","Natural",0.47618739238252,0.592732810032357
"K01192","Plant",0.681060788383414,0.755200508779703
"K09123","Natural",0.657716137716373,0.816907449243931
"K09123","Plant",0.423293317947355,0.611117604119243
"K23176","Natural",0.43280362701854,0.271554381811862
"K23176","Plant",0.733589390427163,0.876217159504199
"K16046","Natural",0.72116010283648,0.614130112367332
"K16046","Plant",0.759848086304769,0.81942004751611
"K06318","Natural",0.575594066290352,0.774245999973251
"K06318","Plant",0.563462894902994,0.0672114074178334
"K14667","Natural",0.399373105168199,0.468022928182541
"K14667","Plant",0.650759584785922,0.824162921795524
"K03623","Natural",0.687459760252634,0.669446532586007
"K03623","Plant",1.04925060004873,1.41015178122287
"K14052","Natural",0.440386578486839,0.968343344808032
"K14052","Plant",0.453591138478626,0.649364766878569
"K05554","Natural",0.331429338830384,0.205754067465972
"K05554","Plant",0.622750906511451,0.967258753690032
"K01442","Natural",0.435602694481817,0.414118972292694
"K01442","Plant",0.75747457365502,1.13415818767768
"K14668","Natural",0.537546769666258,0.354607542226227
"K14668","Plant",0.84142822778913,0.977605127788069
"K01153","Natural",0.868974391326505,0.970501753101417
"K01153","Plant",0.876068435420759,0.870724796938374
"K05822","Natural",0.506204020166852,0.646927752597465
"K05822","Plant",0.524703032239732,0.0438805496927767
"K05352","Natural",0.229311289284073,0
"K05352","Plant",0.332970645627729,0.27200470142884
"K12436","Natural",0.40551496640248,0.266621892498607
"K12436","Plant",0.657047167031513,0.858066809828105
"K08714","Natural",0.226063908301569,0.363138813652504
"K08714","Plant",0.527550676387829,0.577637208175609
"K11935","Natural",1.67330967530069,1.77917124758197
"K11935","Plant",1.43372383038035,3.14785372582968
"K16210","Natural",0.606680329599923,0.30559706004338
"K16210","Plant",0.979847627301609,0.656929574590703
"K05342","Natural",0.429337086920423,0.319721225365202
"K05342","Plant",0.665255434407584,0.724496748218458
"K13787","Natural",0.158623217935632,0.206865592392268
"K13787","Plant",0.449762980560741,0.830781160423278
"K12428","Natural",0.488981100387384,0.538853207702099
"K12428","Plant",0.562811380175217,0.666941579664484
"K02930","Natural",0.833101779235904,0.590728168101299
"K02930","Plant",0.981113729069644,1.35376984272854
"K16235","Natural",0.312206835477316,0.553548696668348
"K16235","Plant",0.35116647179338,0.487712645040598
"K01421","Natural",0.736197341650825,0.932190160930769
"K01421","Plant",0.164280449222877,0.281948772126684
"K10915","Natural",2.14991517709607,2.67706547299532
"K10915","Plant",2.17478071099218,2.29959473323202
"K15532","Natural",0.635809463514685,0.393792703594307
"K15532","Plant",1.16404232558298,0.905031887626588
"K03822","Natural",1.76606909567855,1.73820251117796
"K03822","Plant",1.34326409271773,0.960637900665675
"K19005","Natural",0.233489539431046,0.0371185221644317
"K19005","Plant",0.195408977184142,0.0105167092484306
"K03475","Natural",0.424784609763698,0.00370684289942377
"K03475","Plant",0.516035461624112,1.15554020591864
"K00138","Natural",0.239866074675916,0.283619166617798
"K00138","Plant",0.387236859070616,0.855621831280287
"K14578","Natural",0.411649523468844,0.0310698116788853
"K14578","Plant",0.769258183510099,1.51261028029217
"K01577","Natural",1.03467755183557,0.962056160128021
"K01577","Plant",1.44089407270528,1.53041595064728
"K22539","Natural",0.504542322150701,0.511491514932087
"K22539","Plant",0.658506010211585,0.577667472849876
"K03124","Natural",1.32405597882123,1.56468616040785
"K03124","Plant",1.68224457503034,2.15762060057532
"K17675","Natural",0.564809330257072,0.334035133202355
"K17675","Plant",0.918592057672952,0.880284325536859
"K07002","Natural",0.753129322822303,1.13039298644791
"K07002","Plant",0.996627939108468,0.986519984239392
"K05555","Natural",0.230792334070845,0.0289061564228245
"K05555","Plant",0.240158677076762,0.35693712335751
"K18540","Natural",0.259229592484762,0.471868702084498
"K18540","Plant",0.379546145933482,0.597894625148137
"K04117","Natural",1.03101658931414,1.13799413407482
"K04117","Plant",1.07174180312962,1.13251808346347
"K06403","Natural",0.389762648246206,0.409250611958095
"K06403","Plant",0.294216056883248,0.295801410466412
"K06351","Natural",0.552722908074843,0.26177993797977
"K06351","Plant",0.698604781924113,0.403397665390027
"K13727","Natural",0.414659347806696,0.660335728704752
"K13727","Plant",0.483835289709164,0.47070193375981
"K06945","Natural",0.63253869830467,0.95157505444815
"K06945","Plant",0.175800820588481,0.664495457047591
"K13315","Natural",0.689320267600263,0.53447768811195
"K13315","Plant",0.860683492193999,1.13013465719419
"K18223","Natural",0.341744767021777,0.169173602591184
"K18223","Plant",0.333378230544344,0.805423195110347
"K10709","Natural",0.473878422596326,0.692607955160981
"K10709","Plant",0.648017020267058,0.38646690692737
"K03716","Natural",0.295608880237229,0.0975558218560271
"K03716","Plant",0.564865155420957,0.357462894408594
"K21023","Natural",0.587388184079681,0.328514764548567
"K21023","Plant",0.503215527565262,0.729691569940235
"K11988","Natural",0.621812976759473,0.0441866463377765
"K11988","Plant",0.659971065168289,0.443312835798908
"K03300","Natural",0.300402772643472,0.182240563797592
"K03300","Plant",0.511859905613333,0.389609589304983
"K06391","Natural",0.323071976038062,0
"K06391","Plant",0.358383127518772,0.617267329450338
"K21480","Natural",0.7331696901564,0.333116154793112
"K21480","Plant",0.737991896970986,0.993885587098697
"K03760","Natural",0.503748955138053,0.899965394882916
"K03760","Plant",0.642650549521656,0.510425146144791
"K10851","Natural",0.132413993848772,0.300420994953104
"K10851","Plant",0.454535206787597,0.62050783449061
"K02476","Natural",0.569921722491213,0.459264231687069
"K02476","Plant",0.692556821290851,0.860724692361744
"K10542","Natural",0.315948066057633,0.485959606731795
"K10542","Plant",0.570654834709649,0.273375133154035
"K04756","Natural",0.738450124437441,0.530517443033379
"K04756","Plant",0.802735849725749,1.01638351322841
"K15312","Natural",0.60109733013925,0.0577762165091555
"K15312","Plant",0.360492420734109,0.088612332355035
"K02026","Natural",0.296813003444153,0.179287071690586
"K02026","Plant",0.645174481888176,0.834354367414297
"K21182","Natural",0.436199600726108,0.384455417085148
"K21182","Plant",0.766037248658103,0.59509705639364
"K11782","Natural",0.365963961676882,0.404046451184415
"K11782","Plant",0.340264434828723,0.51712617876464
"K07499","Natural",1.51252266743012,1.86624616872147
"K07499","Plant",1.53010942405239,1.44263519969198
"K09153","Natural",1.17731566605155,0.348683411587292
"K09153","Plant",1.67889265354412,1.43048980093169
"K03806","Natural",0.228652680279716,0.0486549049476157
"K03806","Plant",0.78682448004549,0.959874890008641
"K03749","Natural",0.212542753023805,0.122747823103188
"K03749","Plant",0.167961257926594,0.436650715982325
"K06402","Natural",0.184849237249104,0.179091195276792
"K06402","Plant",0.17565844848139,0.185083931741754
"K16150","Natural",0.597805954490156,0.461867538699163
"K16150","Plant",0.883100449879328,0.978926361319437
"K16862","Natural",1.57437232703957,1.79627289838983
"K16862","Plant",1.23054871081078,0.723358450992633
"K08691","Natural",0.770350247337851,0.648946769015043
"K08691","Plant",0.869771909322946,0.531858563680679
"K18587","Natural",0.80924416421128,0.405605761309064
"K18587","Plant",1.10825241710945,0.985676638506886
"K16014","Natural",1.38400283095419,0.955531550020711
"K16014","Plant",1.3117448622738,1.00803175818255
"K00351","Natural",1.00776934669986,2.05407134769472
"K00351","Plant",1.1979732494677,0.898253794677874
"K01625","Natural",0.671313111559723,0.397906168844616
"K01625","Plant",1.02655902054946,0.91704653905823
"K11145","Natural",0.270382936901713,0.219933705849325
"K11145","Plant",0.40269918248991,0.270242265878688
"K23117","Natural",0.221210229504582,0.35305763057727
"K23117","Plant",0.158347706064136,0.617892402039565
"K21561","Natural",0.924631535090756,0.535947281957161
"K21561","Plant",1.29971237973337,1.16229420444756
"K16257","Natural",0.517208122671566,0.410281064758521
"K16257","Plant",1.28257701257837,1.14540735788322
"K14371","Natural",1.09501387892074,0.936083258838033
"K14371","Plant",1.2794956672457,1.46411963946068
"K10232","Natural",0.371015292349679,0.28361854279957
"K10232","Plant",0.712136663071147,0.97446899317739
"K15578","Natural",0.646648139678812,0.292829675354565
"K15578","Plant",1.0973618866241,1.18126540971327
"K08685","Natural",0.519458415271813,0.322752983974468
"K08685","Plant",0.906291916857251,0.59673825984019
"K21567","Natural",0.860820303837096,0.849466517653884
"K21567","Plant",1.09259838481183,0.9554534545816
"K07651","Natural",0.331501114582631,0.281750938919346
"K07651","Plant",0.306487024111682,0.0806206943996221
"K06940","Natural",0.906326514114197,0.703221348470869
"K06940","Plant",0.991151765353,1.35897136979905
"K11746","Natural",0.272919150601507,0.480677321101997
"K11746","Plant",0.133780742815266,0.124761984751567
"K01321","Natural",0.359993192945735,0.457330727600184
"K01321","Plant",0.39041671371548,0.295715997082008
"K17324","Natural",0.702379733278484,0.0928778138292292
"K17324","Plant",0.428167891477854,0.151528437045067
"K05834","Natural",0.74233659468,0.539039598469319
"K05834","Plant",1.16884601456957,0.968515462299024
"K11535","Natural",0.298615164538928,0.651774539177838
"K11535","Plant",0.475868393069159,0.474950785435221
"K09861","Natural",0.752192480967062,0.839387578687185
"K09861","Plant",1.21348570526053,1.55408545923928
"K16436","Natural",0.445848091428377,0.0510524830128653
"K16436","Plant",0.658203392239354,0.325025978402921
"K00273","Natural",0.32032967304812,0.154170627813771
"K00273","Plant",0.473624135990495,0.661581755911736
"K21187","Natural",0.535259096050417,0.557666599771955
"K21187","Plant",0.750249590991483,1.05869342725037
"K11173","Natural",1.25893350231237,0.799548800755747
"K11173","Plant",2.13649446637315,2.44104713350162
"K21685","Natural",0.943458598212108,1.06824985091026
"K21685","Plant",0.938444810770516,1.35548845156483
"K22424","Natural",0.660752929144074,0.114045393751615
"K22424","Plant",0.686623228294078,0.00832488204703888
"K22297","Natural",0.363535998036328,0.322714684594829
"K22297","Plant",0.415391229394077,0.571457649035808
"K01796","Natural",0.39152970506846,0.210496816896317
"K01796","Plant",0.770711777972096,0.8248917100353
"K21064","Natural",0.205488381507574,0.140235355011573
"K21064","Plant",0.216909377791961,0.489330677676402
"K09986","Natural",0.931028597651522,0.543815824583777
"K09986","Plant",1.43657732317515,1.24680049157592
"K16783","Natural",0.39151102866368,0.0333722544198769
"K16783","Plant",0.539037808281837,0.160994893589724
"K07496","Natural",0.566863151711453,0.455138999131071
"K07496","Plant",0.790385327373678,0.81012545386205
"K15311","Natural",0.71975000270499,0.640359103935223
"K15311","Plant",0.711611270478588,0.858587570026213
"K13877","Natural",0.680026890115552,0.466015564950656
"K13877","Plant",0.787661435165358,0.513101932114307
"K14339","Natural",1.04109044575718,0.805827687311176
"K14339","Plant",0.895620378394158,0.579654269191293
"K00186","Natural",1.09649150794413,1.36992470485422
"K00186","Plant",1.23160102003343,1.12472588829768
"K13995","Natural",0.858247619301606,1.01088655690619
"K13995","Plant",0.607392788032292,0.518715563421542
"K01093","Natural",0.69800148045325,0.842464996904577
"K01093","Plant",0.423169100072492,0.453157996242017
"K00851","Natural",0.378774130692434,0.135934755187091
"K00851","Plant",0.688919199650863,0.849231177819193
"K06221","Natural",0.618822079440866,0.486599944743107
"K06221","Plant",0.899677255964096,1.24397806369259
"K22303","Natural",0.243098140831037,0.111659572893107
"K22303","Plant",0.451091646978559,1.33942063076262
"K04691","Natural",0.801631079015819,0.944812115599521
"K04691","Plant",1.68944138051747,0.925678083857962
"K01392","Natural",0.246985094277824,0.235904178887363
"K01392","Plant",0.704610740152454,0.748563003410782
"K16509","Natural",0.298498754546417,0.110978289206908
"K16509","Plant",0.377488091425325,0.249339032571404
"K00040","Natural",0.178012507457002,0.194340060816063
"K00040","Plant",0.197826327607241,0.0994971558321839
"K07494","Natural",0.977425477409346,1.67416572453605
"K07494","Plant",1.00719224898432,1.00084246838832
"K01281","Natural",0.488146948170513,0.39131307504289
"K01281","Plant",0.780901429146112,0.940831642542988
"K14054","Natural",0.715976043959911,0.765812234537484
"K14054","Plant",0.778380831742735,0.504646235783539
"K03762","Natural",0.280895428754211,0.297646299905399
"K03762","Plant",0.169271469696299,0.415227085228768
"K16164","Natural",0.623303230938245,0.897886045430619
"K16164","Plant",0.94660138611898,0.816281226315242
"K15792","Natural",1.44564202808399,0.838251104480239
"K15792","Plant",0.709894648281513,0.0441291311080213
"K18930","Natural",0.713271827141819,0.660019429009564
"K18930","Plant",0.90614598992502,0.970334935782516
"K03599","Natural",0.459710277547926,0.181996581429092
"K03599","Plant",0.906662201223292,1.26606951768008
"K06307","Natural",0.479812922170586,0.678437145802475
"K06307","Plant",0.607127143624627,0.654921253989972
"K05501","Natural",0.500745425474268,0.555015563074215
"K05501","Plant",0.520357869953394,1.23456317164909
"K10191","Natural",1.14109326621044,1.08390371550171
"K10191","Plant",1.40898801085975,1.94010260633142
"K14519","Natural",0.371239418947412,0.616704827429929
"K14519","Plant",0.724370939000303,0.936813414587025
"K17330","Natural",0.184109896625286,0.065488288031096
"K17330","Plant",0.447973128202019,0.879484338438994
"K06311","Natural",0.572214097023592,0.598260304606651
"K06311","Plant",0.760364178168819,0.557215609138632
"K10188","Natural",0.666791313041005,0.688936719579734
"K10188","Plant",0.815149078713739,0.902206003539777
"K23087","Natural",0.373223683442699,0.268099366844124
"K23087","Plant",0.53244969782822,0.598522781053531
"K13934","Natural",0.486282973931939,0.53195421920623
"K13934","Plant",0.417198994301202,0.153542388169765
"K05888","Natural",0.67292976996779,0.694113661961666
"K05888","Plant",0.74879250826959,1.11018318092003
"K07485","Natural",0.672644408442917,0.525687159345217
"K07485","Plant",0.816864158211473,0.656785747801573
"K15771","Natural",0.422317246358988,0.780312189193002
"K15771","Plant",0.159825919186054,0.375329085263506
"K10621","Natural",0.584388939403514,0.386828114184051
"K10621","Plant",0.574535208215592,0.371434800440779
"K21681","Natural",0.408127195901588,0.282244762797938
"K21681","Plant",0.722764784222328,0.814948740801698
"K03973","Natural",1.04322710245893,0.166606831688525
"K03973","Plant",1.32841018579511,0.831341927357471
"K16012","Natural",0.4746400305645,0.402322343781626
"K16012","Plant",0.768624308972174,0.815093277214861
"K11637","Natural",0.377083696225971,0.551179390005625
"K11637","Plant",0.30226639065201,0.328371332067084
"K02250","Natural",0.330025481779114,0.468115777086688
"K02250","Plant",0.269024774136009,0.191727795718417
"K01176","Natural",0.516630049126503,0.380266056243698
"K01176","Plant",0.817555113763777,0.804631199380258
"K07085","Natural",0.795817022566427,0.629843635037808
"K07085","Plant",1.05750847040824,1.17334095462529
"K16417","Natural",0.988003707902965,1.0776860603258
"K16417","Plant",1.01807840781536,0.891463163665603
"K16651","Natural",0.344980991134903,0.274992039062392
"K16651","Plant",0.444533742414889,0.381953371098927
"K05311","Natural",0.31194182376865,0.198122128364375
"K05311","Plant",0.574466408661971,0.758606709883815
"K06330","Natural",1.20758888808358,1.55283575257062
"K06330","Plant",0.903381161329637,0.104335803878365
"K06379","Natural",0.642460191208592,1.35205802436399
"K06379","Plant",0.971574343660294,1.15813168061681
"K11917","Natural",0.483223419212593,0.124578646483172
"K11917","Plant",0.5814648778256,0.30471319304066
"K00469","Natural",0.5622758120418,0.889000859835272
"K00469","Plant",0.306903344520789,0.299891667340698
"K01932","Natural",0.800895814545112,0.685464141798595
"K01932","Plant",0.573747316501826,0.566709536460284
"K00702","Natural",0.532901696724045,0.669276222709679
"K00702","Plant",0.399735507222147,0.164469400522622
"K20370","Natural",1.14219540983525,1.38070242138572
"K20370","Plant",0.458645928902658,0.112992381936395
"K16051","Natural",0.980639008569643,0.610588424572456
"K16051","Plant",1.09652971962994,0.867255939061821
"K12710","Natural",0.615370063536366,0.595124500426063
"K12710","Plant",0.362010976333373,0.313843375273512
"K19181","Natural",0.617338329601822,0.468660981837135
"K19181","Plant",0.610837739868803,0.964375684950805
"K01821","Natural",0.660231425450247,0.504835306875948
"K01821","Plant",1.02684580707684,0.868485685937046
"K18231","Natural",0.272428463134413,0
"K18231","Plant",0.340310033844884,0.351341496880701
"K19670","Natural",1.14089369922469,1.04363451569096
"K19670","Plant",1.28846878433844,1.69189508454484
"K13653","Natural",0.656481464273563,0.74522286536347
"K13653","Plant",0.825032002502376,0.894938614742923
"K20274","Natural",0.607267182323676,0.349629909543901
"K20274","Plant",0.844203567138728,0.848772194202067
"K03430","Natural",0.497215795216054,0.962196933173573
"K03430","Plant",0.868010299238166,1.59271806644766
"K22704","Natural",0.172833439979756,0.25035282744228
"K22704","Plant",0.267842878289344,0.580360821225003
"K02551","Natural",0.260342459545408,0.104883273028578
"K02551","Plant",0.333355727151205,0.624334387255249
"K09942","Natural",0.193766823044306,0.0726320223284453
"K09942","Plant",0.326987334644835,0.301945739793804
"K00066","Natural",0.988884658387612,0.50671497736286
"K00066","Plant",1.60285415244795,1.5972189523981
"K11778","Natural",0.331332757087012,0.00280267166953715
"K11778","Plant",0.394551974595076,0.26498045796439
"K02385","Natural",0.431001061725518,0.713621844522316
"K02385","Plant",0.415001807832333,0.805761028140378
"K06375","Natural",0.332411526004223,0.331552854950084
"K06375","Plant",0.213335805479548,0
"K03710","Natural",0.382164809869587,0.338540237047355
"K03710","Plant",0.52156814907933,0.436530474669362
"K07774","Natural",0.681957403916904,0.671966605501494
"K07774","Plant",0.776465447327715,0.470999802229405
"K03231","Natural",0.725276250785608,0.0839496145803032
"K03231","Plant",0.964772279150381,0.44857836033501
"K06974","Natural",0.237808675590317,0.047908590439766
"K06974","Plant",0.361733007241275,0.245493905761549
"K07770","Natural",0.26403869277638,0.325391102466603
"K07770","Plant",0.281321686827177,0.186538208416159
"K04068","Natural",1.23187855059533,1.55526738532835
"K04068","Plant",0.94047311590023,0.442977663916318
"K14673","Natural",0.610350670355297,0.480734678187733
"K14673","Plant",0.862625636625762,1.65276392769485
"K22820","Natural",0.639040111114071,0.471570565790576
"K22820","Plant",0.784671749486685,0.584611112494527
"K06327","Natural",0.285717431159596,0.476167591539629
"K06327","Plant",0.275044201949492,0
"K01210","Natural",0.881868017166065,0.795349593922117
"K01210","Plant",0.758966813171365,0.811563156087656
"K13670","Natural",0.706652109675822,0.0700564638415811
"K13670","Plant",0.757937752115515,0.56648186784471
"K07466","Natural",1.07542107563218,0.535984212345152
"K07466","Plant",0.603157068286418,0.204485082650429
"K00313","Natural",0.452423312228224,0.0984175148286908
"K00313","Plant",0.296485207152734,0.819285148692293
"K03311","Natural",0.414175819041402,0.672471669039299
"K03311","Plant",0.606309168753403,0.437978835845954
"K13798","Natural",0.519102465315895,0.442306828142131
"K13798","Plant",0.707937913611023,0.585440783773503
"K14682","Natural",0.65394029207475,0.515121276635248
"K14682","Plant",0.948656493870145,1.50771462111538
"K03222","Natural",0.660938782668167,0.828983406780006
"K03222","Plant",0.821331788451178,0.343792839953818
"K08745","Natural",0.835107886074101,0.440263313727986
"K08745","Plant",0.565261910230237,0.000349847094545923
"K06983","Natural",0.566704659641509,0.975580492186811
"K06983","Plant",0.25436526326705,0.151217722409538
"K07266","Natural",0.953743150246706,0.694038505938879
"K07266","Plant",0.997270808783024,0.954871452540249
"K16645","Natural",0.964638780251708,0.380965764390397
"K16645","Plant",1.04575976428731,0.891219028944595
"K09166","Natural",0.425785717025993,0.30600100901599
"K09166","Plant",0.698117734584734,0.532357838763394
"K21191","Natural",1.38257131237948,1.35408410662985
"K21191","Plant",1.51200541619931,1.48437971910343
"K07226","Natural",0.266596656703295,0.0991300382740148
"K07226","Plant",0.354971369625063,0.296867875288844
"K16242","Natural",1.70680334542858,1.49450366649676
"K16242","Plant",2.44539619111056,1.4713674229468
"K17938","Natural",1.65484757018098,1.88226940153653
"K17938","Plant",2.11476931834339,1.83894954934153
"K03891","Natural",0.243566710833569,0.137346143019311
"K03891","Plant",0.516938578860454,1.11352555011285
"K07153","Natural",1.12243533354794,1.2204842279782
"K07153","Plant",0.694486376141008,1.4090512290432
"K21181","Natural",0.43994521046183,0.18769293129928
"K21181","Plant",0.487427368913694,0.419494402793766
"K17216","Natural",0.364232911538758,0.611941722336251
"K17216","Plant",0.657563475028055,1.04656200358016
"K03651","Natural",0.438667870324222,0.126602340308227
"K03651","Plant",0.590660340392635,0.726332454359633
"K01449","Natural",0.759433059614139,1.035177086002
"K01449","Plant",1.00471707235414,0.644493307768741
"K07451","Natural",0.364258922694925,0.305076654055512
"K07451","Plant",0.577190978709394,0.713224335227475
"K01286","Natural",0.197714245397363,0.138669846136579
"K01286","Plant",0.439680325028662,0.553443097029846
"K07077","Natural",0.218742602236292,0.168238281772292
"K07077","Plant",0.62405497250905,0.895445985675026
"K03974","Natural",0.95943228043555,0.179991874438611
"K03974","Plant",1.24333323262932,0.857181404811583
"K22081","Natural",0.383280151196104,0.0603064755603435
"K22081","Plant",0.84324927210181,0.779578934228163
"K16017","Natural",0.623018176830274,0.335626716940776
"K16017","Plant",1.21986710213665,1.58398873331552
"K14631","Natural",0.965808604033831,1.43420885380169
"K14631","Plant",0.540067181886334,0.525986243029141
"K12454","Natural",1.05963225460687,0.625636233913286
"K12454","Plant",1.23753681385924,1.12743436224261
"K10546","Natural",0.689187955022375,0.621362504260466
"K10546","Plant",0.989309068800856,1.03694658931717
"K22902","Natural",1.09119470537587,0.618062810354404
"K22902","Plant",1.01456042865412,0.778847638430236
"K07110","Natural",0.967290450761269,0.511171207492741
"K07110","Plant",1.35093499129624,1.37041892049839
"K15764","Natural",0.377953911434798,0.0463767696384575
"K15764","Plant",0.469103266804694,0.292543914088416
"K05346","Natural",0.809420914660649,0.570958580670334
"K05346","Plant",0.791937641255686,0.848664122661581
"K16649","Natural",0.65905710595241,0.426668209558384
"K16649","Plant",0.828307032467225,0.536120970011948
"K06959","Natural",1.46977660935746,1.39924814713763
"K06959","Plant",1.5345428793146,1.60334439704939
"K07084","Natural",0.257542277336925,0.00278694226668628
"K07084","Plant",0.387445164982662,0.528524498698875
"K08094","Natural",0.685006269451676,0.462199456776977
"K08094","Plant",0.716985584202126,0.742650595206566
"K03573","Natural",0.261275419538494,0.343000164628942
"K03573","Plant",0.479415089135828,0.349292255362829
"K23624","Natural",0.252873961010404,0.260974237256
"K23624","Plant",0.300384132913211,0.28787233950233
"K23262","Natural",0.272542374169368,0.443146244987379
"K23262","Plant",0.44198386123398,0.684569115351529
"K19978","Natural",0.7452918115102,0.766084177652145
"K19978","Plant",0.906944349593276,1.13107676651812
"K13626","Natural",0.344818419690267,0.583687979592321
"K13626","Plant",0.474912193666968,0.894344979079505
"K16141","Natural",0.645977015927312,0.017590844950083
"K16141","Plant",1.69046053140491,0.285058633607927
"K12240","Natural",0.458843157245556,0.296813609118479
"K12240","Plant",0.670116825048422,0.700103069906857
"K00657","Natural",0.513542295845233,0.737930336514764
"K00657","Plant",0.929945802917073,1.0947058945996
"K02826","Natural",0.385614654612965,0.311336452183475
"K02826","Plant",0.41295299412209,0.393912613664487
"K01813","Natural",0.887535010600272,1.2856077598151
"K01813","Plant",0.956314080904808,1.08655526046027
"K03577","Natural",0.385253244947961,0.698343267404089
"K03577","Plant",0.400702109214388,0.701336952280677
"K01222","Natural",0.392036894177663,0.343839264570588
"K01222","Plant",0.385914417281509,0.967582472438638
"K12980","Natural",0.424613624785095,0.589312406594035
"K12980","Plant",0.760966512062431,0.788479841502553
"K16905","Natural",1.62729191218799,1.21852514981382
"K16905","Plant",1.64310478708025,1.02227117537546
"K16048","Natural",0.755147738190368,0.46395781996548
"K16048","Plant",0.759427125936289,0.417621971398537
"K08082","Natural",0.58538573188918,0.357805656676975
"K08082","Plant",1.06333767510403,1.15839689209955
"K03226","Natural",0.38507977083866,0.709006293158381
"K03226","Plant",0.498285183999056,0.438625666322189
"K14982","Natural",0.328826129945445,0.211895269864821
"K14982","Plant",0.272481311969248,0.243194825468737
"K10201","Natural",0.605598482696063,0.354803918947298
"K10201","Plant",0.912042742835921,1.14361090453486
"K08152","Natural",0.416590191171289,0.141933456516024
"K08152","Plant",0.446844650373711,0.744780402492856
"K16868","Natural",0.468878887629959,0.177897429967121
"K16868","Plant",1.24001730002275,1.62179755925218
"K00635","Natural",0.936740118949313,0.672624988002072
"K00635","Plant",0.872768064794459,0.432661677242835
"K21468","Natural",0.375014338622956,0.337140839721249
"K21468","Plant",0.366659381020575,0.0675277419531852
"K03381","Natural",0.537441475066116,0.0256320100111441
"K03381","Plant",0.702476245096537,0.823857281766638
"K07236","Natural",1.15551250549487,0.592728250373166
"K07236","Plant",1.03599358162472,0.617908697972938
"K20469","Natural",1.00965849028295,0.734154792959963
"K20469","Plant",0.980399225358085,0.885637835749
"K02496","Natural",0.867595998624853,0.899387787692106
"K02496","Plant",1.06320817029151,1.85778145848108
"K02256","Natural",1.84489140189252,2.70116706914023
"K02256","Plant",1.97420795907277,2.31104952532523
"K00387","Natural",0.644040231234458,0.600252177430844
"K00387","Plant",0.540089878196308,0.281879686994015
"K03795","Natural",0.410279180598532,0.188928798739837
"K03795","Plant",0.549541847920615,0.555731610335601
"K03890","Natural",0.257698222746981,0.0932324556047508
"K03890","Plant",0.381568760041642,1.01948009204326
"K03298","Natural",0.522669931607397,0.509319912230592
"K03298","Plant",0.941282892251921,1.11158251531192
"K13745","Natural",1.32095952409992,1.37662342204033
"K13745","Plant",1.30217503603009,1.69032581742623
"K01202","Natural",1.67057064963081,2.05706622313263
"K01202","Plant",1.69922870965535,1.44386029957856
"K03087","Natural",0.474862806711141,0.809337536608112
"K03087","Plant",0.114619409008151,0.0000566958450751596
"K07641","Natural",0.699385020657156,0.388259648786978
"K07641","Plant",0.836660290279009,1.4273010410988
"K09759","Natural",0.312801477877269,0.290762653985444
"K09759","Plant",0.623394806175489,0.690042523365432
"K05711","Natural",0.282329593874054,0.02325324034278
"K05711","Plant",0.688045572713268,1.16463726971095
"K11031","Natural",1.15648919113429,1.22481746134142
"K11031","Plant",0.802342094376387,0.397636233792688
"K01416","Natural",0.170184957848236,0.00431059922480936
"K01416","Plant",0.564708812888115,0.601911326800496
"K20434","Natural",1.00909437134398,1.58540983384112
"K20434","Plant",1.31430507688054,1.13007358255665
"K19696","Natural",0.899472758827393,1.24229202767704
"K19696","Plant",0.918187627368855,1.64738885946711
"K17234","Natural",0.37634626464567,0.623216628900772
"K17234","Plant",0.444202209576771,0.215365350101884
"K19955","Natural",0.72425907230151,0.959405361232955
"K19955","Plant",0.563774375052034,0.424556758554796
"K11902","Natural",0.407674640725445,0.442846223714738
"K11902","Plant",0.221221343040957,0.11198669572031
"K20420","Natural",0.226979423315135,0.0112589203020302
"K20420","Plant",0.393868510362172,0.895000600731909
"K17994","Natural",0.584733638045079,0.0256214886726041
"K17994","Plant",0.7165772613841,0.830269069013034
"K15269","Natural",0.175477799073784,0.0473055904534572
"K15269","Plant",0.344086782880694,0.594495713615465
"K03136","Natural",0.446829045894508,0.00120321691021071
"K03136","Plant",0.485040002247833,0.410866375005457
"K08738","Natural",0.682754085892517,0.576546382205364
"K08738","Plant",0.982468238733912,0.973866500923332
"K16652","Natural",3.77995445732436,2.88411480535699
"K16652","Plant",2.93505651131653,2.5542440648803
"K06413","Natural",0.402727709258586,0.249007150519604
"K06413","Plant",0.31691149615674,0.456526036255173
"K15270","Natural",0.418971140578763,0.312461028620824
"K15270","Plant",0.317235576053383,0.6301705121838
"K21025","Natural",0.737776391641588,0.202583214224734
"K21025","Plant",1.43839597376998,2.11443334733772
"K04835","Natural",0.495504092493829,0.619553256522077
"K04835","Plant",0.665953843231481,0.0890420832709217
"K02672","Natural",0.209206842549205,0.106894232379248
"K02672","Plant",0.468836164258584,1.10860282738918
"K08900","Natural",1.24129662492993,0.456119867211496
"K08900","Plant",2.14577341158357,1.92261144577887
"K02657","Natural",0.703147599477545,0.69104763957726
"K02657","Plant",1.11269353363981,1.47685125663537
"K18676","Natural",0.889966862536789,0.921589906085661
"K18676","Plant",1.18553097993364,1.0717084450167
"K00436","Natural",0.291548781246072,0.428097340287239
"K00436","Plant",0.297939622533099,0.287554372315622
"K03831","Natural",0.389959044099492,0.336738939897339
"K03831","Plant",0.410770045842959,0.943894263678514
"K16188","Natural",0.446775193592592,0.535388070460496
"K16188","Plant",0.521324477018961,0.489846405176013
"K02690","Natural",2.40850168635285,3.28827548039951
"K02690","Plant",1.15342746584158,1.15186842147268
"K07044","Natural",1.45921328969826,1.05458706376998
"K07044","Plant",1.65130563202434,1.42385447668782
"K06396","Natural",0.282113365905196,0
"K06396","Plant",0.207727967466647,0.191768449588442
"K17061","Natural",0.335498895299988,0.438744787089984
"K17061","Plant",0.548037509552485,0.400408494574638
"K05548","Natural",2.02649638466545,2.37660952005225
"K05548","Plant",1.97204436116653,0.903094681131383
"K07216","Natural",1.20507443141542,1.53869719068493
"K07216","Plant",1.05792133086404,2.14849085061541
"K16066","Natural",0.656988611978021,0.844382007198749
"K16066","Plant",0.489628642445613,0.513929985274701
"K00956","Natural",0.656441348858561,0.189556967471822
"K00956","Plant",0.827969019512799,0.548041154298808
"K10187","Natural",0.277829119525429,0.420609020910801
"K10187","Plant",0.439186377909475,0.988014237696622
"K18820","Natural",1.17316421249802,1.50547221769534
"K18820","Plant",0.707819301096733,0.399603375401375
"K00394","Natural",1.48011754365351,1.34987060517828
"K00394","Plant",2.12002406836798,2.58380150987109
"K09711","Natural",1.46564055137309,0.722514297255405
"K09711","Plant",2.30803112991024,3.15701820752395
"K07459","Natural",0.319241946153061,0.375037820875185
"K07459","Plant",0.935826138544128,1.37529754416683
"K00122","Natural",0.735669092934603,0.132863171009977
"K00122","Plant",1.11774497521482,0.937894605937339
"K09922","Natural",0.245792649221665,0.265048300889327
"K09922","Plant",0.168491563830978,0.189065477681014
"K07394","Natural",0.498551249829346,0.183675108505314
"K07394","Plant",0.860722316878911,0.701331904671678
"K02848","Natural",0.275349719329828,0.134734970905959
"K02848","Plant",0.543742353373379,0.721072613155635
"K01753","Natural",0.212356133625623,0.526535899906365
"K01753","Plant",0.114591027098647,0.13064221894341
"K02846","Natural",0.664556040491376,0.550070401051659
"K02846","Plant",0.625259524350754,0.739818821157233
"K21161","Natural",0.427246178781067,0.514833722426095
"K21161","Plant",0.7534863759016,0.974373218144032
"K05569","Natural",0.567589395264099,0.607947044239854
"K05569","Plant",0.733727504926469,0.548910594472057
"K10242","Natural",0.52490256678798,0.546449167173887
"K10242","Plant",0.79667613409283,0.862499503351602
"K05303","Natural",0.417889194523008,0.43797680343917
"K05303","Plant",0.294819586196648,0.126041837661811
"K08162","Natural",1.0708617133642,0.858611480606713
"K08162","Plant",1.23854277144525,1.23999125895089
"K18546","Natural",0.261675390075646,0.152656237424034
"K18546","Plant",0.19740755001007,0.282793765730343
"K10798","Natural",1.25127481790426,1.1285609310234
"K10798","Plant",0.946176464323595,0.657940762611025
"K02362","Natural",0.36635974167314,0.276347406623926
"K02362","Plant",0.599980751595461,0.593240406858468
"K08986","Natural",0.378167034824618,0.401909792911888
"K08986","Plant",0.282659419384397,0.209278404668789
"K00464","Natural",0.264844863364589,0.546813947910217
"K00464","Plant",0.435243392330929,0.54411055080907
"K15583","Natural",0.15331589288253,0.142566636753815
"K15583","Plant",0.310065966777829,0.570556572418609
"K10711","Natural",0.525903132371958,0.37778651113591
"K10711","Plant",0.61047267754805,0.645178222660325
"K07697","Natural",0.340147317682053,0.422183510244452
"K07697","Plant",0.371973460172673,0.211095577395129
"K05571","Natural",0.784339575818053,0.74671807807936
"K05571","Plant",1.03154200101803,1.363967637151
"K21327","Natural",0.449077066706981,0.579129674711615
"K21327","Plant",0.429872431992441,0.309839795330901
"K04082","Natural",0.433565166583405,0.424723894039994
"K04082","Plant",0.883420403304993,1.1132441035363
"K22745","Natural",0.461519907417581,0.678343830689527
"K22745","Plant",0.468908934149138,0.755279579661378
"K23778","Natural",0.41764914933424,0.445117312922348
"K23778","Plant",0.599264172545459,1.32723299361708
"K12555","Natural",0.284224287405296,0.334078642408033
"K12555","Plant",0.428797208536671,0.399174754111323
"K00039","Natural",0.681483638780024,0.890878586808031
"K00039","Plant",1.00425070897385,1.11212708787024
"K18301","Natural",0.81878274317262,0.651450181152601
"K18301","Plant",0.536529750595699,0.74138345465563
"K09160","Natural",0.645108835658744,0.343493492951727
"K09160","Plant",1.29004835523692,1.08628294290945
"K11004","Natural",0.588402558280025,0.160016729826926
"K11004","Plant",0.813563337442334,1.02936760524703
"K09703","Natural",1.5775860391486,1.85231208748133
"K09703","Plant",1.43780447426999,1.20776534059725
"K04033","Natural",2.04752448640821,2.12154559212365
"K04033","Plant",2.14890429744972,1.83806129045189
"K13052","Natural",0.336784292023908,0.316416544762067
"K13052","Plant",0.328293053148182,0.415826740865869
"K16139","Natural",0.983157589210904,0.933016696259155
"K16139","Plant",0.717067895675922,0.491386397264034
"K10253","Natural",0.789982009911326,0.380214672133118
"K10253","Plant",1.3421095506884,1.07720186832391
"K11895","Natural",0.422344306045007,0.438251102065373
"K11895","Plant",0.277939130998499,0.199402968577719
"K19551","Natural",0.683309136416815,0.937869947157761
"K19551","Plant",0.82503445848096,0.333047360039698
"K13799","Natural",0.377174530362478,0.133238504145251
"K13799","Plant",0.892525301608752,0.487540703525943
"K11410","Natural",0.150325808820637,0.0346735213407551
"K11410","Plant",0.420797336292442,0.605368034633574
"K08225","Natural",0.501325490624813,0.920958355118956
"K08225","Plant",0.540395227086003,0.100039113649663
"K02126","Natural",1.12163595939152,0.107678953525886
"K02126","Plant",1.29781732831364,1.28842852925952
"K15466","Natural",0.928524927567962,0.354726240200322
"K15466","Plant",1.06144164777375,1.64471082440821
"K07714","Natural",0.201648904899086,0.131135934605048
"K07714","Plant",0.508441360892945,0.729293525722654
"K16426","Natural",0.384940743951539,0.381022153958559
"K16426","Plant",0.730643137928943,0.936224923655004
"K06301","Natural",0.24996716897959,0.199418348974405
"K06301","Plant",0.320228351557745,0.353120401946431
"K20261","Natural",0.933029207558532,0.823877898231621
"K20261","Plant",0.171466953255355,0.210373087160492
"K09780","Natural",0.321647024969863,0.544322538556289
"K09780","Plant",0.288359260221127,0.352001984469702
"K03775","Natural",0.267670731846809,0.064851759215511
"K03775","Plant",0.486633378947188,0.574252957987895
"K02399","Natural",0.460702822478174,0.363557768588361
"K02399","Plant",1.09910268901512,0.993311885291576
"K08976","Natural",0.18637834433066,0.154345643131284
"K08976","Plant",0.726152762514092,0.579281080931893
"K21832","Natural",1.01980937352481,0.535709142702963
"K21832","Plant",1.28474950946415,0.851675288184087
"K09947","Natural",0.768407753480603,0.432538601070607
"K09947","Plant",0.772838894289277,0.375606342569087
"K16215","Natural",0.430871288755166,0.476731163838281
"K16215","Plant",0.504799017209456,0.503374572506596
"K01194","Natural",0.159881465330219,0.420400188186394
"K01194","Plant",0.258478223060546,0.14767133855631
"K18640","Natural",0.826268998276085,2.03811665397122
"K18640","Plant",1.00265627113534,0.79380747992131
"K22217","Natural",0.387088537374672,0.86643534003913
"K22217","Plant",0.557864102493099,0.442904412618531
"K19270","Natural",0.42712252625746,0.651301495387103
"K19270","Plant",0.426221158915673,1.02027158337959
"K10820","Natural",0.53883067136914,0.897815765219286
"K10820","Plant",0.643828909390379,0.868505484173342
"K04095","Natural",0.349356528286201,0.130913318774051
"K04095","Plant",0.533209349727481,0.63157027251054
"K02497","Natural",0.156100687960535,0.342427917674181
"K02497","Plant",0.384427522766879,0.383303920037806
"K03923","Natural",0.279218570645907,0
"K03923","Plant",0.138783141693918,0
"K16416","Natural",0.437593661311675,0.0728770014307363
"K16416","Plant",0.484407200661575,0.103594920894334
"K07271","Natural",1.28761063879036,1.11115284826074
"K07271","Plant",1.34131245328885,0.700344974137902
"K00262","Natural",0.660383167348681,0.542345646196727
"K00262","Plant",0.794042335666758,0.852290449109067
"K19203","Natural",0.268436168157714,0.250222514299269
"K19203","Plant",0.453877574531522,0.487619021472886
"K02441","Natural",1.14426838494493,0.770123390316925
"K02441","Plant",0.668794919071153,0.0603215918972847
"K03784","Natural",0.245288274298042,0.62309433716971
"K03784","Plant",0.391743935408795,0.810563491508307
"K10540","Natural",0.348581847183838,0.270207252413904
"K10540","Plant",0.214273076663985,0.491255150058804
"K16899","Natural",0.845230061738294,0.252555136715061
"K16899","Plant",1.10458666786334,1.00267999459358
"K00187","Natural",2.1956841841438,2.37893096402464
"K00187","Plant",2.05224772490236,3.62072171837938
"K16447","Natural",1.00351466570066,0.562482234466374
"K16447","Plant",0.838918819588791,0.608508293506177
"K00219","Natural",1.5141191280032,1.07281094541098
"K00219","Plant",1.6775984564948,1.90222340851655
"K07096","Natural",0.831484892343268,0.93847142211301
"K07096","Plant",0.724635836859243,0.865546637901023
"K15786","Natural",0.96731996959094,0.486145347828313
"K15786","Plant",1.61949055489791,0.307340202035757
"K06223","Natural",0.707233037170325,0.921907091122733
"K06223","Plant",0.303278926043877,0.219228288923432
"K07008","Natural",0.227241067487583,0.204667362336108
"K07008","Plant",0.763721392602652,0.900288196500374
"K21065","Natural",0.13292953476366,0.187913487312989
"K21065","Plant",0.428315981600061,1.00955474343983
"K07029","Natural",0.244804488181461,0.321758450533417
"K07029","Plant",0.477088217575506,0.71457699580162
"K12567","Natural",0.483492602554046,0.413045390325061
"K12567","Plant",0.264149057773753,0.146342986304962
"K02048","Natural",1.50429138357625,1.26637258261991
"K02048","Plant",1.36547621333178,1.20716726186887
"K07265","Natural",1.1048257321974,0.455228517610244
"K07265","Plant",1.17453729632907,0.862984804225427
"K06294","Natural",0.229381314792677,0.34410688681433
"K06294","Plant",0.309181280366767,0
"K10561","Natural",0.826647687330293,1.11251884503423
"K10561","Plant",0.671073003621944,0.969759973662908
"K06283","Natural",0.235522993122384,0
"K06283","Plant",0.204663156884496,0.196790366703187
"K13767","Natural",0.34982123321919,0.202826659408138
"K13767","Plant",0.433857738664654,0.154627814789978
"K09912","Natural",0.374271160180572,0.0920060931888681
"K09912","Plant",0.873683943413948,0.681126675536927
"K12446","Natural",0.499332343275888,0.822513946199159
"K12446","Plant",0.564060376585532,0.0444779124735501
"K03291","Natural",0.513576143093616,0.589110576474906
"K03291","Plant",0.661294343311677,1.2335724013202
"K09978","Natural",1.12114569763368,0.497628469098335
"K09978","Plant",1.58586169291146,1.79472198588423
"K06417","Natural",0.54862764842753,0.626825822768636
"K06417","Plant",0.470088411317834,0.730803365249735
"K18800","Natural",0.424114809035381,0.143538430430458
"K18800","Plant",0.990227456023187,0.876881156304573
"K05770","Natural",0.845699447569709,0.51061906857148
"K05770","Plant",0.997650867394839,0.787106420707123
"K10085","Natural",1.00024079817726,1.18882342804889
"K10085","Plant",0.61886839506395,0.418961810948119
"K21703","Natural",1.11019526488449,1.65407489328303
"K21703","Plant",1.09388968876266,1.511564147031
"K14735","Natural",0.23092703656855,0.108772302668616
"K14735","Plant",0.174921070088346,0.218221600716549
"K16907","Natural",0.587550302842775,0.471842727024551
"K16907","Plant",0.520581265687743,0.623697428969022
"K05832","Natural",1.23795976377379,1.24480536913877
"K05832","Plant",1.04098135330923,0.143107467337669
"K17497","Natural",0.940634868415417,0.794500363845613
"K17497","Plant",1.08605471508019,1.28340057713542
"K14164","Natural",0.465919936833662,0.703482878594387
"K14164","Plant",0.383461858974211,0.366929638963634
"K03811","Natural",0.233528212527227,0.664621003380983
"K03811","Plant",0.408601656464149,0.634590279562094
"K08717","Natural",0.298260826159206,0.0264139289483278
"K08717","Plant",0.449945573752161,0.288793101185014
"K19511","Natural",1.15013417491953,0.813041271718292
"K19511","Plant",1.21686186301876,1.60761375965204
"K10680","Natural",0.767538854876225,0.79149623694003
"K10680","Plant",0.837736906413226,1.15589042643774
"K07041","Natural",1.29823423484115,1.2482617520305
"K07041","Plant",1.37318681767738,1.5127767349893
"K00768","Natural",0.32136871363666,0.484070458429352
"K00768","Plant",0.392958174237973,0.614607431356772
"K16397","Natural",0.51819502249653,0.305589151200812
"K16397","Plant",0.805662745425071,0.706174925524473
"K06410","Natural",0.183133061605537,0.290559369096721
"K06410","Plant",0.475128778462491,0.409501062631098
"K14166","Natural",0.512123188565527,0.413656909971774
"K14166","Plant",0.7187371362632,0.697983869934322
"K12255","Natural",0.43064217783257,0.184363628353301
"K12255","Plant",0.638060298664428,0.138007361398831
"K18687","Natural",0.663694685387565,0.368667662115496
"K18687","Plant",0.766671954401547,0.296998251963499
"K02841","Natural",1.06145709273851,1.17379165578136
"K02841","Plant",1.05657927004217,0.996144878818183
"K07131","Natural",0.178949620550642,0.099349731379079
"K07131","Plant",0.581474193252307,0.864355117660827
"K18058","Natural",0.597433305108798,0.574544275305973
"K18058","Plant",0.645740785822284,0.818000798508687
"K02240","Natural",0.348526479913582,0.191416689716051
"K02240","Plant",0.435399530742609,0.538050308697766
"K21479","Natural",0.217286757199861,0
"K21479","Plant",0.385549549701381,0.496640963486773
"K03658","Natural",1.70648770376698,1.87225011138685
"K03658","Plant",1.68229576976608,1.4149665846809
"K02856","Natural",0.450295462327009,0.0514698664364493
"K02856","Plant",0.433449092379265,0.474573381926286
"K17734","Natural",0.782001245382908,0.750718685426122
"K17734","Plant",0.861778774917361,0.552011695855668
"K02188","Natural",0.474907814320434,0.586312462813904
"K02188","Plant",0.731037474894687,0.580741498890842
"K16925","Natural",0.298857473129243,0.202136210895421
"K16925","Plant",0.439477177673967,0.693497592521077
"K01212","Natural",0.275092657132661,0.272028169362135
"K01212","Plant",0.333183171732299,0.679334334692935
"K18005","Natural",2.12870275658826,1.37801073470022
"K18005","Plant",2.00593204274264,1.98543379766069
"K01494","Natural",0.270821823021351,0.250363378974807
"K01494","Plant",0.245144122128138,0.122178437096688
"K05275","Natural",0.373284194986235,0.230237073146273
"K05275","Plant",0.635521522934629,0.692009274320352
"K06952","Natural",0.902291005729868,1.09281698494011
"K06952","Plant",0.79706127015319,0.532914425780497
"K19510","Natural",0.474014692714733,0.249164934459019
"K19510","Plant",0.515692165390891,0.354788060951144
"K19416","Natural",0.365307654262859,0.146481858524646
"K19416","Plant",0.617909020877615,0.990264128342997
"K20262","Natural",0.381123060834202,0.254736665773078
"K20262","Plant",0.942769605446846,1.2926932397824
"K06975","Natural",0.616762167541701,0.491259881926757
"K06975","Plant",1.02417339674967,1.06742531423333
"K17213","Natural",0.3287008369815,0.531972806130343
"K17213","Plant",0.610435435498597,0.50137664387643
"K18844","Natural",0.559254708420414,0.587992637236472
"K18844","Plant",0.72906958213925,0.794580088848919
"K07155","Natural",1.16530280922121,0.905212834698907
"K07155","Plant",1.40109519409855,1.50516884201359
"K12645","Natural",0.571823404111713,0.477289891789009
"K12645","Plant",0.809996012404301,1.27371573266711
"K05712","Natural",0.206146906117606,0.029537240215137
"K05712","Plant",0.381892119280711,0.141397504729079
"K13058","Natural",0.49292317258462,0.742838718396344
"K13058","Plant",0.373872919365849,0.788811783501582
"K16118","Natural",0.542009497692542,0.646159936983598
"K16118","Plant",0.601651668292316,0.603057180876793
"K21166","Natural",2.20642078299808,2.03059663885575
"K21166","Plant",1.61797417716366,0.924218354483551
"K10008","Natural",0.132521842483121,0.182299644651801
"K10008","Plant",0.459578075744401,0.860921312277201
"K13275","Natural",0.420053834466331,0.652977880436158
"K13275","Plant",0.165022942148196,0.0692454445149695
"K09702","Natural",0.468641888487373,0.376939372864082
"K09702","Plant",0.53533468484956,0.874609552825481
"K20260","Natural",0.420827647246437,0.649375476562141
"K20260","Plant",0.323038143714252,0.298931469982425
"K23777","Natural",0.756479969186328,1.1159953786356
"K23777","Plant",0.782915963421155,0.549960629510169
"K19123","Natural",0.0931100413477923,0.0381958299586222
"K19123","Plant",0.425802678913523,0.428132320864061
"K03336","Natural",0.214120946993554,0.400304643214729
"K03336","Plant",0.465143701503955,0.488126833331851
"K13584","Natural",0.828687954089248,0.269438553711322
"K13584","Plant",1.09979149254786,1.00699189486568
"K12424","Natural",0.190877036893539,0.218578153516338
"K12424","Plant",0.347779645435563,0.457562266692686
"K10924","Natural",0.470457804104283,0.424849178627922
"K10924","Plant",1.19636122193042,1.53630044380973
"K16559","Natural",1.27367249164284,0.858682460537085
"K16559","Plant",1.64897332173593,2.09317593173979
"K03921","Natural",0.520091822946711,0.361023823686114
"K03921","Plant",0.632937024735312,1.0251635098891
"K03778","Natural",1.18193181102225,1.13361778072444
"K03778","Plant",1.06904711771681,1.23381257693988
"K00468","Natural",0.317976754081928,0.317828672781093
"K00468","Plant",0.539281330266136,0.916022923280454
"K00016","Natural",0.425858107122217,0.428379046997513
"K00016","Plant",0.272433028629688,0.402002444408672
"K22515","Natural",1.01587667675221,0.662962001893242
"K22515","Plant",1.39533312704229,1.60483761625728
"K14591","Natural",1.2564288738832,1.07687484238966
"K14591","Plant",0.894214081889144,1.69476028341712
"K13652","Natural",0.573805743361762,0.212530717486214
"K13652","Plant",1.35161660049644,0.897804718174203
"K20484","Natural",0.525221968278278,0.439726893744836
"K20484","Plant",0.651007430637565,0.598101127986155
"K16035","Natural",0.448521593703452,0.529211419892116
"K16035","Plant",0.344238517070718,0.891140982937122
"K01067","Natural",0.499846100587733,0.605460728007266
"K01067","Plant",0.726675481366981,2.25925531575109
"K01574","Natural",0.828165689789442,0.943695185073867
"K01574","Plant",0.736471765211575,0.556920130855176
"K16033","Natural",0.97443909282576,0.233445056799203
"K16033","Plant",0.781030550563335,0.42038709182304
"K08224","Natural",0.503228957171821,0.0904474899911516
"K08224","Plant",0.856171226745139,0.77927819850236
"K13327","Natural",0.387308667544618,0.478539720268138
"K13327","Plant",0.522287735110698,0.58544968177061
"K14287","Natural",0.534280407625766,0.279899139135351
"K14287","Plant",0.616815250613013,0.907245747281336
"K16511","Natural",0.311780823342158,0.441725293102491
"K16511","Plant",0.328489791239075,0.273521500585419
"K17329","Natural",0.265243188606597,0.369172446033898
"K17329","Plant",0.324619688408296,0.589112985783076
"K11325","Natural",0.893684169346467,1.01927271808991
"K11325","Plant",0.425785150194679,0.0260348577318734
"K06415","Natural",0.419280861173259,0.112532598324591
"K06415","Plant",0.985202136869946,1.34712773593034
"K07184","Natural",0.427008017789497,0.676670910872669
"K07184","Plant",0.884627424295231,0.995313425325694
"K16047","Natural",0.709584194690416,0.109036022234291
"K16047","Plant",1.26568899789066,1.2055412872369
"K23054","Natural",1.33239472614176,1.19897140159527
"K23054","Plant",1.7422224719451,1.67332497071147
"K03166","Natural",2.00568037562866,2.23458862492401
"K03166","Plant",2.43235757448816,2.52375510906106
"K03748","Natural",0.313055131249536,0.376559839168349
"K03748","Plant",0.348577138159944,0.311826812828563
"K02205","Natural",0.55606616441987,0.539530248392095
"K02205","Plant",0.593982302518958,0.249677245855738
"K21645","Natural",1.9504153097468,1.66585820735064
"K21645","Plant",1.96784125180542,1.75533753985091
"K09516","Natural",0.493230679680876,0.104775419387735
"K09516","Plant",0.798826250884732,0.789739703182748
"K00232","Natural",0.979577208976266,0.616795689163134
"K00232","Plant",0.692462767720141,0.12427996489413
"K09689","Natural",1.03637738751371,0.925104269169529
"K09689","Plant",0.983401575805527,0.708258789114787
"K06937","Natural",0.325177222618774,0.173165060199803
"K06937","Plant",0.477027128334307,0.167336849031021
"K06859","Natural",0.476221398572157,0.579521737036194
"K06859","Plant",0.889817378134807,1.05881102835229
"K09957","Natural",0.659374980996867,0.709946696020388
"K09957","Plant",0.602730401097031,0.806270195227658
"K02002","Natural",0.474515777859571,0.218149533896238
"K02002","Plant",0.780138568666321,1.22294018500845
"K05970","Natural",0.32428198298778,0.372040610381419
"K05970","Plant",0.444010072541198,0.244653331403043
"K01134","Natural",0.195428799736632,0.00839097862680996
"K01134","Plant",0.251650852552122,0.0205107921231159
"K23775","Natural",0.374038167028022,0.0387783782513825
"K23775","Plant",0.682828869989038,0.748663660282773
"K15737","Natural",0.238690465285234,0.0384865384903182
"K15737","Plant",0.306982891424942,0.388633926837546
"K16050","Natural",0.423436619260747,0.070009347574388
"K16050","Plant",0.635365104678601,0.0859842678080969
"K02651","Natural",1.00724623943079,0.29297841987969
"K02651","Plant",1.59034751023335,1.77512097259764
"K20628","Natural",0.768369940396727,0.667124241353206
"K20628","Plant",0.823919472694895,0.973521201605337
"K15836","Natural",0.880487787502342,0.87270001925625
"K15836","Plant",1.12991524452804,1.09870157468604
"K10189","Natural",1.32760172179757,0.901497925394561
"K10189","Plant",1.51541943846709,2.00739236260244
"K16427","Natural",0.389693873402855,0.331046719324976
"K16427","Plant",0.585045812127202,0.574795627772888
"K21684","Natural",1.61779415570813,1.08391786160669
"K21684","Plant",1.42653323079212,1.58551468667674
"K00433","Natural",0.798472705409066,0.600607642847247
"K00433","Plant",0.870467744845643,0.674211876942233
"K21113","Natural",0.315253463128465,0.179228451271857
"K21113","Plant",0.387972402032038,0.24505491905499
"K07039","Natural",0.5718455031197,1.47377258681612
"K07039","Plant",0.213471952449381,0.443985592040212
"K01182","Natural",0.475128354918534,0.158380294221584
"K01182","Plant",0.319666307937691,0.337122919513113
"K10794","Natural",0.987588533667313,1.46863063217782
"K10794","Plant",0.918336508029626,1.31011655933192
"K11733","Natural",0.671232580133636,0.478117355575366
"K11733","Plant",0.72329227197785,0.753800624560891
"K16694","Natural",0.315857714125895,0.005216164982802
"K16694","Plant",0.274911505713584,0.129539902016311
"K15894","Natural",0.826671409957511,0.805212884838863
"K15894","Plant",0.7183492311661,0.485438069540847
"K00018","Natural",0.462706076489264,0.369196092148693
"K00018","Plant",0.670024142131377,0.664707343428071
"K08070","Natural",0.404886899771516,0.0837976589688485
"K08070","Plant",0.231932055424093,0.508422706213307
"K19580","Natural",1.66151476124271,1.12198389594409
"K19580","Plant",2.06570086545017,1.25264486449558
"K07389","Natural",0.265769402376482,0.174918371159077
"K07389","Plant",0.488137957254658,0.0111369597752593
"K00544","Natural",0.788786568990164,1.14462148195563
"K00544","Plant",0.788023734401542,0.931378542069846
"K00786","Natural",1.00532366665858,1.33468932120645
"K00786","Plant",1.47840998277781,1.6454625274147
"K10233","Natural",0.485079308019528,0.335498846944424
"K10233","Plant",0.722932081228157,0.916854721978677
"K18828","Natural",0.338791918449722,0.287784636773684
"K18828","Plant",0.289373683063199,0.0868203924076558
"K10679","Natural",0.515826105786058,0.33759878433948
"K10679","Plant",0.671688455509614,0.70677168629968
"K03297","Natural",0.31868922256151,0.290394681891927
"K03297","Plant",0.683454566122171,1.14794068677136
"K14954","Natural",0.763297923307171,0.302256455798489
"K14954","Plant",0.810398681264773,0.509891459659611
"K21186","Natural",2.89961187145835,1.87947095600433
"K21186","Plant",1.82832615439272,1.60204075101502
"K23228","Natural",0.351471672205674,0.523658922206553
"K23228","Plant",0.491675055155466,0.930240252763162
"K05589","Natural",0.395738743897173,0.364145390020172
"K05589","Plant",0.592165622505151,0.741582472203397
"K16013","Natural",0.414761074076462,0.333398534721056
"K16013","Plant",0.716123385190816,0.956840191565042
"K18911","Natural",0.390984072627541,0.342698387591405
"K18911","Plant",0.589136718527546,0.758883650822386
"K08481","Natural",0.392850196582391,0.552753964354133
"K08481","Plant",0.35206966631243,0.232571934093969
"K00257","Natural",0.55525572611813,0.612849108287365
"K00257","Plant",0.433580683484008,0.268060326418942
"K09932","Natural",0.338040569684657,0.317228394347373
"K09932","Plant",0.646156022775326,0.729506023429127
"K02839","Natural",0.967577471589303,0.948200876013792
"K02839","Plant",1.42917930659591,2.12001507919091
"K03802","Natural",0.201995882602303,0.128398341389436
"K03802","Plant",0.429192717771242,0.206514651284391
"K14252","Natural",0.828400309626438,0.659505032656058
"K14252","Plant",0.686633962572813,0.687796988288578
"K06306","Natural",0.382492264555433,0.312916781146522
"K06306","Plant",0.262189279222757,0.274351029946382
"K00852","Natural",0.34207083461456,0.257390198710694
"K00852","Plant",0.738473300250451,0.714284441587986
"K07518","Natural",1.86011724828624,2.14503713235619
"K07518","Plant",1.62305428207623,2.54877399607823
"K09892","Natural",0.808928164493687,0.384472380301614
"K09892","Plant",1.12158759617784,1.62083075200971
"K20938","Natural",0.309012060744215,0.326796681261305
"K20938","Plant",0.544128279564367,0.333117490071543
"K09146","Natural",1.27470687769128,0.243846593931663
"K09146","Plant",1.10571905495091,0.801594978026033
"K00752","Natural",1.61429897947155,1.24357564136267
"K00752","Plant",1.26949640534617,0.0325283484604606
"K09913","Natural",0.4981223865077,1.09368118121611
"K09913","Plant",0.440876996699506,0.257953766563906
"K00690","Natural",1.05160906742496,0.344262967775222
"K00690","Plant",1.32468538180605,0.986964241988058
"K18692","Natural",0.418489700352639,0.426458888112383
"K18692","Plant",0.423378869892609,0.461465201264837
"K15760","Natural",0.35001731385022,0.263163270845218
"K15760","Plant",0.477619117401387,0.263262594996467
"K06236","Natural",0.935635673003498,0.90012365024548
"K06236","Plant",1.03800993980961,1.09529043241178
"K09946","Natural",1.22193834504755,0.528957117491634
"K09946","Plant",1.05149683364718,0.955194317797962
"K16149","Natural",0.503586851620359,0.263809954398988
"K16149","Plant",0.939813787570314,0.87503338665778
"K16446","Natural",0.663983480089735,0.181976596695103
"K16446","Plant",0.619849052404188,0.463482366825067
"K01459","Natural",1.31640639441693,0.829407381613749
"K01459","Plant",1.49989155019625,2.15625964695776
"K16212","Natural",0.464930693874397,0.48535408689979
"K16212","Plant",0.736800936035427,0.232478514029242
"K14628","Natural",0.796161687068407,0.945978551628108
"K14628","Plant",0.852778932796502,1.03406163390887
"K01181","Natural",0.322735113521991,0.503392397776483
"K01181","Plant",0.481141426329762,0.724162256633105
"K14055","Natural",1.14064445508925,0.745559086756265
"K14055","Plant",2.55885090117941,2.08681314425193
"K01617","Natural",0.603316380865396,0.63127941151771
"K01617","Plant",0.782740489598006,0.921160555346823
"K14952","Natural",0.560096742786837,0.705458045829609
"K14952","Plant",0.716503952476824,0.851859261050031
"K03697","Natural",0.423448634460618,0.605931969288791
"K03697","Plant",0.577314800668103,0.694500786508293
"K15924","Natural",0.746152448250398,1.07469001925917
"K15924","Plant",0.528306814925426,0.615209777366586
"K13832","Natural",0.863098100549482,0.730227585928387
"K13832","Plant",0.804405555781439,0.613543526085641
"K21211","Natural",1.0471943779973,0.470849031250695
"K21211","Plant",0.44803567003512,0.303338015548834
"K03458","Natural",0.780971314177979,0.989820393431729
"K03458","Plant",0.389221480974324,0.823407596587486
"K21575","Natural",0.186351986370246,0.0973859507227449
"K21575","Plant",0.253970616526619,0.21724725886346
"K12529","Natural",0.273585057487147,0.0425932980596911
"K12529","Plant",0.176327308638656,0.305570168806197
"K12443","Natural",0.252299029625974,0.110442797977525
"K12443","Plant",0.45435946618347,0.684576657031826
"K08776","Natural",1.32786388603124,1.20150738430126
"K08776","Plant",1.67030925469893,1.74259482486534
"K22390","Natural",0.9822053558711,0.967255125740877
"K22390","Plant",1.37111599069827,0.239409290090596
"K01727","Natural",0.611302348856495,0.534851753758667
"K01727","Plant",1.01545891509709,1.4154915721585
"K07559","Natural",0.689837102073624,0.560742928828428
"K07559","Plant",0.829223820156621,0.930818725616644
"K06926","Natural",0.486780823194147,0.340569028894056
"K06926","Plant",0.476392036034848,0.584520193137572
"K19224","Natural",0.533058420549391,0.916907180812366
"K19224","Plant",0.792780263182018,0.588079958027518
"K11894","Natural",0.816131956396741,0.626300578638203
"K11894","Plant",1.28966813213487,1.78919847481465
"K00132","Natural",0.701610865730689,0.611154877785433
"K00132","Plant",0.757218255909618,0.461190411647679
"K21255","Natural",1.57053187541497,1.28321393505964
"K21255","Plant",1.80002348737196,1.65149092074752
"K08321","Natural",0.458893997184504,0.770460458168002
"K08321","Plant",0.362353449974606,0.350481020244009
"K05851","Natural",0.265899335015503,0.103970038097844
"K05851","Plant",0.323822142277942,0.701621571428187
"K21672","Natural",1.02423469609182,0.846201414293598
"K21672","Plant",1.10738288488023,0.710546743920656
"K22693","Natural",0.367869794243722,0.185281916006179
"K22693","Plant",0.426039477842537,0.370935458944404
"K16016","Natural",0.603865344593053,0.178970595964586
"K16016","Plant",0.858353689131823,0.615874190314273
"K05878","Natural",0.157521734416606,0.106528599070643
"K05878","Plant",0.313478801526725,0.849567887629352
"K23149","Natural",0.247273278234207,0.427692912252004
"K23149","Plant",0.535858836409259,0.656275913938927
"K16870","Natural",1.0701856293558,0.209057103688872
"K16870","Plant",1.04606861964687,0.157535656521494
"K23465","Natural",0.432256098494918,0.221836871254203
"K23465","Plant",0.39966605514876,0.219324182756324
"K10004","Natural",0.613939679248807,0.48286041242989
"K10004","Plant",0.830872672461596,0.667781617787862
"K23170","Natural",0.348432404330779,0.369004734305546
"K23170","Plant",0.696903336491874,0.65413437583758
"K00290","Natural",0.289975649716063,0.185225236264078
"K00290","Plant",0.352376555940861,0.415002970531875
"K00986","Natural",1.81189911395762,2.14801737259405
"K00986","Plant",1.88989111755864,2.09126244710622
"K01446","Natural",0.671379671219367,0.727138855867281
"K01446","Plant",0.87004927209433,1.07792208519183
"K04076","Natural",0.451621284303978,0.749009113937648
"K04076","Plant",0.41285640073007,0.38065561336129
"K16784","Natural",0.441431088176964,0.236727055073371
"K16784","Plant",0.635751193554281,0.589055933017825
"K11908","Natural",0.13778247351388,0.167891563277452
"K11908","Plant",0.182390143340086,0.00892309821712857
"K15067","Natural",0.393716431049486,0.266091482577833
"K15067","Plant",0.453719270441929,0.255171407692987
"K01387","Natural",0.475833384308116,0.852460726779241
"K01387","Plant",0.569309026174079,0.312308257185456
"K01337","Natural",1.23290026599254,1.23425971175969
"K01337","Plant",1.64785079888805,1.48040644688645
"K03740","Natural",0.392890209878274,0.212562316849363
"K03740","Plant",0.379209194778332,0.199297874143393
"K09733","Natural",0.377221039270287,0.240131382903214
"K09733","Plant",0.370744027199897,0.268993513085187
"K03632","Natural",0.297165942032909,0.158964801361298
"K03632","Plant",0.307324855395748,0.0167566763330684
"K19124","Natural",0.190601493093505,0.0766278371814358
"K19124","Plant",0.531217038372942,0.544207543653838
"K08989","Natural",0.543707835662108,0.323532704924461
"K08989","Plant",0.602617828857417,0.679059453369302
"K05364","Natural",0.240113339787418,0.338014704353852
"K05364","Plant",0.308432492488866,0.7377664526333
"K01226","Natural",0.360741672402123,0.552010516609023
"K01226","Plant",0.33624151890968,0.423846547182086
"K10005","Natural",0.212730164067191,0.399799771897663
"K10005","Plant",0.495083425299426,0.800252837983826
"K22927","Natural",0.384350530529343,0.497794719721065
"K22927","Plant",0.395630284703616,0.269579518872589
"K02462","Natural",0.437076631276784,0.21347360133551
"K02462","Plant",0.644452238782369,0.773561028086154
"K10547","Natural",0.755865281306629,0.727377938097792
"K10547","Plant",1.00864434148623,1.32539148621994
"K18610","Natural",0.209431997768867,0.197164890551115
"K18610","Plant",0.299440094890029,0.337566098275739
"K18476","Natural",0.284757030151394,0.0304720469105413
"K18476","Plant",0.701025930199945,0.580533230890755
"K14987","Natural",1.00516928756571,0.486104531709539
"K14987","Plant",1.3076839848503,1.26373718422273
"K11940","Natural",1.36479581280558,1.14757920729569
"K11940","Plant",1.66768808775383,1.16141705687618
"K06192","Natural",1.00743429735087,1.46856636883775
"K06192","Plant",1.39161920102406,2.24007379383184
"K09956","Natural",0.423907343298207,0.369218711915677
"K09956","Plant",0.748585406444966,0.750917438741102
"K07644","Natural",0.864155921916057,0.840168523461038
"K07644","Plant",0.816652711570642,0.828323210377353
"K06194","Natural",0.919106629766469,0.869167102592594
"K06194","Plant",0.943637335867928,1.61447157909518
"K07048","Natural",0.279606687006541,0.335030459336092
"K07048","Plant",0.294465133317665,0.266864611512793
"K16243","Natural",1.1877173703485,2.31226190598657
"K16243","Plant",1.89907000133117,1.00222244199861
"K18968","Natural",1.41662306876992,1.19951606393232
"K18968","Plant",1.45546072047377,2.38233137337431
"K00203","Natural",0.396072439274622,0.30893803683852
"K00203","Plant",0.113544392925826,0.133103162683445
"K02484","Natural",0.147325547958458,0.0789216511231898
"K02484","Plant",0.566361867861888,0.951335385245804
"K13963","Natural",0.930521695492979,0.787405310237539
"K13963","Plant",1.2181727781264,0.214775500678854
"K18586","Natural",1.36960748497347,0.917833659840168
"K18586","Plant",1.30458608689975,0.649473571698244
"K19295","Natural",0.572840781030419,0.293956423836109
"K19295","Plant",0.39462583204029,0.336542409949223
"K08368","Natural",0.327853152323057,0.460278458339372
"K08368","Plant",0.292599654787362,0.437946447609352
"K01227","Natural",0.258319884602958,0.454523270394097
"K01227","Plant",0.319587730121427,0.384041611425557
"K01060","Natural",0.575581879212638,0.595014625252908
"K01060","Plant",0.73258743958412,0.792213443193998
"K21169","Natural",0.159621923536595,0.160872197176313
"K21169","Plant",0.301838942245477,0.003587299056828
"K21817","Natural",0.532719022606893,0.413494977822127
"K21817","Plant",0.504340140076612,0.618348655518412
"K21471","Natural",0.167155548992895,0.122184724590293
"K21471","Plant",0.503166136873068,0.831791701638081
"K16869","Natural",0.257561821277439,0
"K16869","Plant",0.350375067828889,0.0454319109242819
"K14665","Natural",0.381322156039702,0.516068694197107
"K14665","Plant",0.561893584308636,0.596161789587742
"K13930","Natural",0.268261135258455,0.633297566869949
"K13930","Plant",0.401395605697893,0.423533605614071
"K12434","Natural",0.189090674802806,0.276237242572129
"K12434","Plant",0.120265317575098,0.0117114975866671
"K06219","Natural",1.18312346417993,0.586095531609641
"K06219","Plant",1.49503075457154,1.55208227842509
"K01761","Natural",0.528384137583918,0.338675570918829
"K01761","Plant",0.740500070374232,0.960984474542959
"K06921","Natural",0.369608111960082,0.327863147957562
"K06921","Plant",0.579293213097329,0.760023851670935
"K01158","Natural",0.505159431469906,0.196919971625051
"K01158","Plant",0.550470122818199,1.04178226477059
"K09786","Natural",0.525740461405264,0.166422436026995
"K09786","Plant",0.843802815490126,1.21139195724415
"K10125","Natural",0.937253502340358,0.334549230015362
"K10125","Plant",1.20772388640552,0.833896714267527
"K03299","Natural",0.378878626980898,0.224208858391229
"K03299","Plant",0.766797158375131,1.04861570410984
"K02827","Natural",0.462581102980714,0.437049226052554
"K02827","Plant",0.808466827187445,0.76103481583928
"K02588","Natural",0.763632563515548,0.692982936096799
"K02588","Plant",0.875479151931905,0.727273555826369
"K18785","Natural",0.412622811455815,0.417981838937904
"K18785","Plant",0.413850219860418,0.0232937832406377
"K16044","Natural",0.471202517354759,0.504564469430268
"K16044","Plant",0.686060324797139,0.795304387928516
"K17893","Natural",0.818904385686755,0.430031323482378
"K17893","Plant",1.07875630020942,1.04017408266992
"K15511","Natural",2.04788207750545,2.19412958432014
"K15511","Plant",2.11434251452428,3.15281846108182
"K00968","Natural",1.81660927278156,1.73970338371208
"K00968","Plant",1.53920119046039,1.27279545647158
"K17095","Natural",0.325411659556815,0.149629505498367
"K17095","Plant",0.321519454149668,0.452300376878589
"K06694","Natural",0.851165212202768,0.0966599135002172
"K06694","Plant",0.957655949672058,1.20140500887374
"K00045","Natural",1.15480453277437,1.09762536413318
"K00045","Plant",0.433561364261753,0.389672744326567
"K22819","Natural",0.70599899157144,0.454911034395605
"K22819","Plant",1.10820649478448,0.988658057454629
"K07806","Natural",0.181177352280409,0.0603789444892783
"K07806","Plant",0.26076803437181,0.188847907096753
"K08642","Natural",0.877210070438779,0.580576411896808
"K08642","Plant",0.764768802399181,0.562262679296897
"K17713","Natural",0.975168544688013,0.9437939684705
"K17713","Plant",1.29297695893728,1.68852874248873
"K02558","Natural",0.392138519833198,0.200819838221551
"K02558","Plant",0.62214488445802,0.864930227897857
"K13276","Natural",0.214399645487175,0.0358710520242555
"K13276","Plant",0.486713930305331,0.0198181476837141
"K12282","Natural",0.557330664670053,0.636738573772365
"K12282","Plant",1.03887409122045,1.15951958352779
"K18431","Natural",0.740407120795108,0.375169534127816
"K18431","Plant",0.917170295075593,1.08707564823313
"K15653","Natural",0.518142285745528,0.0887472870930224
"K15653","Plant",0.431825842529327,0.495947466709031
"K18232","Natural",0.515931949059298,0.55959192583259
"K18232","Plant",0.707192430452347,0.776375443930891
"K13929","Natural",0.486081005454971,0.00810239650532936
"K13929","Plant",0.868773772033205,0.729777391061215
"K19268","Natural",1.25616758714718,1.20325912140692
"K19268","Plant",1.10113059995618,1.02757904038917
"K11654","Natural",1.61123613769416,2.01515105133094
"K11654","Plant",1.75959586694044,2.01135482038844
"K03346","Natural",0.296919496105287,0.286026903665205
"K03346","Plant",0.343911311395922,0.325478697415429
"K09880","Natural",0.558809260402481,0.309276692091975
"K09880","Plant",0.425013203306901,0.611045286460866
"K02529","Natural",0.637243599117677,0.510553067229117
"K02529","Plant",0.895003704907181,1.00857182274635
"K02364","Natural",0.426199787016298,0.21107495571861
"K02364","Plant",0.78245069522347,0.770747894483937
"K13328","Natural",0.215450395777556,0.401852094773508
"K13328","Plant",0.197536968476266,0.0241739891790318
"K19794","Natural",1.62318178128162,1.59150504623413
"K19794","Plant",1.63630011153475,1.28169421613017
"K05665","Natural",1.46069483935589,1.74929675414429
"K05665","Plant",1.2341390792272,0.879884782452243
"K14520","Natural",0.369854188814363,0.125041505232174
"K14520","Plant",0.62923965073533,0.57266337898527
"K07654","Natural",0.147388919098887,0.0317193470893284
"K07654","Plant",0.496730701774562,0.818785885226444
"K07319","Natural",0.937728561271415,0.756042509627705
"K07319","Plant",0.807290621667361,0.839845671153421
"K07215","Natural",1.12703173552335,0.830343959904484
"K07215","Plant",1.16233036736623,1.24813345459426
"K01197","Natural",0.198785177521646,0.0832906966499447
"K01197","Plant",0.254642485172082,0.540925777975823
"K09771","Natural",0.328421424015709,0.373389018446276
"K09771","Plant",0.730732970734532,0.912720966132979
"K13771","Natural",0.478476029475611,0.424259801481382
"K13771","Plant",0.746918790614992,0.666540902873874
"K14712","Natural",0.583155575976682,1.57595220814158
"K14712","Plant",0.515357882179691,0.163393140146687
"K18286","Natural",0.242183875740835,0.0758872908502793
"K18286","Plant",0.431846240879291,0.640294078518008
"K00260","Natural",0.632387802454722,0.84667691748726
"K00260","Plant",0.313869114725098,0.561366218441181
"K00098","Natural",1.35432413340637,2.15754657845395
"K00098","Plant",1.14449818563555,1.33019478164312
"K01170","Natural",0.719026891191842,0.688468288138921
"K01170","Plant",0.767173601840324,1.04443882205266
"K06042","Natural",0.267264427798999,0.197149270379462
"K06042","Plant",0.523405820361534,0.842729510434036
"K13788","Natural",0.190123160171702,0.113149642344316
"K13788","Plant",0.663377043718139,1.24092936945761
"K23366","Natural",0.716089642318985,0.551637384219138
"K23366","Plant",0.780613599507063,0.669668561409748
"K23425","Natural",1.48512335590055,1.09109307871347
"K23425","Plant",1.21881321171324,0.392959669070497
"K06617","Natural",0.447076927439341,0.426799640208093
"K06617","Plant",0.414846683224573,0.389071510154674
"K03041","Natural",0.810688724533439,0.790342204094572
"K03041","Plant",0.71944683082412,0.526476412500959
"K12583","Natural",0.474959163714384,0.161631100448266
"K12583","Plant",0.757563073560733,0.319801815269981
"K18333","Natural",0.474129648939005,0.299698603285205
"K18333","Plant",0.214847096074869,0.00448470732710958
"K21344","Natural",0.571501625618018,0.508790517978467
"K21344","Plant",0.930019069444463,1.27317298047468
"K15579","Natural",0.277123755379534,0.0376653433388932
"K15579","Plant",0.633262049908968,0.382936363703001
"K15650","Natural",0.671785327998432,0.582964296698641
"K15650","Plant",1.37728075788541,1.13226770051781
"K14616","Natural",0.48003797215533,0.178013107841613
"K14616","Plant",0.452608876143309,0.434701011635582
"K20543","Natural",1.09254837541254,0.655023252170007
"K20543","Plant",1.17376115664589,0.675000421752398
"K09688","Natural",1.02591234798599,0.490513602951533
"K09688","Plant",0.978377441267702,0.948503529228757
"K06948","Natural",0.525903552088905,0.703673538820984
"K06948","Plant",0.579051105385815,0.724764286312598
"K06027","Natural",0.716467831406946,0.187069285805423
"K06027","Plant",0.658274665154185,0.436026155217012
"K02457","Natural",0.417894295399313,0.256442664239304
"K02457","Plant",0.614699265288581,0.361726938028149
"K18371","Natural",0.223761987877194,0.770142147977352
"K18371","Plant",0.353602445267346,0.855502176240038
"K07710","Natural",0.976897437409442,0.666905193650377
"K07710","Plant",1.11343293407229,0.942665047237592
"K00595","Natural",0.451801655318225,0.424377269174767
"K00595","Plant",0.409805407925837,0.898542022474071
"K04029","Natural",0.0767365223676875,0
"K04029","Plant",0.135347467204887,0
"K18675","Natural",1.08791533428572,0.670134714383549
"K18675","Plant",0.900690664548972,0.572979654906546
"K16959","Natural",0.208608516891957,0.511539471778315
"K16959","Plant",0.477851856962122,0.330595801891878
"K10240","Natural",0.469935113392757,0.43458568803734
"K10240","Plant",0.802746986181201,1.02676771164732
"K07393","Natural",0.333493796872107,0.204275668077071
"K07393","Plant",0.703007366215,0.620609524877087
"K04073","Natural",0.230692010904794,0.0174588529437145
"K04073","Plant",0.462055751752097,0.583973912069109
"K01502","Natural",0.480249602672595,0.436114087727174
"K01502","Plant",1.19168878633108,1.18538599198003
"K12254","Natural",0.654188836622555,0.159796236891335
"K12254","Plant",1.20610249788,1.27800295999205
"K19267","Natural",0.393403885852081,0.381584546284022
"K19267","Plant",0.536068774167738,0.666230375420094
"K17318","Natural",0.713861731133352,0.705699713592564
"K17318","Plant",0.97892031087822,0.972045596332836
"K01856","Natural",0.270573762492435,0.1914412305673
"K01856","Plant",0.206858948950105,0.0812053218128745
"K02647","Natural",0.485631027902162,0.582564399654909
"K02647","Plant",0.650527754515692,0.393157958120471
"K11939","Natural",0.088076777651807,0.0576888677411424
"K11939","Plant",0.333335844492005,0.848877591965711
"K20273","Natural",0.349941035253059,0.0667305324821556
"K20273","Plant",0.686221689660077,0.735441600887147
"K14727","Natural",0.469340081670384,0.139709751849097
"K14727","Plant",0.376126096689852,0.629950364590387
"K17108","Natural",0.658255832432108,1.01463972828003
"K17108","Plant",0.240281430236171,0.158419580276057
"K23988","Natural",0.672648712142176,0.252738430986983
"K23988","Plant",0.532387023268315,0.106582275723921
"K12339","Natural",0.383896790509814,0.196194119346961
"K12339","Plant",0.743800089882268,0.738695572236474
"K09749","Natural",0.363156131796512,0.060279218423866
"K09749","Plant",0.453634354079141,0.0901007582470342
"K22694","Natural",0.444765031518751,0.0268979129234337
"K22694","Plant",0.569950902901113,0.4406171848514
"K21159","Natural",0.515893517813101,0.272314584315907
"K21159","Plant",0.704614630663131,0.7946717337785
"K07789","Natural",1.06001526439747,1.01754283785987
"K07789","Plant",1.23925659365459,1.611704823278
"K06714","Natural",0.304027130553999,0.20541570462001
"K06714","Plant",0.421682774770697,0.421094502095498
"K19147","Natural",0.993456453298621,1.26289596982339
"K19147","Plant",1.15933653114886,1.2785656664782
"K12278","Natural",0.528653094304311,0.362778173975699
"K12278","Plant",1.71495849747013,2.00315262865281
"K06876","Natural",0.408719681880305,0.411361599609887
"K06876","Plant",0.73152523878771,0.945408920665544
"K13940","Natural",2.54022028071393,3.07716160513635
"K13940","Plant",2.62421727661463,1.4003964648693
"K01661","Natural",0.77809598061812,0.805246741202577
"K01661","Plant",0.941157167305112,0.666377062852689
"K11741","Natural",0.687183074840257,0.562656084968332
"K11741","Plant",0.884485201202154,1.14278416541499
"K00643","Natural",1.22203023202706,1.01918895968866
"K00643","Plant",1.67686351572005,1.38497028929877
"K11737","Natural",0.725564210230982,0.828337096696628
"K11737","Plant",0.421054294362929,1.00781117975499
"K02128","Natural",1.86405051113192,2.76130590614297
"K02128","Plant",2.10274744853694,3.74040040800464
"K16968","Natural",0.501958467446801,0.335213526574822
"K16968","Plant",0.901113545646227,1.06370582984263
"K08153","Natural",0.437825026486698,0.520231724547375
"K08153","Plant",0.443138764509099,0.0656838203996051
"K11144","Natural",0.183298104845109,0
"K11144","Plant",0.332537260272475,0.268050432021355
"K16650","Natural",0.937696969100072,0.517960537318604
"K16650","Plant",1.05189195219996,0.557601310080171
"K01630","Natural",0.897842641772809,0.741091015238362
"K01630","Plant",1.01342469581004,1.091973068081
"K07079","Natural",0.305219343554942,0.0193401501448572
"K07079","Plant",0.373035907165643,0.195263439878047
"K02525","Natural",1.02051675377862,0.537326599651508
"K02525","Plant",1.10182615485364,1.28045046687091
"K10108","Natural",0.713569755157052,1.1788329962109
"K10108","Plant",1.12832058464838,1.67488425940797
"K03706","Natural",0.261140651864941,0.42940229783673
"K03706","Plant",0.0950787449221683,0.198336327553883
"K01906","Natural",0.505858553331954,0.0875882992674968
"K01906","Plant",0.401667858772491,0.463015963282753
"K06406","Natural",0.345837629861012,0.443679761732373
"K06406","Plant",0.453122176651456,0.503425262686369
"K02553","Natural",0.63871306033004,0.623469214676566
"K02553","Plant",0.678249394668201,0.804118513618196
"K04781","Natural",0.583917302773842,0.447154918036824
"K04781","Plant",0.800434617245498,0.468639875189242
"K02422","Natural",0.464398022463226,0.977337691197288
"K02422","Plant",0.474806896511904,0.838115220083011
"K09959","Natural",0.651991862275424,0.898259352240278
"K09959","Plant",0.819206628790291,0.437805746622548
"K04127","Natural",0.499320052239083,0.237305933624718
"K04127","Plant",0.625383007210773,0.626515041485765
"K03583","Natural",0.773651564190809,0.605099628668985
"K03583","Plant",0.944194616596507,0.978858039788832
"K02405","Natural",0.159000814032166,0.0186014792882643
"K02405","Plant",0.263475791012608,0.216795968545888
"K10156","Natural",0.660554987831018,0.773717143543804
"K10156","Plant",0.744138249840348,0.644196009424571
"K14670","Natural",0.277993794194174,0.36257455843522
"K14670","Plant",0.574073247511599,0.613474080633831
"K23356","Natural",0.58273902064388,0.319679913769484
"K23356","Plant",0.728458522008641,0.695149937091796
"K20428","Natural",1.37050274612521,1.86032690946676
"K20428","Plant",1.2724851880676,1.33402090973704
"K14274","Natural",0.406009511702295,0.42944913793677
"K14274","Plant",0.627596684915998,0.769247116721877
"K17752","Natural",0.796833491800146,0.851217454116096
"K17752","Plant",0.539310079204931,0.519966816863127
"K06409","Natural",0.539847691339827,0.496989060697667
"K06409","Plant",0.652871758273031,0.272607115048737
"K15576","Natural",0.815836257103763,0.283784364688637
"K15576","Plant",1.61862190530091,1.49657810357226
"K17623","Natural",0.303998580581884,0.0151043245889723
"K17623","Plant",0.648807225286787,0.171377620099219
"K03790","Natural",0.180288791885674,0.2309726308508
"K03790","Plant",0.537946696900386,0.720256973254305
"K02418","Natural",0.360415328849572,0.415558984475047
"K02418","Plant",0.300365663776831,0.517011701191129
"K12953","Natural",0.62981604959456,0.37825884321449
"K12953","Plant",0.625529969046233,0.551439450744931
"K05658","Natural",0.159206839798149,0.303822032704342
"K05658","Plant",0.477924850785868,1.01447347292364
"K05288","Natural",0.761745961729941,0.36576959762504
"K05288","Plant",0.815880533332504,0.061029170257525
"K18225","Natural",0.513529835114384,0.61942910878367
"K18225","Plant",0.323450724454195,0.671639807314719
"K11472","Natural",0.0953536966889672,0.0596095848303084
"K11472","Plant",0.197045138141801,0.0641469228683457
"K19702","Natural",0.21545769531406,0.00665675791140726
"K19702","Plant",0.593829027920948,0.760178567450184
"K02987","Natural",0.438706905016033,0.588720307915346
"K02987","Plant",0.66881202464359,0.523709164139156
"K15629","Natural",0.717954224514121,0.804972730067001
"K15629","Plant",0.848909364296599,0.992878058386543
"K05350","Natural",0.465798714905422,0.394434885029227
"K05350","Plant",0.677147559062087,0.806076707058715
"K15891","Natural",0.322847608757496,0.0175734134785618
"K15891","Plant",0.468079133113533,0.336739118475991
"K12542","Natural",1.06768403310547,0.185987183284457
"K12542","Plant",1.02617365262455,0.976203346615527
"K15503","Natural",0.28866534369941,0.284314156041364
"K15503","Plant",0.878093722508078,0.360979497184688
"K16116","Natural",0.673223144601173,0.567630649181869
"K16116","Plant",0.585748250812553,0.396796935126671
"K02919","Natural",0.483857876432044,0.381893476994962
"K02919","Plant",1.07307640466517,0.979653357263674
"K22282","Natural",0.224813258287736,0.112088220390358
"K22282","Plant",0.417557506158557,0.785674166833723
