"KO","Optimal_k","Natural_optimal_cluster","Plant_optimal_cluster","Natural_fixed_k3_cluster","Natural_base_class","Natural_class","Plant_fixed_k3_cluster","Plant_base_class","Plant_class","Day0_log2FC","Day0_direction"
"K24017",3,3,3,3,"Gradual/incomplete","Gradual/incomplete",3,"Gradual/incomplete","Gradual/incomplete",1.86201600750073,"Enriched"
"K08352",3,2,2,2,"Persistent/strengthened","Persistent/strengthened",2,"Persistent/strengthened","Persistent/strengthened",-0.627676519929,"Suppressed"
"K15733",3,3,2,3,"Gradual/incomplete","Gradual/incomplete",2,"Persistent/strengthened","Persistent/strengthened",1.36521726415918,"Enriched"
"K13316",3,3,3,3,"Gradual/incomplete","Gradual/incomplete",3,"Gradual/incomplete","Gradual/incomplete",6.86267181419183,"Enriched"
"K06898",3,3,3,3,"Gradual/incomplete","Gradual/incomplete",3,"Gradual/incomplete","Gradual/incomplete",-0.503539447631059,"Suppressed"
"K00693",3,1,1,1,"Rapid","Rapid",1,"Rapid","Rapid",-1.59793453762944,"Suppressed"
"K00076",3,3,3,3,"Gradual/incomplete","Gradual/incomplete",3,"Gradual/incomplete","Gradual/incomplete",-1.39057889453977,"Suppressed"
"K18593",3,2,2,2,"Persistent/strengthened","Persistent/strengthened",2,"Persistent/strengthened","Persistent/strengthened",-1.61061162765317,"Suppressed"
"K07536",3,1,3,1,"Rapid","Rapid",3,"Gradual/incomplete","Gradual/incomplete",0.77513892012667,"Enriched"
"K10548",3,3,3,3,"Gradual/incomplete","Gradual/incomplete",3,"Gradual/incomplete","Gradual/incomplete",1.24777289356008,"Enriched"
"K01218",3,3,3,3,"Gradual/incomplete","Gradual/incomplete",3,"Gradual/incomplete","Gradual/incomplete",1.25730342803306,"Enriched"
"K10117",3,3,2,3,"Gradual/incomplete","Gradual/incomplete",2,"Persistent/strengthened","Persistent/strengthened",0.696570577046552,"Enriched"
"K15468",3,1,1,1,"Rapid","Overshoot/reversal",1,"Rapid","Overshoot/reversal",-2.17436546668173,"Suppressed"
"K23980",3,1,3,1,"Rapid","Overshoot/reversal",3,"Gradual/incomplete","Gradual/incomplete",0.844628861649024,"Enriched"
"K06518",3,1,1,1,"Rapid","Overshoot/reversal",1,"Rapid","Rapid",2.6380622624394,"Enriched"
"K06483",3,3,3,3,"Gradual/incomplete","Gradual/incomplete",3,"Gradual/incomplete","Gradual/incomplete",-2.3036854422973,"Suppressed"
"K01539",3,1,1,1,"Rapid","Rapid",1,"Rapid","Rapid",-0.985084367423803,"Suppressed"
"K13498",3,2,2,2,"Persistent/strengthened","Persistent/strengthened",2,"Persistent/strengthened","Persistent/strengthened",0.745185358200314,"Enriched"
"K06436",3,3,3,3,"Gradual/incomplete","Gradual/incomplete",3,"Gradual/incomplete","Gradual/incomplete",2.79197974798733,"Enriched"
"K10111",3,2,2,2,"Persistent/strengthened","Persistent/strengthened",2,"Persistent/strengthened","Persistent/strengthened",0.502787673678003,"Enriched"
"K09943",3,3,3,3,"Gradual/incomplete","Gradual/incomplete",3,"Gradual/incomplete","Gradual/incomplete",-1.2307665726373,"Suppressed"
"K17331",3,1,1,1,"Rapid","Overshoot/reversal",1,"Rapid","Rapid",0.900810820624317,"Enriched"
"K01302",3,3,3,3,"Gradual/incomplete","Gradual/incomplete",3,"Gradual/incomplete","Gradual/incomplete",-0.932899055838108,"Suppressed"
"K00172",3,2,2,2,"Persistent/strengthened","Persistent/strengthened",2,"Persistent/strengthened","Persistent/strengthened",-0.666249641167529,"Suppressed"
"K11106",3,2,2,2,"Persistent/strengthened","Persistent/strengthened",2,"Persistent/strengthened","Persistent/strengthened",-0.831083198098028,"Suppressed"
"K01896",3,3,3,3,"Gradual/incomplete","Gradual/incomplete",3,"Gradual/incomplete","Gradual/incomplete",-1.81845788065756,"Suppressed"
"K07465",3,1,1,1,"Rapid","Overshoot/reversal",1,"Rapid","Rapid",0.51171649167936,"Enriched"
"K14629",3,3,2,3,"Gradual/incomplete","Gradual/incomplete",2,"Persistent/strengthened","Persistent/strengthened",4.29280880447577,"Enriched"
"K13931",3,3,3,3,"Gradual/incomplete","Gradual/incomplete",3,"Gradual/incomplete","Gradual/incomplete",4.21893758536975,"Enriched"
"K02008",3,1,3,1,"Rapid","Rapid",3,"Gradual/incomplete","Gradual/incomplete",0.56427507058554,"Enriched"
"K06438",3,3,3,3,"Gradual/incomplete","Gradual/incomplete",3,"Gradual/incomplete","Gradual/incomplete",6.10735939121983,"Enriched"
"K12444",3,2,2,2,"Persistent/strengthened","Persistent/strengthened",2,"Persistent/strengthened","Persistent/strengthened",-2.67601885993931,"Suppressed"
"K21337",3,2,2,2,"Persistent/strengthened","Persistent/strengthened",2,"Persistent/strengthened","Persistent/strengthened",-2.69410564220103,"Suppressed"
"K03693",3,3,1,3,"Gradual/incomplete","Gradual/incomplete",1,"Rapid","Rapid",4.69005816757129,"Enriched"
"K18429",3,1,1,1,"Rapid","Overshoot/reversal",1,"Rapid","Rapid",-0.905941935940214,"Suppressed"
"K01616",3,2,2,2,"Persistent/strengthened","Persistent/strengthened",2,"Persistent/strengthened","Persistent/strengthened",-1.61566227746324,"Suppressed"
"K15782",3,3,3,3,"Gradual/incomplete","Gradual/incomplete",3,"Gradual/incomplete","Gradual/incomplete",1.59865749882576,"Enriched"
"K22215",3,3,1,3,"Gradual/incomplete","Gradual/incomplete",1,"Rapid","Overshoot/reversal",2.04439929555534,"Enriched"
"K06904",3,3,3,3,"Gradual/incomplete","Gradual/incomplete",3,"Gradual/incomplete","Gradual/incomplete",4.27288299188557,"Enriched"
"K04044",3,3,3,3,"Gradual/incomplete","Gradual/incomplete",3,"Gradual/incomplete","Gradual/incomplete",-0.520950208321505,"Suppressed"
"K23508",3,3,3,3,"Gradual/incomplete","Gradual/incomplete",3,"Gradual/incomplete","Gradual/incomplete",0.524449123728393,"Enriched"
"K01233",3,3,3,3,"Gradual/incomplete","Gradual/incomplete",3,"Gradual/incomplete","Gradual/incomplete",1.64539880286548,"Enriched"
"K21993",3,3,3,3,"Gradual/incomplete","Gradual/incomplete",3,"Gradual/incomplete","Gradual/incomplete",4.32718797876683,"Enriched"
"K06720",3,3,3,3,"Gradual/incomplete","Gradual/incomplete",3,"Gradual/incomplete","Gradual/incomplete",0.947383774780703,"Enriched"
"K21571",3,3,1,3,"Gradual/incomplete","Gradual/incomplete",1,"Rapid","Rapid",-0.605560578375609,"Suppressed"
"K07224",3,1,3,1,"Rapid","Rapid",3,"Gradual/incomplete","Gradual/incomplete",0.995241806414095,"Enriched"
"K02082",3,2,2,2,"Persistent/strengthened","Persistent/strengthened",2,"Persistent/strengthened","Persistent/strengthened",-0.524417140355065,"Suppressed"
"K20533",3,2,3,2,"Persistent/strengthened","Persistent/strengthened",3,"Gradual/incomplete","Gradual/incomplete",0.947629721169575,"Enriched"
"K08086",3,3,2,3,"Gradual/incomplete","Gradual/incomplete",2,"Persistent/strengthened","Persistent/strengthened",-0.531441786006899,"Suppressed"
"K06218",3,1,1,1,"Rapid","Rapid",1,"Rapid","Rapid",1.06608661761156,"Enriched"
"K17836",3,3,2,3,"Gradual/incomplete","Gradual/incomplete",2,"Persistent/strengthened","Persistent/strengthened",0.689025695318201,"Enriched"
"K17320",3,3,3,3,"Gradual/incomplete","Gradual/incomplete",3,"Gradual/incomplete","Gradual/incomplete",1.78656322478699,"Enriched"
"K13592",3,3,2,3,"Gradual/incomplete","Gradual/incomplete",2,"Persistent/strengthened","Persistent/strengthened",0.863567848059107,"Enriched"
"K02554",3,1,1,1,"Rapid","Rapid",1,"Rapid","Rapid",0.856883786252604,"Enriched"
"K22129",3,1,1,1,"Rapid","Overshoot/reversal",1,"Rapid","Rapid",-0.663561869178325,"Suppressed"
"K03426",3,3,3,3,"Gradual/incomplete","Gradual/incomplete",3,"Gradual/incomplete","Gradual/incomplete",0.644548152862673,"Enriched"
"K03480",3,1,3,1,"Rapid","Rapid",3,"Gradual/incomplete","Gradual/incomplete",6.18214005626914,"Enriched"
"K22476",3,1,3,1,"Rapid","Rapid",3,"Gradual/incomplete","Gradual/incomplete",0.991047999247402,"Enriched"
"K13283",3,2,2,2,"Persistent/strengthened","Persistent/strengthened",2,"Persistent/strengthened","Persistent/strengthened",0.908690143581531,"Enriched"
"K01183",3,3,3,3,"Gradual/incomplete","Gradual/incomplete",3,"Gradual/incomplete","Gradual/incomplete",0.88088949035758,"Enriched"
"K05601",3,1,1,1,"Rapid","Overshoot/reversal",1,"Rapid","Rapid",1.58641148719133,"Enriched"
"K10525",3,3,3,3,"Gradual/incomplete","Gradual/incomplete",3,"Gradual/incomplete","Gradual/incomplete",-0.908006175916443,"Suppressed"
"K18197",3,1,1,1,"Rapid","Rapid",1,"Rapid","Rapid",-1.28727248387366,"Suppressed"
"K10219",3,3,2,3,"Gradual/incomplete","Gradual/incomplete",2,"Persistent/strengthened","Persistent/strengthened",-0.65839704845471,"Suppressed"
"K02475",3,3,3,3,"Gradual/incomplete","Gradual/incomplete",3,"Gradual/incomplete","Gradual/incomplete",2.78062661653684,"Enriched"
"K10037",3,1,3,1,"Rapid","Overshoot/reversal",3,"Gradual/incomplete","Gradual/incomplete",1.50947364338479,"Enriched"
"K21008",3,3,1,3,"Gradual/incomplete","Gradual/incomplete",1,"Rapid","Rapid",-2.24951954409357,"Suppressed"
"K22343",3,1,3,1,"Rapid","Rapid",3,"Gradual/incomplete","Gradual/incomplete",6.0120874244903,"Enriched"
"K11989",3,1,1,1,"Rapid","Rapid",1,"Rapid","Rapid",-3.32302646520601,"Suppressed"
"K20480",3,1,3,1,"Rapid","Rapid",3,"Gradual/incomplete","Gradual/incomplete",7.00970794670287,"Enriched"
"K11616",3,1,3,1,"Rapid","Rapid",3,"Gradual/incomplete","Gradual/incomplete",6.653523487489,"Enriched"
"K08168",3,3,2,3,"Gradual/incomplete","Gradual/incomplete",2,"Persistent/strengthened","Persistent/strengthened",2.30546017716639,"Enriched"
"K03394",3,3,3,3,"Gradual/incomplete","Gradual/incomplete",3,"Gradual/incomplete","Gradual/incomplete",1.30102022489718,"Enriched"
"K01095",3,3,3,3,"Gradual/incomplete","Gradual/incomplete",3,"Gradual/incomplete","Gradual/incomplete",-0.515651994115131,"Suppressed"
"K18199",3,3,2,3,"Gradual/incomplete","Gradual/incomplete",2,"Persistent/strengthened","Persistent/strengthened",0.702274230065893,"Enriched"
"K03332",3,1,1,1,"Rapid","Overshoot/reversal",1,"Rapid","Overshoot/reversal",-0.544434497865172,"Suppressed"
"K09693",3,3,3,3,"Gradual/incomplete","Gradual/incomplete",3,"Gradual/incomplete","Gradual/incomplete",2.25775127042806,"Enriched"
"K23556",3,3,3,3,"Gradual/incomplete","Gradual/incomplete",3,"Gradual/incomplete","Gradual/incomplete",1.54002320335128,"Enriched"
"K21308",3,3,3,3,"Gradual/incomplete","Gradual/incomplete",3,"Gradual/incomplete","Gradual/incomplete",-0.570315780819303,"Suppressed"
"K06382",3,3,3,3,"Gradual/incomplete","Gradual/incomplete",3,"Gradual/incomplete","Gradual/incomplete",8.10823058033666,"Enriched"
"K00271",3,1,3,1,"Rapid","Rapid",3,"Gradual/incomplete","Gradual/incomplete",0.617042906021915,"Enriched"
"K14337",3,3,3,3,"Gradual/incomplete","Gradual/incomplete",3,"Gradual/incomplete","Gradual/incomplete",-1.14920602775808,"Suppressed"
"K10541",3,1,1,1,"Rapid","Rapid",1,"Rapid","Rapid",6.23354096094022,"Enriched"
"K06312",3,3,3,3,"Gradual/incomplete","Gradual/incomplete",3,"Gradual/incomplete","Gradual/incomplete",5.91997907577773,"Enriched"
"K03152",3,1,3,1,"Rapid","Overshoot/reversal",3,"Gradual/incomplete","Gradual/incomplete",-1.27010463419663,"Suppressed"
"K01941",3,3,3,3,"Gradual/incomplete","Gradual/incomplete",3,"Gradual/incomplete","Gradual/incomplete",-0.897343966873955,"Suppressed"
"K01308",3,1,1,1,"Rapid","Rapid",1,"Rapid","Rapid",1.35997302672495,"Enriched"
"K06401",3,1,1,1,"Rapid","Rapid",1,"Rapid","Rapid",6.26605522772055,"Enriched"
"K22112",3,3,3,3,"Gradual/incomplete","Gradual/incomplete",3,"Gradual/incomplete","Gradual/incomplete",1.97339467782113,"Enriched"
"K23359",3,3,2,3,"Gradual/incomplete","Gradual/incomplete",2,"Persistent/strengthened","Persistent/strengthened",-0.803806715236051,"Suppressed"
"K15719",3,1,1,1,"Rapid","Overshoot/reversal",1,"Rapid","Overshoot/reversal",-1.41669912361621,"Suppressed"
"K22293",3,3,3,3,"Gradual/incomplete","Gradual/incomplete",3,"Gradual/incomplete","Gradual/incomplete",1.03813236441648,"Enriched"
"K20265",3,1,3,1,"Rapid","Rapid",3,"Gradual/incomplete","Gradual/incomplete",-0.529227738558485,"Suppressed"
"K06944",3,2,2,2,"Persistent/strengthened","Persistent/strengthened",2,"Persistent/strengthened","Persistent/strengthened",-0.814526699269704,"Suppressed"
"K19242",3,1,1,1,"Rapid","Rapid",1,"Rapid","Rapid",6.05936228048766,"Enriched"
"K10800",3,1,3,1,"Rapid","Overshoot/reversal",3,"Gradual/incomplete","Gradual/incomplete",-0.899860761756771,"Suppressed"
"K22757",3,3,3,3,"Gradual/incomplete","Gradual/incomplete",3,"Gradual/incomplete","Gradual/incomplete",-0.878378470841835,"Suppressed"
"K08167",3,1,3,1,"Rapid","Rapid",3,"Gradual/incomplete","Gradual/incomplete",0.712996733955785,"Enriched"
"K17203",3,3,2,3,"Gradual/incomplete","Gradual/incomplete",2,"Persistent/strengthened","Persistent/strengthened",1.20447556748928,"Enriched"
"K15640",3,3,3,3,"Gradual/incomplete","Gradual/incomplete",3,"Gradual/incomplete","Gradual/incomplete",1.56442195023825,"Enriched"
"K22551",3,1,1,1,"Rapid","Rapid",1,"Rapid","Rapid",1.13360717896181,"Enriched"
"K16885",3,2,2,2,"Persistent/strengthened","Persistent/strengthened",2,"Persistent/strengthened","Persistent/strengthened",-0.649267558476124,"Suppressed"
"K07051",3,3,3,3,"Gradual/incomplete","Gradual/incomplete",3,"Gradual/incomplete","Gradual/incomplete",0.598595766073434,"Enriched"
"K10009",3,3,2,3,"Gradual/incomplete","Gradual/incomplete",2,"Persistent/strengthened","Persistent/strengthened",1.41632261227449,"Enriched"
"K00875",3,3,2,3,"Gradual/incomplete","Gradual/incomplete",2,"Persistent/strengthened","Persistent/strengthened",2.02978517313043,"Enriched"
"K09136",3,3,3,3,"Gradual/incomplete","Gradual/incomplete",3,"Gradual/incomplete","Gradual/incomplete",0.794720766594666,"Enriched"
"K08221",3,1,3,1,"Rapid","Rapid",3,"Gradual/incomplete","Gradual/incomplete",0.973883271342614,"Enriched"
"K06169",3,1,1,1,"Rapid","Overshoot/reversal",1,"Rapid","Rapid",-0.688800334298816,"Suppressed"
"K23301",3,2,2,2,"Persistent/strengthened","Persistent/strengthened",2,"Persistent/strengthened","Persistent/strengthened",-0.762992906293658,"Suppressed"
"K14253",3,3,3,3,"Gradual/incomplete","Gradual/incomplete",3,"Gradual/incomplete","Gradual/incomplete",4.45605943511224,"Enriched"
"K20532",3,3,3,3,"Gradual/incomplete","Gradual/incomplete",3,"Gradual/incomplete","Gradual/incomplete",0.978926324103965,"Enriched"
"K08159",3,3,3,3,"Gradual/incomplete","Gradual/incomplete",3,"Gradual/incomplete","Gradual/incomplete",3.16310162381774,"Enriched"
"K13063",3,1,3,1,"Rapid","Rapid",3,"Gradual/incomplete","Gradual/incomplete",0.655796809112876,"Enriched"
"K20975",3,3,2,3,"Gradual/incomplete","Gradual/incomplete",2,"Persistent/strengthened","Persistent/strengthened",-0.619046593590831,"Suppressed"
"K22103",3,3,3,3,"Gradual/incomplete","Gradual/incomplete",3,"Gradual/incomplete","Gradual/incomplete",4.49398926008024,"Enriched"
"K02073",3,3,3,3,"Gradual/incomplete","Gradual/incomplete",3,"Gradual/incomplete","Gradual/incomplete",2.31691880343938,"Enriched"
"K19540",3,3,3,3,"Gradual/incomplete","Gradual/incomplete",3,"Gradual/incomplete","Gradual/incomplete",6.43565433029458,"Enriched"
"K23367",3,3,3,3,"Gradual/incomplete","Gradual/incomplete",3,"Gradual/incomplete","Gradual/incomplete",5.84140673855001,"Enriched"
"K08988",3,2,2,2,"Persistent/strengthened","Persistent/strengthened",2,"Persistent/strengthened","Persistent/strengthened",0.51725783138566,"Enriched"
"K02451",3,3,3,3,"Gradual/incomplete","Gradual/incomplete",3,"Gradual/incomplete","Gradual/incomplete",-0.568209036074062,"Suppressed"
"K02663",3,3,3,3,"Gradual/incomplete","Gradual/incomplete",3,"Gradual/incomplete","Gradual/incomplete",-0.704917232161807,"Suppressed"
"K01312",3,3,3,3,"Gradual/incomplete","Gradual/incomplete",3,"Gradual/incomplete","Gradual/incomplete",2.15046549009757,"Enriched"
"K21613",3,1,1,1,"Rapid","Rapid",1,"Rapid","Rapid",4.2093201735481,"Enriched"
"K00972",3,1,3,1,"Rapid","Rapid",3,"Gradual/incomplete","Gradual/incomplete",-2.48906675869009,"Suppressed"
"K09976",3,1,1,1,"Rapid","Rapid",1,"Rapid","Rapid",5.46074017962095,"Enriched"
"K11630",3,1,1,1,"Rapid","Rapid",1,"Rapid","Rapid",5.74826986981419,"Enriched"
"K03606",3,3,2,3,"Gradual/incomplete","Gradual/incomplete",2,"Persistent/strengthened","Persistent/strengthened",-0.723266900831681,"Suppressed"
"K00938",3,1,3,1,"Rapid","Overshoot/reversal",3,"Gradual/incomplete","Gradual/incomplete",-0.954017622032874,"Suppressed"
"K18353",3,3,3,3,"Gradual/incomplete","Gradual/incomplete",3,"Gradual/incomplete","Gradual/incomplete",3.08622219955715,"Enriched"
"K18907",3,1,1,1,"Rapid","Rapid",1,"Rapid","Rapid",4.94894321334639,"Enriched"
"K16359",3,3,3,3,"Gradual/incomplete","Gradual/incomplete",3,"Gradual/incomplete","Gradual/incomplete",-5.13523323783945,"Suppressed"
"K16647",3,3,3,3,"Gradual/incomplete","Gradual/incomplete",3,"Gradual/incomplete","Gradual/incomplete",3.41195395008629,"Enriched"
"K07258",3,1,3,1,"Rapid","Rapid",3,"Gradual/incomplete","Gradual/incomplete",0.768916003418814,"Enriched"
"K17947",3,3,2,3,"Gradual/incomplete","Gradual/incomplete",2,"Persistent/strengthened","Persistent/strengthened",0.969706268289165,"Enriched"
"K21935",3,1,1,1,"Rapid","Rapid",1,"Rapid","Rapid",6.28189848884829,"Enriched"
"K12506",3,3,3,3,"Gradual/incomplete","Gradual/incomplete",3,"Gradual/incomplete","Gradual/incomplete",0.509194807324481,"Enriched"
"K03093",3,1,3,1,"Rapid","Rapid",3,"Gradual/incomplete","Gradual/incomplete",4.34997301863516,"Enriched"
"K21393",3,1,1,1,"Rapid","Overshoot/reversal",1,"Rapid","Overshoot/reversal",-0.763492333749223,"Suppressed"
"K11896",3,3,3,3,"Gradual/incomplete","Gradual/incomplete",3,"Gradual/incomplete","Gradual/incomplete",-0.643297209756352,"Suppressed"
"K16901",3,1,3,1,"Rapid","Rapid",3,"Gradual/incomplete","Gradual/incomplete",5.12496828467322,"Enriched"
"K12429",3,3,2,3,"Gradual/incomplete","Gradual/incomplete",2,"Persistent/strengthened","Persistent/strengthened",2.44580624680956,"Enriched"
"K22822",3,3,3,3,"Gradual/incomplete","Gradual/incomplete",3,"Gradual/incomplete","Gradual/incomplete",-1.03979943594843,"Suppressed"
"K02027",3,3,3,3,"Gradual/incomplete","Gradual/incomplete",3,"Gradual/incomplete","Gradual/incomplete",0.659406652597996,"Enriched"
"K03563",3,1,1,1,"Rapid","Rapid",1,"Rapid","Rapid",-0.767961531589258,"Suppressed"
"K22447",3,3,2,3,"Gradual/incomplete","Gradual/incomplete",2,"Persistent/strengthened","Persistent/strengthened",-1.71028437191897,"Suppressed"
"K11901",3,3,3,3,"Gradual/incomplete","Gradual/incomplete",3,"Gradual/incomplete","Gradual/incomplete",-0.830205285525993,"Suppressed"
"K12979",3,2,2,2,"Persistent/strengthened","Persistent/strengthened",2,"Persistent/strengthened","Persistent/strengthened",-0.776952568853715,"Suppressed"
"K00880",3,3,3,3,"Gradual/incomplete","Gradual/incomplete",3,"Gradual/incomplete","Gradual/incomplete",0.967443207950249,"Enriched"
"K06136",3,3,2,3,"Gradual/incomplete","Gradual/incomplete",2,"Persistent/strengthened","Persistent/strengthened",-0.817820491360156,"Suppressed"
"K10241",3,3,3,3,"Gradual/incomplete","Gradual/incomplete",3,"Gradual/incomplete","Gradual/incomplete",2.14123475830818,"Enriched"
"K18567",3,1,3,1,"Rapid","Rapid",3,"Gradual/incomplete","Gradual/incomplete",6.21472757176942,"Enriched"
"K06308",3,3,3,3,"Gradual/incomplete","Gradual/incomplete",3,"Gradual/incomplete","Gradual/incomplete",6.38132796788168,"Enriched"
"K07228",3,3,3,3,"Gradual/incomplete","Gradual/incomplete",3,"Gradual/incomplete","Gradual/incomplete",1.48052231853305,"Enriched"
"K01027",3,1,3,1,"Rapid","Rapid",3,"Gradual/incomplete","Gradual/incomplete",-0.562023873781916,"Suppressed"
"K10622",3,1,3,1,"Rapid","Rapid",3,"Gradual/incomplete","Gradual/incomplete",2.20966829559515,"Enriched"
"K18013",3,1,1,1,"Rapid","Rapid",1,"Rapid","Rapid",0.913343561275297,"Enriched"
"K21138",3,2,3,2,"Persistent/strengthened","Persistent/strengthened",3,"Gradual/incomplete","Gradual/incomplete",1.47885177617547,"Enriched"
"K13533",3,1,1,1,"Rapid","Rapid",1,"Rapid","Rapid",1.88793591654241,"Enriched"
"K09936",3,3,3,3,"Gradual/incomplete","Gradual/incomplete",3,"Gradual/incomplete","Gradual/incomplete",1.07963630843459,"Enriched"
"K07778",3,1,3,1,"Rapid","Rapid",3,"Gradual/incomplete","Gradual/incomplete",1.0565597684637,"Enriched"
"K22719",3,3,3,3,"Gradual/incomplete","Gradual/incomplete",3,"Gradual/incomplete","Gradual/incomplete",-0.500270637391388,"Suppressed"
"K21209",3,2,2,2,"Persistent/strengthened","Persistent/strengthened",2,"Persistent/strengthened","Persistent/strengthened",1.91595030980479,"Enriched"
"K11614",3,3,3,3,"Gradual/incomplete","Gradual/incomplete",3,"Gradual/incomplete","Gradual/incomplete",7.7169184620512,"Enriched"
"K19200",3,1,1,1,"Rapid","Overshoot/reversal",1,"Rapid","Rapid",-0.585844933323861,"Suppressed"
"K14671",3,3,3,3,"Gradual/incomplete","Gradual/incomplete",3,"Gradual/incomplete","Gradual/incomplete",2.39046057962595,"Enriched"
"K12449",3,3,3,3,"Gradual/incomplete","Gradual/incomplete",3,"Gradual/incomplete","Gradual/incomplete",-1.046411283003,"Suppressed"
"K12955",3,1,3,1,"Rapid","Rapid",3,"Gradual/incomplete","Gradual/incomplete",0.99941063023053,"Enriched"
"K06214",3,2,2,2,"Persistent/strengthened","Persistent/strengthened",2,"Persistent/strengthened","Persistent/strengthened",0.946836153526268,"Enriched"
"K02243",3,1,3,1,"Rapid","Rapid",3,"Gradual/incomplete","Gradual/incomplete",6.72618767754066,"Enriched"
"K09681",3,1,1,1,"Rapid","Rapid",1,"Rapid","Rapid",3.04584799083688,"Enriched"
"K21887",3,2,2,2,"Persistent/strengthened","Persistent/strengthened",2,"Persistent/strengthened","Persistent/strengthened",3.14190031183255,"Enriched"
"K04115",3,2,2,2,"Persistent/strengthened","Persistent/strengthened",2,"Persistent/strengthened","Persistent/strengthened",-0.517163217120635,"Suppressed"
"K09158",3,3,3,3,"Gradual/incomplete","Gradual/incomplete",3,"Gradual/incomplete","Gradual/incomplete",-0.732977410316102,"Suppressed"
"K21273",3,1,3,1,"Rapid","Rapid",3,"Gradual/incomplete","Gradual/incomplete",0.938727171532719,"Enriched"
"K00594",3,3,3,3,"Gradual/incomplete","Gradual/incomplete",3,"Gradual/incomplete","Gradual/incomplete",1.32566518826094,"Enriched"
"K02689",3,2,2,2,"Persistent/strengthened","Persistent/strengthened",2,"Persistent/strengthened","Persistent/strengthened",-2.45658223038275,"Suppressed"
"K03090",3,3,3,3,"Gradual/incomplete","Gradual/incomplete",3,"Gradual/incomplete","Gradual/incomplete",0.899803226238792,"Enriched"
"K10001",3,3,3,3,"Gradual/incomplete","Gradual/incomplete",3,"Gradual/incomplete","Gradual/incomplete",-0.756954278879772,"Suppressed"
"K23385",3,3,3,3,"Gradual/incomplete","Gradual/incomplete",3,"Gradual/incomplete","Gradual/incomplete",-1.0835199278135,"Suppressed"
"K07321",3,3,3,3,"Gradual/incomplete","Gradual/incomplete",3,"Gradual/incomplete","Gradual/incomplete",0.701708183311385,"Enriched"
"K23825",3,3,2,3,"Gradual/incomplete","Gradual/incomplete",2,"Persistent/strengthened","Persistent/strengthened",1.22078366829918,"Enriched"
"K03234",3,1,3,1,"Rapid","Rapid",3,"Gradual/incomplete","Gradual/incomplete",-2.52146670143606,"Suppressed"
"K13875",3,3,2,3,"Gradual/incomplete","Gradual/incomplete",2,"Persistent/strengthened","Persistent/strengthened",-0.752071233401705,"Suppressed"
"K16213",3,1,1,1,"Rapid","Rapid",1,"Rapid","Rapid",-0.826018783293057,"Suppressed"
"K13633",3,3,3,3,"Gradual/incomplete","Gradual/incomplete",3,"Gradual/incomplete","Gradual/incomplete",1.54712224294357,"Enriched"
"K18482",3,2,2,2,"Persistent/strengthened","Persistent/strengthened",2,"Persistent/strengthened","Persistent/strengthened",-0.936419078763268,"Suppressed"
"K18220",3,1,3,1,"Rapid","Rapid",3,"Gradual/incomplete","Gradual/incomplete",0.672996275973535,"Enriched"
"K14647",3,1,1,1,"Rapid","Rapid",1,"Rapid","Rapid",1.02187858098702,"Enriched"
"K06967",3,3,3,3,"Gradual/incomplete","Gradual/incomplete",3,"Gradual/incomplete","Gradual/incomplete",2.96527811102044,"Enriched"
"K18297",3,1,1,1,"Rapid","Overshoot/reversal",1,"Rapid","Overshoot/reversal",-1.55186491913847,"Suppressed"
"K07792",3,2,2,2,"Persistent/strengthened","Persistent/strengthened",2,"Persistent/strengthened","Persistent/strengthened",-0.790426771430077,"Suppressed"
"K01014",3,3,3,3,"Gradual/incomplete","Gradual/incomplete",3,"Gradual/incomplete","Gradual/incomplete",-1.41526810624643,"Suppressed"
"K13794",3,1,3,1,"Rapid","Overshoot/reversal",3,"Gradual/incomplete","Gradual/incomplete",-1.49356989404255,"Suppressed"
"K17716",3,3,3,3,"Gradual/incomplete","Gradual/incomplete",3,"Gradual/incomplete","Gradual/incomplete",1.47832591551559,"Enriched"
"K10697",3,1,1,1,"Rapid","Overshoot/reversal",1,"Rapid","Overshoot/reversal",-1.23605355103156,"Suppressed"
"K01086",3,1,3,1,"Rapid","Rapid",3,"Gradual/incomplete","Gradual/incomplete",-1.1222040194967,"Suppressed"
"K16567",3,2,2,2,"Persistent/strengthened","Persistent/strengthened",2,"Persistent/strengthened","Persistent/strengthened",-1.01698670778106,"Suppressed"
"K06957",3,3,2,3,"Gradual/incomplete","Gradual/incomplete",2,"Persistent/strengthened","Persistent/strengthened",1.41029292585983,"Enriched"
"K08372",3,1,3,1,"Rapid","Rapid",3,"Gradual/incomplete","Gradual/incomplete",0.78843519875219,"Enriched"
"K21136",3,1,1,1,"Rapid","Overshoot/reversal",1,"Rapid","Rapid",0.92300981427791,"Enriched"
"K23509",3,3,3,3,"Gradual/incomplete","Gradual/incomplete",3,"Gradual/incomplete","Gradual/incomplete",0.885690707640453,"Enriched"
"K22033",3,3,3,3,"Gradual/incomplete","Gradual/incomplete",3,"Gradual/incomplete","Gradual/incomplete",1.89430354909237,"Enriched"
"K10011",3,2,2,2,"Persistent/strengthened","Persistent/strengthened",2,"Persistent/strengthened","Persistent/strengthened",-0.792637350484501,"Suppressed"
"K03048",3,3,3,3,"Gradual/incomplete","Gradual/incomplete",3,"Gradual/incomplete","Gradual/incomplete",4.22018359880551,"Enriched"
"K04618",3,2,2,2,"Persistent/strengthened","Persistent/strengthened",2,"Persistent/strengthened","Persistent/strengthened",-0.863760774547013,"Suppressed"
"K14155",3,3,3,3,"Gradual/incomplete","Gradual/incomplete",3,"Gradual/incomplete","Gradual/incomplete",0.931645050159144,"Enriched"
"K03414",3,1,3,1,"Rapid","Rapid",3,"Gradual/incomplete","Gradual/incomplete",-0.748376570195018,"Suppressed"
"K21378",3,2,2,2,"Persistent/strengthened","Persistent/strengthened",2,"Persistent/strengthened","Persistent/strengthened",-1.80797110740328,"Suppressed"
"K00720",3,2,3,2,"Persistent/strengthened","Persistent/strengthened",3,"Gradual/incomplete","Gradual/incomplete",-0.769748602241976,"Suppressed"
"K18553",3,1,3,1,"Rapid","Rapid",3,"Gradual/incomplete","Gradual/incomplete",0.927167480149777,"Enriched"
"K21601",3,1,1,1,"Rapid","Rapid",1,"Rapid","Rapid",6.30986886814708,"Enriched"
"K06394",3,3,3,3,"Gradual/incomplete","Gradual/incomplete",3,"Gradual/incomplete","Gradual/incomplete",6.90807587707012,"Enriched"
"K11407",3,3,3,3,"Gradual/incomplete","Gradual/incomplete",3,"Gradual/incomplete","Gradual/incomplete",-2.03133758557259,"Suppressed"
"K03528",3,3,3,3,"Gradual/incomplete","Gradual/incomplete",3,"Gradual/incomplete","Gradual/incomplete",-0.655719798754756,"Suppressed"
"K12538",3,3,3,3,"Gradual/incomplete","Gradual/incomplete",3,"Gradual/incomplete","Gradual/incomplete",5.55904987165007,"Enriched"
"K18234",3,3,3,3,"Gradual/incomplete","Gradual/incomplete",3,"Gradual/incomplete","Gradual/incomplete",1.63317214425354,"Enriched"
"K03457",3,1,1,1,"Rapid","Rapid",1,"Rapid","Rapid",0.610917366189333,"Enriched"
"K06177",3,2,2,2,"Persistent/strengthened","Persistent/strengthened",2,"Persistent/strengthened","Persistent/strengthened",0.516942004761281,"Enriched"
"K02706",3,2,3,2,"Persistent/strengthened","Persistent/strengthened",3,"Gradual/incomplete","Gradual/incomplete",-2.63272201101969,"Suppressed"
"K22723",3,1,3,1,"Rapid","Overshoot/reversal",3,"Gradual/incomplete","Gradual/incomplete",-1.71243096151263,"Suppressed"
"K07517",3,1,1,1,"Rapid","Rapid",1,"Rapid","Rapid",1.82693234897358,"Enriched"
"K21284",3,3,3,3,"Gradual/incomplete","Gradual/incomplete",3,"Gradual/incomplete","Gradual/incomplete",2.6487086739729,"Enriched"
"K06447",3,2,2,2,"Persistent/strengthened","Persistent/strengthened",2,"Persistent/strengthened","Persistent/strengthened",0.769302151422865,"Enriched"
"K02230",3,1,3,1,"Rapid","Rapid",3,"Gradual/incomplete","Gradual/incomplete",0.889391040145767,"Enriched"
"K04788",3,3,3,3,"Gradual/incomplete","Gradual/incomplete",3,"Gradual/incomplete","Gradual/incomplete",1.77360399361597,"Enriched"
"K13892",3,2,2,2,"Persistent/strengthened","Persistent/strengthened",2,"Persistent/strengthened","Persistent/strengthened",-0.583425922717931,"Suppressed"
"K02079",3,3,3,3,"Gradual/incomplete","Gradual/incomplete",3,"Gradual/incomplete","Gradual/incomplete",0.948152245356424,"Enriched"
"K07068",3,2,2,2,"Persistent/strengthened","Persistent/strengthened",2,"Persistent/strengthened","Persistent/strengthened",-0.514586697712693,"Suppressed"
"K09685",3,1,3,1,"Rapid","Rapid",3,"Gradual/incomplete","Gradual/incomplete",6.00315879054259,"Enriched"
"K06919",3,3,3,3,"Gradual/incomplete","Gradual/incomplete",3,"Gradual/incomplete","Gradual/incomplete",2.53249286910462,"Enriched"
"K01155",3,1,1,1,"Rapid","Rapid",1,"Rapid","Rapid",2.1679503569919,"Enriched"
"K17662",3,2,2,2,"Persistent/strengthened","Persistent/strengthened",2,"Persistent/strengthened","Persistent/strengthened",0.686572896264459,"Enriched"
"K21163",3,1,3,1,"Rapid","Rapid",3,"Gradual/incomplete","Gradual/incomplete",1.21054818288912,"Enriched"
"K00840",3,2,2,2,"Persistent/strengthened","Persistent/strengthened",2,"Persistent/strengthened","Persistent/strengthened",-0.931562412186166,"Suppressed"
"K18240",3,3,3,3,"Gradual/incomplete","Gradual/incomplete",3,"Gradual/incomplete","Gradual/incomplete",-0.506892050794058,"Suppressed"
"K11391",3,3,3,3,"Gradual/incomplete","Gradual/incomplete",3,"Gradual/incomplete","Gradual/incomplete",4.23367740964623,"Enriched"
"K07791",3,2,2,2,"Persistent/strengthened","Persistent/strengthened",2,"Persistent/strengthened","Persistent/strengthened",-0.875921725352052,"Suppressed"
"K00537",3,3,2,3,"Gradual/incomplete","Gradual/incomplete",2,"Persistent/strengthened","Persistent/strengthened",0.518975187876316,"Enriched"
"K07169",3,2,2,2,"Persistent/strengthened","Persistent/strengthened",2,"Persistent/strengthened","Persistent/strengthened",-1.04243487769962,"Suppressed"
"K14251",3,3,3,3,"Gradual/incomplete","Gradual/incomplete",3,"Gradual/incomplete","Gradual/incomplete",3.08394841201276,"Enriched"
"K01046",3,3,3,3,"Gradual/incomplete","Gradual/incomplete",3,"Gradual/incomplete","Gradual/incomplete",1.09163681250671,"Enriched"
"K19668",3,1,1,1,"Rapid","Rapid",1,"Rapid","Rapid",0.611580585924465,"Enriched"
"K11987",3,3,3,3,"Gradual/incomplete","Gradual/incomplete",3,"Gradual/incomplete","Gradual/incomplete",2.71701275525014,"Enriched"
"K08484",3,2,2,2,"Persistent/strengthened","Persistent/strengthened",2,"Persistent/strengthened","Persistent/strengthened",0.521460890717074,"Enriched"
"K00156",3,3,3,3,"Gradual/incomplete","Gradual/incomplete",3,"Gradual/incomplete","Gradual/incomplete",1.12211125781005,"Enriched"
"K09801",3,3,3,3,"Gradual/incomplete","Gradual/incomplete",3,"Gradual/incomplete","Gradual/incomplete",-0.601653080355044,"Suppressed"
"K21514",3,3,3,3,"Gradual/incomplete","Gradual/incomplete",3,"Gradual/incomplete","Gradual/incomplete",1.17797283583051,"Enriched"
"K19126",3,1,3,1,"Rapid","Rapid",3,"Gradual/incomplete","Gradual/incomplete",1.76601687490278,"Enriched"
"K05782",3,1,1,1,"Rapid","Rapid",1,"Rapid","Rapid",0.835633506404464,"Enriched"
"K15983",3,3,3,3,"Gradual/incomplete","Gradual/incomplete",3,"Gradual/incomplete","Gradual/incomplete",-1.54685870844569,"Suppressed"
"K13010",3,1,1,1,"Rapid","Rapid",1,"Rapid","Rapid",0.636648658082228,"Enriched"
"K06383",3,3,3,3,"Gradual/incomplete","Gradual/incomplete",3,"Gradual/incomplete","Gradual/incomplete",6.21429043384023,"Enriched"
"K09929",3,3,3,3,"Gradual/incomplete","Gradual/incomplete",3,"Gradual/incomplete","Gradual/incomplete",-0.676215453373609,"Suppressed"
"K01493",3,2,3,2,"Persistent/strengthened","Persistent/strengthened",3,"Gradual/incomplete","Gradual/incomplete",1.38039713916911,"Enriched"
"K21619",3,1,1,1,"Rapid","Overshoot/reversal",1,"Rapid","Overshoot/reversal",-0.637709920295047,"Suppressed"
"K04092",3,3,3,3,"Gradual/incomplete","Gradual/incomplete",3,"Gradual/incomplete","Gradual/incomplete",0.888400786437479,"Enriched"
"K22322",3,3,3,3,"Gradual/incomplete","Gradual/incomplete",3,"Gradual/incomplete","Gradual/incomplete",3.45445033252529,"Enriched"
"K05996",3,1,3,1,"Rapid","Rapid",3,"Gradual/incomplete","Gradual/incomplete",0.853986294499265,"Enriched"
"K20500",3,3,2,3,"Gradual/incomplete","Gradual/incomplete",2,"Persistent/strengthened","Persistent/strengthened",4.34484887980431,"Enriched"
"K21193",3,2,2,2,"Persistent/strengthened","Persistent/strengthened",2,"Persistent/strengthened","Persistent/strengthened",-1.46993953569118,"Suppressed"
"K12420",3,3,3,3,"Gradual/incomplete","Gradual/incomplete",3,"Gradual/incomplete","Gradual/incomplete",2.87815668159906,"Enriched"
"K22502",3,3,3,3,"Gradual/incomplete","Gradual/incomplete",3,"Gradual/incomplete","Gradual/incomplete",2.12941476295625,"Enriched"
"K02351",3,1,3,1,"Rapid","Rapid",3,"Gradual/incomplete","Gradual/incomplete",0.534767082655309,"Enriched"
"K11159",3,2,2,2,"Persistent/strengthened","Persistent/strengthened",2,"Persistent/strengthened","Persistent/strengthened",-1.36669003519019,"Suppressed"
"K11897",3,3,3,3,"Gradual/incomplete","Gradual/incomplete",3,"Gradual/incomplete","Gradual/incomplete",-0.90131215695298,"Suppressed"
"K11532",3,2,2,2,"Persistent/strengthened","Persistent/strengthened",2,"Persistent/strengthened","Persistent/strengthened",0.580554706042963,"Enriched"
"K02844",3,3,3,3,"Gradual/incomplete","Gradual/incomplete",3,"Gradual/incomplete","Gradual/incomplete",-0.679653664059842,"Suppressed"
"K20866",3,1,1,1,"Rapid","Overshoot/reversal",1,"Rapid","Rapid",-0.659016968628634,"Suppressed"
"K07177",3,1,1,1,"Rapid","Overshoot/reversal",1,"Rapid","Rapid",0.509755123746928,"Enriched"
"K07652",3,3,3,3,"Gradual/incomplete","Gradual/incomplete",3,"Gradual/incomplete","Gradual/incomplete",0.781697216270942,"Enriched"
"K21961",3,3,2,3,"Gradual/incomplete","Gradual/incomplete",2,"Persistent/strengthened","Persistent/strengthened",2.29345873751794,"Enriched"
"K06864",3,1,3,1,"Rapid","Rapid",3,"Gradual/incomplete","Gradual/incomplete",-0.505939095382555,"Suppressed"
"K08222",3,3,3,3,"Gradual/incomplete","Gradual/incomplete",3,"Gradual/incomplete","Gradual/incomplete",1.80873740790452,"Enriched"
"K11900",3,3,3,3,"Gradual/incomplete","Gradual/incomplete",3,"Gradual/incomplete","Gradual/incomplete",-0.575300040893391,"Suppressed"
"K09758",3,2,2,2,"Persistent/strengthened","Persistent/strengthened",2,"Persistent/strengthened","Persistent/strengthened",-0.717856727479733,"Suppressed"
"K19563",3,1,1,1,"Rapid","Rapid",1,"Rapid","Rapid",3.10536698067447,"Enriched"
"K08260",3,3,3,3,"Gradual/incomplete","Gradual/incomplete",3,"Gradual/incomplete","Gradual/incomplete",3.3648298912546,"Enriched"
"K11474",3,1,3,1,"Rapid","Rapid",3,"Gradual/incomplete","Gradual/incomplete",5.95929673531946,"Enriched"
"K10006",3,1,3,1,"Rapid","Rapid",3,"Gradual/incomplete","Gradual/incomplete",0.679896960303372,"Enriched"
"K11738",3,3,3,3,"Gradual/incomplete","Gradual/incomplete",3,"Gradual/incomplete","Gradual/incomplete",2.79772116210351,"Enriched"
"K08365",3,2,2,2,"Persistent/strengthened","Persistent/strengthened",2,"Persistent/strengthened","Persistent/strengthened",0.702377575618075,"Enriched"
"K10217",3,1,3,1,"Rapid","Rapid",3,"Gradual/incomplete","Gradual/incomplete",0.689266462546876,"Enriched"
"K15916",3,3,3,3,"Gradual/incomplete","Gradual/incomplete",3,"Gradual/incomplete","Gradual/incomplete",0.597941107578984,"Enriched"
"K07034",3,1,1,1,"Rapid","Rapid",1,"Rapid","Overshoot/reversal",0.608770552044503,"Enriched"
"K03207",3,3,1,3,"Gradual/incomplete","Gradual/incomplete",1,"Rapid","Rapid",2.01478492982694,"Enriched"
"K23107",3,1,3,1,"Rapid","Rapid",3,"Gradual/incomplete","Gradual/incomplete",0.655126923421574,"Enriched"
"K02244",3,3,1,3,"Gradual/incomplete","Gradual/incomplete",1,"Rapid","Rapid",6.32109424078487,"Enriched"
"K07722",3,2,2,2,"Persistent/strengthened","Persistent/strengthened",2,"Persistent/strengthened","Persistent/strengthened",-0.96066316710324,"Suppressed"
"K06012",3,1,3,1,"Rapid","Rapid",3,"Gradual/incomplete","Gradual/incomplete",5.74077962968684,"Enriched"
"K22705",3,2,3,2,"Persistent/strengthened","Persistent/strengthened",3,"Gradual/incomplete","Gradual/incomplete",-0.933222189620897,"Suppressed"
"K23548",3,1,3,1,"Rapid","Overshoot/reversal",3,"Gradual/incomplete","Gradual/incomplete",-3.07899479814737,"Suppressed"
"K00511",3,3,3,3,"Gradual/incomplete","Gradual/incomplete",3,"Gradual/incomplete","Gradual/incomplete",1.35846615405293,"Enriched"
"K17993",3,2,2,2,"Persistent/strengthened","Persistent/strengthened",2,"Persistent/strengthened","Persistent/strengthened",-0.803978646131554,"Suppressed"
"K05823",3,3,3,3,"Gradual/incomplete","Gradual/incomplete",3,"Gradual/incomplete","Gradual/incomplete",4.45272968324171,"Enriched"
"K04483",3,3,3,3,"Gradual/incomplete","Gradual/incomplete",3,"Gradual/incomplete","Gradual/incomplete",-1.63668534808998,"Suppressed"
"K09967",3,3,2,3,"Gradual/incomplete","Gradual/incomplete",2,"Persistent/strengthened","Persistent/strengthened",-0.564789587386983,"Suppressed"
"K00899",3,3,3,3,"Gradual/incomplete","Gradual/incomplete",3,"Gradual/incomplete","Gradual/incomplete",1.08191408392972,"Enriched"
"K01809",3,3,3,3,"Gradual/incomplete","Gradual/incomplete",3,"Gradual/incomplete","Gradual/incomplete",0.537426433975557,"Enriched"
"K21251",3,3,3,3,"Gradual/incomplete","Gradual/incomplete",3,"Gradual/incomplete","Gradual/incomplete",3.22064976676363,"Enriched"
"K18244",3,2,2,2,"Persistent/strengthened","Persistent/strengthened",2,"Persistent/strengthened","Persistent/strengthened",-0.549713011643567,"Suppressed"
"K21332",3,2,2,2,"Persistent/strengthened","Persistent/strengthened",2,"Persistent/strengthened","Persistent/strengthened",-3.97890469816764,"Suppressed"
"K00216",3,2,3,2,"Persistent/strengthened","Persistent/strengthened",3,"Gradual/incomplete","Gradual/incomplete",-1.04480884220678,"Suppressed"
"K11632",3,1,3,1,"Rapid","Rapid",3,"Gradual/incomplete","Gradual/incomplete",5.42283890166657,"Enriched"
"K23169",3,1,3,1,"Rapid","Rapid",3,"Gradual/incomplete","Gradual/incomplete",0.708212375833976,"Enriched"
"K05889",3,2,2,2,"Persistent/strengthened","Persistent/strengthened",2,"Persistent/strengthened","Persistent/strengthened",-0.901400132327626,"Suppressed"
"K06305",3,1,1,1,"Rapid","Rapid",1,"Rapid","Rapid",4.41185511518831,"Enriched"
"K22821",3,3,3,3,"Gradual/incomplete","Gradual/incomplete",3,"Gradual/incomplete","Gradual/incomplete",-1.10528862256191,"Suppressed"
"K18030",3,2,2,2,"Persistent/strengthened","Persistent/strengthened",2,"Persistent/strengthened","Persistent/strengthened",-0.637408214331362,"Suppressed"
"K07586",3,3,3,3,"Gradual/incomplete","Gradual/incomplete",3,"Gradual/incomplete","Gradual/incomplete",0.917708079196087,"Enriched"
"K18912",3,1,3,1,"Rapid","Rapid",3,"Gradual/incomplete","Gradual/incomplete",0.556938117741648,"Enriched"
"K02069",3,1,1,1,"Rapid","Overshoot/reversal",1,"Rapid","Rapid",0.549376451061187,"Enriched"
"K02322",3,2,2,2,"Persistent/strengthened","Persistent/strengthened",2,"Persistent/strengthened","Persistent/strengthened",-1.32740689267737,"Suppressed"
"K02297",3,2,2,2,"Persistent/strengthened","Persistent/strengthened",2,"Persistent/strengthened","Persistent/strengthened",0.978298283106636,"Enriched"
"K04712",3,3,3,3,"Gradual/incomplete","Gradual/incomplete",3,"Gradual/incomplete","Gradual/incomplete",-0.866494942479413,"Suppressed"
"K00148",3,3,3,3,"Gradual/incomplete","Gradual/incomplete",3,"Gradual/incomplete","Gradual/incomplete",0.612218965425263,"Enriched"
"K16029",3,2,2,2,"Persistent/strengthened","Persistent/strengthened",2,"Persistent/strengthened","Persistent/strengthened",-3.82976730357737,"Suppressed"
"K05337",3,1,3,1,"Rapid","Rapid",3,"Gradual/incomplete","Gradual/incomplete",1.07474875585145,"Enriched"
"K10725",3,2,2,2,"Persistent/strengthened","Persistent/strengthened",2,"Persistent/strengthened","Persistent/strengthened",-1.78256621156447,"Suppressed"
"K05936",3,3,3,3,"Gradual/incomplete","Gradual/incomplete",3,"Gradual/incomplete","Gradual/incomplete",1.03660962799241,"Enriched"
"K02361",3,3,3,3,"Gradual/incomplete","Gradual/incomplete",3,"Gradual/incomplete","Gradual/incomplete",-1.57657593817849,"Suppressed"
"K09883",3,3,2,3,"Gradual/incomplete","Gradual/incomplete",2,"Persistent/strengthened","Persistent/strengthened",0.517545472671761,"Enriched"
"K07718",3,3,3,3,"Gradual/incomplete","Gradual/incomplete",3,"Gradual/incomplete","Gradual/incomplete",1.34308930732729,"Enriched"
"K06398",3,3,3,3,"Gradual/incomplete","Gradual/incomplete",3,"Gradual/incomplete","Gradual/incomplete",7.17651774947919,"Enriched"
"K22900",3,3,2,3,"Gradual/incomplete","Gradual/incomplete",2,"Persistent/strengthened","Persistent/strengthened",-1.05460959911567,"Suppressed"
"K22837",3,1,3,1,"Rapid","Overshoot/reversal",3,"Gradual/incomplete","Gradual/incomplete",-1.25789074768889,"Suppressed"
"K14257",3,1,1,1,"Rapid","Rapid",1,"Rapid","Rapid",0.790078287765595,"Enriched"
"K01118",3,3,2,3,"Gradual/incomplete","Gradual/incomplete",2,"Persistent/strengthened","Persistent/strengthened",0.64607538942301,"Enriched"
"K09680",3,3,3,3,"Gradual/incomplete","Gradual/incomplete",3,"Gradual/incomplete","Gradual/incomplete",6.90679037078506,"Enriched"
"K18007",3,1,3,1,"Rapid","Rapid",3,"Gradual/incomplete","Gradual/incomplete",-0.721208762818643,"Suppressed"
"K13409",3,3,2,3,"Gradual/incomplete","Gradual/incomplete",2,"Persistent/strengthened","Persistent/strengthened",-0.875013411926918,"Suppressed"
"K23424",3,1,3,1,"Rapid","Rapid",3,"Gradual/incomplete","Gradual/incomplete",-0.678283449194159,"Suppressed"
"K00485",3,3,3,3,"Gradual/incomplete","Gradual/incomplete",3,"Gradual/incomplete","Gradual/incomplete",-2.83648145719894,"Suppressed"
"K15551",3,3,3,3,"Gradual/incomplete","Gradual/incomplete",3,"Gradual/incomplete","Gradual/incomplete",-1.06038794025767,"Suppressed"
"K20902",3,3,3,3,"Gradual/incomplete","Gradual/incomplete",3,"Gradual/incomplete","Gradual/incomplete",2.58042872573806,"Enriched"
"K03700",3,1,1,1,"Rapid","Rapid",1,"Rapid","Rapid",5.82078850058958,"Enriched"
"K06408",3,3,3,3,"Gradual/incomplete","Gradual/incomplete",3,"Gradual/incomplete","Gradual/incomplete",6.49284377316286,"Enriched"
"K05570",3,3,3,3,"Gradual/incomplete","Gradual/incomplete",3,"Gradual/incomplete","Gradual/incomplete",1.3967164632729,"Enriched"
"K19979",3,3,3,3,"Gradual/incomplete","Gradual/incomplete",3,"Gradual/incomplete","Gradual/incomplete",5.12675632596409,"Enriched"
"K05567",3,3,3,3,"Gradual/incomplete","Gradual/incomplete",3,"Gradual/incomplete","Gradual/incomplete",0.979492826497694,"Enriched"
"K22886",3,2,2,2,"Persistent/strengthened","Persistent/strengthened",2,"Persistent/strengthened","Persistent/strengthened",-0.891376429154811,"Suppressed"
"K01506",3,3,3,3,"Gradual/incomplete","Gradual/incomplete",3,"Gradual/incomplete","Gradual/incomplete",2.647856248527,"Enriched"
"K15408",3,2,2,2,"Persistent/strengthened","Persistent/strengthened",2,"Persistent/strengthened","Persistent/strengthened",0.623732642123591,"Enriched"
"K21949",3,3,3,3,"Gradual/incomplete","Gradual/incomplete",3,"Gradual/incomplete","Gradual/incomplete",0.758638207721782,"Enriched"
"K05565",3,2,2,2,"Persistent/strengthened","Persistent/strengthened",2,"Persistent/strengthened","Persistent/strengthened",0.692288262713856,"Enriched"
"K12995",3,1,1,1,"Rapid","Overshoot/reversal",1,"Rapid","Rapid",-0.802006932177419,"Suppressed"
"K03824",3,1,3,1,"Rapid","Rapid",3,"Gradual/incomplete","Gradual/incomplete",0.790159027003096,"Enriched"
"K07274",3,3,2,3,"Gradual/incomplete","Gradual/incomplete",2,"Persistent/strengthened","Persistent/strengthened",-0.637120805577131,"Suppressed"
"K11181",3,2,2,2,"Persistent/strengthened","Persistent/strengthened",2,"Persistent/strengthened","Persistent/strengthened",-0.514773755759093,"Suppressed"
"K18148",3,3,3,3,"Gradual/incomplete","Gradual/incomplete",3,"Gradual/incomplete","Gradual/incomplete",3.68932964558885,"Enriched"
"K02458",3,3,3,3,"Gradual/incomplete","Gradual/incomplete",3,"Gradual/incomplete","Gradual/incomplete",-0.604181758411607,"Suppressed"
"K10829",3,1,1,1,"Rapid","Rapid",1,"Rapid","Rapid",0.618281678882417,"Enriched"
"K16163",3,1,1,1,"Rapid","Overshoot/reversal",1,"Rapid","Rapid",0.620219330938907,"Enriched"
"K16396",3,3,3,3,"Gradual/incomplete","Gradual/incomplete",3,"Gradual/incomplete","Gradual/incomplete",1.87632492473028,"Enriched"
"K12239",3,2,2,2,"Persistent/strengthened","Persistent/strengthened",2,"Persistent/strengthened","Persistent/strengthened",2.770261094374,"Enriched"
"K02491",3,3,3,3,"Gradual/incomplete","Gradual/incomplete",3,"Gradual/incomplete","Gradual/incomplete",1.87418742940567,"Enriched"
"K07150",3,3,3,3,"Gradual/incomplete","Gradual/incomplete",3,"Gradual/incomplete","Gradual/incomplete",-1.066117585452,"Suppressed"
"K22881",3,3,3,3,"Gradual/incomplete","Gradual/incomplete",3,"Gradual/incomplete","Gradual/incomplete",-0.533128827151568,"Suppressed"
"K02775",3,2,2,2,"Persistent/strengthened","Persistent/strengthened",2,"Persistent/strengthened","Persistent/strengthened",0.873789607424967,"Enriched"
"K02599",3,3,2,3,"Gradual/incomplete","Gradual/incomplete",2,"Persistent/strengthened","Persistent/strengthened",-1.45825137554289,"Suppressed"
"K16705",3,3,3,3,"Gradual/incomplete","Gradual/incomplete",3,"Gradual/incomplete","Gradual/incomplete",6.49911754000004,"Enriched"
"K16653",3,2,2,2,"Persistent/strengthened","Persistent/strengthened",2,"Persistent/strengthened","Persistent/strengthened",-0.803117109053204,"Suppressed"
"K03464",3,3,3,3,"Gradual/incomplete","Gradual/incomplete",3,"Gradual/incomplete","Gradual/incomplete",-1.3827152835184,"Suppressed"
"K16432",3,3,3,3,"Gradual/incomplete","Gradual/incomplete",3,"Gradual/incomplete","Gradual/incomplete",-6.15787590450083,"Suppressed"
"K01055",3,1,1,1,"Rapid","Rapid",1,"Rapid","Rapid",0.554415475503821,"Enriched"
"K13541",3,3,3,3,"Gradual/incomplete","Gradual/incomplete",3,"Gradual/incomplete","Gradual/incomplete",2.43767418913793,"Enriched"
"K16169",3,3,3,3,"Gradual/incomplete","Gradual/incomplete",3,"Gradual/incomplete","Gradual/incomplete",4.64720457014073,"Enriched"
"K21802",3,3,3,3,"Gradual/incomplete","Gradual/incomplete",3,"Gradual/incomplete","Gradual/incomplete",-0.981546233197892,"Suppressed"
"K03617",3,1,1,1,"Rapid","Overshoot/reversal",1,"Rapid","Overshoot/reversal",-0.684563906009532,"Suppressed"
"K01186",3,3,3,3,"Gradual/incomplete","Gradual/incomplete",3,"Gradual/incomplete","Gradual/incomplete",1.35235959067798,"Enriched"
"K02232",3,3,3,3,"Gradual/incomplete","Gradual/incomplete",3,"Gradual/incomplete","Gradual/incomplete",0.676338097526443,"Enriched"
"K19338",3,1,1,1,"Rapid","Overshoot/reversal",1,"Rapid","Rapid",-0.547786609949576,"Suppressed"
"K10007",3,1,3,1,"Rapid","Rapid",3,"Gradual/incomplete","Gradual/incomplete",0.661983614557807,"Enriched"
"K15981",3,2,2,2,"Persistent/strengthened","Persistent/strengthened",2,"Persistent/strengthened","Persistent/strengthened",-0.641302931200451,"Suppressed"
"K14414",3,3,3,3,"Gradual/incomplete","Gradual/incomplete",3,"Gradual/incomplete","Gradual/incomplete",-1.0439506597993,"Suppressed"
"K13481",3,3,3,3,"Gradual/incomplete","Gradual/incomplete",3,"Gradual/incomplete","Gradual/incomplete",-0.577216595341823,"Suppressed"
"K15581",3,1,3,1,"Rapid","Rapid",3,"Gradual/incomplete","Gradual/incomplete",0.528604807275598,"Enriched"
"K19231",3,2,3,2,"Persistent/strengthened","Persistent/strengthened",3,"Gradual/incomplete","Gradual/incomplete",-0.764366786300673,"Suppressed"
"K22617",3,3,2,3,"Gradual/incomplete","Gradual/incomplete",2,"Persistent/strengthened","Persistent/strengthened",0.529705398106581,"Enriched"
"K09386",3,3,3,3,"Gradual/incomplete","Gradual/incomplete",3,"Gradual/incomplete","Gradual/incomplete",-0.609998975698242,"Suppressed"
"K15973",3,2,2,2,"Persistent/strengthened","Persistent/strengthened",2,"Persistent/strengthened","Persistent/strengthened",0.505233713501636,"Enriched"
"K15876",3,1,1,1,"Rapid","Overshoot/reversal",1,"Rapid","Rapid",-0.780486356827167,"Suppressed"
"K07000",3,1,1,1,"Rapid","Overshoot/reversal",1,"Rapid","Rapid",-0.583474481077085,"Suppressed"
"K02381",3,1,1,1,"Rapid","Overshoot/reversal",1,"Rapid","Rapid",-0.560742464626243,"Suppressed"
"K10234",3,3,2,3,"Gradual/incomplete","Gradual/incomplete",2,"Persistent/strengthened","Persistent/strengthened",0.530534753641547,"Enriched"
"K20238",3,1,3,1,"Rapid","Rapid",3,"Gradual/incomplete","Gradual/incomplete",-1.70584432230087,"Suppressed"
"K05913",3,1,3,1,"Rapid","Overshoot/reversal",3,"Gradual/incomplete","Gradual/incomplete",0.94920872920586,"Enriched"
"K01788",3,3,3,3,"Gradual/incomplete","Gradual/incomplete",3,"Gradual/incomplete","Gradual/incomplete",3.36773026966821,"Enriched"
"K16698",3,1,1,1,"Rapid","Rapid",1,"Rapid","Overshoot/reversal",2.9242478279389,"Enriched"
"K14291",3,1,3,1,"Rapid","Overshoot/reversal",3,"Gradual/incomplete","Gradual/incomplete",-1.83946450697165,"Suppressed"
"K20531",3,3,3,3,"Gradual/incomplete","Gradual/incomplete",3,"Gradual/incomplete","Gradual/incomplete",1.49825616519895,"Enriched"
"K02659",3,3,3,3,"Gradual/incomplete","Gradual/incomplete",3,"Gradual/incomplete","Gradual/incomplete",-0.557994540401302,"Suppressed"
"K00009",3,1,1,1,"Rapid","Overshoot/reversal",1,"Rapid","Rapid",1.05469483238903,"Enriched"
"K00248",3,3,3,3,"Gradual/incomplete","Gradual/incomplete",3,"Gradual/incomplete","Gradual/incomplete",0.538046342592848,"Enriched"
"K00116",3,3,3,3,"Gradual/incomplete","Gradual/incomplete",3,"Gradual/incomplete","Gradual/incomplete",1.18931807831551,"Enriched"
"K18547",3,3,3,3,"Gradual/incomplete","Gradual/incomplete",3,"Gradual/incomplete","Gradual/incomplete",2.64840684163879,"Enriched"
"K08955",3,1,3,1,"Rapid","Rapid",3,"Gradual/incomplete","Gradual/incomplete",2.04189537755482,"Enriched"
"K15671",3,3,3,3,"Gradual/incomplete","Gradual/incomplete",3,"Gradual/incomplete","Gradual/incomplete",4.78632212854309,"Enriched"
"K06155",3,1,3,1,"Rapid","Overshoot/reversal",3,"Gradual/incomplete","Gradual/incomplete",-0.609462988270538,"Suppressed"
"K06203",3,3,3,3,"Gradual/incomplete","Gradual/incomplete",3,"Gradual/incomplete","Gradual/incomplete",1.56011670496959,"Enriched"
"K20896",3,1,1,1,"Rapid","Overshoot/reversal",1,"Rapid","Overshoot/reversal",-2.68332013820959,"Suppressed"
"K01659",3,3,2,3,"Gradual/incomplete","Gradual/incomplete",2,"Persistent/strengthened","Persistent/strengthened",-0.533530025339907,"Suppressed"
"K06313",3,1,3,1,"Rapid","Rapid",3,"Gradual/incomplete","Gradual/incomplete",6.6768302740079,"Enriched"
"K07673",3,2,2,2,"Persistent/strengthened","Persistent/strengthened",2,"Persistent/strengthened","Persistent/strengthened",-0.531491572289722,"Suppressed"
"K03933",3,3,3,3,"Gradual/incomplete","Gradual/incomplete",3,"Gradual/incomplete","Gradual/incomplete",3.16315899190389,"Enriched"
"K07009",3,3,3,3,"Gradual/incomplete","Gradual/incomplete",3,"Gradual/incomplete","Gradual/incomplete",1.51094929205305,"Enriched"
"K19068",3,3,2,3,"Gradual/incomplete","Gradual/incomplete",2,"Persistent/strengthened","Persistent/strengthened",2.44292805831723,"Enriched"
"K22907",3,3,3,3,"Gradual/incomplete","Gradual/incomplete",3,"Gradual/incomplete","Gradual/incomplete",-1.04401249082635,"Suppressed"
"K05562",3,1,1,1,"Rapid","Overshoot/reversal",1,"Rapid","Overshoot/reversal",-0.537272571158514,"Suppressed"
"K07816",3,2,3,2,"Persistent/strengthened","Persistent/strengthened",3,"Gradual/incomplete","Gradual/incomplete",-0.914958924771624,"Suppressed"
"K02071",3,1,3,1,"Rapid","Rapid",3,"Gradual/incomplete","Gradual/incomplete",0.73012236146353,"Enriched"
"K01457",3,3,2,3,"Gradual/incomplete","Gradual/incomplete",2,"Persistent/strengthened","Persistent/strengthened",-0.70597593359705,"Suppressed"
"K10107",3,2,2,2,"Persistent/strengthened","Persistent/strengthened",2,"Persistent/strengthened","Persistent/strengthened",1.07819307840417,"Enriched"
"K06189",3,3,2,3,"Gradual/incomplete","Gradual/incomplete",2,"Persistent/strengthened","Persistent/strengthened",-0.527790627746394,"Suppressed"
"K08100",3,1,1,1,"Rapid","Overshoot/reversal",1,"Rapid","Overshoot/reversal",-0.921404069534877,"Suppressed"
"K18115",3,3,3,3,"Gradual/incomplete","Gradual/incomplete",3,"Gradual/incomplete","Gradual/incomplete",4.96332782943537,"Enriched"
"K23342",3,1,3,1,"Rapid","Overshoot/reversal",3,"Gradual/incomplete","Gradual/incomplete",-1.08893556771437,"Suppressed"
"K13525",3,3,3,3,"Gradual/incomplete","Gradual/incomplete",3,"Gradual/incomplete","Gradual/incomplete",0.941534301076547,"Enriched"
"K16080",3,2,2,2,"Persistent/strengthened","Persistent/strengthened",2,"Persistent/strengthened","Persistent/strengthened",-1.03704905101777,"Suppressed"
"K13935",3,3,3,3,"Gradual/incomplete","Gradual/incomplete",3,"Gradual/incomplete","Gradual/incomplete",5.74367863561424,"Enriched"
"K23555",3,1,3,1,"Rapid","Overshoot/reversal",3,"Gradual/incomplete","Gradual/incomplete",-0.706582247921122,"Suppressed"
"K11250",3,3,3,3,"Gradual/incomplete","Gradual/incomplete",3,"Gradual/incomplete","Gradual/incomplete",3.07135396038067,"Enriched"
"K06718",3,1,1,1,"Rapid","Rapid",1,"Rapid","Rapid",0.943091811810598,"Enriched"
"K20326",3,2,2,2,"Persistent/strengthened","Persistent/strengthened",2,"Persistent/strengthened","Persistent/strengthened",2.7478726336772,"Enriched"
"K22462",3,1,3,1,"Rapid","Rapid",3,"Gradual/incomplete","Gradual/incomplete",4.90784723294894,"Enriched"
"K02227",3,1,3,1,"Rapid","Rapid",3,"Gradual/incomplete","Gradual/incomplete",0.853294377114137,"Enriched"
"K02120",3,3,3,3,"Gradual/incomplete","Gradual/incomplete",3,"Gradual/incomplete","Gradual/incomplete",-0.660602277949421,"Suppressed"
"K02613",3,3,3,3,"Gradual/incomplete","Gradual/incomplete",3,"Gradual/incomplete","Gradual/incomplete",0.512806289272176,"Enriched"
"K03367",3,2,2,2,"Persistent/strengthened","Persistent/strengthened",2,"Persistent/strengthened","Persistent/strengthened",1.09495207757294,"Enriched"
"K03852",3,2,2,2,"Persistent/strengthened","Persistent/strengthened",2,"Persistent/strengthened","Persistent/strengthened",-0.507693752344694,"Suppressed"
"K20331",3,3,3,3,"Gradual/incomplete","Gradual/incomplete",3,"Gradual/incomplete","Gradual/incomplete",-2.9423506443801,"Suppressed"
"K00096",3,3,3,3,"Gradual/incomplete","Gradual/incomplete",3,"Gradual/incomplete","Gradual/incomplete",1.28278700583562,"Enriched"
"K18352",3,3,2,3,"Gradual/incomplete","Gradual/incomplete",2,"Persistent/strengthened","Persistent/strengthened",0.501756580669952,"Enriched"
"K03557",3,3,2,3,"Gradual/incomplete","Gradual/incomplete",2,"Persistent/strengthened","Persistent/strengthened",-0.522346703583912,"Suppressed"
"K02063",3,3,1,3,"Gradual/incomplete","Gradual/incomplete",1,"Rapid","Rapid",-0.517006296156865,"Suppressed"
"K03293",3,3,3,3,"Gradual/incomplete","Gradual/incomplete",3,"Gradual/incomplete","Gradual/incomplete",2.69814917139333,"Enriched"
"K02300",3,2,2,2,"Persistent/strengthened","Persistent/strengthened",2,"Persistent/strengthened","Persistent/strengthened",1.38215315491674,"Enriched"
"K04719",3,3,3,3,"Gradual/incomplete","Gradual/incomplete",3,"Gradual/incomplete","Gradual/incomplete",1.50729523121343,"Enriched"
"K14338",3,1,1,1,"Rapid","Overshoot/reversal",1,"Rapid","Overshoot/reversal",0.734010185830778,"Enriched"
"K00114",3,2,2,2,"Persistent/strengthened","Persistent/strengthened",2,"Persistent/strengthened","Persistent/strengthened",-0.591395423844148,"Suppressed"
"K18831",3,3,3,3,"Gradual/incomplete","Gradual/incomplete",3,"Gradual/incomplete","Gradual/incomplete",1.23303088688071,"Enriched"
"K02319",3,3,3,3,"Gradual/incomplete","Gradual/incomplete",3,"Gradual/incomplete","Gradual/incomplete",-0.90124480878648,"Suppressed"
"K05967",3,3,3,3,"Gradual/incomplete","Gradual/incomplete",3,"Gradual/incomplete","Gradual/incomplete",1.62926971512614,"Enriched"
"K07458",3,3,2,3,"Gradual/incomplete","Gradual/incomplete",2,"Persistent/strengthened","Persistent/strengthened",1.11365924695308,"Enriched"
"K03633",3,1,1,1,"Rapid","Overshoot/reversal",1,"Rapid","Rapid",-1.38126738449125,"Suppressed"
"K14187",3,3,2,3,"Gradual/incomplete","Gradual/incomplete",2,"Persistent/strengthened","Persistent/strengthened",-0.505980616973179,"Suppressed"
"K07645",3,1,3,1,"Rapid","Rapid",3,"Gradual/incomplete","Gradual/incomplete",-0.512293669677502,"Suppressed"
"K16383",3,3,3,3,"Gradual/incomplete","Gradual/incomplete",3,"Gradual/incomplete","Gradual/incomplete",4.43332227586925,"Enriched"
"K07123",3,1,1,1,"Rapid","Rapid",1,"Rapid","Rapid",-2.17757723319725,"Suppressed"
"K07287",3,3,3,3,"Gradual/incomplete","Gradual/incomplete",3,"Gradual/incomplete","Gradual/incomplete",-0.57827882882873,"Suppressed"
"K11621",3,3,3,3,"Gradual/incomplete","Gradual/incomplete",3,"Gradual/incomplete","Gradual/incomplete",5.53475613152001,"Enriched"
"K21960",3,2,3,2,"Persistent/strengthened","Persistent/strengthened",3,"Gradual/incomplete","Gradual/incomplete",-1.57752458817176,"Suppressed"
"K22222",3,1,1,1,"Rapid","Rapid",1,"Rapid","Rapid",2.94827761286456,"Enriched"
"K07396",3,1,3,1,"Rapid","Rapid",3,"Gradual/incomplete","Gradual/incomplete",-0.97140638902915,"Suppressed"
"K07285",3,3,3,3,"Gradual/incomplete","Gradual/incomplete",3,"Gradual/incomplete","Gradual/incomplete",-0.725125703342564,"Suppressed"
"K22452",3,1,3,1,"Rapid","Rapid",3,"Gradual/incomplete","Gradual/incomplete",-0.725077145474657,"Suppressed"
"K03804",3,1,3,1,"Rapid","Overshoot/reversal",3,"Gradual/incomplete","Gradual/incomplete",-1.09387426733468,"Suppressed"
"K07720",3,3,1,3,"Gradual/incomplete","Gradual/incomplete",1,"Rapid","Rapid",1.22619659681342,"Enriched"
"K09684",3,3,3,3,"Gradual/incomplete","Gradual/incomplete",3,"Gradual/incomplete","Gradual/incomplete",1.02307823049224,"Enriched"
"K04027",3,1,3,1,"Rapid","Rapid",3,"Gradual/incomplete","Gradual/incomplete",-0.563910977194372,"Suppressed"
"K09799",3,1,3,1,"Rapid","Rapid",3,"Gradual/incomplete","Gradual/incomplete",1.40991718968257,"Enriched"
"K09934",3,3,3,3,"Gradual/incomplete","Gradual/incomplete",3,"Gradual/incomplete","Gradual/incomplete",-1.04276661827181,"Suppressed"
"K15833",3,1,3,1,"Rapid","Overshoot/reversal",3,"Gradual/incomplete","Gradual/incomplete",3.72306141342279,"Enriched"
"K02363",3,2,2,2,"Persistent/strengthened","Persistent/strengthened",2,"Persistent/strengthened","Persistent/strengthened",-0.636741176956596,"Suppressed"
"K10118",3,3,2,3,"Gradual/incomplete","Gradual/incomplete",2,"Persistent/strengthened","Persistent/strengthened",0.663567702161484,"Enriched"
"K06345",3,1,3,1,"Rapid","Rapid",3,"Gradual/incomplete","Gradual/incomplete",6.00580121440185,"Enriched"
"K01223",3,1,1,1,"Rapid","Rapid",1,"Rapid","Rapid",4.9550140598188,"Enriched"
"K06387",3,3,3,3,"Gradual/incomplete","Gradual/incomplete",3,"Gradual/incomplete","Gradual/incomplete",5.90472809446269,"Enriched"
"K16429",3,3,3,3,"Gradual/incomplete","Gradual/incomplete",3,"Gradual/incomplete","Gradual/incomplete",-5.18739695509506,"Suppressed"
"K06399",3,1,3,1,"Rapid","Rapid",3,"Gradual/incomplete","Gradual/incomplete",6.94234222147573,"Enriched"
"K01406",3,3,2,3,"Gradual/incomplete","Gradual/incomplete",2,"Persistent/strengthened","Persistent/strengthened",1.27921273060852,"Enriched"
"K09987",3,3,2,3,"Gradual/incomplete","Gradual/incomplete",2,"Persistent/strengthened","Persistent/strengthened",0.617605590473296,"Enriched"
"K21336",3,2,2,2,"Persistent/strengthened","Persistent/strengthened",2,"Persistent/strengthened","Persistent/strengthened",-2.88655171311763,"Suppressed"
"K19221",3,3,3,3,"Gradual/incomplete","Gradual/incomplete",3,"Gradual/incomplete","Gradual/incomplete",0.72766450765364,"Enriched"
"K01230",3,2,2,2,"Persistent/strengthened","Persistent/strengthened",2,"Persistent/strengthened","Persistent/strengthened",1.24012217917611,"Enriched"
"K10003",3,3,3,3,"Gradual/incomplete","Gradual/incomplete",3,"Gradual/incomplete","Gradual/incomplete",-0.635003149597379,"Suppressed"
"K07448",3,3,3,3,"Gradual/incomplete","Gradual/incomplete",3,"Gradual/incomplete","Gradual/incomplete",1.35100074932066,"Enriched"
"K06385",3,1,3,1,"Rapid","Rapid",3,"Gradual/incomplete","Gradual/incomplete",7.45763475091939,"Enriched"
"K15781",3,3,3,3,"Gradual/incomplete","Gradual/incomplete",3,"Gradual/incomplete","Gradual/incomplete",-0.925588831175884,"Suppressed"
"K10710",3,3,1,3,"Gradual/incomplete","Gradual/incomplete",1,"Rapid","Rapid",2.77387291839684,"Enriched"
"K21885",3,1,1,1,"Rapid","Overshoot/reversal",1,"Rapid","Rapid",1.07835082873993,"Enriched"
"K21700",3,3,1,3,"Gradual/incomplete","Gradual/incomplete",1,"Rapid","Rapid",-1.09126206194267,"Suppressed"
"K04103",3,2,2,2,"Persistent/strengthened","Persistent/strengthened",2,"Persistent/strengthened","Persistent/strengthened",-0.747130211358249,"Suppressed"
"K15315",3,1,3,1,"Rapid","Rapid",3,"Gradual/incomplete","Gradual/incomplete",1.5765935170272,"Enriched"
"K05882",3,1,3,1,"Rapid","Rapid",3,"Gradual/incomplete","Gradual/incomplete",1.0787105992106,"Enriched"
"K01184",3,1,1,1,"Rapid","Rapid",1,"Rapid","Overshoot/reversal",-1.36024664459229,"Suppressed"
"K05552",3,3,3,3,"Gradual/incomplete","Gradual/incomplete",3,"Gradual/incomplete","Gradual/incomplete",2.91724031352009,"Enriched"
"K00360",3,1,3,1,"Rapid","Rapid",3,"Gradual/incomplete","Gradual/incomplete",1.13174909547473,"Enriched"
"K21449",3,1,3,1,"Rapid","Rapid",3,"Gradual/incomplete","Gradual/incomplete",0.651380900460188,"Enriched"
"K03893",3,3,3,3,"Gradual/incomplete","Gradual/incomplete",3,"Gradual/incomplete","Gradual/incomplete",1.52560903738448,"Enriched"
"K15982",3,3,3,3,"Gradual/incomplete","Gradual/incomplete",3,"Gradual/incomplete","Gradual/incomplete",-0.824456498454373,"Suppressed"
"K03690",3,3,2,3,"Gradual/incomplete","Gradual/incomplete",2,"Persistent/strengthened","Persistent/strengthened",-0.532235607550118,"Suppressed"
"K07704",3,1,1,1,"Rapid","Overshoot/reversal",1,"Rapid","Rapid",1.79670720082771,"Enriched"
"K17223",3,3,2,3,"Gradual/incomplete","Gradual/incomplete",2,"Persistent/strengthened","Persistent/strengthened",-0.5865276437315,"Suppressed"
"K06314",3,1,3,1,"Rapid","Rapid",3,"Gradual/incomplete","Gradual/incomplete",6.1638292305028,"Enriched"
"K02025",3,1,3,1,"Rapid","Rapid",3,"Gradual/incomplete","Gradual/incomplete",0.716407029015471,"Enriched"
"K23086",3,3,3,3,"Gradual/incomplete","Gradual/incomplete",3,"Gradual/incomplete","Gradual/incomplete",-1.28825807434983,"Suppressed"
"K03228",3,2,3,2,"Persistent/strengthened","Persistent/strengthened",3,"Gradual/incomplete","Gradual/incomplete",-0.815081574159514,"Suppressed"
"K04766",3,1,1,1,"Rapid","Rapid",1,"Rapid","Rapid",6.69971543562588,"Enriched"
"K18233",3,3,3,3,"Gradual/incomplete","Gradual/incomplete",3,"Gradual/incomplete","Gradual/incomplete",2.24095056861031,"Enriched"
"K18230",3,1,3,1,"Rapid","Rapid",3,"Gradual/incomplete","Gradual/incomplete",1.4398431930041,"Enriched"
"K12111",3,3,3,3,"Gradual/incomplete","Gradual/incomplete",3,"Gradual/incomplete","Gradual/incomplete",6.10985222886083,"Enriched"
"K08169",3,2,2,2,"Persistent/strengthened","Persistent/strengthened",2,"Persistent/strengthened","Persistent/strengthened",0.551151900303659,"Enriched"
"K15515",3,2,2,2,"Persistent/strengthened","Persistent/strengthened",2,"Persistent/strengthened","Persistent/strengthened",-0.506281214990238,"Suppressed"
"K03897",3,3,3,3,"Gradual/incomplete","Gradual/incomplete",3,"Gradual/incomplete","Gradual/incomplete",2.04699738660811,"Enriched"
"K14259",3,3,3,3,"Gradual/incomplete","Gradual/incomplete",3,"Gradual/incomplete","Gradual/incomplete",-0.58633557604732,"Suppressed"
"K03212",3,1,1,1,"Rapid","Rapid",1,"Rapid","Overshoot/reversal",-1.29825284737342,"Suppressed"
"K02298",3,2,2,2,"Persistent/strengthened","Persistent/strengthened",2,"Persistent/strengthened","Persistent/strengthened",0.773882462342696,"Enriched"
"K14534",3,1,3,1,"Rapid","Rapid",3,"Gradual/incomplete","Gradual/incomplete",-0.605757275547555,"Suppressed"
"K06397",3,3,3,3,"Gradual/incomplete","Gradual/incomplete",3,"Gradual/incomplete","Gradual/incomplete",3.27427889930181,"Enriched"
"K19132",3,3,3,3,"Gradual/incomplete","Gradual/incomplete",3,"Gradual/incomplete","Gradual/incomplete",0.902529842805239,"Enriched"
"K13639",3,1,3,1,"Rapid","Overshoot/reversal",3,"Gradual/incomplete","Gradual/incomplete",0.625785330255777,"Enriched"
"K15314",3,1,3,1,"Rapid","Rapid",3,"Gradual/incomplete","Gradual/incomplete",0.958628133086727,"Enriched"
"K21331",3,3,3,3,"Gradual/incomplete","Gradual/incomplete",3,"Gradual/incomplete","Gradual/incomplete",-2.00296089850102,"Suppressed"
"K00558",3,3,3,3,"Gradual/incomplete","Gradual/incomplete",3,"Gradual/incomplete","Gradual/incomplete",2.54725823689609,"Enriched"
"K06965",3,3,3,3,"Gradual/incomplete","Gradual/incomplete",3,"Gradual/incomplete","Gradual/incomplete",-3.40151015596991,"Suppressed"
"K07116",3,3,3,3,"Gradual/incomplete","Gradual/incomplete",3,"Gradual/incomplete","Gradual/incomplete",0.571207426163969,"Enriched"
"K13687",3,3,3,3,"Gradual/incomplete","Gradual/incomplete",3,"Gradual/incomplete","Gradual/incomplete",-0.738208377717765,"Suppressed"
"K17641",3,3,3,3,"Gradual/incomplete","Gradual/incomplete",3,"Gradual/incomplete","Gradual/incomplete",1.55277495794599,"Enriched"
"K18351",3,1,3,1,"Rapid","Rapid",3,"Gradual/incomplete","Gradual/incomplete",0.517884015039842,"Enriched"
"K10212",3,3,3,3,"Gradual/incomplete","Gradual/incomplete",3,"Gradual/incomplete","Gradual/incomplete",-1.99299948084078,"Suppressed"
"K08965",3,1,1,1,"Rapid","Rapid",1,"Rapid","Rapid",6.92287270646744,"Enriched"
"K16021",3,3,3,3,"Gradual/incomplete","Gradual/incomplete",3,"Gradual/incomplete","Gradual/incomplete",4.33725478520792,"Enriched"
"K09985",3,2,2,2,"Persistent/strengthened","Persistent/strengthened",2,"Persistent/strengthened","Persistent/strengthened",0.565091226529205,"Enriched"
"K05979",3,3,3,3,"Gradual/incomplete","Gradual/incomplete",3,"Gradual/incomplete","Gradual/incomplete",0.505928460079701,"Enriched"
"K20422",3,2,2,2,"Persistent/strengthened","Persistent/strengthened",2,"Persistent/strengthened","Persistent/strengthened",3.57909120608969,"Enriched"
"K11816",3,1,1,1,"Rapid","Overshoot/reversal",1,"Rapid","Rapid",-0.957269078812578,"Suppressed"
"K11624",3,3,3,3,"Gradual/incomplete","Gradual/incomplete",3,"Gradual/incomplete","Gradual/incomplete",2.79579642498719,"Enriched"
"K06560",3,1,1,1,"Rapid","Rapid",1,"Rapid","Rapid",-3.18045932220537,"Suppressed"
"K00354",3,1,3,1,"Rapid","Rapid",3,"Gradual/incomplete","Gradual/incomplete",6.4270191104277,"Enriched"
"K09744",3,1,1,1,"Rapid","Rapid",1,"Rapid","Rapid",-1.05541352575472,"Suppressed"
"K18855",3,3,3,3,"Gradual/incomplete","Gradual/incomplete",3,"Gradual/incomplete","Gradual/incomplete",-1.1402611842947,"Suppressed"
"K09879",3,3,3,3,"Gradual/incomplete","Gradual/incomplete",3,"Gradual/incomplete","Gradual/incomplete",1.99034863412436,"Enriched"
"K01429",3,1,3,1,"Rapid","Rapid",3,"Gradual/incomplete","Gradual/incomplete",0.531681875434222,"Enriched"
"K13503",3,1,3,1,"Rapid","Rapid",3,"Gradual/incomplete","Gradual/incomplete",0.945183427302739,"Enriched"
"K18072",3,3,2,3,"Gradual/incomplete","Gradual/incomplete",2,"Persistent/strengthened","Persistent/strengthened",-0.849799829145216,"Suppressed"
"K16425",3,3,3,3,"Gradual/incomplete","Gradual/incomplete",3,"Gradual/incomplete","Gradual/incomplete",1.62544444073697,"Enriched"
"K16018",3,3,3,3,"Gradual/incomplete","Gradual/incomplete",3,"Gradual/incomplete","Gradual/incomplete",7.52763256468123,"Enriched"
"K10565",3,1,1,1,"Rapid","Rapid",1,"Rapid","Rapid",4.81041112405265,"Enriched"
"K05781",3,1,3,1,"Rapid","Rapid",3,"Gradual/incomplete","Gradual/incomplete",-1.01168957795163,"Suppressed"
"K00055",3,1,3,1,"Rapid","Rapid",3,"Gradual/incomplete","Gradual/incomplete",0.73992502510397,"Enriched"
"K22879",3,3,2,3,"Gradual/incomplete","Gradual/incomplete",2,"Persistent/strengthened","Persistent/strengthened",-0.84634715265177,"Suppressed"
"K11626",3,3,3,3,"Gradual/incomplete","Gradual/incomplete",3,"Gradual/incomplete","Gradual/incomplete",5.27841038537506,"Enriched"
"K15922",3,2,2,2,"Persistent/strengthened","Persistent/strengthened",2,"Persistent/strengthened","Persistent/strengthened",0.909523230027792,"Enriched"
"K03737",3,3,3,3,"Gradual/incomplete","Gradual/incomplete",3,"Gradual/incomplete","Gradual/incomplete",-0.546481238791599,"Suppressed"
"K05916",3,3,3,3,"Gradual/incomplete","Gradual/incomplete",3,"Gradual/incomplete","Gradual/incomplete",1.9780079657952,"Enriched"
"K23078",3,1,1,1,"Rapid","Rapid",1,"Rapid","Rapid",-1.42158908708264,"Suppressed"
"K00177",3,1,1,1,"Rapid","Rapid",1,"Rapid","Overshoot/reversal",-0.652159134598045,"Suppressed"
"K06209",3,1,1,1,"Rapid","Rapid",1,"Rapid","Rapid",5.7989012122399,"Enriched"
"K15337",3,3,3,3,"Gradual/incomplete","Gradual/incomplete",3,"Gradual/incomplete","Gradual/incomplete",4.98259986850905,"Enriched"
"K07506",3,1,3,1,"Rapid","Rapid",3,"Gradual/incomplete","Gradual/incomplete",-0.643520890947305,"Suppressed"
"K05375",3,1,1,1,"Rapid","Rapid",1,"Rapid","Rapid",1.29720185412755,"Enriched"
"K19746",3,2,2,2,"Persistent/strengthened","Persistent/strengthened",2,"Persistent/strengthened","Persistent/strengthened",0.579710350510262,"Enriched"
"K16838",3,3,3,3,"Gradual/incomplete","Gradual/incomplete",3,"Gradual/incomplete","Gradual/incomplete",2.19078773149003,"Enriched"
"K07558",3,3,3,3,"Gradual/incomplete","Gradual/incomplete",3,"Gradual/incomplete","Gradual/incomplete",-2.15415386662554,"Suppressed"
"K12813",3,3,2,3,"Gradual/incomplete","Gradual/incomplete",2,"Persistent/strengthened","Persistent/strengthened",4.42862190322795,"Enriched"
"K07794",3,1,3,1,"Rapid","Rapid",3,"Gradual/incomplete","Gradual/incomplete",0.555066966150246,"Enriched"
"K07457",3,3,3,3,"Gradual/incomplete","Gradual/incomplete",3,"Gradual/incomplete","Gradual/incomplete",-1.1093855193112,"Suppressed"
"K06296",3,3,3,3,"Gradual/incomplete","Gradual/incomplete",3,"Gradual/incomplete","Gradual/incomplete",5.89065559797313,"Enriched"
"K21833",3,1,1,1,"Rapid","Overshoot/reversal",1,"Rapid","Rapid",1.28586201123156,"Enriched"
"K06977",3,3,2,3,"Gradual/incomplete","Gradual/incomplete",2,"Persistent/strengthened","Persistent/strengthened",-1.00235515186912,"Suppressed"
"K00841",3,1,1,1,"Rapid","Rapid",1,"Rapid","Rapid",3.30420951903526,"Enriched"
"K15524",3,3,3,3,"Gradual/incomplete","Gradual/incomplete",3,"Gradual/incomplete","Gradual/incomplete",0.967056371079725,"Enriched"
"K18369",3,1,1,1,"Rapid","Overshoot/reversal",1,"Rapid","Rapid",0.556706501506283,"Enriched"
"K04074",3,1,1,1,"Rapid","Rapid",1,"Rapid","Rapid",-0.633981401787998,"Suppressed"
"K22686",3,3,2,3,"Gradual/incomplete","Gradual/incomplete",2,"Persistent/strengthened","Persistent/strengthened",-0.641031321990845,"Suppressed"
"K02086",3,1,3,1,"Rapid","Rapid",3,"Gradual/incomplete","Gradual/incomplete",5.85353408403461,"Enriched"
"K04030",3,1,1,1,"Rapid","Overshoot/reversal",1,"Rapid","Rapid",-0.930669532631013,"Suppressed"
"K03319",3,2,2,2,"Persistent/strengthened","Persistent/strengthened",2,"Persistent/strengthened","Persistent/strengthened",-0.628621733174907,"Suppressed"
"K21014",3,3,3,3,"Gradual/incomplete","Gradual/incomplete",3,"Gradual/incomplete","Gradual/incomplete",1.79775598493434,"Enriched"
"K05365",3,2,2,2,"Persistent/strengthened","Persistent/strengthened",2,"Persistent/strengthened","Persistent/strengthened",-0.519533089293592,"Suppressed"
"K00853",3,1,3,1,"Rapid","Rapid",3,"Gradual/incomplete","Gradual/incomplete",1.0218980474206,"Enriched"
"K01436",3,3,3,3,"Gradual/incomplete","Gradual/incomplete",3,"Gradual/incomplete","Gradual/incomplete",0.659779643338794,"Enriched"
"K01678",3,2,2,2,"Persistent/strengthened","Persistent/strengthened",2,"Persistent/strengthened","Persistent/strengthened",-0.83760221276345,"Suppressed"
"K00867",3,3,2,3,"Gradual/incomplete","Gradual/incomplete",2,"Persistent/strengthened","Persistent/strengthened",-0.514757832687678,"Suppressed"
"K21119",3,1,3,1,"Rapid","Overshoot/reversal",3,"Gradual/incomplete","Gradual/incomplete",-0.814881242130744,"Suppressed"
"K07014",3,2,2,2,"Persistent/strengthened","Persistent/strengthened",2,"Persistent/strengthened","Persistent/strengthened",-0.673696713671903,"Suppressed"
"K21394",3,1,1,1,"Rapid","Rapid",1,"Rapid","Rapid",-1.0298465345776,"Suppressed"
"K10190",3,3,2,3,"Gradual/incomplete","Gradual/incomplete",2,"Persistent/strengthened","Persistent/strengthened",1.49846856748936,"Enriched"
"K01648",3,2,2,2,"Persistent/strengthened","Persistent/strengthened",2,"Persistent/strengthened","Persistent/strengthened",2.97586203232812,"Enriched"
"K02770",3,1,1,1,"Rapid","Rapid",1,"Rapid","Rapid",0.816695270647727,"Enriched"
"K07407",3,1,3,1,"Rapid","Rapid",3,"Gradual/incomplete","Gradual/incomplete",0.586978377117064,"Enriched"
"K17677",3,3,3,3,"Gradual/incomplete","Gradual/incomplete",3,"Gradual/incomplete","Gradual/incomplete",5.28014806022938,"Enriched"
"K23257",3,1,1,1,"Rapid","Rapid",1,"Rapid","Rapid",1.17344353005255,"Enriched"
"K17244",3,3,1,3,"Gradual/incomplete","Gradual/incomplete",1,"Rapid","Rapid",1.04522538379952,"Enriched"
"K07662",3,2,2,2,"Persistent/strengthened","Persistent/strengthened",2,"Persistent/strengthened","Persistent/strengthened",-0.654528694191996,"Suppressed"
"K10564",3,3,3,3,"Gradual/incomplete","Gradual/incomplete",3,"Gradual/incomplete","Gradual/incomplete",1.7145814783906,"Enriched"
"K02224",3,3,3,3,"Gradual/incomplete","Gradual/incomplete",3,"Gradual/incomplete","Gradual/incomplete",1.04057740884038,"Enriched"
"K14581",3,1,3,1,"Rapid","Rapid",3,"Gradual/incomplete","Gradual/incomplete",-0.904153774107235,"Suppressed"
"K00710",3,3,3,3,"Gradual/incomplete","Gradual/incomplete",3,"Gradual/incomplete","Gradual/incomplete",6.86617787308047,"Enriched"
"K13018",3,3,3,3,"Gradual/incomplete","Gradual/incomplete",3,"Gradual/incomplete","Gradual/incomplete",0.812748052212775,"Enriched"
"K03181",3,3,3,3,"Gradual/incomplete","Gradual/incomplete",3,"Gradual/incomplete","Gradual/incomplete",-1.32219084491304,"Suppressed"
"K01730",3,1,1,1,"Rapid","Rapid",1,"Rapid","Rapid",-0.624616907698654,"Suppressed"
"K18778",3,3,2,3,"Gradual/incomplete","Gradual/incomplete",2,"Persistent/strengthened","Persistent/strengthened",-0.506414421503759,"Suppressed"
"K08724",3,3,3,3,"Gradual/incomplete","Gradual/incomplete",3,"Gradual/incomplete","Gradual/incomplete",2.58299843974731,"Enriched"
"K08640",3,3,3,3,"Gradual/incomplete","Gradual/incomplete",3,"Gradual/incomplete","Gradual/incomplete",1.95357619499212,"Enriched"
"K06985",3,2,2,2,"Persistent/strengthened","Persistent/strengthened",2,"Persistent/strengthened","Persistent/strengthened",0.671578893688181,"Enriched"
"K17883",3,2,3,2,"Persistent/strengthened","Persistent/strengthened",3,"Gradual/incomplete","Gradual/incomplete",-1.53154954071497,"Suppressed"
"K04769",3,3,3,3,"Gradual/incomplete","Gradual/incomplete",3,"Gradual/incomplete","Gradual/incomplete",6.13537869099675,"Enriched"
"K16435",3,3,3,3,"Gradual/incomplete","Gradual/incomplete",3,"Gradual/incomplete","Gradual/incomplete",2.50656304258639,"Enriched"
"K01400",3,1,1,1,"Rapid","Overshoot/reversal",1,"Rapid","Rapid",-0.58037051819821,"Suppressed"
"K23786",3,1,3,1,"Rapid","Rapid",3,"Gradual/incomplete","Gradual/incomplete",6.73691226389136,"Enriched"
"K00226",3,3,2,3,"Gradual/incomplete","Gradual/incomplete",2,"Persistent/strengthened","Persistent/strengthened",-0.506091000835191,"Suppressed"
"K14268",3,1,3,1,"Rapid","Rapid",3,"Gradual/incomplete","Gradual/incomplete",5.64145061260482,"Enriched"
"K15531",3,1,3,1,"Rapid","Rapid",3,"Gradual/incomplete","Gradual/incomplete",-1.44360800150983,"Suppressed"
"K21465",3,3,3,3,"Gradual/incomplete","Gradual/incomplete",3,"Gradual/incomplete","Gradual/incomplete",6.27550489999456,"Enriched"
"K12308",3,3,3,3,"Gradual/incomplete","Gradual/incomplete",3,"Gradual/incomplete","Gradual/incomplete",0.98439641445954,"Enriched"
"K13532",3,1,3,1,"Rapid","Rapid",3,"Gradual/incomplete","Gradual/incomplete",3.87070004682991,"Enriched"
"K16384",3,1,3,1,"Rapid","Rapid",3,"Gradual/incomplete","Gradual/incomplete",1.33751861366501,"Enriched"
"K13612",3,3,3,3,"Gradual/incomplete","Gradual/incomplete",3,"Gradual/incomplete","Gradual/incomplete",1.94822532248617,"Enriched"
"K10537",3,1,1,1,"Rapid","Rapid",1,"Rapid","Rapid",1.34882619648638,"Enriched"
"K03466",3,1,3,1,"Rapid","Rapid",3,"Gradual/incomplete","Gradual/incomplete",0.510734330752817,"Enriched"
"K07717",3,1,3,1,"Rapid","Rapid",3,"Gradual/incomplete","Gradual/incomplete",4.67540663131274,"Enriched"
"K01496",3,1,3,1,"Rapid","Rapid",3,"Gradual/incomplete","Gradual/incomplete",0.76313267732606,"Enriched"
"K02521",3,1,3,1,"Rapid","Rapid",3,"Gradual/incomplete","Gradual/incomplete",-1.60355167144398,"Suppressed"
"K09923",3,1,1,1,"Rapid","Rapid",1,"Rapid","Overshoot/reversal",-2.97728919699304,"Suppressed"
"K05829",3,1,1,1,"Rapid","Rapid",1,"Rapid","Rapid",-0.781717675792624,"Suppressed"
"K22130",3,3,3,3,"Gradual/incomplete","Gradual/incomplete",3,"Gradual/incomplete","Gradual/incomplete",0.702133440054038,"Enriched"
"K00836",3,3,3,3,"Gradual/incomplete","Gradual/incomplete",3,"Gradual/incomplete","Gradual/incomplete",0.754492799390793,"Enriched"
"K18336",3,1,1,1,"Rapid","Rapid",1,"Rapid","Rapid",1.24763419470898,"Enriched"
"K16027",3,2,2,2,"Persistent/strengthened","Persistent/strengthened",2,"Persistent/strengthened","Persistent/strengthened",-3.06762138874551,"Suppressed"
"K21686",3,2,2,2,"Persistent/strengthened","Persistent/strengthened",2,"Persistent/strengthened","Persistent/strengthened",0.703808873261135,"Enriched"
"K03791",3,1,1,1,"Rapid","Rapid",1,"Rapid","Rapid",-0.615489294652697,"Suppressed"
"K23774",3,3,3,3,"Gradual/incomplete","Gradual/incomplete",3,"Gradual/incomplete","Gradual/incomplete",7.04540829376621,"Enriched"
"K06284",3,3,3,3,"Gradual/incomplete","Gradual/incomplete",3,"Gradual/incomplete","Gradual/incomplete",2.28793171664516,"Enriched"
"K06384",3,1,1,1,"Rapid","Rapid",1,"Rapid","Rapid",3.20904542148846,"Enriched"
"K15019",3,1,1,1,"Rapid","Overshoot/reversal",1,"Rapid","Overshoot/reversal",1.6660730583873,"Enriched"
"K07663",3,3,3,3,"Gradual/incomplete","Gradual/incomplete",3,"Gradual/incomplete","Gradual/incomplete",-0.517082544834066,"Suppressed"
"K06443",3,3,3,3,"Gradual/incomplete","Gradual/incomplete",3,"Gradual/incomplete","Gradual/incomplete",1.07963211045463,"Enriched"
"K16428",3,2,2,2,"Persistent/strengthened","Persistent/strengthened",2,"Persistent/strengthened","Persistent/strengthened",-3.22722502389622,"Suppressed"
"K22298",3,3,3,3,"Gradual/incomplete","Gradual/incomplete",3,"Gradual/incomplete","Gradual/incomplete",1.79506502416114,"Enriched"
"K06905",3,2,2,2,"Persistent/strengthened","Persistent/strengthened",2,"Persistent/strengthened","Persistent/strengthened",-1.181806549899,"Suppressed"
"K05714",3,3,3,3,"Gradual/incomplete","Gradual/incomplete",3,"Gradual/incomplete","Gradual/incomplete",0.756985828731273,"Enriched"
"K03167",3,2,2,2,"Persistent/strengthened","Persistent/strengthened",2,"Persistent/strengthened","Persistent/strengthened",-0.679708039875357,"Suppressed"
"K16648",3,1,1,1,"Rapid","Overshoot/reversal",1,"Rapid","Rapid",0.620478387735923,"Enriched"
"K01590",3,3,3,3,"Gradual/incomplete","Gradual/incomplete",3,"Gradual/incomplete","Gradual/incomplete",3.79011186220918,"Enriched"
"K16421",3,3,3,3,"Gradual/incomplete","Gradual/incomplete",3,"Gradual/incomplete","Gradual/incomplete",2.35046479240178,"Enriched"
"K12283",3,3,2,3,"Gradual/incomplete","Gradual/incomplete",2,"Persistent/strengthened","Persistent/strengthened",-1.28857394238846,"Suppressed"
"K07695",3,3,3,3,"Gradual/incomplete","Gradual/incomplete",3,"Gradual/incomplete","Gradual/incomplete",0.587610282963955,"Enriched"
"K19545",3,3,3,3,"Gradual/incomplete","Gradual/incomplete",3,"Gradual/incomplete","Gradual/incomplete",2.20280607946755,"Enriched"
"K03759",3,1,1,1,"Rapid","Overshoot/reversal",1,"Rapid","Rapid",-0.629839997997249,"Suppressed"
"K17235",3,1,1,1,"Rapid","Rapid",1,"Rapid","Rapid",-1.65977101570625,"Suppressed"
"K04091",3,2,2,2,"Persistent/strengthened","Persistent/strengthened",2,"Persistent/strengthened","Persistent/strengthened",-0.553991993824848,"Suppressed"
"K17840",3,3,1,3,"Gradual/incomplete","Gradual/incomplete",1,"Rapid","Rapid",-1.05215102792456,"Suppressed"
"K11740",3,2,2,2,"Persistent/strengthened","Persistent/strengthened",2,"Persistent/strengthened","Persistent/strengthened",0.651644255071462,"Enriched"
"K00314",3,1,1,1,"Rapid","Rapid",1,"Rapid","Rapid",-0.728693200004244,"Suppressed"
"K12685",3,1,3,1,"Rapid","Rapid",3,"Gradual/incomplete","Gradual/incomplete",1.85133392363159,"Enriched"
"K01489",3,3,3,3,"Gradual/incomplete","Gradual/incomplete",3,"Gradual/incomplete","Gradual/incomplete",0.712750456917674,"Enriched"
"K16328",3,3,3,3,"Gradual/incomplete","Gradual/incomplete",3,"Gradual/incomplete","Gradual/incomplete",-0.852230939867064,"Suppressed"
"K07074",3,3,3,3,"Gradual/incomplete","Gradual/incomplete",3,"Gradual/incomplete","Gradual/incomplete",1.54937246701575,"Enriched"
"K00213",3,3,3,3,"Gradual/incomplete","Gradual/incomplete",3,"Gradual/incomplete","Gradual/incomplete",1.88324770616972,"Enriched"
"K06325",3,3,3,3,"Gradual/incomplete","Gradual/incomplete",3,"Gradual/incomplete","Gradual/incomplete",3.66777528403046,"Enriched"
"K05793",3,3,3,3,"Gradual/incomplete","Gradual/incomplete",3,"Gradual/incomplete","Gradual/incomplete",3.59175091009769,"Enriched"
"K18334",3,1,3,1,"Rapid","Rapid",3,"Gradual/incomplete","Gradual/incomplete",0.641404433219734,"Enriched"
"K16434",3,3,3,3,"Gradual/incomplete","Gradual/incomplete",3,"Gradual/incomplete","Gradual/incomplete",-6.49263717748977,"Suppressed"
"K17319",3,3,3,3,"Gradual/incomplete","Gradual/incomplete",3,"Gradual/incomplete","Gradual/incomplete",1.70480233154965,"Enriched"
"K09935",3,3,3,3,"Gradual/incomplete","Gradual/incomplete",3,"Gradual/incomplete","Gradual/incomplete",1.57435107958724,"Enriched"
"K01631",3,3,2,3,"Gradual/incomplete","Gradual/incomplete",2,"Persistent/strengthened","Persistent/strengthened",0.513007691514523,"Enriched"
"K13583",3,3,2,3,"Gradual/incomplete","Gradual/incomplete",2,"Persistent/strengthened","Persistent/strengthened",0.547848568171201,"Enriched"
"K00571",3,3,3,3,"Gradual/incomplete","Gradual/incomplete",3,"Gradual/incomplete","Gradual/incomplete",0.554896161688354,"Enriched"
"K20754",3,1,1,1,"Rapid","Overshoot/reversal",1,"Rapid","Overshoot/reversal",-0.554055936455723,"Suppressed"
"K19355",3,3,3,3,"Gradual/incomplete","Gradual/incomplete",3,"Gradual/incomplete","Gradual/incomplete",0.626744207443419,"Enriched"
"K09141",3,1,1,1,"Rapid","Rapid",1,"Rapid","Rapid",-0.684060252770419,"Suppressed"
"K18214",3,3,3,3,"Gradual/incomplete","Gradual/incomplete",3,"Gradual/incomplete","Gradual/incomplete",3.5681065270687,"Enriched"
"K03763",3,1,3,1,"Rapid","Rapid",3,"Gradual/incomplete","Gradual/incomplete",0.667409244031197,"Enriched"
"K14136",3,2,2,2,"Persistent/strengthened","Persistent/strengthened",2,"Persistent/strengthened","Persistent/strengthened",-0.841700745589584,"Suppressed"
"K21966",3,2,2,2,"Persistent/strengthened","Persistent/strengthened",2,"Persistent/strengthened","Persistent/strengthened",1.0340818757983,"Enriched"
"K01664",3,1,3,1,"Rapid","Rapid",3,"Gradual/incomplete","Gradual/incomplete",0.796356571140154,"Enriched"
"K16438",3,3,3,3,"Gradual/incomplete","Gradual/incomplete",3,"Gradual/incomplete","Gradual/incomplete",3.18949431634184,"Enriched"
"K10353",3,2,3,2,"Persistent/strengthened","Persistent/strengthened",3,"Gradual/incomplete","Gradual/incomplete",1.33785586881392,"Enriched"
"K01178",3,3,3,3,"Gradual/incomplete","Gradual/incomplete",3,"Gradual/incomplete","Gradual/incomplete",-0.592753889849738,"Suppressed"
"K11783",3,3,3,3,"Gradual/incomplete","Gradual/incomplete",3,"Gradual/incomplete","Gradual/incomplete",1.12471157881672,"Enriched"
"K05895",3,1,3,1,"Rapid","Rapid",3,"Gradual/incomplete","Gradual/incomplete",0.52310004712682,"Enriched"
"K06377",3,3,3,3,"Gradual/incomplete","Gradual/incomplete",3,"Gradual/incomplete","Gradual/incomplete",2.19351489365509,"Enriched"
"K02121",3,1,1,1,"Rapid","Overshoot/reversal",1,"Rapid","Overshoot/reversal",-1.07831407417961,"Suppressed"
"K15329",3,3,3,3,"Gradual/incomplete","Gradual/incomplete",3,"Gradual/incomplete","Gradual/incomplete",2.88365378511635,"Enriched"
"K17876",3,3,3,3,"Gradual/incomplete","Gradual/incomplete",3,"Gradual/incomplete","Gradual/incomplete",3.40289442334907,"Enriched"
"K02081",3,3,3,3,"Gradual/incomplete","Gradual/incomplete",3,"Gradual/incomplete","Gradual/incomplete",1.00064558298056,"Enriched"
"K18545",3,3,2,3,"Gradual/incomplete","Gradual/incomplete",2,"Persistent/strengthened","Persistent/strengthened",1.85208400071161,"Enriched"
"K16049",3,3,3,3,"Gradual/incomplete","Gradual/incomplete",3,"Gradual/incomplete","Gradual/incomplete",-1.50083509953182,"Suppressed"
"K18827",3,3,3,3,"Gradual/incomplete","Gradual/incomplete",3,"Gradual/incomplete","Gradual/incomplete",-0.649462594496463,"Suppressed"
"K05825",3,3,3,3,"Gradual/incomplete","Gradual/incomplete",3,"Gradual/incomplete","Gradual/incomplete",0.630594854081484,"Enriched"
"K23549",3,1,1,1,"Rapid","Rapid",1,"Rapid","Rapid",-4.23734019962168,"Suppressed"
"K18554",3,3,3,3,"Gradual/incomplete","Gradual/incomplete",3,"Gradual/incomplete","Gradual/incomplete",0.623012061515684,"Enriched"
"K09157",3,1,3,1,"Rapid","Overshoot/reversal",3,"Gradual/incomplete","Gradual/incomplete",-0.554895141952993,"Suppressed"
"K03739",3,3,2,3,"Gradual/incomplete","Gradual/incomplete",2,"Persistent/strengthened","Persistent/strengthened",1.83108118323266,"Enriched"
"K08992",3,1,3,1,"Rapid","Rapid",3,"Gradual/incomplete","Gradual/incomplete",-0.903364919071426,"Suppressed"
"K01707",3,3,3,3,"Gradual/incomplete","Gradual/incomplete",3,"Gradual/incomplete","Gradual/incomplete",1.31453207502737,"Enriched"
"K06328",3,3,3,3,"Gradual/incomplete","Gradual/incomplete",3,"Gradual/incomplete","Gradual/incomplete",5.59222874607372,"Enriched"
"K09723",3,2,3,2,"Persistent/strengthened","Persistent/strengthened",3,"Gradual/incomplete","Gradual/incomplete",-2.2646996610277,"Suppressed"
"K00477",3,2,2,2,"Persistent/strengthened","Persistent/strengthened",2,"Persistent/strengthened","Persistent/strengthened",-1.13608776121512,"Suppressed"
"K00563",3,1,3,1,"Rapid","Rapid",3,"Gradual/incomplete","Gradual/incomplete",1.21731815365595,"Enriched"
"K22336",3,3,3,3,"Gradual/incomplete","Gradual/incomplete",3,"Gradual/incomplete","Gradual/incomplete",-0.574686083643509,"Suppressed"
"K15518",3,3,3,3,"Gradual/incomplete","Gradual/incomplete",3,"Gradual/incomplete","Gradual/incomplete",3.74904956356658,"Enriched"
"K03339",3,3,1,3,"Gradual/incomplete","Gradual/incomplete",1,"Rapid","Rapid",5.906104566906,"Enriched"
"K03826",3,1,3,1,"Rapid","Overshoot/reversal",3,"Gradual/incomplete","Gradual/incomplete",2.91360241155455,"Enriched"
"K13014",3,3,2,3,"Gradual/incomplete","Gradual/incomplete",2,"Persistent/strengthened","Persistent/strengthened",-1.01617181651749,"Suppressed"
"K13049",3,3,2,3,"Gradual/incomplete","Gradual/incomplete",2,"Persistent/strengthened","Persistent/strengthened",0.582066424307241,"Enriched"
"K12543",3,3,2,3,"Gradual/incomplete","Gradual/incomplete",2,"Persistent/strengthened","Persistent/strengthened",0.720186398809599,"Enriched"
"K22349",3,3,3,3,"Gradual/incomplete","Gradual/incomplete",3,"Gradual/incomplete","Gradual/incomplete",-0.631583966513633,"Suppressed"
"K02000",3,1,3,1,"Rapid","Rapid",3,"Gradual/incomplete","Gradual/incomplete",0.906040287656682,"Enriched"
"K03761",3,2,2,2,"Persistent/strengthened","Persistent/strengthened",2,"Persistent/strengthened","Persistent/strengthened",0.677161090439784,"Enriched"
"K01725",3,3,2,3,"Gradual/incomplete","Gradual/incomplete",2,"Persistent/strengthened","Persistent/strengthened",-0.639364692797663,"Suppressed"
"K21224",3,2,2,2,"Persistent/strengthened","Persistent/strengthened",2,"Persistent/strengthened","Persistent/strengthened",2.44872070321021,"Enriched"
"K02424",3,3,3,3,"Gradual/incomplete","Gradual/incomplete",3,"Gradual/incomplete","Gradual/incomplete",1.1700980078912,"Enriched"
"K16423",3,3,3,3,"Gradual/incomplete","Gradual/incomplete",3,"Gradual/incomplete","Gradual/incomplete",2.32635174129943,"Enriched"
"K06286",3,1,3,1,"Rapid","Rapid",3,"Gradual/incomplete","Gradual/incomplete",4.99334842049899,"Enriched"
"K22969",3,3,3,3,"Gradual/incomplete","Gradual/incomplete",3,"Gradual/incomplete","Gradual/incomplete",1.01086170207095,"Enriched"
"K15868",3,3,3,3,"Gradual/incomplete","Gradual/incomplete",3,"Gradual/incomplete","Gradual/incomplete",-1.06280828035824,"Suppressed"
"K02015",3,3,3,3,"Gradual/incomplete","Gradual/incomplete",3,"Gradual/incomplete","Gradual/incomplete",0.961677023122725,"Enriched"
"K02650",3,3,2,3,"Gradual/incomplete","Gradual/incomplete",2,"Persistent/strengthened","Persistent/strengthened",-0.546036995034737,"Suppressed"
"K04767",3,1,3,1,"Rapid","Rapid",3,"Gradual/incomplete","Gradual/incomplete",-0.554214746787226,"Suppressed"
"K07156",3,3,3,3,"Gradual/incomplete","Gradual/incomplete",3,"Gradual/incomplete","Gradual/incomplete",0.538022539581516,"Enriched"
"K00365",3,2,2,2,"Persistent/strengthened","Persistent/strengthened",2,"Persistent/strengthened","Persistent/strengthened",-0.53849751230191,"Suppressed"
"K06865",3,3,3,3,"Gradual/incomplete","Gradual/incomplete",3,"Gradual/incomplete","Gradual/incomplete",-3.64490071722613,"Suppressed"
"K13731",3,1,3,1,"Rapid","Rapid",3,"Gradual/incomplete","Gradual/incomplete",6.43370127737936,"Enriched"
"K16937",3,1,3,1,"Rapid","Rapid",3,"Gradual/incomplete","Gradual/incomplete",0.7495531722168,"Enriched"
"K06202",3,1,3,1,"Rapid","Rapid",3,"Gradual/incomplete","Gradual/incomplete",-0.788666792890833,"Suppressed"
"K00556",3,1,1,1,"Rapid","Overshoot/reversal",1,"Rapid","Overshoot/reversal",-0.517966456673097,"Suppressed"
"K16117",3,2,2,2,"Persistent/strengthened","Persistent/strengthened",2,"Persistent/strengthened","Persistent/strengthened",3.54520810645461,"Enriched"
"K06995",3,3,3,3,"Gradual/incomplete","Gradual/incomplete",3,"Gradual/incomplete","Gradual/incomplete",-0.64949948295594,"Suppressed"
"K17763",3,2,3,2,"Persistent/strengthened","Persistent/strengthened",3,"Gradual/incomplete","Gradual/incomplete",0.547808357462772,"Enriched"
"K03271",3,3,3,3,"Gradual/incomplete","Gradual/incomplete",3,"Gradual/incomplete","Gradual/incomplete",0.623922227719423,"Enriched"
"K00038",3,3,3,3,"Gradual/incomplete","Gradual/incomplete",3,"Gradual/incomplete","Gradual/incomplete",-0.676738987834343,"Suppressed"
"K06726",3,3,3,3,"Gradual/incomplete","Gradual/incomplete",3,"Gradual/incomplete","Gradual/incomplete",1.89565325822641,"Enriched"
"K14340",3,3,3,3,"Gradual/incomplete","Gradual/incomplete",3,"Gradual/incomplete","Gradual/incomplete",2.75162352055877,"Enriched"
"K14743",3,3,3,3,"Gradual/incomplete","Gradual/incomplete",3,"Gradual/incomplete","Gradual/incomplete",-2.52553302129791,"Suppressed"
"K07640",3,3,3,3,"Gradual/incomplete","Gradual/incomplete",3,"Gradual/incomplete","Gradual/incomplete",-1.09322274620317,"Suppressed"
"K11923",3,3,3,3,"Gradual/incomplete","Gradual/incomplete",3,"Gradual/incomplete","Gradual/incomplete",5.82513740776909,"Enriched"
"K01497",3,3,2,3,"Gradual/incomplete","Gradual/incomplete",2,"Persistent/strengthened","Persistent/strengthened",0.550414015748488,"Enriched"
"K01001",3,3,3,3,"Gradual/incomplete","Gradual/incomplete",3,"Gradual/incomplete","Gradual/incomplete",-2.75785799373796,"Suppressed"
"K00301",3,3,3,3,"Gradual/incomplete","Gradual/incomplete",3,"Gradual/incomplete","Gradual/incomplete",-0.724149437368452,"Suppressed"
"K03746",3,1,1,1,"Rapid","Overshoot/reversal",1,"Rapid","Overshoot/reversal",-0.577858207456685,"Suppressed"
"K09815",3,1,1,1,"Rapid","Rapid",1,"Rapid","Rapid",0.679800965952123,"Enriched"
"K00479",3,1,3,1,"Rapid","Rapid",3,"Gradual/incomplete","Gradual/incomplete",-0.536202016428137,"Suppressed"
"K22952",3,1,3,1,"Rapid","Rapid",3,"Gradual/incomplete","Gradual/incomplete",-6.36811669104999,"Suppressed"
"K22553",3,1,3,1,"Rapid","Rapid",3,"Gradual/incomplete","Gradual/incomplete",1.05924939470849,"Enriched"
"K09692",3,3,3,3,"Gradual/incomplete","Gradual/incomplete",3,"Gradual/incomplete","Gradual/incomplete",1.70518884394423,"Enriched"
"K05341",3,3,3,3,"Gradual/incomplete","Gradual/incomplete",3,"Gradual/incomplete","Gradual/incomplete",-1.30208937793677,"Suppressed"
"K21214",3,3,3,3,"Gradual/incomplete","Gradual/incomplete",3,"Gradual/incomplete","Gradual/incomplete",2.61933663461366,"Enriched"
"K07719",3,1,3,1,"Rapid","Rapid",3,"Gradual/incomplete","Gradual/incomplete",6.74215782028075,"Enriched"
"K09822",3,1,1,1,"Rapid","Rapid",1,"Rapid","Rapid",1.32984294437837,"Enriched"
"K21687",3,1,1,1,"Rapid","Overshoot/reversal",1,"Rapid","Rapid",1.0383320751657,"Enriched"
"K05898",3,3,3,3,"Gradual/incomplete","Gradual/incomplete",3,"Gradual/incomplete","Gradual/incomplete",-1.08025228214108,"Suppressed"
"K02281",3,3,2,3,"Gradual/incomplete","Gradual/incomplete",2,"Persistent/strengthened","Persistent/strengthened",1.00440669432221,"Enriched"
"K05792",3,3,3,3,"Gradual/incomplete","Gradual/incomplete",3,"Gradual/incomplete","Gradual/incomplete",2.80310733106343,"Enriched"
"K14669",3,1,3,1,"Rapid","Rapid",3,"Gradual/incomplete","Gradual/incomplete",5.90747500447556,"Enriched"
"K18851",3,3,3,3,"Gradual/incomplete","Gradual/incomplete",3,"Gradual/incomplete","Gradual/incomplete",0.816593280729475,"Enriched"
"K21165",3,2,2,2,"Persistent/strengthened","Persistent/strengthened",2,"Persistent/strengthened","Persistent/strengthened",-0.889155191880355,"Suppressed"
"K00131",3,1,1,1,"Rapid","Rapid",1,"Rapid","Rapid",0.822936679401432,"Enriched"
"K18955",3,1,3,1,"Rapid","Rapid",3,"Gradual/incomplete","Gradual/incomplete",0.884851373271087,"Enriched"
"K13507",3,2,2,2,"Persistent/strengthened","Persistent/strengthened",2,"Persistent/strengthened","Persistent/strengthened",1.02053129488611,"Enriched"
"K23874",3,3,2,3,"Gradual/incomplete","Gradual/incomplete",2,"Persistent/strengthened","Persistent/strengthened",3.18588100763572,"Enriched"
"K21467",3,1,1,1,"Rapid","Rapid",1,"Rapid","Rapid",3.42734804293638,"Enriched"
"K06349",3,1,1,1,"Rapid","Rapid",1,"Rapid","Rapid",5.71929341223484,"Enriched"
"K01569",3,3,3,3,"Gradual/incomplete","Gradual/incomplete",3,"Gradual/incomplete","Gradual/incomplete",0.77572676699439,"Enriched"
"K16331",3,3,2,3,"Gradual/incomplete","Gradual/incomplete",2,"Persistent/strengthened","Persistent/strengthened",3.4435334507018,"Enriched"
"K05795",3,3,3,3,"Gradual/incomplete","Gradual/incomplete",3,"Gradual/incomplete","Gradual/incomplete",2.37245992586956,"Enriched"
"K07693",3,1,3,1,"Rapid","Rapid",3,"Gradual/incomplete","Gradual/incomplete",0.961410498307611,"Enriched"
"K23725",3,3,3,3,"Gradual/incomplete","Gradual/incomplete",3,"Gradual/incomplete","Gradual/incomplete",2.46381721763664,"Enriched"
"K00646",3,3,3,3,"Gradual/incomplete","Gradual/incomplete",3,"Gradual/incomplete","Gradual/incomplete",3.3594192060979,"Enriched"
"K01200",3,1,1,1,"Rapid","Overshoot/reversal",1,"Rapid","Overshoot/reversal",0.922049192763151,"Enriched"
"K03404",3,3,3,3,"Gradual/incomplete","Gradual/incomplete",3,"Gradual/incomplete","Gradual/incomplete",1.24007599305165,"Enriched"
"K18688",3,3,3,3,"Gradual/incomplete","Gradual/incomplete",3,"Gradual/incomplete","Gradual/incomplete",-0.922921258373497,"Suppressed"
"K19742",3,2,2,2,"Persistent/strengthened","Persistent/strengthened",2,"Persistent/strengthened","Persistent/strengthened",1.60316846936557,"Enriched"
"K13671",3,3,3,3,"Gradual/incomplete","Gradual/incomplete",3,"Gradual/incomplete","Gradual/incomplete",1.30331575960101,"Enriched"
"K03465",3,3,3,3,"Gradual/incomplete","Gradual/incomplete",3,"Gradual/incomplete","Gradual/incomplete",0.649522561015716,"Enriched"
"K15642",3,3,3,3,"Gradual/incomplete","Gradual/incomplete",3,"Gradual/incomplete","Gradual/incomplete",-1.33922052923925,"Suppressed"
"K23227",3,1,1,1,"Rapid","Rapid",1,"Rapid","Rapid",1.04258795846166,"Enriched"
"K04772",3,3,3,3,"Gradual/incomplete","Gradual/incomplete",3,"Gradual/incomplete","Gradual/incomplete",-0.644503691459381,"Suppressed"
"K10202",3,3,2,3,"Gradual/incomplete","Gradual/incomplete",2,"Persistent/strengthened","Persistent/strengthened",2.41246248364474,"Enriched"
"K10215",3,3,3,3,"Gradual/incomplete","Gradual/incomplete",3,"Gradual/incomplete","Gradual/incomplete",1.8229238507733,"Enriched"
"K02634",3,2,3,2,"Persistent/strengthened","Persistent/strengthened",3,"Gradual/incomplete","Gradual/incomplete",-2.44153630291153,"Suppressed"
"K07454",3,3,3,3,"Gradual/incomplete","Gradual/incomplete",3,"Gradual/incomplete","Gradual/incomplete",0.753521284362082,"Enriched"
"K15921",3,3,3,3,"Gradual/incomplete","Gradual/incomplete",3,"Gradual/incomplete","Gradual/incomplete",1.86141428628689,"Enriched"
"K03006",3,3,3,3,"Gradual/incomplete","Gradual/incomplete",3,"Gradual/incomplete","Gradual/incomplete",-3.30187947082173,"Suppressed"
"K02315",3,3,3,3,"Gradual/incomplete","Gradual/incomplete",3,"Gradual/incomplete","Gradual/incomplete",0.914910764502244,"Enriched"
"K02568",3,1,3,1,"Rapid","Rapid",3,"Gradual/incomplete","Gradual/incomplete",-0.832961656940605,"Suppressed"
"K09962",3,3,3,3,"Gradual/incomplete","Gradual/incomplete",3,"Gradual/incomplete","Gradual/incomplete",2.52155228287812,"Enriched"
"K06903",3,3,3,3,"Gradual/incomplete","Gradual/incomplete",3,"Gradual/incomplete","Gradual/incomplete",0.654089360389876,"Enriched"
"K03272",3,3,3,3,"Gradual/incomplete","Gradual/incomplete",3,"Gradual/incomplete","Gradual/incomplete",1.19062132480379,"Enriched"
"K09607",3,1,3,1,"Rapid","Rapid",3,"Gradual/incomplete","Gradual/incomplete",0.98919256495027,"Enriched"
"K16301",3,1,3,1,"Rapid","Rapid",3,"Gradual/incomplete","Gradual/incomplete",0.991020687213463,"Enriched"
"K07504",3,3,3,3,"Gradual/incomplete","Gradual/incomplete",3,"Gradual/incomplete","Gradual/incomplete",-2.94972710345271,"Suppressed"
"K07241",3,2,2,2,"Persistent/strengthened","Persistent/strengthened",2,"Persistent/strengthened","Persistent/strengthened",-0.862875854465608,"Suppressed"
"K09925",3,3,3,3,"Gradual/incomplete","Gradual/incomplete",3,"Gradual/incomplete","Gradual/incomplete",1.78280702998037,"Enriched"
"K09794",3,1,1,1,"Rapid","Rapid",1,"Rapid","Rapid",-1.12832270632148,"Suppressed"
"K02703",3,2,2,2,"Persistent/strengthened","Persistent/strengthened",2,"Persistent/strengthened","Persistent/strengthened",-1.84888614401015,"Suppressed"
"K09667",3,3,2,3,"Gradual/incomplete","Gradual/incomplete",2,"Persistent/strengthened","Persistent/strengthened",-0.523072926683273,"Suppressed"
"K19125",3,1,1,1,"Rapid","Rapid",1,"Rapid","Rapid",0.773989664028125,"Enriched"
"K00435",3,2,2,2,"Persistent/strengthened","Persistent/strengthened",2,"Persistent/strengthened","Persistent/strengthened",0.845159622279257,"Enriched"
"K06909",3,2,2,2,"Persistent/strengthened","Persistent/strengthened",2,"Persistent/strengthened","Persistent/strengthened",1.05647430622864,"Enriched"
"K19714",3,1,1,1,"Rapid","Overshoot/reversal",1,"Rapid","Rapid",-0.933896464297233,"Suppressed"
"K04093",3,3,3,3,"Gradual/incomplete","Gradual/incomplete",3,"Gradual/incomplete","Gradual/incomplete",1.43157527898901,"Enriched"
"K06950",3,3,3,3,"Gradual/incomplete","Gradual/incomplete",3,"Gradual/incomplete","Gradual/incomplete",0.835685253988755,"Enriched"
"K20483",3,1,3,1,"Rapid","Rapid",3,"Gradual/incomplete","Gradual/incomplete",0.782370981422006,"Enriched"
"K01066",3,3,3,3,"Gradual/incomplete","Gradual/incomplete",3,"Gradual/incomplete","Gradual/incomplete",0.546752424682637,"Enriched"
"K01082",3,3,3,3,"Gradual/incomplete","Gradual/incomplete",3,"Gradual/incomplete","Gradual/incomplete",0.565249812494419,"Enriched"
"K23393",3,3,3,3,"Gradual/incomplete","Gradual/incomplete",3,"Gradual/incomplete","Gradual/incomplete",1.77019488423112,"Enriched"
"K10200",3,3,3,3,"Gradual/incomplete","Gradual/incomplete",3,"Gradual/incomplete","Gradual/incomplete",2.26984402834674,"Enriched"
"K22446",3,3,3,3,"Gradual/incomplete","Gradual/incomplete",3,"Gradual/incomplete","Gradual/incomplete",6.35448548462145,"Enriched"
"K14392",3,1,3,1,"Rapid","Overshoot/reversal",3,"Gradual/incomplete","Gradual/incomplete",1.67519773797067,"Enriched"
"K13634",3,3,2,3,"Gradual/incomplete","Gradual/incomplete",2,"Persistent/strengthened","Persistent/strengthened",-0.52939564527759,"Suppressed"
"K00887",3,3,3,3,"Gradual/incomplete","Gradual/incomplete",3,"Gradual/incomplete","Gradual/incomplete",2.38183566515191,"Enriched"
"K22614",3,3,3,3,"Gradual/incomplete","Gradual/incomplete",3,"Gradual/incomplete","Gradual/incomplete",3.92227391314291,"Enriched"
"K06298",3,3,1,3,"Gradual/incomplete","Gradual/incomplete",1,"Rapid","Rapid",2.9598884110732,"Enriched"
"K11962",3,1,3,1,"Rapid","Rapid",3,"Gradual/incomplete","Gradual/incomplete",-0.741287672128377,"Suppressed"
"K02009",3,1,1,1,"Rapid","Rapid",1,"Rapid","Rapid",1.21833413782722,"Enriched"
"K18208",3,3,3,3,"Gradual/incomplete","Gradual/incomplete",3,"Gradual/incomplete","Gradual/incomplete",2.54503923254073,"Enriched"
"K00869",3,1,1,1,"Rapid","Overshoot/reversal",1,"Rapid","Overshoot/reversal",-0.514353112697495,"Suppressed"
"K22250",3,3,2,3,"Gradual/incomplete","Gradual/incomplete",2,"Persistent/strengthened","Persistent/strengthened",-1.45327632879616,"Suppressed"
"K04116",3,2,2,2,"Persistent/strengthened","Persistent/strengthened",2,"Persistent/strengthened","Persistent/strengthened",-0.937455728562515,"Suppressed"
"K07075",3,1,1,1,"Rapid","Overshoot/reversal",1,"Rapid","Rapid",-0.754096263274162,"Suppressed"
"K06297",3,3,3,3,"Gradual/incomplete","Gradual/incomplete",3,"Gradual/incomplete","Gradual/incomplete",6.87494623566187,"Enriched"
"K22818",3,3,2,3,"Gradual/incomplete","Gradual/incomplete",2,"Persistent/strengthened","Persistent/strengthened",-0.997552706624746,"Suppressed"
"K05637",3,3,3,3,"Gradual/incomplete","Gradual/incomplete",3,"Gradual/incomplete","Gradual/incomplete",-1.62520124543808,"Suppressed"
"K21162",3,3,2,3,"Gradual/incomplete","Gradual/incomplete",2,"Persistent/strengthened","Persistent/strengthened",0.985273165647511,"Enriched"
"K04098",3,3,3,3,"Gradual/incomplete","Gradual/incomplete",3,"Gradual/incomplete","Gradual/incomplete",-0.560472746837673,"Suppressed"
"K07118",3,3,3,3,"Gradual/incomplete","Gradual/incomplete",3,"Gradual/incomplete","Gradual/incomplete",1.41472132446882,"Enriched"
"K06609",3,1,1,1,"Rapid","Rapid",1,"Rapid","Rapid",6.62438889548293,"Enriched"
"K07015",3,1,1,1,"Rapid","Rapid",1,"Rapid","Rapid",3.85235753683016,"Enriched"
"K05551",3,3,3,3,"Gradual/incomplete","Gradual/incomplete",3,"Gradual/incomplete","Gradual/incomplete",3.00467852296492,"Enriched"
"K16074",3,3,3,3,"Gradual/incomplete","Gradual/incomplete",3,"Gradual/incomplete","Gradual/incomplete",0.802682251374669,"Enriched"
"K02013",3,3,3,3,"Gradual/incomplete","Gradual/incomplete",3,"Gradual/incomplete","Gradual/incomplete",0.618849300454317,"Enriched"
"K06386",3,3,3,3,"Gradual/incomplete","Gradual/incomplete",3,"Gradual/incomplete","Gradual/incomplete",4.05096005881179,"Enriched"
"K01865",3,3,3,3,"Gradual/incomplete","Gradual/incomplete",3,"Gradual/incomplete","Gradual/incomplete",2.4467335047767,"Enriched"
"K13889",3,2,2,2,"Persistent/strengthened","Persistent/strengthened",2,"Persistent/strengthened","Persistent/strengthened",-0.5540148414872,"Suppressed"
"K11780",3,3,3,3,"Gradual/incomplete","Gradual/incomplete",3,"Gradual/incomplete","Gradual/incomplete",-1.89200887456049,"Suppressed"
"K01666",3,3,3,3,"Gradual/incomplete","Gradual/incomplete",3,"Gradual/incomplete","Gradual/incomplete",1.07194375109361,"Enriched"
"K00661",3,2,2,2,"Persistent/strengthened","Persistent/strengthened",2,"Persistent/strengthened","Persistent/strengthened",0.98880820235607,"Enriched"
"K06211",3,3,3,3,"Gradual/incomplete","Gradual/incomplete",3,"Gradual/incomplete","Gradual/incomplete",2.92957760056715,"Enriched"
"K08966",3,1,1,1,"Rapid","Overshoot/reversal",1,"Rapid","Overshoot/reversal",2.17351125501661,"Enriched"
"K21962",3,1,3,1,"Rapid","Overshoot/reversal",3,"Gradual/incomplete","Gradual/incomplete",0.975245002318931,"Enriched"
"K10002",3,3,2,3,"Gradual/incomplete","Gradual/incomplete",2,"Persistent/strengthened","Persistent/strengthened",-0.761834138385862,"Suppressed"
"K05791",3,3,3,3,"Gradual/incomplete","Gradual/incomplete",3,"Gradual/incomplete","Gradual/incomplete",2.25868524042997,"Enriched"
"K04782",3,2,2,2,"Persistent/strengthened","Persistent/strengthened",2,"Persistent/strengthened","Persistent/strengthened",1.00542630783115,"Enriched"
"K11893",3,1,1,1,"Rapid","Rapid",1,"Rapid","Rapid",-0.664800112069365,"Suppressed"
"K11735",3,1,1,1,"Rapid","Overshoot/reversal",1,"Rapid","Overshoot/reversal",0.591980606973716,"Enriched"
"K09859",3,1,3,1,"Rapid","Rapid",3,"Gradual/incomplete","Gradual/incomplete",-1.1681919314109,"Suppressed"
"K22797",3,2,3,2,"Persistent/strengthened","Persistent/strengthened",3,"Gradual/incomplete","Gradual/incomplete",-3.08653856046752,"Suppressed"
"K07225",3,2,2,2,"Persistent/strengthened","Persistent/strengthened",2,"Persistent/strengthened","Persistent/strengthened",1.13148847507408,"Enriched"
"K15582",3,3,3,3,"Gradual/incomplete","Gradual/incomplete",3,"Gradual/incomplete","Gradual/incomplete",0.944579974659929,"Enriched"
"K06295",3,3,3,3,"Gradual/incomplete","Gradual/incomplete",3,"Gradual/incomplete","Gradual/incomplete",5.49279211413195,"Enriched"
"K09706",3,1,1,1,"Rapid","Rapid",1,"Rapid","Rapid",5.24185831490917,"Enriched"
"K02072",3,3,3,3,"Gradual/incomplete","Gradual/incomplete",3,"Gradual/incomplete","Gradual/incomplete",2.07882344066615,"Enriched"
"K16431",3,1,1,1,"Rapid","Overshoot/reversal",1,"Rapid","Rapid",1.57438883344688,"Enriched"
"K15313",3,3,3,3,"Gradual/incomplete","Gradual/incomplete",3,"Gradual/incomplete","Gradual/incomplete",4.43322023117341,"Enriched"
"K02704",3,2,3,2,"Persistent/strengthened","Persistent/strengthened",3,"Gradual/incomplete","Gradual/incomplete",-3.60920216920482,"Suppressed"
"K02768",3,3,3,3,"Gradual/incomplete","Gradual/incomplete",3,"Gradual/incomplete","Gradual/incomplete",-0.627904078167409,"Suppressed"
"K10119",3,3,2,3,"Gradual/incomplete","Gradual/incomplete",2,"Persistent/strengthened","Persistent/strengthened",0.664287528635351,"Enriched"
"K13853",3,3,3,3,"Gradual/incomplete","Gradual/incomplete",3,"Gradual/incomplete","Gradual/incomplete",3.7272982234832,"Enriched"
"K05776",3,3,2,3,"Gradual/incomplete","Gradual/incomplete",2,"Persistent/strengthened","Persistent/strengthened",-0.651811168176385,"Suppressed"
"K00046",3,3,2,3,"Gradual/incomplete","Gradual/incomplete",2,"Persistent/strengthened","Persistent/strengthened",-0.548740238681552,"Suppressed"
"K16704",3,2,2,2,"Persistent/strengthened","Persistent/strengthened",2,"Persistent/strengthened","Persistent/strengthened",-1.53499606111048,"Suppressed"
"K02001",3,1,3,1,"Rapid","Rapid",3,"Gradual/incomplete","Gradual/incomplete",0.77170739185851,"Enriched"
"K18382",3,2,2,2,"Persistent/strengthened","Persistent/strengthened",2,"Persistent/strengthened","Persistent/strengthened",-1.00486510531974,"Suppressed"
"K11947",3,3,2,3,"Gradual/incomplete","Gradual/incomplete",2,"Persistent/strengthened","Persistent/strengthened",4.58158823206468,"Enriched"
"K09966",3,3,2,3,"Gradual/incomplete","Gradual/incomplete",2,"Persistent/strengthened","Persistent/strengthened",-0.724377247412697,"Suppressed"
"K07217",3,3,1,3,"Gradual/incomplete","Gradual/incomplete",1,"Rapid","Rapid",-0.522406163812711,"Suppressed"
"K06310",3,3,3,3,"Gradual/incomplete","Gradual/incomplete",3,"Gradual/incomplete","Gradual/incomplete",7.61053173185009,"Enriched"
"K21178",3,2,2,2,"Persistent/strengthened","Persistent/strengthened",2,"Persistent/strengthened","Persistent/strengthened",-1.93563394854834,"Suppressed"
"K07151",3,3,3,3,"Gradual/incomplete","Gradual/incomplete",3,"Gradual/incomplete","Gradual/incomplete",-1.02223827830796,"Suppressed"
"K11703",3,3,2,3,"Gradual/incomplete","Gradual/incomplete",2,"Persistent/strengthened","Persistent/strengthened",-1.38681541976265,"Suppressed"
"K11689",3,3,2,3,"Gradual/incomplete","Gradual/incomplete",2,"Persistent/strengthened","Persistent/strengthened",-0.742208433977244,"Suppressed"
"K01846",3,3,3,3,"Gradual/incomplete","Gradual/incomplete",3,"Gradual/incomplete","Gradual/incomplete",-1.44676548106409,"Suppressed"
"K11617",3,3,3,3,"Gradual/incomplete","Gradual/incomplete",3,"Gradual/incomplete","Gradual/incomplete",1.47763636305061,"Enriched"
"K01414",3,3,2,3,"Gradual/incomplete","Gradual/incomplete",2,"Persistent/strengthened","Persistent/strengthened",-0.654587271895668,"Suppressed"
"K02671",3,3,3,3,"Gradual/incomplete","Gradual/incomplete",3,"Gradual/incomplete","Gradual/incomplete",-0.58686175459876,"Suppressed"
"K04065",3,3,2,3,"Gradual/incomplete","Gradual/incomplete",2,"Persistent/strengthened","Persistent/strengthened",-0.735622917504595,"Suppressed"
"K08164",3,1,1,1,"Rapid","Rapid",1,"Rapid","Rapid",5.8264348647894,"Enriched"
"K00084",3,3,3,3,"Gradual/incomplete","Gradual/incomplete",3,"Gradual/incomplete","Gradual/incomplete",-2.04147535508678,"Suppressed"
"K16697",3,3,3,3,"Gradual/incomplete","Gradual/incomplete",3,"Gradual/incomplete","Gradual/incomplete",6.21544285926729,"Enriched"
"K21744",3,3,3,3,"Gradual/incomplete","Gradual/incomplete",3,"Gradual/incomplete","Gradual/incomplete",1.60897588405052,"Enriched"
"K07455",3,3,3,3,"Gradual/incomplete","Gradual/incomplete",3,"Gradual/incomplete","Gradual/incomplete",4.48375211304574,"Enriched"
"K05541",3,1,3,1,"Rapid","Rapid",3,"Gradual/incomplete","Gradual/incomplete",1.72703030971568,"Enriched"
"K03223",3,3,3,3,"Gradual/incomplete","Gradual/incomplete",3,"Gradual/incomplete","Gradual/incomplete",-1.2090495746114,"Suppressed"
"K02228",3,3,3,3,"Gradual/incomplete","Gradual/incomplete",3,"Gradual/incomplete","Gradual/incomplete",0.842172912409802,"Enriched"
"K00561",3,3,2,3,"Gradual/incomplete","Gradual/incomplete",2,"Persistent/strengthened","Persistent/strengthened",0.947355487979899,"Enriched"
"K20423",3,3,2,3,"Gradual/incomplete","Gradual/incomplete",2,"Persistent/strengthened","Persistent/strengthened",2.8006067745053,"Enriched"
"K16424",3,1,3,1,"Rapid","Rapid",3,"Gradual/incomplete","Gradual/incomplete",1.94864072566492,"Enriched"
"K03810",3,3,2,3,"Gradual/incomplete","Gradual/incomplete",2,"Persistent/strengthened","Persistent/strengthened",1.34448393433403,"Enriched"
"K22552",3,3,3,3,"Gradual/incomplete","Gradual/incomplete",3,"Gradual/incomplete","Gradual/incomplete",1.22813056135871,"Enriched"
"K07665",3,3,3,3,"Gradual/incomplete","Gradual/incomplete",3,"Gradual/incomplete","Gradual/incomplete",-1.09461623320384,"Suppressed"
"K06862",3,2,2,2,"Persistent/strengthened","Persistent/strengthened",2,"Persistent/strengthened","Persistent/strengthened",-0.526049723909403,"Suppressed"
"K06378",3,1,1,1,"Rapid","Overshoot/reversal",1,"Rapid","Rapid",0.687838105182028,"Enriched"
"K03230",3,3,3,3,"Gradual/incomplete","Gradual/incomplete",3,"Gradual/incomplete","Gradual/incomplete",-0.695098795503277,"Suppressed"
"K01192",3,3,3,3,"Gradual/incomplete","Gradual/incomplete",3,"Gradual/incomplete","Gradual/incomplete",0.887632899948559,"Enriched"
"K09123",3,3,3,3,"Gradual/incomplete","Gradual/incomplete",3,"Gradual/incomplete","Gradual/incomplete",1.29864675475302,"Enriched"
"K23176",3,3,3,3,"Gradual/incomplete","Gradual/incomplete",3,"Gradual/incomplete","Gradual/incomplete",1.71272474698231,"Enriched"
"K16046",3,3,3,3,"Gradual/incomplete","Gradual/incomplete",3,"Gradual/incomplete","Gradual/incomplete",-1.40957470252285,"Suppressed"
"K06318",3,3,3,3,"Gradual/incomplete","Gradual/incomplete",3,"Gradual/incomplete","Gradual/incomplete",4.63483430005279,"Enriched"
"K14667",3,3,3,3,"Gradual/incomplete","Gradual/incomplete",3,"Gradual/incomplete","Gradual/incomplete",2.64306961147627,"Enriched"
"K03623",3,3,2,3,"Gradual/incomplete","Gradual/incomplete",2,"Persistent/strengthened","Persistent/strengthened",3.93310179009961,"Enriched"
"K14052",3,3,3,3,"Gradual/incomplete","Gradual/incomplete",3,"Gradual/incomplete","Gradual/incomplete",4.59595726464745,"Enriched"
"K05554",3,3,3,3,"Gradual/incomplete","Gradual/incomplete",3,"Gradual/incomplete","Gradual/incomplete",1.8733938362229,"Enriched"
"K01442",3,3,3,3,"Gradual/incomplete","Gradual/incomplete",3,"Gradual/incomplete","Gradual/incomplete",0.867899643177993,"Enriched"
"K14668",3,3,3,3,"Gradual/incomplete","Gradual/incomplete",3,"Gradual/incomplete","Gradual/incomplete",2.74620560856638,"Enriched"
"K01153",3,3,3,3,"Gradual/incomplete","Gradual/incomplete",3,"Gradual/incomplete","Gradual/incomplete",0.519506650784111,"Enriched"
"K05822",3,3,3,3,"Gradual/incomplete","Gradual/incomplete",3,"Gradual/incomplete","Gradual/incomplete",2.0770420065654,"Enriched"
"K05352",3,1,3,1,"Rapid","Rapid",3,"Gradual/incomplete","Gradual/incomplete",6.37223064350616,"Enriched"
"K12436",3,3,3,3,"Gradual/incomplete","Gradual/incomplete",3,"Gradual/incomplete","Gradual/incomplete",1.66804434855384,"Enriched"
"K08714",3,1,3,1,"Rapid","Rapid",3,"Gradual/incomplete","Gradual/incomplete",0.985923001478131,"Enriched"
"K11935",3,2,2,2,"Persistent/strengthened","Persistent/strengthened",2,"Persistent/strengthened","Persistent/strengthened",-1.13358383702772,"Suppressed"
"K16210",3,3,2,3,"Gradual/incomplete","Gradual/incomplete",2,"Persistent/strengthened","Persistent/strengthened",-1.00771730698614,"Suppressed"
"K05342",3,3,3,3,"Gradual/incomplete","Gradual/incomplete",3,"Gradual/incomplete","Gradual/incomplete",1.3938030717499,"Enriched"
"K13787",3,1,3,1,"Rapid","Rapid",3,"Gradual/incomplete","Gradual/incomplete",0.918778338364543,"Enriched"
"K12428",3,3,3,3,"Gradual/incomplete","Gradual/incomplete",3,"Gradual/incomplete","Gradual/incomplete",1.65491464579089,"Enriched"
"K02930",3,3,3,3,"Gradual/incomplete","Gradual/incomplete",3,"Gradual/incomplete","Gradual/incomplete",-1.60980216498457,"Suppressed"
"K16235",3,1,3,1,"Rapid","Rapid",3,"Gradual/incomplete","Gradual/incomplete",3.91853512502765,"Enriched"
"K01421",3,1,1,1,"Rapid","Overshoot/reversal",1,"Rapid","Rapid",0.611108588905252,"Enriched"
"K10915",3,2,2,2,"Persistent/strengthened","Persistent/strengthened",2,"Persistent/strengthened","Persistent/strengthened",0.903032041105095,"Enriched"
"K15532",3,3,2,3,"Gradual/incomplete","Gradual/incomplete",2,"Persistent/strengthened","Persistent/strengthened",-0.838212494985866,"Suppressed"
"K03822",3,2,2,2,"Persistent/strengthened","Persistent/strengthened",2,"Persistent/strengthened","Persistent/strengthened",0.666675672301042,"Enriched"
"K19005",3,1,1,1,"Rapid","Rapid",1,"Rapid","Rapid",7.91684481708614,"Enriched"
"K03475",3,1,3,1,"Rapid","Rapid",3,"Gradual/incomplete","Gradual/incomplete",0.592786737692963,"Enriched"
"K00138",3,1,3,1,"Rapid","Rapid",3,"Gradual/incomplete","Gradual/incomplete",0.634849921460068,"Enriched"
"K14578",3,3,3,3,"Gradual/incomplete","Gradual/incomplete",3,"Gradual/incomplete","Gradual/incomplete",2.46186706496905,"Enriched"
"K01577",3,2,2,2,"Persistent/strengthened","Persistent/strengthened",2,"Persistent/strengthened","Persistent/strengthened",-0.549622726218169,"Suppressed"
"K22539",3,3,3,3,"Gradual/incomplete","Gradual/incomplete",3,"Gradual/incomplete","Gradual/incomplete",1.92237277345538,"Enriched"
"K03124",3,2,2,2,"Persistent/strengthened","Persistent/strengthened",2,"Persistent/strengthened","Persistent/strengthened",-1.20645065459363,"Suppressed"
"K17675",3,3,3,3,"Gradual/incomplete","Gradual/incomplete",3,"Gradual/incomplete","Gradual/incomplete",0.614528485228284,"Enriched"
"K07002",3,3,2,3,"Gradual/incomplete","Gradual/incomplete",2,"Persistent/strengthened","Persistent/strengthened",0.849311096634827,"Enriched"
"K05555",3,1,1,1,"Rapid","Overshoot/reversal",1,"Rapid","Rapid",0.862276677233614,"Enriched"
"K18540",3,1,3,1,"Rapid","Rapid",3,"Gradual/incomplete","Gradual/incomplete",6.27047381535194,"Enriched"
"K04117",3,2,2,2,"Persistent/strengthened","Persistent/strengthened",2,"Persistent/strengthened","Persistent/strengthened",-0.615778101565107,"Suppressed"
"K06403",3,3,1,3,"Gradual/incomplete","Gradual/incomplete",1,"Rapid","Rapid",5.80921476978762,"Enriched"
"K06351",3,1,1,1,"Rapid","Overshoot/reversal",1,"Rapid","Overshoot/reversal",-0.682529959469099,"Suppressed"
"K13727",3,1,1,1,"Rapid","Overshoot/reversal",1,"Rapid","Overshoot/reversal",-1.55661821394526,"Suppressed"
"K06945",3,1,1,1,"Rapid","Overshoot/reversal",1,"Rapid","Rapid",0.576836062734367,"Enriched"
"K13315",3,3,3,3,"Gradual/incomplete","Gradual/incomplete",3,"Gradual/incomplete","Gradual/incomplete",2.40740707439138,"Enriched"
"K18223",3,1,1,1,"Rapid","Overshoot/reversal",1,"Rapid","Overshoot/reversal",-0.75670395319276,"Suppressed"
"K10709",3,3,3,3,"Gradual/incomplete","Gradual/incomplete",3,"Gradual/incomplete","Gradual/incomplete",4.19642538952044,"Enriched"
"K03716",3,1,3,1,"Rapid","Rapid",3,"Gradual/incomplete","Gradual/incomplete",3.2442757694123,"Enriched"
"K21023",3,3,3,3,"Gradual/incomplete","Gradual/incomplete",3,"Gradual/incomplete","Gradual/incomplete",-0.548996376483122,"Suppressed"
"K11988",3,3,3,3,"Gradual/incomplete","Gradual/incomplete",3,"Gradual/incomplete","Gradual/incomplete",-1.35490897963458,"Suppressed"
"K03300",3,1,3,1,"Rapid","Rapid",3,"Gradual/incomplete","Gradual/incomplete",1.08769833756206,"Enriched"
"K06391",3,1,1,1,"Rapid","Rapid",1,"Rapid","Rapid",5.31913504581509,"Enriched"
"K21480",3,3,3,3,"Gradual/incomplete","Gradual/incomplete",3,"Gradual/incomplete","Gradual/incomplete",1.30572672548052,"Enriched"
"K03760",3,1,3,1,"Rapid","Overshoot/reversal",3,"Gradual/incomplete","Gradual/incomplete",-0.598921767028715,"Suppressed"
"K10851",3,1,3,1,"Rapid","Rapid",3,"Gradual/incomplete","Gradual/incomplete",4.06097772143446,"Enriched"
"K02476",3,3,3,3,"Gradual/incomplete","Gradual/incomplete",3,"Gradual/incomplete","Gradual/incomplete",2.51841028166405,"Enriched"
"K10542",3,3,3,3,"Gradual/incomplete","Gradual/incomplete",3,"Gradual/incomplete","Gradual/incomplete",2.61661265023378,"Enriched"
"K04756",3,3,3,3,"Gradual/incomplete","Gradual/incomplete",3,"Gradual/incomplete","Gradual/incomplete",0.839775171864895,"Enriched"
"K15312",3,3,3,3,"Gradual/incomplete","Gradual/incomplete",3,"Gradual/incomplete","Gradual/incomplete",3.29666240235703,"Enriched"
"K02026",3,1,3,1,"Rapid","Rapid",3,"Gradual/incomplete","Gradual/incomplete",0.663165654355356,"Enriched"
"K21182",3,3,3,3,"Gradual/incomplete","Gradual/incomplete",3,"Gradual/incomplete","Gradual/incomplete",-6.1070980980629,"Suppressed"
"K11782",3,3,3,3,"Gradual/incomplete","Gradual/incomplete",3,"Gradual/incomplete","Gradual/incomplete",0.531676210508428,"Enriched"
"K07499",3,2,2,2,"Persistent/strengthened","Persistent/strengthened",2,"Persistent/strengthened","Persistent/strengthened",-1.47203445404761,"Suppressed"
"K09153",3,2,2,2,"Persistent/strengthened","Persistent/strengthened",2,"Persistent/strengthened","Persistent/strengthened",-1.01407314404832,"Suppressed"
"K03806",3,1,3,1,"Rapid","Rapid",3,"Gradual/incomplete","Gradual/incomplete",-0.819581490106309,"Suppressed"
"K03749",3,1,1,1,"Rapid","Rapid",1,"Rapid","Rapid",-0.85041802096205,"Suppressed"
"K06402",3,1,1,1,"Rapid","Rapid",1,"Rapid","Rapid",2.12616940873824,"Enriched"
"K16150",3,3,3,3,"Gradual/incomplete","Gradual/incomplete",3,"Gradual/incomplete","Gradual/incomplete",1.75387283815126,"Enriched"
"K16862",3,2,2,2,"Persistent/strengthened","Persistent/strengthened",2,"Persistent/strengthened","Persistent/strengthened",1.53021740129423,"Enriched"
"K08691",3,3,3,3,"Gradual/incomplete","Gradual/incomplete",3,"Gradual/incomplete","Gradual/incomplete",-0.544026230976826,"Suppressed"
"K18587",3,3,2,3,"Gradual/incomplete","Gradual/incomplete",2,"Persistent/strengthened","Persistent/strengthened",1.08732141408838,"Enriched"
"K16014",3,2,2,2,"Persistent/strengthened","Persistent/strengthened",2,"Persistent/strengthened","Persistent/strengthened",-0.726067036377454,"Suppressed"
"K00351",3,2,2,2,"Persistent/strengthened","Persistent/strengthened",2,"Persistent/strengthened","Persistent/strengthened",-0.644358124760145,"Suppressed"
"K01625",3,3,2,3,"Gradual/incomplete","Gradual/incomplete",2,"Persistent/strengthened","Persistent/strengthened",0.532459430924895,"Enriched"
"K11145",3,1,3,1,"Rapid","Rapid",3,"Gradual/incomplete","Gradual/incomplete",5.73922711229673,"Enriched"
"K23117",3,1,1,1,"Rapid","Rapid",1,"Rapid","Rapid",1.26603502383084,"Enriched"
"K21561",3,2,2,2,"Persistent/strengthened","Persistent/strengthened",2,"Persistent/strengthened","Persistent/strengthened",3.47101276641861,"Enriched"
"K16257",3,3,2,3,"Gradual/incomplete","Gradual/incomplete",2,"Persistent/strengthened","Persistent/strengthened",-2.23868452572263,"Suppressed"
"K14371",3,2,2,2,"Persistent/strengthened","Persistent/strengthened",2,"Persistent/strengthened","Persistent/strengthened",3.17453403972593,"Enriched"
"K10232",3,3,3,3,"Gradual/incomplete","Gradual/incomplete",3,"Gradual/incomplete","Gradual/incomplete",0.695908218850504,"Enriched"
"K15578",3,3,2,3,"Gradual/incomplete","Gradual/incomplete",2,"Persistent/strengthened","Persistent/strengthened",-0.699139347560946,"Suppressed"
"K08685",3,3,3,3,"Gradual/incomplete","Gradual/incomplete",3,"Gradual/incomplete","Gradual/incomplete",-0.619504263290088,"Suppressed"
"K21567",3,3,2,3,"Gradual/incomplete","Gradual/incomplete",2,"Persistent/strengthened","Persistent/strengthened",0.65600166788534,"Enriched"
"K07651",3,3,1,3,"Gradual/incomplete","Gradual/incomplete",1,"Rapid","Rapid",0.816978349405298,"Enriched"
"K06940",3,3,2,3,"Gradual/incomplete","Gradual/incomplete",2,"Persistent/strengthened","Persistent/strengthened",-0.541618329779438,"Suppressed"
"K11746",3,1,1,1,"Rapid","Overshoot/reversal",1,"Rapid","Rapid",-1.48345607387512,"Suppressed"
"K01321",3,1,1,1,"Rapid","Rapid",1,"Rapid","Rapid",-3.19697942787829,"Suppressed"
"K17324",3,3,3,3,"Gradual/incomplete","Gradual/incomplete",3,"Gradual/incomplete","Gradual/incomplete",0.535465943667824,"Enriched"
"K05834",3,3,2,3,"Gradual/incomplete","Gradual/incomplete",2,"Persistent/strengthened","Persistent/strengthened",-1.36012206393631,"Suppressed"
"K11535",3,3,3,3,"Gradual/incomplete","Gradual/incomplete",3,"Gradual/incomplete","Gradual/incomplete",4.56233895406086,"Enriched"
"K09861",3,3,2,3,"Gradual/incomplete","Gradual/incomplete",2,"Persistent/strengthened","Persistent/strengthened",0.575085110400959,"Enriched"
"K16436",3,3,3,3,"Gradual/incomplete","Gradual/incomplete",3,"Gradual/incomplete","Gradual/incomplete",1.36810911662553,"Enriched"
"K00273",3,1,3,1,"Rapid","Rapid",3,"Gradual/incomplete","Gradual/incomplete",0.669655388118804,"Enriched"
"K21187",3,3,3,3,"Gradual/incomplete","Gradual/incomplete",3,"Gradual/incomplete","Gradual/incomplete",5.33224756614814,"Enriched"
"K11173",3,2,2,2,"Persistent/strengthened","Persistent/strengthened",2,"Persistent/strengthened","Persistent/strengthened",-0.968113628529365,"Suppressed"
"K21685",3,3,3,3,"Gradual/incomplete","Gradual/incomplete",3,"Gradual/incomplete","Gradual/incomplete",2.60951710143768,"Enriched"
"K22424",3,3,3,3,"Gradual/incomplete","Gradual/incomplete",3,"Gradual/incomplete","Gradual/incomplete",-2.73339303466036,"Suppressed"
"K22297",3,1,3,1,"Rapid","Overshoot/reversal",3,"Gradual/incomplete","Gradual/incomplete",0.534481100392497,"Enriched"
"K01796",3,3,3,3,"Gradual/incomplete","Gradual/incomplete",3,"Gradual/incomplete","Gradual/incomplete",0.635400661216612,"Enriched"
"K21064",3,1,1,1,"Rapid","Rapid",1,"Rapid","Rapid",2.53647672690846,"Enriched"
"K09986",3,2,2,2,"Persistent/strengthened","Persistent/strengthened",2,"Persistent/strengthened","Persistent/strengthened",0.573197491318642,"Enriched"
"K16783",3,3,3,3,"Gradual/incomplete","Gradual/incomplete",3,"Gradual/incomplete","Gradual/incomplete",-1.35143688708281,"Suppressed"
"K07496",3,3,3,3,"Gradual/incomplete","Gradual/incomplete",3,"Gradual/incomplete","Gradual/incomplete",2.44020429788412,"Enriched"
"K15311",3,3,3,3,"Gradual/incomplete","Gradual/incomplete",3,"Gradual/incomplete","Gradual/incomplete",3.24690733617061,"Enriched"
"K13877",3,3,3,3,"Gradual/incomplete","Gradual/incomplete",3,"Gradual/incomplete","Gradual/incomplete",-0.702623851798749,"Suppressed"
"K14339",3,2,3,2,"Persistent/strengthened","Persistent/strengthened",3,"Gradual/incomplete","Gradual/incomplete",-1.08711560259583,"Suppressed"
"K00186",3,2,2,2,"Persistent/strengthened","Persistent/strengthened",2,"Persistent/strengthened","Persistent/strengthened",-0.850133433883895,"Suppressed"
"K13995",3,3,3,3,"Gradual/incomplete","Gradual/incomplete",3,"Gradual/incomplete","Gradual/incomplete",0.606284014618511,"Enriched"
"K01093",3,3,3,3,"Gradual/incomplete","Gradual/incomplete",3,"Gradual/incomplete","Gradual/incomplete",-2.59257553232437,"Suppressed"
"K00851",3,3,3,3,"Gradual/incomplete","Gradual/incomplete",3,"Gradual/incomplete","Gradual/incomplete",0.979045847675805,"Enriched"
"K06221",3,3,3,3,"Gradual/incomplete","Gradual/incomplete",3,"Gradual/incomplete","Gradual/incomplete",1.5767972021562,"Enriched"
"K22303",3,1,3,1,"Rapid","Rapid",3,"Gradual/incomplete","Gradual/incomplete",0.89111112197261,"Enriched"
"K04691",3,1,2,1,"Rapid","Overshoot/reversal",2,"Persistent/strengthened","Persistent/strengthened",-0.631227376997393,"Suppressed"
"K01392",3,1,3,1,"Rapid","Rapid",3,"Gradual/incomplete","Gradual/incomplete",-0.531508554706817,"Suppressed"
"K16509",3,1,1,1,"Rapid","Rapid",1,"Rapid","Overshoot/reversal",2.27021638626575,"Enriched"
"K00040",3,1,1,1,"Rapid","Rapid",1,"Rapid","Rapid",0.832238424723316,"Enriched"
"K07494",3,2,2,2,"Persistent/strengthened","Persistent/strengthened",2,"Persistent/strengthened","Persistent/strengthened",-0.626747586082571,"Suppressed"
"K01281",3,3,3,3,"Gradual/incomplete","Gradual/incomplete",3,"Gradual/incomplete","Gradual/incomplete",1.01877775997337,"Enriched"
"K14054",3,3,3,3,"Gradual/incomplete","Gradual/incomplete",3,"Gradual/incomplete","Gradual/incomplete",-1.14643105447974,"Suppressed"
"K03762",3,1,1,1,"Rapid","Rapid",1,"Rapid","Rapid",0.584443535084723,"Enriched"
"K16164",3,3,3,3,"Gradual/incomplete","Gradual/incomplete",3,"Gradual/incomplete","Gradual/incomplete",0.761571086822407,"Enriched"
"K15792",3,2,3,2,"Persistent/strengthened","Persistent/strengthened",3,"Gradual/incomplete","Gradual/incomplete",0.697395410658375,"Enriched"
"K18930",3,3,3,3,"Gradual/incomplete","Gradual/incomplete",3,"Gradual/incomplete","Gradual/incomplete",1.13377554628258,"Enriched"
"K03599",3,3,3,3,"Gradual/incomplete","Gradual/incomplete",3,"Gradual/incomplete","Gradual/incomplete",-0.548269975061965,"Suppressed"
"K06307",3,3,3,3,"Gradual/incomplete","Gradual/incomplete",3,"Gradual/incomplete","Gradual/incomplete",5.27901571100016,"Enriched"
"K05501",3,3,3,3,"Gradual/incomplete","Gradual/incomplete",3,"Gradual/incomplete","Gradual/incomplete",-0.731647816470932,"Suppressed"
"K10191",3,2,2,2,"Persistent/strengthened","Persistent/strengthened",2,"Persistent/strengthened","Persistent/strengthened",0.648956975248489,"Enriched"
"K14519",3,3,3,3,"Gradual/incomplete","Gradual/incomplete",3,"Gradual/incomplete","Gradual/incomplete",1.49981255204035,"Enriched"
"K17330",3,1,3,1,"Rapid","Rapid",3,"Gradual/incomplete","Gradual/incomplete",0.777952925301437,"Enriched"
"K06311",3,3,3,3,"Gradual/incomplete","Gradual/incomplete",3,"Gradual/incomplete","Gradual/incomplete",3.94155489322903,"Enriched"
"K10188",3,3,3,3,"Gradual/incomplete","Gradual/incomplete",3,"Gradual/incomplete","Gradual/incomplete",1.5093660702751,"Enriched"
"K23087",3,3,3,3,"Gradual/incomplete","Gradual/incomplete",3,"Gradual/incomplete","Gradual/incomplete",-1.75619062402791,"Suppressed"
"K13934",3,3,3,3,"Gradual/incomplete","Gradual/incomplete",3,"Gradual/incomplete","Gradual/incomplete",6.43099943779116,"Enriched"
"K05888",3,3,3,3,"Gradual/incomplete","Gradual/incomplete",3,"Gradual/incomplete","Gradual/incomplete",0.633705601377595,"Enriched"
"K07485",3,3,3,3,"Gradual/incomplete","Gradual/incomplete",3,"Gradual/incomplete","Gradual/incomplete",3.41553647304842,"Enriched"
"K15771",3,1,1,1,"Rapid","Overshoot/reversal",1,"Rapid","Rapid",0.601196315790434,"Enriched"
"K10621",3,3,3,3,"Gradual/incomplete","Gradual/incomplete",3,"Gradual/incomplete","Gradual/incomplete",2.66186707391812,"Enriched"
"K21681",3,3,3,3,"Gradual/incomplete","Gradual/incomplete",3,"Gradual/incomplete","Gradual/incomplete",1.68150088149037,"Enriched"
"K03973",3,2,2,2,"Persistent/strengthened","Persistent/strengthened",2,"Persistent/strengthened","Persistent/strengthened",0.705222048280369,"Enriched"
"K16012",3,3,3,3,"Gradual/incomplete","Gradual/incomplete",3,"Gradual/incomplete","Gradual/incomplete",1.16663222350036,"Enriched"
"K11637",3,3,3,3,"Gradual/incomplete","Gradual/incomplete",3,"Gradual/incomplete","Gradual/incomplete",6.54518988540685,"Enriched"
"K02250",3,3,1,3,"Gradual/incomplete","Gradual/incomplete",1,"Rapid","Rapid",5.80322970397679,"Enriched"
"K01176",3,3,3,3,"Gradual/incomplete","Gradual/incomplete",3,"Gradual/incomplete","Gradual/incomplete",0.65569288160205,"Enriched"
"K07085",3,3,2,3,"Gradual/incomplete","Gradual/incomplete",2,"Persistent/strengthened","Persistent/strengthened",-0.543185211709462,"Suppressed"
"K16417",3,2,2,2,"Persistent/strengthened","Persistent/strengthened",2,"Persistent/strengthened","Persistent/strengthened",-0.937182096707181,"Suppressed"
"K16651",3,1,3,1,"Rapid","Rapid",3,"Gradual/incomplete","Gradual/incomplete",4.51846922025868,"Enriched"
"K05311",3,1,3,1,"Rapid","Rapid",3,"Gradual/incomplete","Gradual/incomplete",5.46321355914651,"Enriched"
"K06330",3,2,3,2,"Persistent/strengthened","Persistent/strengthened",3,"Gradual/incomplete","Gradual/incomplete",1.13190635334985,"Enriched"
"K06379",3,3,2,3,"Gradual/incomplete","Gradual/incomplete",2,"Persistent/strengthened","Persistent/strengthened",1.25160593565715,"Enriched"
"K11917",3,3,3,3,"Gradual/incomplete","Gradual/incomplete",3,"Gradual/incomplete","Gradual/incomplete",-1.28278031099128,"Suppressed"
"K00469",3,3,3,3,"Gradual/incomplete","Gradual/incomplete",3,"Gradual/incomplete","Gradual/incomplete",-0.867347419359819,"Suppressed"
"K01932",3,3,3,3,"Gradual/incomplete","Gradual/incomplete",3,"Gradual/incomplete","Gradual/incomplete",1.03726194421338,"Enriched"
"K00702",3,1,3,1,"Rapid","Overshoot/reversal",3,"Gradual/incomplete","Gradual/incomplete",-0.684522910135293,"Suppressed"
"K20370",3,1,1,1,"Rapid","Overshoot/reversal",1,"Rapid","Rapid",-0.587212379854878,"Suppressed"
"K16051",3,2,2,2,"Persistent/strengthened","Persistent/strengthened",2,"Persistent/strengthened","Persistent/strengthened",-1.0985170787327,"Suppressed"
"K12710",3,3,3,3,"Gradual/incomplete","Gradual/incomplete",3,"Gradual/incomplete","Gradual/incomplete",1.84550663925221,"Enriched"
"K19181",3,3,3,3,"Gradual/incomplete","Gradual/incomplete",3,"Gradual/incomplete","Gradual/incomplete",1.01233070435158,"Enriched"
"K01821",3,3,2,3,"Gradual/incomplete","Gradual/incomplete",2,"Persistent/strengthened","Persistent/strengthened",0.721949955927262,"Enriched"
"K18231",3,1,3,1,"Rapid","Rapid",3,"Gradual/incomplete","Gradual/incomplete",6.37809132846242,"Enriched"
"K19670",3,2,2,2,"Persistent/strengthened","Persistent/strengthened",2,"Persistent/strengthened","Persistent/strengthened",-0.599136660792527,"Suppressed"
"K13653",3,3,3,3,"Gradual/incomplete","Gradual/incomplete",3,"Gradual/incomplete","Gradual/incomplete",1.20891142594543,"Enriched"
"K20274",3,3,3,3,"Gradual/incomplete","Gradual/incomplete",3,"Gradual/incomplete","Gradual/incomplete",1.98688822318977,"Enriched"
"K03430",3,3,3,3,"Gradual/incomplete","Gradual/incomplete",3,"Gradual/incomplete","Gradual/incomplete",-0.682966909744793,"Suppressed"
"K22704",3,1,1,1,"Rapid","Rapid",1,"Rapid","Overshoot/reversal",0.968626882842272,"Enriched"
"K02551",3,1,1,1,"Rapid","Rapid",1,"Rapid","Overshoot/reversal",-0.566834380997499,"Suppressed"
"K09942",3,1,1,1,"Rapid","Overshoot/reversal",1,"Rapid","Overshoot/reversal",-1.17021584927009,"Suppressed"
"K00066",3,2,2,2,"Persistent/strengthened","Persistent/strengthened",2,"Persistent/strengthened","Persistent/strengthened",-0.500327516893669,"Suppressed"
"K11778",3,3,3,3,"Gradual/incomplete","Gradual/incomplete",3,"Gradual/incomplete","Gradual/incomplete",-2.09682790312986,"Suppressed"
"K02385",3,1,1,1,"Rapid","Overshoot/reversal",1,"Rapid","Overshoot/reversal",-1.44030258191918,"Suppressed"
"K06375",3,1,1,1,"Rapid","Rapid",1,"Rapid","Rapid",5.80603618111618,"Enriched"
"K03710",3,3,3,3,"Gradual/incomplete","Gradual/incomplete",3,"Gradual/incomplete","Gradual/incomplete",0.946266620455332,"Enriched"
"K07774",3,1,1,1,"Rapid","Overshoot/reversal",1,"Rapid","Overshoot/reversal",-0.876268735691649,"Suppressed"
"K03231",3,3,3,3,"Gradual/incomplete","Gradual/incomplete",3,"Gradual/incomplete","Gradual/incomplete",-1.54789916985239,"Suppressed"
"K06974",3,1,3,1,"Rapid","Rapid",3,"Gradual/incomplete","Gradual/incomplete",-0.740185295286797,"Suppressed"
"K07770",3,1,1,1,"Rapid","Rapid",1,"Rapid","Rapid",5.90333345213485,"Enriched"
"K04068",3,2,3,2,"Persistent/strengthened","Persistent/strengthened",3,"Gradual/incomplete","Gradual/incomplete",0.602593011586853,"Enriched"
"K14673",3,3,3,3,"Gradual/incomplete","Gradual/incomplete",3,"Gradual/incomplete","Gradual/incomplete",3.30816204225268,"Enriched"
"K22820",3,3,3,3,"Gradual/incomplete","Gradual/incomplete",3,"Gradual/incomplete","Gradual/incomplete",-1.80638344890856,"Suppressed"
"K06327",3,1,1,1,"Rapid","Rapid",1,"Rapid","Rapid",6.23653788719428,"Enriched"
"K01210",3,3,3,3,"Gradual/incomplete","Gradual/incomplete",3,"Gradual/incomplete","Gradual/incomplete",2.60111959430588,"Enriched"
"K13670",3,3,3,3,"Gradual/incomplete","Gradual/incomplete",3,"Gradual/incomplete","Gradual/incomplete",-1.52586042425868,"Suppressed"
"K07466",3,2,3,2,"Persistent/strengthened","Persistent/strengthened",3,"Gradual/incomplete","Gradual/incomplete",-1.91089187913234,"Suppressed"
"K00313",3,1,1,1,"Rapid","Rapid",1,"Rapid","Overshoot/reversal",0.835655782254718,"Enriched"
"K03311",3,3,3,3,"Gradual/incomplete","Gradual/incomplete",3,"Gradual/incomplete","Gradual/incomplete",5.97394373660118,"Enriched"
"K13798",3,3,3,3,"Gradual/incomplete","Gradual/incomplete",3,"Gradual/incomplete","Gradual/incomplete",-2.38502128332132,"Suppressed"
"K14682",3,3,2,3,"Gradual/incomplete","Gradual/incomplete",2,"Persistent/strengthened","Persistent/strengthened",-0.576697882534224,"Suppressed"
"K03222",3,3,3,3,"Gradual/incomplete","Gradual/incomplete",3,"Gradual/incomplete","Gradual/incomplete",-0.745043708312732,"Suppressed"
"K08745",3,3,3,3,"Gradual/incomplete","Gradual/incomplete",3,"Gradual/incomplete","Gradual/incomplete",-1.91289143004825,"Suppressed"
"K06983",3,1,3,1,"Rapid","Overshoot/reversal",3,"Gradual/incomplete","Gradual/incomplete",-0.671667767641685,"Suppressed"
"K07266",3,2,2,2,"Persistent/strengthened","Persistent/strengthened",2,"Persistent/strengthened","Persistent/strengthened",1.18687347427719,"Enriched"
"K16645",3,2,2,2,"Persistent/strengthened","Persistent/strengthened",2,"Persistent/strengthened","Persistent/strengthened",-3.01511151082518,"Suppressed"
"K09166",3,3,3,3,"Gradual/incomplete","Gradual/incomplete",3,"Gradual/incomplete","Gradual/incomplete",0.530834321926992,"Enriched"
"K21191",3,2,2,2,"Persistent/strengthened","Persistent/strengthened",2,"Persistent/strengthened","Persistent/strengthened",-2.30755632228956,"Suppressed"
"K07226",3,1,1,1,"Rapid","Rapid",1,"Rapid","Rapid",-0.551903670144489,"Suppressed"
"K16242",3,2,2,2,"Persistent/strengthened","Persistent/strengthened",2,"Persistent/strengthened","Persistent/strengthened",-0.61031029200919,"Suppressed"
"K17938",3,2,2,2,"Persistent/strengthened","Persistent/strengthened",2,"Persistent/strengthened","Persistent/strengthened",0.808967355333465,"Enriched"
"K03891",3,1,3,1,"Rapid","Rapid",3,"Gradual/incomplete","Gradual/incomplete",0.589781281309693,"Enriched"
"K07153",3,2,3,2,"Persistent/strengthened","Persistent/strengthened",3,"Gradual/incomplete","Gradual/incomplete",-0.522629181557337,"Suppressed"
"K21181",3,3,3,3,"Gradual/incomplete","Gradual/incomplete",3,"Gradual/incomplete","Gradual/incomplete",4.19387917841232,"Enriched"
"K17216",3,1,1,1,"Rapid","Overshoot/reversal",1,"Rapid","Overshoot/reversal",1.59720318315229,"Enriched"
"K03651",3,3,3,3,"Gradual/incomplete","Gradual/incomplete",3,"Gradual/incomplete","Gradual/incomplete",0.741611616251853,"Enriched"
"K01449",3,1,1,1,"Rapid","Overshoot/reversal",1,"Rapid","Overshoot/reversal",1.16711078635564,"Enriched"
"K07451",3,3,3,3,"Gradual/incomplete","Gradual/incomplete",3,"Gradual/incomplete","Gradual/incomplete",1.44839369865536,"Enriched"
"K01286",3,1,3,1,"Rapid","Rapid",3,"Gradual/incomplete","Gradual/incomplete",0.520942646875227,"Enriched"
"K07077",3,1,3,1,"Rapid","Rapid",3,"Gradual/incomplete","Gradual/incomplete",0.508176037332518,"Enriched"
"K03974",3,2,2,2,"Persistent/strengthened","Persistent/strengthened",2,"Persistent/strengthened","Persistent/strengthened",0.755590723209443,"Enriched"
"K22081",3,3,3,3,"Gradual/incomplete","Gradual/incomplete",3,"Gradual/incomplete","Gradual/incomplete",-0.613579012132069,"Suppressed"
"K16017",3,3,2,3,"Gradual/incomplete","Gradual/incomplete",2,"Persistent/strengthened","Persistent/strengthened",2.89690660676808,"Enriched"
"K14631",3,1,1,1,"Rapid","Overshoot/reversal",1,"Rapid","Overshoot/reversal",0.861174656344336,"Enriched"
"K12454",3,2,2,2,"Persistent/strengthened","Persistent/strengthened",2,"Persistent/strengthened","Persistent/strengthened",0.651011110266098,"Enriched"
"K10546",3,3,2,3,"Gradual/incomplete","Gradual/incomplete",2,"Persistent/strengthened","Persistent/strengthened",1.03439950221268,"Enriched"
"K22902",3,2,2,2,"Persistent/strengthened","Persistent/strengthened",2,"Persistent/strengthened","Persistent/strengthened",-1.94901085309269,"Suppressed"
"K07110",3,2,2,2,"Persistent/strengthened","Persistent/strengthened",2,"Persistent/strengthened","Persistent/strengthened",0.703294522240021,"Enriched"
"K15764",3,3,3,3,"Gradual/incomplete","Gradual/incomplete",3,"Gradual/incomplete","Gradual/incomplete",-1.84526719443725,"Suppressed"
"K05346",3,3,3,3,"Gradual/incomplete","Gradual/incomplete",3,"Gradual/incomplete","Gradual/incomplete",1.57421302749706,"Enriched"
"K16649",3,3,3,3,"Gradual/incomplete","Gradual/incomplete",3,"Gradual/incomplete","Gradual/incomplete",-1.93288892090428,"Suppressed"
"K06959",3,2,2,2,"Persistent/strengthened","Persistent/strengthened",2,"Persistent/strengthened","Persistent/strengthened",0.538998002644415,"Enriched"
"K07084",3,1,3,1,"Rapid","Rapid",3,"Gradual/incomplete","Gradual/incomplete",6.57530647087215,"Enriched"
"K08094",3,3,3,3,"Gradual/incomplete","Gradual/incomplete",3,"Gradual/incomplete","Gradual/incomplete",1.89668552968598,"Enriched"
"K03573",3,1,3,1,"Rapid","Rapid",3,"Gradual/incomplete","Gradual/incomplete",-1.87703935354088,"Suppressed"
"K23624",3,1,1,1,"Rapid","Rapid",1,"Rapid","Rapid",-2.69408719765945,"Suppressed"
"K23262",3,1,3,1,"Rapid","Rapid",3,"Gradual/incomplete","Gradual/incomplete",0.569203802129947,"Enriched"
"K19978",3,3,3,3,"Gradual/incomplete","Gradual/incomplete",3,"Gradual/incomplete","Gradual/incomplete",1.95438129850895,"Enriched"
"K13626",3,1,1,1,"Rapid","Overshoot/reversal",1,"Rapid","Overshoot/reversal",-0.988709397230218,"Suppressed"
"K16141",3,3,3,3,"Gradual/incomplete","Gradual/incomplete",3,"Gradual/incomplete","Gradual/incomplete",-0.849650876700502,"Suppressed"
"K12240",3,3,3,3,"Gradual/incomplete","Gradual/incomplete",3,"Gradual/incomplete","Gradual/incomplete",2.14992876073591,"Enriched"
"K00657",3,3,3,3,"Gradual/incomplete","Gradual/incomplete",3,"Gradual/incomplete","Gradual/incomplete",1.14297272092482,"Enriched"
"K02826",3,3,3,3,"Gradual/incomplete","Gradual/incomplete",3,"Gradual/incomplete","Gradual/incomplete",5.14075655282848,"Enriched"
"K01813",3,1,1,1,"Rapid","Overshoot/reversal",1,"Rapid","Overshoot/reversal",-0.719524157504933,"Suppressed"
"K03577",3,1,1,1,"Rapid","Overshoot/reversal",1,"Rapid","Overshoot/reversal",-0.737625003020237,"Suppressed"
"K01222",3,3,3,3,"Gradual/incomplete","Gradual/incomplete",3,"Gradual/incomplete","Gradual/incomplete",0.593341283511554,"Enriched"
"K12980",3,3,3,3,"Gradual/incomplete","Gradual/incomplete",3,"Gradual/incomplete","Gradual/incomplete",-0.959812477060247,"Suppressed"
"K16905",3,2,2,2,"Persistent/strengthened","Persistent/strengthened",2,"Persistent/strengthened","Persistent/strengthened",-1.46072234033142,"Suppressed"
"K16048",3,3,3,3,"Gradual/incomplete","Gradual/incomplete",3,"Gradual/incomplete","Gradual/incomplete",-0.92749699822913,"Suppressed"
"K08082",3,3,2,3,"Gradual/incomplete","Gradual/incomplete",2,"Persistent/strengthened","Persistent/strengthened",-0.606993038883083,"Suppressed"
"K03226",3,1,3,1,"Rapid","Overshoot/reversal",3,"Gradual/incomplete","Gradual/incomplete",-0.724393409588543,"Suppressed"
"K14982",3,1,1,1,"Rapid","Rapid",1,"Rapid","Rapid",3.13596186369412,"Enriched"
"K10201",3,3,3,3,"Gradual/incomplete","Gradual/incomplete",3,"Gradual/incomplete","Gradual/incomplete",2.13989756695487,"Enriched"
"K08152",3,3,3,3,"Gradual/incomplete","Gradual/incomplete",3,"Gradual/incomplete","Gradual/incomplete",-6.29831696977254,"Suppressed"
"K16868",3,3,2,3,"Gradual/incomplete","Gradual/incomplete",2,"Persistent/strengthened","Persistent/strengthened",-1.38864505859964,"Suppressed"
"K00635",3,2,3,2,"Persistent/strengthened","Persistent/strengthened",3,"Gradual/incomplete","Gradual/incomplete",-0.74074213562083,"Suppressed"
"K21468",3,3,1,3,"Gradual/incomplete","Gradual/incomplete",1,"Rapid","Rapid",3.96725150089749,"Enriched"
"K03381",3,3,3,3,"Gradual/incomplete","Gradual/incomplete",3,"Gradual/incomplete","Gradual/incomplete",-0.858038505308581,"Suppressed"
"K07236",3,2,3,2,"Persistent/strengthened","Persistent/strengthened",3,"Gradual/incomplete","Gradual/incomplete",-0.85893716956875,"Suppressed"
"K20469",3,2,3,2,"Persistent/strengthened","Persistent/strengthened",3,"Gradual/incomplete","Gradual/incomplete",-1.61843833330047,"Suppressed"
"K02496",3,3,2,3,"Gradual/incomplete","Gradual/incomplete",2,"Persistent/strengthened","Persistent/strengthened",-0.501025966330892,"Suppressed"
"K02256",3,2,2,2,"Persistent/strengthened","Persistent/strengthened",2,"Persistent/strengthened","Persistent/strengthened",-1.52107227415193,"Suppressed"
"K00387",3,3,3,3,"Gradual/incomplete","Gradual/incomplete",3,"Gradual/incomplete","Gradual/incomplete",2.62021787370299,"Enriched"
"K03795",3,3,3,3,"Gradual/incomplete","Gradual/incomplete",3,"Gradual/incomplete","Gradual/incomplete",1.39096083234057,"Enriched"
"K03890",3,1,3,1,"Rapid","Overshoot/reversal",3,"Gradual/incomplete","Gradual/incomplete",0.644723112063881,"Enriched"
"K03298",3,3,2,3,"Gradual/incomplete","Gradual/incomplete",2,"Persistent/strengthened","Persistent/strengthened",1.13144676722697,"Enriched"
"K13745",3,2,2,2,"Persistent/strengthened","Persistent/strengthened",2,"Persistent/strengthened","Persistent/strengthened",0.687175599431619,"Enriched"
"K01202",3,2,2,2,"Persistent/strengthened","Persistent/strengthened",2,"Persistent/strengthened","Persistent/strengthened",-1.31399965104641,"Suppressed"
"K03087",3,1,1,1,"Rapid","Overshoot/reversal",1,"Rapid","Rapid",0.556880061131317,"Enriched"
"K07641",3,3,3,3,"Gradual/incomplete","Gradual/incomplete",3,"Gradual/incomplete","Gradual/incomplete",-0.623182179066125,"Suppressed"
"K09759",3,3,3,3,"Gradual/incomplete","Gradual/incomplete",3,"Gradual/incomplete","Gradual/incomplete",1.53618319811328,"Enriched"
"K05711",3,1,3,1,"Rapid","Rapid",3,"Gradual/incomplete","Gradual/incomplete",1.23734690569834,"Enriched"
"K11031",3,2,3,2,"Persistent/strengthened","Persistent/strengthened",3,"Gradual/incomplete","Gradual/incomplete",1.13057423220942,"Enriched"
"K01416",3,1,3,1,"Rapid","Rapid",3,"Gradual/incomplete","Gradual/incomplete",1.65576077252632,"Enriched"
"K20434",3,2,2,2,"Persistent/strengthened","Persistent/strengthened",2,"Persistent/strengthened","Persistent/strengthened",2.95450025901755,"Enriched"
"K19696",3,3,3,3,"Gradual/incomplete","Gradual/incomplete",3,"Gradual/incomplete","Gradual/incomplete",-0.500981588741284,"Suppressed"
"K17234",3,1,1,1,"Rapid","Overshoot/reversal",1,"Rapid","Rapid",-1.12640067538004,"Suppressed"
"K19955",3,3,3,3,"Gradual/incomplete","Gradual/incomplete",3,"Gradual/incomplete","Gradual/incomplete",2.46122121214125,"Enriched"
"K11902",3,3,1,3,"Gradual/incomplete","Gradual/incomplete",1,"Rapid","Rapid",-0.583923959305229,"Suppressed"
"K20420",3,1,3,1,"Rapid","Rapid",3,"Gradual/incomplete","Gradual/incomplete",0.989935089536493,"Enriched"
"K17994",3,3,3,3,"Gradual/incomplete","Gradual/incomplete",3,"Gradual/incomplete","Gradual/incomplete",-1.12730908357949,"Suppressed"
"K15269",3,1,1,1,"Rapid","Rapid",1,"Rapid","Rapid",0.827615072456427,"Enriched"
"K03136",3,3,3,3,"Gradual/incomplete","Gradual/incomplete",3,"Gradual/incomplete","Gradual/incomplete",-3.87539452226116,"Suppressed"
"K08738",3,3,2,3,"Gradual/incomplete","Gradual/incomplete",2,"Persistent/strengthened","Persistent/strengthened",0.665631933987396,"Enriched"
"K16652",3,2,2,2,"Persistent/strengthened","Persistent/strengthened",2,"Persistent/strengthened","Persistent/strengthened",-0.608832284509468,"Suppressed"
"K06413",3,3,1,3,"Gradual/incomplete","Gradual/incomplete",1,"Rapid","Rapid",6.54088707352636,"Enriched"
"K15270",3,1,1,1,"Rapid","Overshoot/reversal",1,"Rapid","Overshoot/reversal",1.56178859793968,"Enriched"
"K21025",3,3,2,3,"Gradual/incomplete","Gradual/incomplete",2,"Persistent/strengthened","Persistent/strengthened",-0.500449056822598,"Suppressed"
"K04835",3,3,3,3,"Gradual/incomplete","Gradual/incomplete",3,"Gradual/incomplete","Gradual/incomplete",2.16989638997104,"Enriched"
"K02672",3,1,3,1,"Rapid","Rapid",3,"Gradual/incomplete","Gradual/incomplete",-0.606572753464719,"Suppressed"
"K08900",3,2,2,2,"Persistent/strengthened","Persistent/strengthened",2,"Persistent/strengthened","Persistent/strengthened",-0.802001372324457,"Suppressed"
"K02657",3,3,2,3,"Gradual/incomplete","Gradual/incomplete",2,"Persistent/strengthened","Persistent/strengthened",-0.556314396847186,"Suppressed"
"K18676",3,3,2,3,"Gradual/incomplete","Gradual/incomplete",2,"Persistent/strengthened","Persistent/strengthened",0.832511217870958,"Enriched"
"K00436",3,1,3,1,"Rapid","Rapid",3,"Gradual/incomplete","Gradual/incomplete",-0.851542408743557,"Suppressed"
"K03831",3,3,3,3,"Gradual/incomplete","Gradual/incomplete",3,"Gradual/incomplete","Gradual/incomplete",-0.62819784054957,"Suppressed"
"K16188",3,1,3,1,"Rapid","Rapid",3,"Gradual/incomplete","Gradual/incomplete",2.95066991202015,"Enriched"
"K02690",3,2,2,2,"Persistent/strengthened","Persistent/strengthened",2,"Persistent/strengthened","Persistent/strengthened",-2.06417822201683,"Suppressed"
"K07044",3,2,2,2,"Persistent/strengthened","Persistent/strengthened",2,"Persistent/strengthened","Persistent/strengthened",0.595196330900778,"Enriched"
"K06396",3,1,1,1,"Rapid","Rapid",1,"Rapid","Rapid",6.207731775926,"Enriched"
"K17061",3,3,3,3,"Gradual/incomplete","Gradual/incomplete",3,"Gradual/incomplete","Gradual/incomplete",5.36765016333194,"Enriched"
"K05548",3,2,2,2,"Persistent/strengthened","Persistent/strengthened",2,"Persistent/strengthened","Persistent/strengthened",-0.788000295215367,"Suppressed"
"K07216",3,2,2,2,"Persistent/strengthened","Persistent/strengthened",2,"Persistent/strengthened","Persistent/strengthened",-0.674706640841271,"Suppressed"
"K16066",3,3,3,3,"Gradual/incomplete","Gradual/incomplete",3,"Gradual/incomplete","Gradual/incomplete",-1.0521299188411,"Suppressed"
"K00956",3,3,3,3,"Gradual/incomplete","Gradual/incomplete",3,"Gradual/incomplete","Gradual/incomplete",-0.642549353189728,"Suppressed"
"K10187",3,1,3,1,"Rapid","Rapid",3,"Gradual/incomplete","Gradual/incomplete",1.25817746345635,"Enriched"
"K18820",3,2,1,2,"Persistent/strengthened","Persistent/strengthened",1,"Rapid","Overshoot/reversal",-0.740027111469146,"Suppressed"
"K00394",3,2,2,2,"Persistent/strengthened","Persistent/strengthened",2,"Persistent/strengthened","Persistent/strengthened",-0.712674643970515,"Suppressed"
"K09711",3,2,2,2,"Persistent/strengthened","Persistent/strengthened",2,"Persistent/strengthened","Persistent/strengthened",-0.606125072616008,"Suppressed"
"K07459",3,1,3,1,"Rapid","Rapid",3,"Gradual/incomplete","Gradual/incomplete",1.31494504727739,"Enriched"
"K00122",3,3,2,3,"Gradual/incomplete","Gradual/incomplete",2,"Persistent/strengthened","Persistent/strengthened",0.92036733154964,"Enriched"
"K09922",3,1,1,1,"Rapid","Rapid",1,"Rapid","Rapid",-0.571814536453213,"Suppressed"
"K07394",3,3,3,3,"Gradual/incomplete","Gradual/incomplete",3,"Gradual/incomplete","Gradual/incomplete",-1.22221081802168,"Suppressed"
"K02848",3,1,3,1,"Rapid","Rapid",3,"Gradual/incomplete","Gradual/incomplete",-3.02412381898089,"Suppressed"
"K01753",3,1,1,1,"Rapid","Overshoot/reversal",1,"Rapid","Rapid",2.12374059751689,"Enriched"
"K02846",3,3,3,3,"Gradual/incomplete","Gradual/incomplete",3,"Gradual/incomplete","Gradual/incomplete",1.86882078849919,"Enriched"
"K21161",3,3,3,3,"Gradual/incomplete","Gradual/incomplete",3,"Gradual/incomplete","Gradual/incomplete",1.45328462347013,"Enriched"
"K05569",3,3,3,3,"Gradual/incomplete","Gradual/incomplete",3,"Gradual/incomplete","Gradual/incomplete",1.03165512642089,"Enriched"
"K10242",3,3,3,3,"Gradual/incomplete","Gradual/incomplete",3,"Gradual/incomplete","Gradual/incomplete",2.09630258501469,"Enriched"
"K05303",3,1,1,1,"Rapid","Rapid",1,"Rapid","Rapid",0.712717670212797,"Enriched"
"K08162",3,2,2,2,"Persistent/strengthened","Persistent/strengthened",2,"Persistent/strengthened","Persistent/strengthened",1.55184029764301,"Enriched"
"K18546",3,1,1,1,"Rapid","Rapid",1,"Rapid","Rapid",0.861614679768771,"Enriched"
"K10798",3,2,3,2,"Persistent/strengthened","Persistent/strengthened",3,"Gradual/incomplete","Gradual/incomplete",1.5620800604085,"Enriched"
"K02362",3,3,3,3,"Gradual/incomplete","Gradual/incomplete",3,"Gradual/incomplete","Gradual/incomplete",2.75866416656036,"Enriched"
"K08986",3,3,1,3,"Gradual/incomplete","Gradual/incomplete",1,"Rapid","Rapid",6.77098252362994,"Enriched"
"K00464",3,3,3,3,"Gradual/incomplete","Gradual/incomplete",3,"Gradual/incomplete","Gradual/incomplete",1.30949662022663,"Enriched"
"K15583",3,1,3,1,"Rapid","Rapid",3,"Gradual/incomplete","Gradual/incomplete",0.512957867083633,"Enriched"
"K10711",3,3,3,3,"Gradual/incomplete","Gradual/incomplete",3,"Gradual/incomplete","Gradual/incomplete",6.52508164786091,"Enriched"
"K07697",3,3,3,3,"Gradual/incomplete","Gradual/incomplete",3,"Gradual/incomplete","Gradual/incomplete",5.45705176047887,"Enriched"
"K05571",3,3,2,3,"Gradual/incomplete","Gradual/incomplete",2,"Persistent/strengthened","Persistent/strengthened",0.923598644175216,"Enriched"
"K21327",3,3,3,3,"Gradual/incomplete","Gradual/incomplete",3,"Gradual/incomplete","Gradual/incomplete",5.91817862208786,"Enriched"
"K04082",3,3,3,3,"Gradual/incomplete","Gradual/incomplete",3,"Gradual/incomplete","Gradual/incomplete",-0.602382497850074,"Suppressed"
"K22745",3,1,3,1,"Rapid","Overshoot/reversal",3,"Gradual/incomplete","Gradual/incomplete",1.030175305077,"Enriched"
"K23778",3,1,3,1,"Rapid","Rapid",3,"Gradual/incomplete","Gradual/incomplete",2.05858918707525,"Enriched"
"K12555",3,1,3,1,"Rapid","Rapid",3,"Gradual/incomplete","Gradual/incomplete",2.18844942952894,"Enriched"
"K00039",3,3,2,3,"Gradual/incomplete","Gradual/incomplete",2,"Persistent/strengthened","Persistent/strengthened",1.16253925935228,"Enriched"
"K18301",3,3,3,3,"Gradual/incomplete","Gradual/incomplete",3,"Gradual/incomplete","Gradual/incomplete",-2.71172240596813,"Suppressed"
"K09160",3,3,2,3,"Gradual/incomplete","Gradual/incomplete",2,"Persistent/strengthened","Persistent/strengthened",0.699745467132748,"Enriched"
"K11004",3,3,3,3,"Gradual/incomplete","Gradual/incomplete",3,"Gradual/incomplete","Gradual/incomplete",-0.572040487078235,"Suppressed"
"K09703",3,2,2,2,"Persistent/strengthened","Persistent/strengthened",2,"Persistent/strengthened","Persistent/strengthened",-0.565849265642055,"Suppressed"
"K04033",3,2,2,2,"Persistent/strengthened","Persistent/strengthened",2,"Persistent/strengthened","Persistent/strengthened",-0.786871199172376,"Suppressed"
"K13052",3,3,3,3,"Gradual/incomplete","Gradual/incomplete",3,"Gradual/incomplete","Gradual/incomplete",5.98664680632282,"Enriched"
"K16139",3,3,3,3,"Gradual/incomplete","Gradual/incomplete",3,"Gradual/incomplete","Gradual/incomplete",-2.27206745354564,"Suppressed"
"K10253",3,3,2,3,"Gradual/incomplete","Gradual/incomplete",2,"Persistent/strengthened","Persistent/strengthened",0.827682027780034,"Enriched"
"K11895",3,3,1,3,"Gradual/incomplete","Gradual/incomplete",1,"Rapid","Rapid",-0.675837349037074,"Suppressed"
"K19551",3,1,3,1,"Rapid","Overshoot/reversal",3,"Gradual/incomplete","Gradual/incomplete",-0.944592322656556,"Suppressed"
"K13799",3,3,3,3,"Gradual/incomplete","Gradual/incomplete",3,"Gradual/incomplete","Gradual/incomplete",-1.5374663088273,"Suppressed"
"K11410",3,1,3,1,"Rapid","Rapid",3,"Gradual/incomplete","Gradual/incomplete",1.23357115665671,"Enriched"
"K08225",3,3,3,3,"Gradual/incomplete","Gradual/incomplete",3,"Gradual/incomplete","Gradual/incomplete",1.56063974153167,"Enriched"
"K02126",3,2,2,2,"Persistent/strengthened","Persistent/strengthened",2,"Persistent/strengthened","Persistent/strengthened",-1.7298807217166,"Suppressed"
"K15466",3,3,2,3,"Gradual/incomplete","Gradual/incomplete",2,"Persistent/strengthened","Persistent/strengthened",2.96197442505256,"Enriched"
"K07714",3,1,3,1,"Rapid","Rapid",3,"Gradual/incomplete","Gradual/incomplete",-0.594848337487982,"Suppressed"
"K16426",3,3,3,3,"Gradual/incomplete","Gradual/incomplete",3,"Gradual/incomplete","Gradual/incomplete",2.48239172866846,"Enriched"
"K06301",3,1,3,1,"Rapid","Rapid",3,"Gradual/incomplete","Gradual/incomplete",6.11780698130398,"Enriched"
"K20261",3,1,1,1,"Rapid","Overshoot/reversal",1,"Rapid","Rapid",1.06443243809903,"Enriched"
"K09780",3,1,1,1,"Rapid","Overshoot/reversal",1,"Rapid","Overshoot/reversal",0.520264693907892,"Enriched"
"K03775",3,1,3,1,"Rapid","Rapid",3,"Gradual/incomplete","Gradual/incomplete",-0.555764791380492,"Suppressed"
"K02399",3,1,2,1,"Rapid","Rapid",2,"Persistent/strengthened","Persistent/strengthened",-1.04102833416249,"Suppressed"
"K08976",3,1,3,1,"Rapid","Rapid",3,"Gradual/incomplete","Gradual/incomplete",-0.52036516585974,"Suppressed"
"K21832",3,2,2,2,"Persistent/strengthened","Persistent/strengthened",2,"Persistent/strengthened","Persistent/strengthened",-1.00040395089914,"Suppressed"
"K09947",3,3,3,3,"Gradual/incomplete","Gradual/incomplete",3,"Gradual/incomplete","Gradual/incomplete",0.739692502519657,"Enriched"
"K16215",3,3,3,3,"Gradual/incomplete","Gradual/incomplete",3,"Gradual/incomplete","Gradual/incomplete",7.84943257231889,"Enriched"
"K01194",3,1,1,1,"Rapid","Rapid",1,"Rapid","Rapid",-0.566615215181219,"Suppressed"
"K18640",3,3,2,3,"Gradual/incomplete","Gradual/incomplete",2,"Persistent/strengthened","Persistent/strengthened",1.11486388484142,"Enriched"
"K22217",3,3,3,3,"Gradual/incomplete","Gradual/incomplete",3,"Gradual/incomplete","Gradual/incomplete",1.25604838925557,"Enriched"
"K19270",3,3,3,3,"Gradual/incomplete","Gradual/incomplete",3,"Gradual/incomplete","Gradual/incomplete",0.632462741456015,"Enriched"
"K10820",3,3,3,3,"Gradual/incomplete","Gradual/incomplete",3,"Gradual/incomplete","Gradual/incomplete",0.733286083528912,"Enriched"
"K04095",3,3,3,3,"Gradual/incomplete","Gradual/incomplete",3,"Gradual/incomplete","Gradual/incomplete",3.3968591030431,"Enriched"
"K02497",3,1,3,1,"Rapid","Rapid",3,"Gradual/incomplete","Gradual/incomplete",5.62164406707105,"Enriched"
"K03923",3,1,1,1,"Rapid","Rapid",1,"Rapid","Rapid",5.24185831490917,"Enriched"
"K16416",3,3,3,3,"Gradual/incomplete","Gradual/incomplete",3,"Gradual/incomplete","Gradual/incomplete",-2.71736112683246,"Suppressed"
"K07271",3,2,2,2,"Persistent/strengthened","Persistent/strengthened",2,"Persistent/strengthened","Persistent/strengthened",-1.58627455360421,"Suppressed"
"K00262",3,3,3,3,"Gradual/incomplete","Gradual/incomplete",3,"Gradual/incomplete","Gradual/incomplete",0.693574912322454,"Enriched"
"K19203",3,1,3,1,"Rapid","Overshoot/reversal",3,"Gradual/incomplete","Gradual/incomplete",1.02525141318514,"Enriched"
"K02441",3,2,3,2,"Persistent/strengthened","Persistent/strengthened",3,"Gradual/incomplete","Gradual/incomplete",1.32435377330834,"Enriched"
"K03784",3,1,3,1,"Rapid","Overshoot/reversal",3,"Gradual/incomplete","Gradual/incomplete",0.551879482891622,"Enriched"
"K10540",3,3,1,3,"Gradual/incomplete","Gradual/incomplete",1,"Rapid","Rapid",4.51506373961765,"Enriched"
"K16899",3,3,2,3,"Gradual/incomplete","Gradual/incomplete",2,"Persistent/strengthened","Persistent/strengthened",0.523634319141275,"Enriched"
"K00187",3,2,2,2,"Persistent/strengthened","Persistent/strengthened",2,"Persistent/strengthened","Persistent/strengthened",-0.577945332369334,"Suppressed"
"K16447",3,3,3,3,"Gradual/incomplete","Gradual/incomplete",3,"Gradual/incomplete","Gradual/incomplete",-4.46749113952187,"Suppressed"
"K00219",3,2,2,2,"Persistent/strengthened","Persistent/strengthened",2,"Persistent/strengthened","Persistent/strengthened",-0.553638823419551,"Suppressed"
"K07096",3,1,1,1,"Rapid","Overshoot/reversal",1,"Rapid","Overshoot/reversal",-0.628776234531019,"Suppressed"
"K15786",3,3,2,3,"Gradual/incomplete","Gradual/incomplete",2,"Persistent/strengthened","Persistent/strengthened",0.780084702188309,"Enriched"
"K06223",3,3,3,3,"Gradual/incomplete","Gradual/incomplete",3,"Gradual/incomplete","Gradual/incomplete",0.694907264889966,"Enriched"
"K07008",3,1,3,1,"Rapid","Rapid",3,"Gradual/incomplete","Gradual/incomplete",1.1937627690164,"Enriched"
"K21065",3,1,1,1,"Rapid","Rapid",1,"Rapid","Overshoot/reversal",-0.604594127541555,"Suppressed"
"K07029",3,1,3,1,"Rapid","Rapid",3,"Gradual/incomplete","Gradual/incomplete",0.637816604867918,"Enriched"
"K12567",3,1,1,1,"Rapid","Overshoot/reversal",1,"Rapid","Rapid",-0.854907924362863,"Suppressed"
"K02048",3,2,2,2,"Persistent/strengthened","Persistent/strengthened",2,"Persistent/strengthened","Persistent/strengthened",1.13035248759588,"Enriched"
"K07265",3,2,2,2,"Persistent/strengthened","Persistent/strengthened",2,"Persistent/strengthened","Persistent/strengthened",1.11653958736893,"Enriched"
"K06294",3,1,1,1,"Rapid","Rapid",1,"Rapid","Rapid",5.43850582247736,"Enriched"
"K10561",3,3,3,3,"Gradual/incomplete","Gradual/incomplete",3,"Gradual/incomplete","Gradual/incomplete",0.707643246768451,"Enriched"
"K06283",3,1,1,1,"Rapid","Rapid",1,"Rapid","Rapid",5.59578837263571,"Enriched"
"K13767",3,1,1,1,"Rapid","Overshoot/reversal",1,"Rapid","Overshoot/reversal",1.57140656522532,"Enriched"
"K09912",3,3,3,3,"Gradual/incomplete","Gradual/incomplete",3,"Gradual/incomplete","Gradual/incomplete",-0.788774588492784,"Suppressed"
"K12446",3,3,3,3,"Gradual/incomplete","Gradual/incomplete",3,"Gradual/incomplete","Gradual/incomplete",-0.618436542219383,"Suppressed"
"K03291",3,3,3,3,"Gradual/incomplete","Gradual/incomplete",3,"Gradual/incomplete","Gradual/incomplete",0.751864745812561,"Enriched"
"K09978",3,2,2,2,"Persistent/strengthened","Persistent/strengthened",2,"Persistent/strengthened","Persistent/strengthened",0.81121053788822,"Enriched"
"K06417",3,3,3,3,"Gradual/incomplete","Gradual/incomplete",3,"Gradual/incomplete","Gradual/incomplete",5.42770845706036,"Enriched"
"K18800",3,3,3,3,"Gradual/incomplete","Gradual/incomplete",3,"Gradual/incomplete","Gradual/incomplete",-1.15813765493872,"Suppressed"
"K05770",3,3,2,3,"Gradual/incomplete","Gradual/incomplete",2,"Persistent/strengthened","Persistent/strengthened",0.54003077795763,"Enriched"
"K10085",3,2,3,2,"Persistent/strengthened","Persistent/strengthened",3,"Gradual/incomplete","Gradual/incomplete",-0.893542280489236,"Suppressed"
"K21703",3,2,2,2,"Persistent/strengthened","Persistent/strengthened",2,"Persistent/strengthened","Persistent/strengthened",-0.549597694868442,"Suppressed"
"K14735",3,1,1,1,"Rapid","Rapid",1,"Rapid","Rapid",-2.69675421938629,"Suppressed"
"K16907",3,3,3,3,"Gradual/incomplete","Gradual/incomplete",3,"Gradual/incomplete","Gradual/incomplete",-2.27821532685748,"Suppressed"
"K05832",3,2,2,2,"Persistent/strengthened","Persistent/strengthened",2,"Persistent/strengthened","Persistent/strengthened",0.810598890034819,"Enriched"
"K17497",3,3,2,3,"Gradual/incomplete","Gradual/incomplete",2,"Persistent/strengthened","Persistent/strengthened",3.28765063694766,"Enriched"
"K14164",3,1,3,1,"Rapid","Overshoot/reversal",3,"Gradual/incomplete","Gradual/incomplete",-0.606637633226357,"Suppressed"
"K03811",3,1,3,1,"Rapid","Rapid",3,"Gradual/incomplete","Gradual/incomplete",0.546823122745214,"Enriched"
"K08717",3,1,3,1,"Rapid","Rapid",3,"Gradual/incomplete","Gradual/incomplete",1.73651457048193,"Enriched"
"K19511",3,2,2,2,"Persistent/strengthened","Persistent/strengthened",2,"Persistent/strengthened","Persistent/strengthened",-0.910191132967953,"Suppressed"
"K10680",3,3,3,3,"Gradual/incomplete","Gradual/incomplete",3,"Gradual/incomplete","Gradual/incomplete",0.61130482635015,"Enriched"
"K07041",3,2,2,2,"Persistent/strengthened","Persistent/strengthened",2,"Persistent/strengthened","Persistent/strengthened",-1.41053652432808,"Suppressed"
"K00768",3,3,3,3,"Gradual/incomplete","Gradual/incomplete",3,"Gradual/incomplete","Gradual/incomplete",0.788531342553524,"Enriched"
"K16397",3,3,3,3,"Gradual/incomplete","Gradual/incomplete",3,"Gradual/incomplete","Gradual/incomplete",-2.2269504061603,"Suppressed"
"K06410",3,1,3,1,"Rapid","Rapid",3,"Gradual/incomplete","Gradual/incomplete",2.82065872700357,"Enriched"
"K14166",3,3,3,3,"Gradual/incomplete","Gradual/incomplete",3,"Gradual/incomplete","Gradual/incomplete",1.44775871866504,"Enriched"
"K12255",3,3,3,3,"Gradual/incomplete","Gradual/incomplete",3,"Gradual/incomplete","Gradual/incomplete",2.25665850768814,"Enriched"
"K18687",3,3,3,3,"Gradual/incomplete","Gradual/incomplete",3,"Gradual/incomplete","Gradual/incomplete",-1.00092907919723,"Suppressed"
"K02841",3,2,2,2,"Persistent/strengthened","Persistent/strengthened",2,"Persistent/strengthened","Persistent/strengthened",-0.602989237202536,"Suppressed"
"K07131",3,1,3,1,"Rapid","Rapid",3,"Gradual/incomplete","Gradual/incomplete",0.853536339624228,"Enriched"
"K18058",3,3,3,3,"Gradual/incomplete","Gradual/incomplete",3,"Gradual/incomplete","Gradual/incomplete",4.24875512348602,"Enriched"
"K02240",3,3,3,3,"Gradual/incomplete","Gradual/incomplete",3,"Gradual/incomplete","Gradual/incomplete",7.45856228419475,"Enriched"
"K21479",3,1,3,1,"Rapid","Rapid",3,"Gradual/incomplete","Gradual/incomplete",6.80328980668386,"Enriched"
"K03658",3,2,2,2,"Persistent/strengthened","Persistent/strengthened",2,"Persistent/strengthened","Persistent/strengthened",-1.52000431133741,"Suppressed"
"K02856",3,3,1,3,"Gradual/incomplete","Gradual/incomplete",1,"Rapid","Rapid",-0.849097640369418,"Suppressed"
"K17734",3,3,3,3,"Gradual/incomplete","Gradual/incomplete",3,"Gradual/incomplete","Gradual/incomplete",-0.693435794941537,"Suppressed"
"K02188",3,3,3,3,"Gradual/incomplete","Gradual/incomplete",3,"Gradual/incomplete","Gradual/incomplete",1.48656415336198,"Enriched"
"K16925",3,1,3,1,"Rapid","Overshoot/reversal",3,"Gradual/incomplete","Gradual/incomplete",0.650804589090936,"Enriched"
"K01212",3,1,3,1,"Rapid","Rapid",3,"Gradual/incomplete","Gradual/incomplete",6.26449812000433,"Enriched"
"K18005",3,2,2,2,"Persistent/strengthened","Persistent/strengthened",2,"Persistent/strengthened","Persistent/strengthened",-0.886445316341864,"Suppressed"
"K01494",3,1,1,1,"Rapid","Rapid",1,"Rapid","Rapid",1.19595806096925,"Enriched"
"K05275",3,3,3,3,"Gradual/incomplete","Gradual/incomplete",3,"Gradual/incomplete","Gradual/incomplete",1.05840845544719,"Enriched"
"K06952",3,3,3,3,"Gradual/incomplete","Gradual/incomplete",3,"Gradual/incomplete","Gradual/incomplete",0.585973502182478,"Enriched"
"K19510",3,3,3,3,"Gradual/incomplete","Gradual/incomplete",3,"Gradual/incomplete","Gradual/incomplete",4.08205926350491,"Enriched"
"K19416",3,3,3,3,"Gradual/incomplete","Gradual/incomplete",3,"Gradual/incomplete","Gradual/incomplete",-0.668445858724596,"Suppressed"
"K20262",3,1,3,1,"Rapid","Rapid",3,"Gradual/incomplete","Gradual/incomplete",2.33080039056274,"Enriched"
"K06975",3,3,2,3,"Gradual/incomplete","Gradual/incomplete",2,"Persistent/strengthened","Persistent/strengthened",0.659085673708065,"Enriched"
"K17213",3,1,3,1,"Rapid","Rapid",3,"Gradual/incomplete","Gradual/incomplete",1.08826077784076,"Enriched"
"K18844",3,3,3,3,"Gradual/incomplete","Gradual/incomplete",3,"Gradual/incomplete","Gradual/incomplete",1.92582568046858,"Enriched"
"K07155",3,2,2,2,"Persistent/strengthened","Persistent/strengthened",2,"Persistent/strengthened","Persistent/strengthened",-1.73498424793512,"Suppressed"
"K12645",3,3,3,3,"Gradual/incomplete","Gradual/incomplete",3,"Gradual/incomplete","Gradual/incomplete",4.37410596995931,"Enriched"
"K05712",3,1,3,1,"Rapid","Rapid",3,"Gradual/incomplete","Gradual/incomplete",0.520813719936893,"Enriched"
"K13058",3,1,1,1,"Rapid","Overshoot/reversal",1,"Rapid","Overshoot/reversal",-1.66899072326864,"Suppressed"
"K16118",3,3,3,3,"Gradual/incomplete","Gradual/incomplete",3,"Gradual/incomplete","Gradual/incomplete",3.20828818254729,"Enriched"
"K21166",3,2,2,2,"Persistent/strengthened","Persistent/strengthened",2,"Persistent/strengthened","Persistent/strengthened",-0.546665554871909,"Suppressed"
"K10008",3,1,3,1,"Rapid","Rapid",3,"Gradual/incomplete","Gradual/incomplete",0.612289161156915,"Enriched"
"K13275",3,3,1,3,"Gradual/incomplete","Gradual/incomplete",1,"Rapid","Rapid",4.58954094846851,"Enriched"
"K09702",3,3,3,3,"Gradual/incomplete","Gradual/incomplete",3,"Gradual/incomplete","Gradual/incomplete",1.1070980652687,"Enriched"
"K20260",3,3,3,3,"Gradual/incomplete","Gradual/incomplete",3,"Gradual/incomplete","Gradual/incomplete",3.65646397348052,"Enriched"
"K23777",3,3,3,3,"Gradual/incomplete","Gradual/incomplete",3,"Gradual/incomplete","Gradual/incomplete",1.13552914075448,"Enriched"
"K19123",3,1,3,1,"Rapid","Rapid",3,"Gradual/incomplete","Gradual/incomplete",1.98988423035265,"Enriched"
"K03336",3,1,3,1,"Rapid","Rapid",3,"Gradual/incomplete","Gradual/incomplete",0.501198405136255,"Enriched"
"K13584",3,3,2,3,"Gradual/incomplete","Gradual/incomplete",2,"Persistent/strengthened","Persistent/strengthened",0.57895251915394,"Enriched"
"K12424",3,1,3,1,"Rapid","Rapid",3,"Gradual/incomplete","Gradual/incomplete",5.58154119215093,"Enriched"
"K10924",3,3,2,3,"Gradual/incomplete","Gradual/incomplete",2,"Persistent/strengthened","Persistent/strengthened",-1.22792765759964,"Suppressed"
"K16559",3,2,2,2,"Persistent/strengthened","Persistent/strengthened",2,"Persistent/strengthened","Persistent/strengthened",-1.46964800513309,"Suppressed"
"K03921",3,3,3,3,"Gradual/incomplete","Gradual/incomplete",3,"Gradual/incomplete","Gradual/incomplete",0.610365950419383,"Enriched"
"K03778",3,2,2,2,"Persistent/strengthened","Persistent/strengthened",2,"Persistent/strengthened","Persistent/strengthened",0.938017888862525,"Enriched"
"K00468",3,3,3,3,"Gradual/incomplete","Gradual/incomplete",3,"Gradual/incomplete","Gradual/incomplete",2.87195681007654,"Enriched"
"K00016",3,1,1,1,"Rapid","Overshoot/reversal",1,"Rapid","Rapid",-0.554459529089285,"Suppressed"
"K22515",3,2,2,2,"Persistent/strengthened","Persistent/strengthened",2,"Persistent/strengthened","Persistent/strengthened",-0.570307084518383,"Suppressed"
"K14591",3,2,3,2,"Persistent/strengthened","Persistent/strengthened",3,"Gradual/incomplete","Gradual/incomplete",-1.27061855353553,"Suppressed"
"K13652",3,3,2,3,"Gradual/incomplete","Gradual/incomplete",2,"Persistent/strengthened","Persistent/strengthened",-0.760828471677572,"Suppressed"
"K20484",3,3,3,3,"Gradual/incomplete","Gradual/incomplete",3,"Gradual/incomplete","Gradual/incomplete",2.25695669961079,"Enriched"
"K16035",3,3,3,3,"Gradual/incomplete","Gradual/incomplete",3,"Gradual/incomplete","Gradual/incomplete",2.17276782315163,"Enriched"
"K01067",3,3,3,3,"Gradual/incomplete","Gradual/incomplete",3,"Gradual/incomplete","Gradual/incomplete",-1.1770889853304,"Suppressed"
"K01574",3,3,3,3,"Gradual/incomplete","Gradual/incomplete",3,"Gradual/incomplete","Gradual/incomplete",-0.64200531199664,"Suppressed"
"K16033",3,1,1,1,"Rapid","Overshoot/reversal",1,"Rapid","Overshoot/reversal",1.04791376805087,"Enriched"
"K08224",3,3,3,3,"Gradual/incomplete","Gradual/incomplete",3,"Gradual/incomplete","Gradual/incomplete",1.25015247740209,"Enriched"
"K13327",3,3,3,3,"Gradual/incomplete","Gradual/incomplete",3,"Gradual/incomplete","Gradual/incomplete",2.86297688719815,"Enriched"
"K14287",3,3,3,3,"Gradual/incomplete","Gradual/incomplete",3,"Gradual/incomplete","Gradual/incomplete",-0.538363644147121,"Suppressed"
"K16511",3,3,3,3,"Gradual/incomplete","Gradual/incomplete",3,"Gradual/incomplete","Gradual/incomplete",6.75601712216896,"Enriched"
"K17329",3,1,3,1,"Rapid","Overshoot/reversal",3,"Gradual/incomplete","Gradual/incomplete",0.879958867797659,"Enriched"
"K11325",3,3,3,3,"Gradual/incomplete","Gradual/incomplete",3,"Gradual/incomplete","Gradual/incomplete",-1.06223524595946,"Suppressed"
"K06415",3,3,2,3,"Gradual/incomplete","Gradual/incomplete",2,"Persistent/strengthened","Persistent/strengthened",-0.695258100132126,"Suppressed"
"K07184",3,1,3,1,"Rapid","Overshoot/reversal",3,"Gradual/incomplete","Gradual/incomplete",-1.51314444424171,"Suppressed"
"K16047",3,3,2,3,"Gradual/incomplete","Gradual/incomplete",2,"Persistent/strengthened","Persistent/strengthened",-0.580245822836778,"Suppressed"
"K23054",3,2,2,2,"Persistent/strengthened","Persistent/strengthened",2,"Persistent/strengthened","Persistent/strengthened",-0.718656831193438,"Suppressed"
"K03166",3,2,2,2,"Persistent/strengthened","Persistent/strengthened",2,"Persistent/strengthened","Persistent/strengthened",-0.566555155735315,"Suppressed"
"K03748",3,1,1,1,"Rapid","Rapid",1,"Rapid","Rapid",-1.50376253609552,"Suppressed"
"K02205",3,3,3,3,"Gradual/incomplete","Gradual/incomplete",3,"Gradual/incomplete","Gradual/incomplete",6.94829617724926,"Enriched"
"K21645",3,2,2,2,"Persistent/strengthened","Persistent/strengthened",2,"Persistent/strengthened","Persistent/strengthened",1.20999921871837,"Enriched"
"K09516",3,3,3,3,"Gradual/incomplete","Gradual/incomplete",3,"Gradual/incomplete","Gradual/incomplete",-0.776214684163896,"Suppressed"
"K00232",3,2,3,2,"Persistent/strengthened","Persistent/strengthened",3,"Gradual/incomplete","Gradual/incomplete",-0.510784013044488,"Suppressed"
"K09689",3,2,2,2,"Persistent/strengthened","Persistent/strengthened",2,"Persistent/strengthened","Persistent/strengthened",1.25994920183198,"Enriched"
"K06937",3,1,3,1,"Rapid","Rapid",3,"Gradual/incomplete","Gradual/incomplete",-0.782122377181887,"Suppressed"
"K06859",3,3,3,3,"Gradual/incomplete","Gradual/incomplete",3,"Gradual/incomplete","Gradual/incomplete",1.95344808757083,"Enriched"
"K09957",3,3,3,3,"Gradual/incomplete","Gradual/incomplete",3,"Gradual/incomplete","Gradual/incomplete",0.971145350795118,"Enriched"
"K02002",3,3,3,3,"Gradual/incomplete","Gradual/incomplete",3,"Gradual/incomplete","Gradual/incomplete",0.682943333280231,"Enriched"
"K05970",3,1,3,1,"Rapid","Rapid",3,"Gradual/incomplete","Gradual/incomplete",-0.588176772258188,"Suppressed"
"K01134",3,1,1,1,"Rapid","Rapid",1,"Rapid","Overshoot/reversal",-1.47162504082454,"Suppressed"
"K23775",3,3,3,3,"Gradual/incomplete","Gradual/incomplete",3,"Gradual/incomplete","Gradual/incomplete",1.42778713169711,"Enriched"
"K15737",3,1,1,1,"Rapid","Overshoot/reversal",1,"Rapid","Rapid",3.00309528754743,"Enriched"
"K16050",3,3,3,3,"Gradual/incomplete","Gradual/incomplete",3,"Gradual/incomplete","Gradual/incomplete",-0.828283032945615,"Suppressed"
"K02651",3,2,2,2,"Persistent/strengthened","Persistent/strengthened",2,"Persistent/strengthened","Persistent/strengthened",0.540403361517783,"Enriched"
"K20628",3,3,3,3,"Gradual/incomplete","Gradual/incomplete",3,"Gradual/incomplete","Gradual/incomplete",1.39623007641464,"Enriched"
"K15836",3,3,2,3,"Gradual/incomplete","Gradual/incomplete",2,"Persistent/strengthened","Persistent/strengthened",-0.847517108776374,"Suppressed"
"K10189",3,2,2,2,"Persistent/strengthened","Persistent/strengthened",2,"Persistent/strengthened","Persistent/strengthened",1.02553149101576,"Enriched"
"K16427",3,3,3,3,"Gradual/incomplete","Gradual/incomplete",3,"Gradual/incomplete","Gradual/incomplete",2.3367716915501,"Enriched"
"K21684",3,2,2,2,"Persistent/strengthened","Persistent/strengthened",2,"Persistent/strengthened","Persistent/strengthened",1.43713246760767,"Enriched"
"K00433",3,3,3,3,"Gradual/incomplete","Gradual/incomplete",3,"Gradual/incomplete","Gradual/incomplete",0.718180701760185,"Enriched"
"K21113",3,1,3,1,"Rapid","Rapid",3,"Gradual/incomplete","Gradual/incomplete",7.04268478894425,"Enriched"
"K07039",3,3,1,3,"Gradual/incomplete","Gradual/incomplete",1,"Rapid","Rapid",-0.588441076306408,"Suppressed"
"K01182",3,3,1,3,"Gradual/incomplete","Gradual/incomplete",1,"Rapid","Rapid",-0.779789587132646,"Suppressed"
"K10794",3,2,3,2,"Persistent/strengthened","Persistent/strengthened",3,"Gradual/incomplete","Gradual/incomplete",-0.689689369971566,"Suppressed"
"K11733",3,3,3,3,"Gradual/incomplete","Gradual/incomplete",3,"Gradual/incomplete","Gradual/incomplete",5.97247306154496,"Enriched"
"K16694",3,1,1,1,"Rapid","Rapid",1,"Rapid","Rapid",3.51945111694531,"Enriched"
"K15894",3,3,3,3,"Gradual/incomplete","Gradual/incomplete",3,"Gradual/incomplete","Gradual/incomplete",1.02811597910726,"Enriched"
"K00018",3,3,3,3,"Gradual/incomplete","Gradual/incomplete",3,"Gradual/incomplete","Gradual/incomplete",-0.931346630493216,"Suppressed"
"K08070",3,1,1,1,"Rapid","Overshoot/reversal",1,"Rapid","Overshoot/reversal",-0.723348356186228,"Suppressed"
"K19580",3,2,2,2,"Persistent/strengthened","Persistent/strengthened",2,"Persistent/strengthened","Persistent/strengthened",-2.20232929688672,"Suppressed"
"K07389",3,1,3,1,"Rapid","Rapid",3,"Gradual/incomplete","Gradual/incomplete",-1.91894332258375,"Suppressed"
"K00544",3,3,3,3,"Gradual/incomplete","Gradual/incomplete",3,"Gradual/incomplete","Gradual/incomplete",-1.05555482480448,"Suppressed"
"K00786",3,3,2,3,"Gradual/incomplete","Gradual/incomplete",2,"Persistent/strengthened","Persistent/strengthened",-0.734026135177572,"Suppressed"
"K10233",3,3,3,3,"Gradual/incomplete","Gradual/incomplete",3,"Gradual/incomplete","Gradual/incomplete",0.831220569569352,"Enriched"
"K18828",3,1,1,1,"Rapid","Overshoot/reversal",1,"Rapid","Rapid",-0.798739471326802,"Suppressed"
"K10679",3,3,3,3,"Gradual/incomplete","Gradual/incomplete",3,"Gradual/incomplete","Gradual/incomplete",5.39569604645279,"Enriched"
"K03297",3,3,3,3,"Gradual/incomplete","Gradual/incomplete",3,"Gradual/incomplete","Gradual/incomplete",0.745657512381432,"Enriched"
"K14954",3,3,3,3,"Gradual/incomplete","Gradual/incomplete",3,"Gradual/incomplete","Gradual/incomplete",-1.01907595066435,"Suppressed"
"K21186",3,2,2,2,"Persistent/strengthened","Persistent/strengthened",2,"Persistent/strengthened","Persistent/strengthened",-0.788516400251787,"Suppressed"
"K23228",3,3,3,3,"Gradual/incomplete","Gradual/incomplete",3,"Gradual/incomplete","Gradual/incomplete",1.11350301519549,"Enriched"
"K05589",3,3,3,3,"Gradual/incomplete","Gradual/incomplete",3,"Gradual/incomplete","Gradual/incomplete",-0.796643061466336,"Suppressed"
"K16013",3,3,3,3,"Gradual/incomplete","Gradual/incomplete",3,"Gradual/incomplete","Gradual/incomplete",0.857391079133952,"Enriched"
"K18911",3,3,3,3,"Gradual/incomplete","Gradual/incomplete",3,"Gradual/incomplete","Gradual/incomplete",0.865755175937817,"Enriched"
"K08481",3,1,1,1,"Rapid","Overshoot/reversal",1,"Rapid","Overshoot/reversal",-0.525395560826416,"Suppressed"
"K00257",3,3,3,3,"Gradual/incomplete","Gradual/incomplete",3,"Gradual/incomplete","Gradual/incomplete",1.33408675588356,"Enriched"
"K09932",3,1,3,1,"Rapid","Rapid",3,"Gradual/incomplete","Gradual/incomplete",1.06440449157286,"Enriched"
"K02839",3,2,2,2,"Persistent/strengthened","Persistent/strengthened",2,"Persistent/strengthened","Persistent/strengthened",3.25938818152326,"Enriched"
"K03802",3,1,3,1,"Rapid","Rapid",3,"Gradual/incomplete","Gradual/incomplete",-0.500102339209111,"Suppressed"
"K14252",3,3,3,3,"Gradual/incomplete","Gradual/incomplete",3,"Gradual/incomplete","Gradual/incomplete",4.14594097769068,"Enriched"
"K06306",3,3,1,3,"Gradual/incomplete","Gradual/incomplete",1,"Rapid","Rapid",3.17646499855368,"Enriched"
"K00852",3,3,3,3,"Gradual/incomplete","Gradual/incomplete",3,"Gradual/incomplete","Gradual/incomplete",0.776527296322412,"Enriched"
"K07518",3,2,2,2,"Persistent/strengthened","Persistent/strengthened",2,"Persistent/strengthened","Persistent/strengthened",-0.528412653739604,"Suppressed"
"K09892",3,3,2,3,"Gradual/incomplete","Gradual/incomplete",2,"Persistent/strengthened","Persistent/strengthened",-0.670507511175741,"Suppressed"
"K20938",3,1,3,1,"Rapid","Overshoot/reversal",3,"Gradual/incomplete","Gradual/incomplete",1.56983996795746,"Enriched"
"K09146",3,2,2,2,"Persistent/strengthened","Persistent/strengthened",2,"Persistent/strengthened","Persistent/strengthened",-3.16332021627293,"Suppressed"
"K00752",3,2,2,2,"Persistent/strengthened","Persistent/strengthened",2,"Persistent/strengthened","Persistent/strengthened",0.523942852221595,"Enriched"
"K09913",3,1,1,1,"Rapid","Overshoot/reversal",1,"Rapid","Overshoot/reversal",-0.970051291532065,"Suppressed"
"K00690",3,3,2,3,"Gradual/incomplete","Gradual/incomplete",2,"Persistent/strengthened","Persistent/strengthened",-0.522499512103576,"Suppressed"
"K18692",3,3,3,3,"Gradual/incomplete","Gradual/incomplete",3,"Gradual/incomplete","Gradual/incomplete",6.51780465584891,"Enriched"
"K15760",3,1,3,1,"Rapid","Rapid",3,"Gradual/incomplete","Gradual/incomplete",-2.2088647322454,"Suppressed"
"K06236",3,3,2,3,"Gradual/incomplete","Gradual/incomplete",2,"Persistent/strengthened","Persistent/strengthened",3.3416353667684,"Enriched"
"K09946",3,2,2,2,"Persistent/strengthened","Persistent/strengthened",2,"Persistent/strengthened","Persistent/strengthened",0.770427691397986,"Enriched"
"K16149",3,3,3,3,"Gradual/incomplete","Gradual/incomplete",3,"Gradual/incomplete","Gradual/incomplete",-0.529183183828749,"Suppressed"
"K16446",3,3,3,3,"Gradual/incomplete","Gradual/incomplete",3,"Gradual/incomplete","Gradual/incomplete",-6.37510863461446,"Suppressed"
"K01459",3,2,2,2,"Persistent/strengthened","Persistent/strengthened",2,"Persistent/strengthened","Persistent/strengthened",-0.571925294790443,"Suppressed"
"K16212",3,3,3,3,"Gradual/incomplete","Gradual/incomplete",3,"Gradual/incomplete","Gradual/incomplete",-1.28685064785834,"Suppressed"
"K14628",3,3,3,3,"Gradual/incomplete","Gradual/incomplete",3,"Gradual/incomplete","Gradual/incomplete",4.47561199436465,"Enriched"
"K01181",3,3,3,3,"Gradual/incomplete","Gradual/incomplete",3,"Gradual/incomplete","Gradual/incomplete",0.768286272864209,"Enriched"
"K14055",3,3,2,3,"Gradual/incomplete","Gradual/incomplete",2,"Persistent/strengthened","Persistent/strengthened",-0.570601290849792,"Suppressed"
"K01617",3,3,3,3,"Gradual/incomplete","Gradual/incomplete",3,"Gradual/incomplete","Gradual/incomplete",1.65658134256883,"Enriched"
"K14952",3,3,3,3,"Gradual/incomplete","Gradual/incomplete",3,"Gradual/incomplete","Gradual/incomplete",2.31315017380453,"Enriched"
"K03697",3,3,3,3,"Gradual/incomplete","Gradual/incomplete",3,"Gradual/incomplete","Gradual/incomplete",6.60566960797399,"Enriched"
"K15924",3,1,3,1,"Rapid","Overshoot/reversal",3,"Gradual/incomplete","Gradual/incomplete",-0.967789905937043,"Suppressed"
"K13832",3,3,3,3,"Gradual/incomplete","Gradual/incomplete",3,"Gradual/incomplete","Gradual/incomplete",-0.901786264157671,"Suppressed"
"K21211",3,2,3,2,"Persistent/strengthened","Persistent/strengthened",3,"Gradual/incomplete","Gradual/incomplete",-2.04045362951007,"Suppressed"
"K03458",3,1,1,1,"Rapid","Overshoot/reversal",1,"Rapid","Overshoot/reversal",1.20203170291493,"Enriched"
"K21575",3,1,1,1,"Rapid","Rapid",1,"Rapid","Rapid",-0.909438109626898,"Suppressed"
"K12529",3,1,1,1,"Rapid","Rapid",1,"Rapid","Rapid",-2.12201141680442,"Suppressed"
"K12443",3,1,3,1,"Rapid","Rapid",3,"Gradual/incomplete","Gradual/incomplete",0.870800153669651,"Enriched"
"K08776",3,2,2,2,"Persistent/strengthened","Persistent/strengthened",2,"Persistent/strengthened","Persistent/strengthened",-0.597658239961308,"Suppressed"
"K22390",3,3,2,3,"Gradual/incomplete","Gradual/incomplete",2,"Persistent/strengthened","Persistent/strengthened",1.28321573621384,"Enriched"
"K01727",3,3,2,3,"Gradual/incomplete","Gradual/incomplete",2,"Persistent/strengthened","Persistent/strengthened",0.58266270500589,"Enriched"
"K07559",3,3,3,3,"Gradual/incomplete","Gradual/incomplete",3,"Gradual/incomplete","Gradual/incomplete",2.15843914058927,"Enriched"
"K06926",3,3,3,3,"Gradual/incomplete","Gradual/incomplete",3,"Gradual/incomplete","Gradual/incomplete",3.30066712823388,"Enriched"
"K19224",3,3,3,3,"Gradual/incomplete","Gradual/incomplete",3,"Gradual/incomplete","Gradual/incomplete",2.15077150268923,"Enriched"
"K11894",3,3,2,3,"Gradual/incomplete","Gradual/incomplete",2,"Persistent/strengthened","Persistent/strengthened",-0.709105959442645,"Suppressed"
"K00132",3,3,3,3,"Gradual/incomplete","Gradual/incomplete",3,"Gradual/incomplete","Gradual/incomplete",-0.889831781360823,"Suppressed"
"K21255",3,2,2,2,"Persistent/strengthened","Persistent/strengthened",2,"Persistent/strengthened","Persistent/strengthened",-1.81018626334723,"Suppressed"
"K08321",3,1,1,1,"Rapid","Overshoot/reversal",1,"Rapid","Rapid",0.883679145229125,"Enriched"
"K05851",3,1,3,1,"Rapid","Rapid",3,"Gradual/incomplete","Gradual/incomplete",4.011714089207,"Enriched"
"K21672",3,2,2,2,"Persistent/strengthened","Persistent/strengthened",2,"Persistent/strengthened","Persistent/strengthened",-0.524296180340467,"Suppressed"
"K22693",3,3,3,3,"Gradual/incomplete","Gradual/incomplete",3,"Gradual/incomplete","Gradual/incomplete",-3.8007402840936,"Suppressed"
"K16016",3,3,3,3,"Gradual/incomplete","Gradual/incomplete",3,"Gradual/incomplete","Gradual/incomplete",3.89745528409827,"Enriched"
"K05878",3,1,1,1,"Rapid","Rapid",1,"Rapid","Overshoot/reversal",0.517121801060761,"Enriched"
"K23149",3,1,3,1,"Rapid","Rapid",3,"Gradual/incomplete","Gradual/incomplete",1.45340273313566,"Enriched"
"K16870",3,2,2,2,"Persistent/strengthened","Persistent/strengthened",2,"Persistent/strengthened","Persistent/strengthened",-0.560720782208149,"Suppressed"
"K23465",3,3,1,3,"Gradual/incomplete","Gradual/incomplete",1,"Rapid","Rapid",2.07194045987971,"Enriched"
"K10004",3,3,3,3,"Gradual/incomplete","Gradual/incomplete",3,"Gradual/incomplete","Gradual/incomplete",-0.647825204178021,"Suppressed"
"K23170",3,1,3,1,"Rapid","Rapid",3,"Gradual/incomplete","Gradual/incomplete",0.763674224197402,"Enriched"
"K00290",3,1,3,1,"Rapid","Rapid",3,"Gradual/incomplete","Gradual/incomplete",0.845049453642173,"Enriched"
"K00986",3,2,2,2,"Persistent/strengthened","Persistent/strengthened",2,"Persistent/strengthened","Persistent/strengthened",-0.528759402465334,"Suppressed"
"K01446",3,3,3,3,"Gradual/incomplete","Gradual/incomplete",3,"Gradual/incomplete","Gradual/incomplete",1.48652303764019,"Enriched"
"K04076",3,3,3,3,"Gradual/incomplete","Gradual/incomplete",3,"Gradual/incomplete","Gradual/incomplete",5.66075510863526,"Enriched"
"K16784",3,3,3,3,"Gradual/incomplete","Gradual/incomplete",3,"Gradual/incomplete","Gradual/incomplete",-1.0782730037609,"Suppressed"
"K11908",3,1,1,1,"Rapid","Rapid",1,"Rapid","Rapid",-5.77777944893387,"Suppressed"
"K15067",3,3,3,3,"Gradual/incomplete","Gradual/incomplete",3,"Gradual/incomplete","Gradual/incomplete",0.533668243474169,"Enriched"
"K01387",3,3,3,3,"Gradual/incomplete","Gradual/incomplete",3,"Gradual/incomplete","Gradual/incomplete",2.1889219741597,"Enriched"
"K01337",3,2,2,2,"Persistent/strengthened","Persistent/strengthened",2,"Persistent/strengthened","Persistent/strengthened",-0.895762779562347,"Suppressed"
"K03740",3,3,3,3,"Gradual/incomplete","Gradual/incomplete",3,"Gradual/incomplete","Gradual/incomplete",4.72906218373828,"Enriched"
"K09733",3,3,3,3,"Gradual/incomplete","Gradual/incomplete",3,"Gradual/incomplete","Gradual/incomplete",1.96590214801368,"Enriched"
"K03632",3,1,3,1,"Rapid","Rapid",3,"Gradual/incomplete","Gradual/incomplete",-1.63918669882577,"Suppressed"
"K19124",3,1,3,1,"Rapid","Rapid",3,"Gradual/incomplete","Gradual/incomplete",1.17116718534587,"Enriched"
"K08989",3,3,3,3,"Gradual/incomplete","Gradual/incomplete",3,"Gradual/incomplete","Gradual/incomplete",1.6998647231974,"Enriched"
"K05364",3,1,3,1,"Rapid","Rapid",3,"Gradual/incomplete","Gradual/incomplete",0.629707805887908,"Enriched"
"K01226",3,3,3,3,"Gradual/incomplete","Gradual/incomplete",3,"Gradual/incomplete","Gradual/incomplete",5.81211082933461,"Enriched"
"K10005",3,1,3,1,"Rapid","Rapid",3,"Gradual/incomplete","Gradual/incomplete",0.871190363474708,"Enriched"
"K22927",3,3,3,3,"Gradual/incomplete","Gradual/incomplete",3,"Gradual/incomplete","Gradual/incomplete",5.33347003378142,"Enriched"
"K02462",3,3,3,3,"Gradual/incomplete","Gradual/incomplete",3,"Gradual/incomplete","Gradual/incomplete",-0.574648674549713,"Suppressed"
"K10547",3,3,2,3,"Gradual/incomplete","Gradual/incomplete",2,"Persistent/strengthened","Persistent/strengthened",1.17649234154818,"Enriched"
"K18610",3,1,1,1,"Rapid","Rapid",1,"Rapid","Rapid",-3.26500327132552,"Suppressed"
"K18476",3,1,3,1,"Rapid","Rapid",3,"Gradual/incomplete","Gradual/incomplete",1.17339816578507,"Enriched"
"K14987",3,2,2,2,"Persistent/strengthened","Persistent/strengthened",2,"Persistent/strengthened","Persistent/strengthened",0.752908805689358,"Enriched"
"K11940",3,2,2,2,"Persistent/strengthened","Persistent/strengthened",2,"Persistent/strengthened","Persistent/strengthened",0.51813244364735,"Enriched"
"K06192",3,2,2,2,"Persistent/strengthened","Persistent/strengthened",2,"Persistent/strengthened","Persistent/strengthened",-0.567871921083538,"Suppressed"
"K09956",3,3,3,3,"Gradual/incomplete","Gradual/incomplete",3,"Gradual/incomplete","Gradual/incomplete",2.43628368271325,"Enriched"
"K07644",3,3,3,3,"Gradual/incomplete","Gradual/incomplete",3,"Gradual/incomplete","Gradual/incomplete",-0.839255556650775,"Suppressed"
"K06194",3,3,3,3,"Gradual/incomplete","Gradual/incomplete",3,"Gradual/incomplete","Gradual/incomplete",-0.50614580270944,"Suppressed"
"K07048",3,1,1,1,"Rapid","Rapid",1,"Rapid","Rapid",0.528023104267261,"Enriched"
"K16243",3,2,2,2,"Persistent/strengthened","Persistent/strengthened",2,"Persistent/strengthened","Persistent/strengthened",-0.983336794086517,"Suppressed"
"K18968",3,2,2,2,"Persistent/strengthened","Persistent/strengthened",2,"Persistent/strengthened","Persistent/strengthened",-0.779454817868896,"Suppressed"
"K00203",3,3,1,3,"Gradual/incomplete","Gradual/incomplete",1,"Rapid","Rapid",2.01712308349311,"Enriched"
"K02484",3,1,3,1,"Rapid","Rapid",3,"Gradual/incomplete","Gradual/incomplete",0.502346348560242,"Enriched"
"K13963",3,1,2,1,"Rapid","Overshoot/reversal",2,"Persistent/strengthened","Persistent/strengthened",-0.516360751440719,"Suppressed"
"K18586",3,2,2,2,"Persistent/strengthened","Persistent/strengthened",2,"Persistent/strengthened","Persistent/strengthened",1.18540918308948,"Enriched"
"K19295",3,3,3,3,"Gradual/incomplete","Gradual/incomplete",3,"Gradual/incomplete","Gradual/incomplete",-1.01740239331247,"Suppressed"
"K08368",3,3,3,3,"Gradual/incomplete","Gradual/incomplete",3,"Gradual/incomplete","Gradual/incomplete",6.95942171667808,"Enriched"
"K01227",3,1,1,1,"Rapid","Rapid",1,"Rapid","Rapid",6.5614465122365,"Enriched"
"K01060",3,3,3,3,"Gradual/incomplete","Gradual/incomplete",3,"Gradual/incomplete","Gradual/incomplete",1.51422643622506,"Enriched"
"K21169",3,1,1,1,"Rapid","Rapid",1,"Rapid","Rapid",3.13818793245384,"Enriched"
"K21817",3,3,3,3,"Gradual/incomplete","Gradual/incomplete",3,"Gradual/incomplete","Gradual/incomplete",6.50724957917418,"Enriched"
"K21471",3,1,3,1,"Rapid","Rapid",3,"Gradual/incomplete","Gradual/incomplete",0.888557459911329,"Enriched"
"K16869",3,1,1,1,"Rapid","Rapid",1,"Rapid","Rapid",6.37809132846242,"Enriched"
"K14665",3,3,3,3,"Gradual/incomplete","Gradual/incomplete",3,"Gradual/incomplete","Gradual/incomplete",3.67870855028079,"Enriched"
"K13930",3,3,3,3,"Gradual/incomplete","Gradual/incomplete",3,"Gradual/incomplete","Gradual/incomplete",5.89519596500523,"Enriched"
"K12434",3,1,1,1,"Rapid","Rapid",1,"Rapid","Rapid",1.62006079094793,"Enriched"
"K06219",3,2,2,2,"Persistent/strengthened","Persistent/strengthened",2,"Persistent/strengthened","Persistent/strengthened",-2.06283390082368,"Suppressed"
"K01761",3,3,3,3,"Gradual/incomplete","Gradual/incomplete",3,"Gradual/incomplete","Gradual/incomplete",0.702090796895589,"Enriched"
"K06921",3,3,3,3,"Gradual/incomplete","Gradual/incomplete",3,"Gradual/incomplete","Gradual/incomplete",1.57776937995167,"Enriched"
"K01158",3,3,3,3,"Gradual/incomplete","Gradual/incomplete",3,"Gradual/incomplete","Gradual/incomplete",3.38588408495673,"Enriched"
"K09786",3,3,3,3,"Gradual/incomplete","Gradual/incomplete",3,"Gradual/incomplete","Gradual/incomplete",-0.60762946311077,"Suppressed"
"K10125",3,3,2,3,"Gradual/incomplete","Gradual/incomplete",2,"Persistent/strengthened","Persistent/strengthened",1.09809553671937,"Enriched"
"K03299",3,3,3,3,"Gradual/incomplete","Gradual/incomplete",3,"Gradual/incomplete","Gradual/incomplete",0.663642556921983,"Enriched"
"K02827",3,3,3,3,"Gradual/incomplete","Gradual/incomplete",3,"Gradual/incomplete","Gradual/incomplete",3.3433659939438,"Enriched"
"K02588",3,3,3,3,"Gradual/incomplete","Gradual/incomplete",3,"Gradual/incomplete","Gradual/incomplete",-0.954151872328053,"Suppressed"
"K18785",3,3,3,3,"Gradual/incomplete","Gradual/incomplete",3,"Gradual/incomplete","Gradual/incomplete",-0.681181649210216,"Suppressed"
"K16044",3,3,3,3,"Gradual/incomplete","Gradual/incomplete",3,"Gradual/incomplete","Gradual/incomplete",1.97104301238483,"Enriched"
"K17893",3,3,2,3,"Gradual/incomplete","Gradual/incomplete",2,"Persistent/strengthened","Persistent/strengthened",1.20347920971759,"Enriched"
"K15511",3,2,2,2,"Persistent/strengthened","Persistent/strengthened",2,"Persistent/strengthened","Persistent/strengthened",-0.572100648438925,"Suppressed"
"K00968",3,2,2,2,"Persistent/strengthened","Persistent/strengthened",2,"Persistent/strengthened","Persistent/strengthened",-1.10957085255637,"Suppressed"
"K17095",3,3,1,3,"Gradual/incomplete","Gradual/incomplete",1,"Rapid","Rapid",1.98746569185956,"Enriched"
"K06694",3,3,3,3,"Gradual/incomplete","Gradual/incomplete",3,"Gradual/incomplete","Gradual/incomplete",-1.95837437613085,"Suppressed"
"K00045",3,2,3,2,"Persistent/strengthened","Persistent/strengthened",3,"Gradual/incomplete","Gradual/incomplete",-0.676521864175218,"Suppressed"
"K22819",3,3,2,3,"Gradual/incomplete","Gradual/incomplete",2,"Persistent/strengthened","Persistent/strengthened",-1.23179687624187,"Suppressed"
"K07806",3,1,1,1,"Rapid","Rapid",1,"Rapid","Overshoot/reversal",0.831017431574252,"Enriched"
"K08642",3,3,3,3,"Gradual/incomplete","Gradual/incomplete",3,"Gradual/incomplete","Gradual/incomplete",-2.04569595963966,"Suppressed"
"K17713",3,2,2,2,"Persistent/strengthened","Persistent/strengthened",2,"Persistent/strengthened","Persistent/strengthened",-0.502449590492441,"Suppressed"
"K02558",3,3,3,3,"Gradual/incomplete","Gradual/incomplete",3,"Gradual/incomplete","Gradual/incomplete",-0.505657341165751,"Suppressed"
"K13276",3,1,1,1,"Rapid","Rapid",1,"Rapid","Overshoot/reversal",1.25819996905916,"Enriched"
"K12282",3,3,2,3,"Gradual/incomplete","Gradual/incomplete",2,"Persistent/strengthened","Persistent/strengthened",-0.864310318682255,"Suppressed"
"K18431",3,3,3,3,"Gradual/incomplete","Gradual/incomplete",3,"Gradual/incomplete","Gradual/incomplete",-0.621738457328723,"Suppressed"
"K15653",3,3,3,3,"Gradual/incomplete","Gradual/incomplete",3,"Gradual/incomplete","Gradual/incomplete",-4.86229410650423,"Suppressed"
"K18232",3,3,3,3,"Gradual/incomplete","Gradual/incomplete",3,"Gradual/incomplete","Gradual/incomplete",1.85020111276894,"Enriched"
"K13929",3,3,3,3,"Gradual/incomplete","Gradual/incomplete",3,"Gradual/incomplete","Gradual/incomplete",1.79105304267854,"Enriched"
"K19268",3,2,2,2,"Persistent/strengthened","Persistent/strengthened",2,"Persistent/strengthened","Persistent/strengthened",-1.05996155343321,"Suppressed"
"K11654",3,2,2,2,"Persistent/strengthened","Persistent/strengthened",2,"Persistent/strengthened","Persistent/strengthened",1.50718342872002,"Enriched"
"K03346",3,1,3,1,"Rapid","Rapid",3,"Gradual/incomplete","Gradual/incomplete",6.63736974930617,"Enriched"
"K09880",3,3,3,3,"Gradual/incomplete","Gradual/incomplete",3,"Gradual/incomplete","Gradual/incomplete",-0.807488335371045,"Suppressed"
"K02529",3,3,3,3,"Gradual/incomplete","Gradual/incomplete",3,"Gradual/incomplete","Gradual/incomplete",0.743424862040297,"Enriched"
"K02364",3,3,3,3,"Gradual/incomplete","Gradual/incomplete",3,"Gradual/incomplete","Gradual/incomplete",2.07342696295554,"Enriched"
"K13328",3,1,1,1,"Rapid","Rapid",1,"Rapid","Rapid",3.22017851816103,"Enriched"
"K19794",3,2,2,2,"Persistent/strengthened","Persistent/strengthened",2,"Persistent/strengthened","Persistent/strengthened",-0.8328991186659,"Suppressed"
"K05665",3,2,2,2,"Persistent/strengthened","Persistent/strengthened",2,"Persistent/strengthened","Persistent/strengthened",-2.33945437764837,"Suppressed"
"K14520",3,3,3,3,"Gradual/incomplete","Gradual/incomplete",3,"Gradual/incomplete","Gradual/incomplete",-0.855408600379217,"Suppressed"
"K07654",3,1,3,1,"Rapid","Rapid",3,"Gradual/incomplete","Gradual/incomplete",0.952139006891324,"Enriched"
"K07319",3,3,3,3,"Gradual/incomplete","Gradual/incomplete",3,"Gradual/incomplete","Gradual/incomplete",3.93642804916433,"Enriched"
"K07215",3,2,2,2,"Persistent/strengthened","Persistent/strengthened",2,"Persistent/strengthened","Persistent/strengthened",1.31798984047413,"Enriched"
"K01197",3,1,1,1,"Rapid","Rapid",1,"Rapid","Rapid",1.20642712154581,"Enriched"
"K09771",3,3,3,3,"Gradual/incomplete","Gradual/incomplete",3,"Gradual/incomplete","Gradual/incomplete",1.91237542280111,"Enriched"
"K13771",3,3,3,3,"Gradual/incomplete","Gradual/incomplete",3,"Gradual/incomplete","Gradual/incomplete",0.592323148215603,"Enriched"
"K14712",3,3,3,3,"Gradual/incomplete","Gradual/incomplete",3,"Gradual/incomplete","Gradual/incomplete",1.8774936989962,"Enriched"
"K18286",3,1,3,1,"Rapid","Rapid",3,"Gradual/incomplete","Gradual/incomplete",0.879351289697143,"Enriched"
"K00260",3,1,1,1,"Rapid","Overshoot/reversal",1,"Rapid","Overshoot/reversal",0.853846450921961,"Enriched"
"K00098",3,2,2,2,"Persistent/strengthened","Persistent/strengthened",2,"Persistent/strengthened","Persistent/strengthened",-0.654125165018097,"Suppressed"
"K01170",3,3,3,3,"Gradual/incomplete","Gradual/incomplete",3,"Gradual/incomplete","Gradual/incomplete",-2.98504933461595,"Suppressed"
"K06042",3,1,3,1,"Rapid","Rapid",3,"Gradual/incomplete","Gradual/incomplete",1.2926628046816,"Enriched"
"K13788",3,1,3,1,"Rapid","Rapid",3,"Gradual/incomplete","Gradual/incomplete",0.748486932304718,"Enriched"
"K23366",3,3,3,3,"Gradual/incomplete","Gradual/incomplete",3,"Gradual/incomplete","Gradual/incomplete",4.62625900610574,"Enriched"
"K23425",3,2,2,2,"Persistent/strengthened","Persistent/strengthened",2,"Persistent/strengthened","Persistent/strengthened",1.24675983724724,"Enriched"
"K06617",3,1,3,1,"Rapid","Rapid",3,"Gradual/incomplete","Gradual/incomplete",-1.56963717398955,"Suppressed"
"K03041",3,3,3,3,"Gradual/incomplete","Gradual/incomplete",3,"Gradual/incomplete","Gradual/incomplete",-1.82611146630001,"Suppressed"
"K12583",3,3,3,3,"Gradual/incomplete","Gradual/incomplete",3,"Gradual/incomplete","Gradual/incomplete",-1.58526286448023,"Suppressed"
"K18333",3,3,1,3,"Gradual/incomplete","Gradual/incomplete",1,"Rapid","Rapid",-1.14231239176039,"Suppressed"
"K21344",3,3,3,3,"Gradual/incomplete","Gradual/incomplete",3,"Gradual/incomplete","Gradual/incomplete",-0.76234205735212,"Suppressed"
"K15579",3,1,3,1,"Rapid","Rapid",3,"Gradual/incomplete","Gradual/incomplete",-1.87826542758918,"Suppressed"
"K15650",3,3,2,3,"Gradual/incomplete","Gradual/incomplete",2,"Persistent/strengthened","Persistent/strengthened",3.03251340338364,"Enriched"
"K14616",3,3,3,3,"Gradual/incomplete","Gradual/incomplete",3,"Gradual/incomplete","Gradual/incomplete",-3.24285740914758,"Suppressed"
"K20543",3,2,2,2,"Persistent/strengthened","Persistent/strengthened",2,"Persistent/strengthened","Persistent/strengthened",-0.992824518355903,"Suppressed"
"K09688",3,2,2,2,"Persistent/strengthened","Persistent/strengthened",2,"Persistent/strengthened","Persistent/strengthened",0.979997637376473,"Enriched"
"K06948",3,3,3,3,"Gradual/incomplete","Gradual/incomplete",3,"Gradual/incomplete","Gradual/incomplete",4.24103434171445,"Enriched"
"K06027",3,3,3,3,"Gradual/incomplete","Gradual/incomplete",3,"Gradual/incomplete","Gradual/incomplete",1.91853267683801,"Enriched"
"K02457",3,3,3,3,"Gradual/incomplete","Gradual/incomplete",3,"Gradual/incomplete","Gradual/incomplete",-0.536181076225165,"Suppressed"
"K18371",3,1,3,1,"Rapid","Rapid",3,"Gradual/incomplete","Gradual/incomplete",-2.33461062654866,"Suppressed"
"K07710",3,2,2,2,"Persistent/strengthened","Persistent/strengthened",2,"Persistent/strengthened","Persistent/strengthened",-0.608238773050514,"Suppressed"
"K00595",3,3,3,3,"Gradual/incomplete","Gradual/incomplete",3,"Gradual/incomplete","Gradual/incomplete",0.77746743845436,"Enriched"
"K04029",3,1,1,1,"Rapid","Rapid",1,"Rapid","Rapid",5.85353408403461,"Enriched"
"K18675",3,2,3,2,"Persistent/strengthened","Persistent/strengthened",3,"Gradual/incomplete","Gradual/incomplete",-2.61289216100264,"Suppressed"
"K16959",3,1,1,1,"Rapid","Overshoot/reversal",1,"Rapid","Overshoot/reversal",3.39911718577501,"Enriched"
"K10240",3,3,3,3,"Gradual/incomplete","Gradual/incomplete",3,"Gradual/incomplete","Gradual/incomplete",1.7985840664389,"Enriched"
"K07393",3,3,3,3,"Gradual/incomplete","Gradual/incomplete",3,"Gradual/incomplete","Gradual/incomplete",1.12331128310501,"Enriched"
"K04073",3,1,3,1,"Rapid","Rapid",3,"Gradual/incomplete","Gradual/incomplete",0.709519779586397,"Enriched"
"K01502",3,3,2,3,"Gradual/incomplete","Gradual/incomplete",2,"Persistent/strengthened","Persistent/strengthened",-0.533398747630322,"Suppressed"
"K12254",3,3,2,3,"Gradual/incomplete","Gradual/incomplete",2,"Persistent/strengthened","Persistent/strengthened",-0.826493628808588,"Suppressed"
"K19267",3,3,3,3,"Gradual/incomplete","Gradual/incomplete",3,"Gradual/incomplete","Gradual/incomplete",0.865550643604964,"Enriched"
"K17318",3,3,2,3,"Gradual/incomplete","Gradual/incomplete",2,"Persistent/strengthened","Persistent/strengthened",1.34276889605059,"Enriched"
"K01856",3,1,1,1,"Rapid","Rapid",1,"Rapid","Rapid",0.722744985832086,"Enriched"
"K02647",3,3,3,3,"Gradual/incomplete","Gradual/incomplete",3,"Gradual/incomplete","Gradual/incomplete",5.63699938487943,"Enriched"
"K11939",3,1,3,1,"Rapid","Rapid",3,"Gradual/incomplete","Gradual/incomplete",0.638834054554366,"Enriched"
"K20273",3,3,3,3,"Gradual/incomplete","Gradual/incomplete",3,"Gradual/incomplete","Gradual/incomplete",0.996848435451222,"Enriched"
"K14727",3,1,1,1,"Rapid","Overshoot/reversal",1,"Rapid","Rapid",0.566478758470016,"Enriched"
"K17108",3,1,1,1,"Rapid","Overshoot/reversal",1,"Rapid","Rapid",0.766457881821501,"Enriched"
"K23988",3,3,3,3,"Gradual/incomplete","Gradual/incomplete",3,"Gradual/incomplete","Gradual/incomplete",-0.987251437825035,"Suppressed"
"K12339",3,3,3,3,"Gradual/incomplete","Gradual/incomplete",3,"Gradual/incomplete","Gradual/incomplete",-0.723070629800935,"Suppressed"
"K09749",3,1,3,1,"Rapid","Overshoot/reversal",3,"Gradual/incomplete","Gradual/incomplete",-1.22304477798019,"Suppressed"
"K22694",3,3,3,3,"Gradual/incomplete","Gradual/incomplete",3,"Gradual/incomplete","Gradual/incomplete",-1.14542041100326,"Suppressed"
"K21159",3,3,3,3,"Gradual/incomplete","Gradual/incomplete",3,"Gradual/incomplete","Gradual/incomplete",1.60852314502798,"Enriched"
"K07789",3,2,2,2,"Persistent/strengthened","Persistent/strengthened",2,"Persistent/strengthened","Persistent/strengthened",-0.507201097301785,"Suppressed"
"K06714",3,1,3,1,"Rapid","Rapid",3,"Gradual/incomplete","Gradual/incomplete",6.42786733726501,"Enriched"
"K19147",3,3,2,3,"Gradual/incomplete","Gradual/incomplete",2,"Persistent/strengthened","Persistent/strengthened",0.540809469936983,"Enriched"
"K12278",3,3,2,3,"Gradual/incomplete","Gradual/incomplete",2,"Persistent/strengthened","Persistent/strengthened",-0.788854962427052,"Suppressed"
"K06876",3,3,3,3,"Gradual/incomplete","Gradual/incomplete",3,"Gradual/incomplete","Gradual/incomplete",2.73472439329025,"Enriched"
"K13940",3,2,2,2,"Persistent/strengthened","Persistent/strengthened",2,"Persistent/strengthened","Persistent/strengthened",-0.798463778689324,"Suppressed"
"K01661",3,3,3,3,"Gradual/incomplete","Gradual/incomplete",3,"Gradual/incomplete","Gradual/incomplete",-0.572159878184236,"Suppressed"
"K11741",3,3,3,3,"Gradual/incomplete","Gradual/incomplete",3,"Gradual/incomplete","Gradual/incomplete",1.03992645767224,"Enriched"
"K00643",3,2,2,2,"Persistent/strengthened","Persistent/strengthened",2,"Persistent/strengthened","Persistent/strengthened",0.501941280951238,"Enriched"
"K11737",3,3,3,3,"Gradual/incomplete","Gradual/incomplete",3,"Gradual/incomplete","Gradual/incomplete",1.75435477819558,"Enriched"
"K02128",3,2,2,2,"Persistent/strengthened","Persistent/strengthened",2,"Persistent/strengthened","Persistent/strengthened",-1.72744869026938,"Suppressed"
"K16968",3,3,2,3,"Gradual/incomplete","Gradual/incomplete",2,"Persistent/strengthened","Persistent/strengthened",-0.872065992301281,"Suppressed"
"K08153",3,3,3,3,"Gradual/incomplete","Gradual/incomplete",3,"Gradual/incomplete","Gradual/incomplete",1.57837922185823,"Enriched"
"K11144",3,1,3,1,"Rapid","Rapid",3,"Gradual/incomplete","Gradual/incomplete",6.4385068804778,"Enriched"
"K16650",3,2,2,2,"Persistent/strengthened","Persistent/strengthened",2,"Persistent/strengthened","Persistent/strengthened",-1.30755797361918,"Suppressed"
"K01630",3,3,2,3,"Gradual/incomplete","Gradual/incomplete",2,"Persistent/strengthened","Persistent/strengthened",-0.807222825837461,"Suppressed"
"K07079",3,3,3,3,"Gradual/incomplete","Gradual/incomplete",3,"Gradual/incomplete","Gradual/incomplete",-1.70400480396198,"Suppressed"
"K02525",3,2,2,2,"Persistent/strengthened","Persistent/strengthened",2,"Persistent/strengthened","Persistent/strengthened",2.68668270984526,"Enriched"
"K10108",3,3,2,3,"Gradual/incomplete","Gradual/incomplete",2,"Persistent/strengthened","Persistent/strengthened",1.04731637166648,"Enriched"
"K03706",3,1,1,1,"Rapid","Rapid",1,"Rapid","Rapid",6.17409832777449,"Enriched"
"K01906",3,1,1,1,"Rapid","Overshoot/reversal",1,"Rapid","Overshoot/reversal",1.72305004586177,"Enriched"
"K06406",3,3,3,3,"Gradual/incomplete","Gradual/incomplete",3,"Gradual/incomplete","Gradual/incomplete",6.66886478921641,"Enriched"
"K02553",3,3,3,3,"Gradual/incomplete","Gradual/incomplete",3,"Gradual/incomplete","Gradual/incomplete",2.14301936330759,"Enriched"
"K04781",3,3,3,3,"Gradual/incomplete","Gradual/incomplete",3,"Gradual/incomplete","Gradual/incomplete",1.98052562408754,"Enriched"
"K02422",3,1,1,1,"Rapid","Overshoot/reversal",1,"Rapid","Overshoot/reversal",-0.570171395127799,"Suppressed"
"K09959",3,3,3,3,"Gradual/incomplete","Gradual/incomplete",3,"Gradual/incomplete","Gradual/incomplete",0.626836891219417,"Enriched"
"K04127",3,3,3,3,"Gradual/incomplete","Gradual/incomplete",3,"Gradual/incomplete","Gradual/incomplete",0.642699510729324,"Enriched"
"K03583",3,3,3,3,"Gradual/incomplete","Gradual/incomplete",3,"Gradual/incomplete","Gradual/incomplete",-0.557133053205985,"Suppressed"
"K02405",3,1,1,1,"Rapid","Rapid",1,"Rapid","Rapid",-0.533814760279965,"Suppressed"
"K10156",3,3,3,3,"Gradual/incomplete","Gradual/incomplete",3,"Gradual/incomplete","Gradual/incomplete",3.94218926817756,"Enriched"
"K14670",3,1,3,1,"Rapid","Rapid",3,"Gradual/incomplete","Gradual/incomplete",2.06775476661894,"Enriched"
"K23356",3,3,3,3,"Gradual/incomplete","Gradual/incomplete",3,"Gradual/incomplete","Gradual/incomplete",1.04897772591098,"Enriched"
"K20428",3,2,2,2,"Persistent/strengthened","Persistent/strengthened",2,"Persistent/strengthened","Persistent/strengthened",-0.761978782558206,"Suppressed"
"K14274",3,3,3,3,"Gradual/incomplete","Gradual/incomplete",3,"Gradual/incomplete","Gradual/incomplete",0.669676196668325,"Enriched"
"K17752",3,3,3,3,"Gradual/incomplete","Gradual/incomplete",3,"Gradual/incomplete","Gradual/incomplete",0.595656395635835,"Enriched"
"K06409",3,3,3,3,"Gradual/incomplete","Gradual/incomplete",3,"Gradual/incomplete","Gradual/incomplete",-0.776699238075513,"Suppressed"
"K15576",3,3,2,3,"Gradual/incomplete","Gradual/incomplete",2,"Persistent/strengthened","Persistent/strengthened",-0.535217393955644,"Suppressed"
"K17623",3,1,3,1,"Rapid","Rapid",3,"Gradual/incomplete","Gradual/incomplete",-1.48772799291057,"Suppressed"
"K03790",3,1,3,1,"Rapid","Rapid",3,"Gradual/incomplete","Gradual/incomplete",0.762727937111004,"Enriched"
"K02418",3,1,1,1,"Rapid","Overshoot/reversal",1,"Rapid","Overshoot/reversal",-0.60872635102924,"Suppressed"
"K12953",3,3,3,3,"Gradual/incomplete","Gradual/incomplete",3,"Gradual/incomplete","Gradual/incomplete",-1.75301145484583,"Suppressed"
"K05658",3,1,3,1,"Rapid","Rapid",3,"Gradual/incomplete","Gradual/incomplete",-1.75066820772529,"Suppressed"
"K05288",3,3,3,3,"Gradual/incomplete","Gradual/incomplete",3,"Gradual/incomplete","Gradual/incomplete",-1.67289488724881,"Suppressed"
"K18225",3,1,1,1,"Rapid","Overshoot/reversal",1,"Rapid","Overshoot/reversal",-0.724676905396083,"Suppressed"
"K11472",3,1,1,1,"Rapid","Rapid",1,"Rapid","Rapid",0.510880043684439,"Enriched"
"K19702",3,1,3,1,"Rapid","Rapid",3,"Gradual/incomplete","Gradual/incomplete",1.4779461029618,"Enriched"
"K02987",3,3,3,3,"Gradual/incomplete","Gradual/incomplete",3,"Gradual/incomplete","Gradual/incomplete",-2.7751698054235,"Suppressed"
"K15629",3,3,3,3,"Gradual/incomplete","Gradual/incomplete",3,"Gradual/incomplete","Gradual/incomplete",2.47496510791327,"Enriched"
"K05350",3,3,3,3,"Gradual/incomplete","Gradual/incomplete",3,"Gradual/incomplete","Gradual/incomplete",0.883526998223252,"Enriched"
"K15891",3,1,1,1,"Rapid","Overshoot/reversal",1,"Rapid","Overshoot/reversal",-0.76959763901097,"Suppressed"
"K12542",3,2,2,2,"Persistent/strengthened","Persistent/strengthened",2,"Persistent/strengthened","Persistent/strengthened",0.664988950544763,"Enriched"
"K15503",3,1,3,1,"Rapid","Rapid",3,"Gradual/incomplete","Gradual/incomplete",-1.61913545998679,"Suppressed"
"K16116",3,3,3,3,"Gradual/incomplete","Gradual/incomplete",3,"Gradual/incomplete","Gradual/incomplete",6.02312330705197,"Enriched"
"K02919",3,3,2,3,"Gradual/incomplete","Gradual/incomplete",2,"Persistent/strengthened","Persistent/strengthened",0.680385445066465,"Enriched"
"K22282",3,1,1,1,"Rapid","Rapid",1,"Rapid","Overshoot/reversal",1.84053927697526,"Enriched"
