"KO","baseMean","log2FoldChange","lfcSE","stat","pvalue","padj","Primary_disturbed","High_confidence","Day0_direction"
"K24017",113.753494329536,1.86201600750073,0.252257792013726,7.3814013538952,0.000000000000156632046882778,0.00000000000344873232468616,TRUE,TRUE,"Enriched"
"K08352",212.666085035151,-0.627676519929,0.181524627975529,-3.45780364311566,0.00054459815374282,0.00225186721334065,TRUE,TRUE,"Suppressed"
"K15733",98.004808126947,1.36521726415918,0.265865502971177,5.1349921253499,0.000000282155837974824,0.00000250490313800357,TRUE,TRUE,"Enriched"
"K13316",11.1336319350718,6.86267181419183,1.35858618670264,5.05133342393823,0.000000438736450971713,0.00000373201340931169,TRUE,TRUE,"Enriched"
"K06898",598.554281284689,-0.503539447631059,0.105875905101819,-4.75593995769683,0.00000197525175492434,0.0000148545751581795,TRUE,TRUE,"Suppressed"
"K00693",43.5482576961918,-1.59793453762944,0.419315164818974,-3.8108198121556,0.000138506699187029,0.000676884902517381,TRUE,TRUE,"Suppressed"
"K00076",162.801770818444,-1.39057889453977,0.196492874767594,-7.07699399372371,0.000000000001473149156732,0.0000000000288898286395771,TRUE,TRUE,"Suppressed"
"K18593",12.9422904199018,-1.61061162765317,0.698879910128034,-2.30456134782599,0.0211911528098918,0.0526027028846277,TRUE,FALSE,"Suppressed"
"K07536",62.8352750669038,0.77513892012667,0.335036376316266,2.31359629855523,0.0206898769215615,0.0516104537196743,TRUE,FALSE,"Enriched"
"K10548",703.733522262149,1.24777289356008,0.130294383669496,9.57656698945039,0.00000000000000000000100324253916478,0.0000000000000000000413430827457161,TRUE,TRUE,"Enriched"
"K01218",1025.24025905846,1.25730342803306,0.083689766258834,15.0233831953181,0.0000000000000000000000000000000000000000000000000051605162465806,0.00000000000000000000000000000000000000000000000101528995444823,TRUE,TRUE,"Enriched"
"K10117",1851.03091338199,0.696570577046552,0.0741825814928501,9.38994792347161,0.00000000000000000000600299300021448,0.000000000000000000236208092311665,TRUE,TRUE,"Enriched"
"K15468",12.1275128376718,-2.17436546668173,0.753416929174185,-2.88600558666108,0.00390165231445157,0.0124979923665127,TRUE,TRUE,"Suppressed"
"K23980",79.7259398137491,0.844628861649024,0.30373846289215,2.78077676961489,0.00542290123524308,0.0165536910078816,TRUE,TRUE,"Enriched"
"K06518",17.1644087904629,2.6380622624394,0.724841711048101,3.63950117967802,0.000273166686262099,0.00122654679336915,TRUE,TRUE,"Enriched"
"K06483",5.8747506992896,-2.3036854422973,1.14585581358706,-2.01044967000316,0.0443836179832656,0.0977240743970891,TRUE,FALSE,"Suppressed"
"K01539",33.3609337133264,-0.985084367423803,0.415914587235343,-2.36847756163551,0.0178614637923079,0.0457526533680328,TRUE,TRUE,"Suppressed"
"K13498",289.05627470573,0.745185358200314,0.211206350732068,3.5282336710871,0.000418342684899514,0.00178051084103429,TRUE,TRUE,"Enriched"
"K06436",8.42160069738194,2.79197974798733,0.991874781655928,2.81485102718928,0.00487998498273533,0.0151311786526196,TRUE,TRUE,"Enriched"
"K10111",260.587517666792,0.502787673678003,0.152391938792859,3.29930623404842,0.000969241142025654,0.00371086109555208,TRUE,TRUE,"Enriched"
"K09943",18.2414651022615,-1.2307665726373,0.60733548790912,-2.0265019863642,0.0427133693799283,0.0949376238513785,TRUE,FALSE,"Suppressed"
"K17331",386.156773363872,0.900810820624317,0.152476464291744,5.90786797692747,0.00000000346563576049114,0.0000000415263506939794,TRUE,TRUE,"Enriched"
"K01302",98.9584888653828,-0.932899055838108,0.267924359546229,-3.48194937339074,0.000497777793074856,0.00207941558901613,TRUE,TRUE,"Suppressed"
"K00172",481.874271683495,-0.666249641167529,0.113394372224128,-5.87550888196342,0.00000000421546362383886,0.0000000497294248390584,TRUE,TRUE,"Suppressed"
"K11106",151.622353408126,-0.831083198098028,0.218975216615649,-3.7953299507714,0.0001474472298658,0.000714281695751801,TRUE,TRUE,"Suppressed"
"K01896",11.5554942090313,-1.81845788065756,0.74274299251283,-2.44830028554748,0.0143531977202038,0.0379619049850489,TRUE,TRUE,"Suppressed"
"K07465",554.973418267814,0.51171649167936,0.123691113301657,4.13705138566738,0.0000351797348542987,0.000197570168394446,TRUE,TRUE,"Enriched"
"K14629",36.1730312011507,4.29280880447577,0.617969106429385,6.94663982359822,0.00000000000374089150905951,0.0000000000691384767083453,TRUE,TRUE,"Enriched"
"K13931",6.87166301138579,4.21893758536975,1.35221814103888,3.12001256108606,0.00180843328077773,0.00635713808614603,TRUE,TRUE,"Enriched"
"K02008",412.894693092244,0.56427507058554,0.123088000739869,4.58432233193929,0.00000455461170149409,0.000031423729374901,TRUE,TRUE,"Enriched"
"K06438",6.58560408031765,6.10735939121983,1.48923177446411,4.10101335194618,0.0000411344821989297,0.000226221106340191,TRUE,TRUE,"Enriched"
"K12444",23.848349647398,-2.67601885993931,0.705037866677305,-3.79556756653486,0.000147306068560188,0.000714165112995699,TRUE,TRUE,"Suppressed"
"K21337",18.9430950700868,-2.69410564220103,0.642034815966926,-4.19619867209789,0.000027143217187776,0.000156323400970959,TRUE,TRUE,"Suppressed"
"K03693",27.8781548855935,4.69005816757129,0.740530334659602,6.33337751076349,0.000000000239851735556,0.0000000034945812469693,TRUE,TRUE,"Enriched"
"K18429",90.3128166277149,-0.905941935940214,0.266383138655132,-3.40089819691281,0.000671648357254439,0.00269676321981226,TRUE,TRUE,"Suppressed"
"K01616",155.551407676714,-1.61566227746324,0.207502900379914,-7.78621539508675,0.00000000000000690462011957239,0.000000000000175463658788633,TRUE,TRUE,"Suppressed"
"K15782",18.037524604444,1.59865749882576,0.601851023225078,2.65623457821704,0.00790186270275666,0.0229539474179311,TRUE,TRUE,"Enriched"
"K22215",12.2259597041244,2.04439929555534,0.76079463727346,2.68718941406064,0.0072056078909224,0.021230436003254,TRUE,TRUE,"Enriched"
"K06904",3091.8436190941,4.27288299188557,0.142146542942413,30.059703904418,0.00000000000000000000000000000000000000000000000000000000000000000000000000000000000000000000000000000000000000000000000000000000000000000000000000000000000000000000000000000000000000000000000000000163047023187794,0.00000000000000000000000000000000000000000000000000000000000000000000000000000000000000000000000000000000000000000000000000000000000000000000000000000000000000000000000000000000000000000000000000331474598140785,TRUE,TRUE,"Enriched"
"K04044",549.427433422077,-0.520950208321505,0.118871197049746,-4.38247633784234,0.0000117337913379818,0.0000728761643282599,TRUE,TRUE,"Suppressed"
"K23508",602.138404747946,0.524449123728393,0.115674212675965,4.53384649522117,0.00000579191288675141,0.0000392498629958854,TRUE,TRUE,"Enriched"
"K01233",104.60726127775,1.64539880286548,0.253827993810998,6.48233781531069,0.0000000000903121448263719,0.00000000141234300332318,TRUE,TRUE,"Enriched"
"K21993",21.9335753319899,4.32718797876683,0.758169236624142,5.70741698520274,0.000000011470353310504,0.000000127993335709601,TRUE,TRUE,"Enriched"
"K06720",99.2819385626853,0.947383774780703,0.24400121666751,3.88270102796931,0.000103302550707171,0.000521126763244859,TRUE,TRUE,"Enriched"
"K21571",130.680980697262,-0.605560578375609,0.219843840111219,-2.75450327864204,0.0058781301017298,0.0177202300836346,TRUE,TRUE,"Suppressed"
"K07224",442.70161198319,0.995241806414095,0.1637627603565,6.0773389765019,0.00000000122193280860536,0.0000000157559581388669,TRUE,TRUE,"Enriched"
"K02082",119.127616476314,-0.524417140355065,0.224813801295477,-2.33267324929849,0.0196653012278896,0.0495205087485131,TRUE,TRUE,"Suppressed"
"K20533",35.0518426583331,0.947629721169575,0.427808261818934,2.21508045950419,0.0267545424062205,0.064059928369901,TRUE,FALSE,"Enriched"
"K08086",907.460564728931,-0.531441786006899,0.0885623018494917,-6.0007675377506,0.0000000019638697954804,0.0000000243943826530244,TRUE,TRUE,"Suppressed"
"K06218",51.6034688706951,1.06608661761156,0.33592902501519,3.17354720260732,0.00150588413341259,0.00544421299921954,TRUE,TRUE,"Enriched"
"K17836",2248.62907141818,0.689025695318201,0.0614448621684519,11.2137235075771,0.0000000000000000000000000000349188023979129,0.00000000000000000000000000236633084249857,TRUE,TRUE,"Enriched"
"K17320",412.503678441298,1.78656322478699,0.152490286454159,11.7159149368118,0.000000000000000000000000000000105644532876455,0.00000000000000000000000000000776296392787345,TRUE,TRUE,"Enriched"
"K13592",285.15049882504,0.863567848059107,0.15538589687706,5.55756902920445,0.0000000273557810545843,0.000000288157009761502,TRUE,TRUE,"Enriched"
"K02554",684.275129415789,0.856883786252604,0.105574250846866,8.1164088722306,0.000000000000000480180982730083,0.0000000000000131919991606792,TRUE,TRUE,"Enriched"
"K22129",102.79081221581,-0.663561869178325,0.236433744096212,-2.80654469062717,0.00500759657306502,0.0154365899418505,TRUE,TRUE,"Suppressed"
"K03426",1662.02264593833,0.644548152862673,0.067974838950669,9.48215785153146,0.00000000000000000000249078112699464,0.0000000000000000000999425927206598,TRUE,TRUE,"Enriched"
"K03480",6.9402329859203,6.18214005626914,1.47203095665046,4.19973508596335,0.0000267227451036028,0.000154366551138108,TRUE,TRUE,"Enriched"
"K22476",160.336803216551,0.991047999247402,0.214429589096157,4.62178752207088,0.00000380447575487449,0.0000269808111964878,TRUE,TRUE,"Enriched"
"K13283",283.361683899908,0.908690143581531,0.158745248850989,5.72420371733142,0.0000000103919992467994,0.000000116723394854935,TRUE,TRUE,"Enriched"
"K01183",1713.55988940601,0.88088949035758,0.069660879149738,12.6453972604061,0.00000000000000000000000000000000000118623446320663,0.000000000000000000000000000000000111305292170727,TRUE,TRUE,"Enriched"
"K05601",19.3586349545961,1.58641148719133,0.579141987744404,2.73924446985783,0.00615805639880577,0.018465086517363,TRUE,TRUE,"Enriched"
"K10525",48.8880028937845,-0.908006175916443,0.359015454676305,-2.52915623572561,0.0114337118102562,0.0313976624631934,TRUE,TRUE,"Suppressed"
"K18197",90.3706818636324,-1.28727248387366,0.289807849871822,-4.44181372051519,0.00000892037701661975,0.0000576328171868261,TRUE,TRUE,"Suppressed"
"K10219",300.256173231471,-0.65839704845471,0.137962760919662,-4.77228089714808,0.00000182151218140664,0.0000138348727202978,TRUE,TRUE,"Suppressed"
"K02475",11.1582317208052,2.78062661653684,0.901528858837776,3.08434565269662,0.00204000431358955,0.00707332933972864,TRUE,TRUE,"Enriched"
"K10037",53.3999553188745,1.50947364338479,0.377796522727665,3.995467275576,0.000064566775778268,0.000340356754945252,TRUE,TRUE,"Enriched"
"K21008",11.0884272602945,-2.24951954409357,0.787591160392253,-2.85620212265106,0.00428742100015406,0.0135909462993449,TRUE,TRUE,"Suppressed"
"K22343",6.1911216295379,6.0120874244903,1.50384024570602,3.99782320074016,0.0000639276702481471,0.000337571308089566,TRUE,TRUE,"Enriched"
"K11989",10.7721991689182,-3.32302646520601,1.03065143736512,-3.22420009785403,0.00126325096589047,0.00467226661065252,TRUE,TRUE,"Suppressed"
"K20480",12.3584681470361,7.00970794670287,1.35795659688533,5.16195286563698,0.000000244386832700973,0.00000220490427905804,TRUE,TRUE,"Enriched"
"K11616",9.64233824398521,6.653523487489,1.39682295433993,4.76332628041121,0.00000190427554681199,0.0000144096483374769,TRUE,TRUE,"Enriched"
"K08168",12.4457574681931,2.30546017716639,0.837514987463625,2.75273900966043,0.0059098989599004,0.0177997401266334,TRUE,TRUE,"Enriched"
"K03394",135.871883764098,1.30102022489718,0.215803937171753,6.0287140352853,0.00000000165269418274258,0.0000000209124104160726,TRUE,TRUE,"Enriched"
"K01095",265.339642374476,-0.515651994115131,0.162795951343347,-3.16747431284447,0.00153769293938112,0.00553297300134835,TRUE,TRUE,"Suppressed"
"K18199",139.456014356767,0.702274230065893,0.23011409758609,3.05185226560558,0.00227434007865718,0.00777533640119404,TRUE,TRUE,"Enriched"
"K03332",195.089077383983,-0.544434497865172,0.184554623881112,-2.94999109974015,0.00317783083761255,0.010448296646145,TRUE,TRUE,"Suppressed"
"K09693",308.527578228514,2.25775127042806,0.150990655913777,14.9529204755382,0.0000000000000000000000000000000000000000000000000149065818256876,0.00000000000000000000000000000000000000000000000259757835871053,TRUE,TRUE,"Enriched"
"K23556",21.5957113750003,1.54002320335128,0.564759466177169,2.72686567571081,0.00639390617865244,0.0191065329659977,TRUE,TRUE,"Enriched"
"K21308",420.583209486923,-0.570315780819303,0.135470181145784,-4.20989900504795,0.0000255484868960338,0.000148118081348774,TRUE,TRUE,"Suppressed"
"K06382",26.4382844266533,8.10823058033666,1.26533871897999,6.40795263648681,0.00000000014748670745104,0.00000000223206309862008,TRUE,TRUE,"Enriched"
"K00271",557.830477536108,0.617042906021915,0.11012107825992,5.603313332671,0.0000000210292572235286,0.000000223834973483945,TRUE,TRUE,"Enriched"
"K14337",154.731991258076,-1.14920602775808,0.229840879309799,-5.0000070971234,0.000000573282041269106,0.00000477656717172169,TRUE,TRUE,"Suppressed"
"K10541",7.1871615243557,6.23354096094022,1.50630636287107,4.13829557823742,0.0000349895424707521,0.000196683151639739,TRUE,TRUE,"Enriched"
"K06312",21.4414993978234,5.91997907577773,1.1315833668125,5.23158898354387,0.000000168059100613262,0.00000155773929276639,TRUE,TRUE,"Enriched"
"K03152",51.2144306250255,-1.27010463419663,0.358528814181782,-3.54254549134412,0.000396285065278543,0.00170178724149799,TRUE,TRUE,"Suppressed"
"K01941",336.478670853316,-0.897343966873955,0.148140566210623,-6.05738178155828,0.00000000138354950711311,0.0000000177274547140396,TRUE,TRUE,"Suppressed"
"K01308",22.3966648512706,1.35997302672495,0.51783798257847,2.62625197934157,0.00863308820646329,0.0247198145404787,TRUE,TRUE,"Enriched"
"K06401",7.36903667959688,6.26605522772055,1.44267609790093,4.3433555437964,0.0000140322759062652,0.0000857543594712539,TRUE,TRUE,"Enriched"
"K22112",34.3010944015197,1.97339467782113,0.447352139872377,4.41127805577081,0.0000102762252805799,0.0000648806397373258,TRUE,TRUE,"Enriched"
"K23359",152.023565921493,-0.803806715236051,0.195809508759256,-4.10504433788411,0.0000404237341037017,0.000222512955143029,TRUE,TRUE,"Suppressed"
"K15719",14.0066050288117,-1.41669912361621,0.681725073705795,-2.0781091649089,0.0376993057259419,0.0852532686772411,TRUE,FALSE,"Suppressed"
"K22293",88.0807866509754,1.03813236441648,0.25589739956354,4.05683045700005,0.0000497431638426005,0.000268481023253116,TRUE,TRUE,"Enriched"
"K20265",452.35527230674,-0.529227738558485,0.117025339561368,-4.52233456909526,0.00000611612841879741,0.0000407675051652955,TRUE,TRUE,"Suppressed"
"K06944",47.144697923402,-0.814526699269704,0.361028280017662,-2.25612990547404,0.0240624967384715,0.0585609779247601,TRUE,FALSE,"Suppressed"
"K19242",6.38277525841222,6.05936228048766,1.50617952209587,4.02300136975437,0.0000574611621347336,0.000307417217420825,TRUE,TRUE,"Enriched"
"K10800",80.7284722869794,-0.899860761756771,0.301267837370798,-2.9869128069228,0.00281810085101246,0.00941655652594497,TRUE,TRUE,"Suppressed"
"K22757",297.461015434641,-0.878378470841835,0.140796518256528,-6.23863772853706,0.00000000044139789270857,0.00000000614631449230496,TRUE,TRUE,"Suppressed"
"K08167",901.678442005268,0.712996733955785,0.107630175505135,6.62450591211542,0.0000000000348411573861921,0.000000000575870511919744,TRUE,TRUE,"Enriched"
"K17203",37.9212486556727,1.20447556748928,0.473972158707732,2.54123695951518,0.0110461027939846,0.0305118573100147,TRUE,TRUE,"Enriched"
"K15640",12.4847836998235,1.56442195023825,0.705715649667901,2.21678795273201,0.0266375851490448,0.0638610974151039,TRUE,FALSE,"Enriched"
"K22551",54.1179983418338,1.13360717896181,0.364029711508285,3.11405125220394,0.00184537431407079,0.00647207472197687,TRUE,TRUE,"Enriched"
"K16885",115.838060355767,-0.649267558476124,0.262552571698909,-2.47290496632688,0.0134019776193494,0.0358235207898833,TRUE,TRUE,"Suppressed"
"K07051",335.347247443499,0.598595766073434,0.141631411905016,4.22643365636203,0.0000237424229286121,0.00013830471579905,TRUE,TRUE,"Enriched"
"K10009",59.304345766827,1.41632261227449,0.344479811986756,4.11148219138295,0.0000393127202313559,0.000217773188638546,TRUE,TRUE,"Enriched"
"K00875",33.2969299356977,2.02978517313043,0.442030097357867,4.59196146430526,0.00000439099459976252,0.0000303980432053934,TRUE,TRUE,"Enriched"
"K09136",711.393696364816,0.794720766594666,0.102168139310549,7.77855769868769,0.0000000000000073356043933116,0.000000000000184875418160361,TRUE,TRUE,"Enriched"
"K08221",424.540589690567,0.973883271342614,0.145734171172643,6.68260067976034,0.0000000000234738581215955,0.000000000396584655633272,TRUE,TRUE,"Enriched"
"K06169",130.143337533095,-0.688800334298816,0.219930724124112,-3.13189681451742,0.00173680904735743,0.00613719488982211,TRUE,TRUE,"Suppressed"
"K23301",47.8590088601716,-0.762992906293658,0.357459158846038,-2.13448973795154,0.0328027127964627,0.0760988000553921,TRUE,FALSE,"Suppressed"
"K14253",61.4581614817111,4.45605943511224,0.977923144124272,4.55665607454523,0.00000519744225897463,0.0000354289449481006,TRUE,TRUE,"Enriched"
"K20532",28.6869804831965,0.978926324103965,0.460180508554626,2.12726594435444,0.0333979926765407,0.0773033614171619,TRUE,FALSE,"Enriched"
"K08159",27.5913297054504,3.16310162381774,0.554813445439458,5.70119857371571,0.0000000118967952239594,0.000000132164943662893,TRUE,TRUE,"Enriched"
"K13063",646.683431197513,0.655796809112876,0.108260806529733,6.05756441443808,0.00000000138198008557404,0.0000000177274547140396,TRUE,TRUE,"Enriched"
"K20975",104.028891264062,-0.619046593590831,0.235843380900579,-2.62482072308738,0.00866946010366801,0.0248123121409062,TRUE,TRUE,"Suppressed"
"K22103",8.19855669976657,4.49398926008024,1.30433597437362,3.44542307225589,0.000570166231686253,0.00233228963585141,TRUE,TRUE,"Enriched"
"K02073",97.9168430534172,2.31691880343938,0.2773074113123,8.35505546885687,0.0000000000000000654019726026611,0.00000000000000192698855509,TRUE,TRUE,"Enriched"
"K19540",8.28254803868506,6.43565433029458,1.41656839259076,4.54312997801993,0.0000055425052582424,0.0000376853283946716,TRUE,TRUE,"Enriched"
"K23367",20.0335255179964,5.84140673855001,1.14164243540085,5.11666924547965,0.000000310978246632785,0.00000274083284134878,TRUE,TRUE,"Enriched"
"K08988",385.625356969898,0.51725783138566,0.137463649538216,3.76286991596174,0.000167974585128129,0.000795401393397872,TRUE,TRUE,"Enriched"
"K02451",169.499293862515,-0.568209036074062,0.228776478328225,-2.48368643588811,0.0130030248974818,0.0349517183119179,TRUE,TRUE,"Suppressed"
"K02663",514.396317730826,-0.704917232161807,0.112222841382301,-6.28140602642933,0.00000000033552458901778,0.00000000477008034596607,TRUE,TRUE,"Suppressed"
"K01312",7.49705663193527,2.15046549009757,0.999676595446013,2.1511611854213,0.0314634794978457,0.073466983712619,TRUE,FALSE,"Enriched"
"K21613",13.7062060733008,4.2093201735481,0.967991537446242,4.34850926967103,0.0000137066026221339,0.000084016652655673,TRUE,TRUE,"Enriched"
"K00972",14.6687858020173,-2.48906675869009,0.770854359832047,-3.22897150018378,0.0012423627504516,0.00460618262310291,TRUE,TRUE,"Suppressed"
"K09976",4.22347402069542,5.46074017962095,1.6244075961779,3.36168101680245,0.000774695603327896,0.0030581673040109,TRUE,TRUE,"Enriched"
"K11630",5.14958529879217,5.74826986981419,1.54588089318432,3.71844292478024,0.000200454570274849,0.000933974349966617,TRUE,TRUE,"Enriched"
"K03606",508.619360061969,-0.723266900831681,0.117781495551379,-6.14075154544267,0.000000000821319610797885,0.0000000108190676161043,TRUE,TRUE,"Suppressed"
"K00938",89.4145447863899,-0.954017622032874,0.266669897496519,-3.57752273874605,0.000346866052645507,0.00151542697355655,TRUE,TRUE,"Suppressed"
"K18353",370.986339467899,3.08622219955715,0.160546496469319,19.2232298270485,0.000000000000000000000000000000000000000000000000000000000000000000000000000000000236575283098118,0.000000000000000000000000000000000000000000000000000000000000000000000000000000144287265161542,TRUE,TRUE,"Enriched"
"K18907",22.0756910324244,4.94894321334639,0.892666436662783,5.54400054722336,0.000000029563790913325,0.000000310878553069602,TRUE,TRUE,"Enriched"
"K16359",11.6218928433843,-5.13523323783945,1.22805673857872,-4.18159281775748,0.0000289474034240348,0.000165464117603738,TRUE,TRUE,"Suppressed"
"K16647",52.6854211760239,3.41195395008629,0.431016048758172,7.91607170989734,0.00000000000000245132269445195,0.000000000000063891526125908,TRUE,TRUE,"Enriched"
"K07258",2741.44332078389,0.768916003418814,0.0556175389875815,13.8250634137282,0.000000000000000000000000000000000000000000179953818802662,0.0000000000000000000000000000000000000000238595291495094,TRUE,TRUE,"Enriched"
"K17947",547.710670971405,0.969706268289165,0.109598932232111,8.84777112823966,0.000000000000000000892845222666199,0.0000000000000000297566284865637,TRUE,TRUE,"Enriched"
"K21935",7.45926189422874,6.28189848884829,1.47272144236223,4.26550351488887,0.0000199451873804866,0.000118217393424283,TRUE,TRUE,"Enriched"
"K12506",677.852982300015,0.509194807324481,0.102325229151039,4.97623911081476,0.000000648315547443007,0.00000535057716353843,TRUE,TRUE,"Enriched"
"K03093",7.48439564845496,4.34997301863516,1.33921017706853,3.24816305395548,0.00116152688049598,0.00434877375331183,TRUE,TRUE,"Enriched"
"K21393",94.1064084941016,-0.763492333749223,0.289810269761063,-2.63445575748124,0.00842722856503632,0.0242425159117987,TRUE,TRUE,"Suppressed"
"K11896",289.796203978652,-0.643297209756352,0.157894716631865,-4.07421618328252,0.0000461695795565313,0.000250969933792589,TRUE,TRUE,"Suppressed"
"K16901",12.2952062256369,5.12496828467322,1.21696963028968,4.21125405031947,0.0000253956948222969,0.000147372352731864,TRUE,TRUE,"Enriched"
"K12429",302.443740347596,2.44580624680956,0.166184330840765,14.7174299432182,0.00000000000000000000000000000000000000000000000049823865318543,0.0000000000000000000000000000000000000000000000799673038362614,TRUE,TRUE,"Enriched"
"K22822",292.947215691027,-1.03979943594843,0.156707169217455,-6.63530227200744,0.0000000000323838210003729,0.000000000538171455807287,TRUE,TRUE,"Suppressed"
"K02027",10097.2363998655,0.659406652597996,0.0437168373307738,15.0835854755169,0.00000000000000000000000000000000000000000000000000207677841024443,0.000000000000000000000000000000000000000000000000436767983588992,TRUE,TRUE,"Enriched"
"K03563",109.186298757465,-0.767961531589258,0.237135201497933,-3.23849654854365,0.00120161474860387,0.00446868801935059,TRUE,TRUE,"Suppressed"
"K22447",38.5893728112196,-1.71028437191897,0.415113683384515,-4.12003853492528,0.0000378809038892521,0.000210414966138933,TRUE,TRUE,"Suppressed"
"K11901",107.623902400299,-0.830205285525993,0.269891410685666,-3.07607153342463,0.00209747517909045,0.00723967239234445,TRUE,TRUE,"Suppressed"
"K12979",87.8044777455129,-0.776952568853715,0.253501886161639,-3.06487884811362,0.00217758187433694,0.00746127632111294,TRUE,TRUE,"Suppressed"
"K00880",103.060228676843,0.967443207950249,0.24825436864706,3.89698361894952,0.0000973982042869319,0.000494202702118134,TRUE,TRUE,"Enriched"
"K06136",214.25452745775,-0.817820491360156,0.169409587037347,-4.82747467638809,0.00000138275265211166,0.0000107431954461516,TRUE,TRUE,"Suppressed"
"K10241",889.268262609004,2.14123475830818,0.09678213472965,22.1242770092795,0.00000000000000000000000000000000000000000000000000000000000000000000000000000000000000000000000000000000000184572831016787,0.00000000000000000000000000000000000000000000000000000000000000000000000000000000000000000000000000000000225141939274277,TRUE,TRUE,"Enriched"
"K18567",7.08291166473782,6.21472757176942,1.50294083340742,4.13504472939202,0.0000354885506389208,0.000198938116127554,TRUE,TRUE,"Enriched"
"K06308",29.0505312059039,6.38132796788168,1.10674824776017,5.76583516693715,0.00000000812544459556188,0.0000000926300683894054,TRUE,TRUE,"Enriched"
"K07228",282.317841296604,1.48052231853305,0.168190877737815,8.80263150086516,0.00000000000000000133644820175616,0.0000000000000000438225676479077,TRUE,TRUE,"Enriched"
"K01027",133.797108703374,-0.562023873781916,0.220405099463879,-2.54995857695218,0.0107735718938237,0.0298808617464442,TRUE,TRUE,"Suppressed"
"K10622",29.0893378571153,2.20966829559515,0.50194374863081,4.40222296148249,0.0000107147361568368,0.0000675094791534583,TRUE,TRUE,"Enriched"
"K18013",316.501135261579,0.913343561275297,0.140736874859358,6.48972461686408,0.0000000000859934111921795,0.00000000136226964898988,TRUE,TRUE,"Enriched"
"K21138",14.1370648714653,1.47885177617547,0.722380270582674,2.04719292095648,0.0406391462253312,0.0909571203039615,TRUE,FALSE,"Enriched"
"K13533",53.8593306998408,1.88793591654241,0.370050080951997,5.10183895024552,0.000000336368937280382,0.00000294757779953024,TRUE,TRUE,"Enriched"
"K09936",671.155555674898,1.07963630843459,0.107028633487246,10.0873595528364,0.00000000000000000000000628370234127434,0.000000000000000000000301766146294742,TRUE,TRUE,"Enriched"
"K07778",1102.68928372571,1.0565597684637,0.0875330527370947,12.0704092388629,0.00000000000000000000000000000000151379612560044,0.000000000000000000000000000000121482139079436,TRUE,TRUE,"Enriched"
"K22719",501.598426855039,-0.500270637391388,0.132862090217142,-3.76533770147509,0.000166324132250393,0.000789424811358091,TRUE,TRUE,"Suppressed"
"K21209",18.6480216051349,1.91595030980479,0.685947637269018,2.79314368285138,0.005219850065066,0.0159898872661163,TRUE,TRUE,"Enriched"
"K11614",20.1394624299481,7.7169184620512,1.28011054025238,6.02832194517339,0.0000000016567078146467,0.0000000209197949514083,TRUE,TRUE,"Enriched"
"K19200",249.200114706346,-0.585844933323861,0.156948366004779,-3.73272400495093,0.00018942011257641,0.000887306656377514,TRUE,TRUE,"Suppressed"
"K14671",67.3986604497731,2.39046057962595,0.344200151574806,6.94497247804502,0.0000000000037853411358681,0.0000000000695385409266854,TRUE,TRUE,"Enriched"
"K12449",35.0786069990066,-1.046411283003,0.442855173751292,-2.36287469363669,0.0181337998411256,0.0462709094478666,TRUE,TRUE,"Suppressed"
"K12955",1171.91097543906,0.99941063023053,0.0900191849508075,11.1021959460828,0.000000000000000000000000000122399025848185,0.00000000000000000000000000785801745945349,TRUE,TRUE,"Enriched"
"K06214",78.8330575403487,0.946836153526268,0.298054595901137,3.17672052888031,0.00148950496122244,0.00540100520719125,TRUE,TRUE,"Enriched"
"K02243",10.12217067587,6.72618767754066,1.38233920524071,4.865801137695,0.00000113994094678988,0.00000898255792567376,TRUE,TRUE,"Enriched"
"K09681",12.889636396624,3.04584799083688,0.892592844359247,3.41235985711196,0.000644030325581558,0.00259441278449268,TRUE,TRUE,"Enriched"
"K21887",57.5717991208631,3.14190031183255,0.384437031905339,8.17273064527818,0.000000000000000301486582498483,0.00000000000000843470948008371,TRUE,TRUE,"Enriched"
"K04115",205.4996326249,-0.517163217120635,0.16650309076688,-3.10602773040839,0.00189618932603186,0.00663122631850247,TRUE,TRUE,"Suppressed"
"K09158",125.302308299361,-0.732977410316102,0.215928064998065,-3.39454442998261,0.000687428848653933,0.00275468367144569,TRUE,TRUE,"Suppressed"
"K21273",196.746235328486,0.938727171532719,0.20159858734166,4.65641740803375,0.00000321759270799357,0.0000234177779547169,TRUE,TRUE,"Enriched"
"K00594",472.870600234388,1.32566518826094,0.11835621687528,11.2006384054831,0.0000000000000000000000000000404805743714993,0.00000000000000000000000000271308816584367,TRUE,TRUE,"Enriched"
"K02689",53.8723396297955,-2.45658223038275,0.443686286746724,-5.53675491842523,0.0000000308127241973633,0.000000322086128624688,TRUE,TRUE,"Suppressed"
"K03090",1567.49771199831,0.899803226238792,0.172979226832567,5.20179932998398,0.000000197368270510143,0.00000181835208737365,TRUE,TRUE,"Enriched"
"K10001",313.729533131543,-0.756954278879772,0.134872745439538,-5.61235909014033,0.0000000199586720559033,0.000000213557790998166,TRUE,TRUE,"Suppressed"
"K23385",48.5197136227857,-1.0835199278135,0.366330790062168,-2.9577637403332,0.00309879531395622,0.0102049420193407,TRUE,TRUE,"Suppressed"
"K07321",165.449683815465,0.701708183311385,0.208994452018192,3.35754454979649,0.000786380700415434,0.00309605994248408,TRUE,TRUE,"Enriched"
"K23825",125.034964278931,1.22078366829918,0.225398264855331,5.41611830544803,0.0000000609068092369476,0.000000603036736259973,TRUE,TRUE,"Enriched"
"K03234",15.3245626367354,-2.52146670143606,0.757326445394144,-3.32943173550975,0.000870233938302961,0.00338492142200877,TRUE,TRUE,"Suppressed"
"K13875",732.149925087545,-0.752071233401705,0.108860145521049,-6.90860029446022,0.00000000000489458891979164,0.000000000088845529231575,TRUE,TRUE,"Suppressed"
"K16213",175.00493071477,-0.826018783293057,0.19792951689654,-4.17329762758339,0.0000300222335727493,0.000170966949169186,TRUE,TRUE,"Suppressed"
"K13633",514.832881932452,1.54712224294357,0.143283522243343,10.7976284971278,0.00000000000000000000000000353208545102568,0.000000000000000000000000201328870708464,TRUE,TRUE,"Enriched"
"K18482",42.1058149690429,-0.936419078763268,0.375435252545596,-2.49422256544633,0.0126233364799464,0.0341115326500633,TRUE,TRUE,"Suppressed"
"K18220",593.304245376332,0.672996275973535,0.106131383477671,6.34116181209613,0.000000000228038872455235,0.00000000333527358058627,TRUE,TRUE,"Enriched"
"K14647",41.2786400331397,1.02187858098702,0.432666010149262,2.36181848589051,0.0181855438331595,0.0463491984280985,TRUE,TRUE,"Enriched"
"K06967",15.2570311643921,2.96527811102044,0.732441838813457,4.04848269703454,0.0000515507444674562,0.00027725572355116,TRUE,TRUE,"Enriched"
"K18297",45.6101972238645,-1.55186491913847,0.409128744295696,-3.79309677155528,0.000148780141066167,0.000719140201272945,TRUE,TRUE,"Suppressed"
"K07792",59.1642518943391,-0.790426771430077,0.319028794497306,-2.47760322912404,0.013226814081364,0.0354626210847244,TRUE,TRUE,"Suppressed"
"K01014",116.21362504734,-1.41526810624643,0.227855534790987,-6.21125182473476,0.000000000525641569434341,0.00000000718808953358754,TRUE,TRUE,"Suppressed"
"K13794",20.7203224593673,-1.49356989404255,0.556005211681893,-2.68625160819008,0.00722586525305012,0.0212643719010041,TRUE,TRUE,"Suppressed"
"K17716",235.661834383169,1.47832591551559,0.173194154229009,8.53565711900908,0.0000000000000000139361081646511,0.000000000000000420773879684195,TRUE,TRUE,"Enriched"
"K10697",23.6912249037285,-1.23605355103156,0.55943899822199,-2.20945188833812,0.0271432253182988,0.0648439213538207,TRUE,FALSE,"Suppressed"
"K01086",84.6270769321171,-1.1222040194967,0.261581014628037,-4.29008206536873,0.0000178607106087627,0.000106686245381307,TRUE,TRUE,"Suppressed"
"K16567",66.769542327716,-1.01698670778106,0.332597342171133,-3.05771146919685,0.00223034211273115,0.00762919604349259,TRUE,TRUE,"Suppressed"
"K06957",24.481180929539,1.41029292585983,0.560149718949573,2.51770710249485,0.0118121503100365,0.0322336933963814,TRUE,TRUE,"Enriched"
"K08372",1754.60095605233,0.78843519875219,0.078825435821812,10.0022941900947,0.0000000000000000000000148906680240951,0.000000000000000000000704016932395008,TRUE,TRUE,"Enriched"
"K21136",36.8197992213536,0.92300981427791,0.408398520426638,2.26007139622758,0.0238168200687826,0.0580555270004546,TRUE,FALSE,"Enriched"
"K23509",774.456821812887,0.885690707640453,0.0991179878785894,8.93572122070662,0.000000000000000000404530760868513,0.0000000000000000140183699462333,TRUE,TRUE,"Enriched"
"K22033",243.471529641671,1.89430354909237,0.174825478322088,10.8353974905329,0.00000000000000000000000000233947176688973,0.000000000000000000000000135889888631052,TRUE,TRUE,"Enriched"
"K10011",73.4642348305099,-0.792637350484501,0.297506042062324,-2.66427311858914,0.00771548923720595,0.0225152004103919,TRUE,TRUE,"Suppressed"
"K03048",6.87796297089007,4.22018359880551,1.35068010579228,3.12448786408239,0.0017811486903361,0.00627569373908715,TRUE,TRUE,"Enriched"
"K04618",33.3119514562969,-0.863760774547013,0.409284623552229,-2.11041589359095,0.0348225486635358,0.0801148976380568,TRUE,FALSE,"Suppressed"
"K14155",557.32981900823,0.931645050159144,0.128568256771307,7.24630693108271,0.000000000000428288957813967,0.0000000000089456655948883,TRUE,TRUE,"Enriched"
"K03414",84.8518224841334,-0.748376570195018,0.261977662406879,-2.8566426744915,0.00428147533523125,0.0135862216803202,TRUE,TRUE,"Suppressed"
"K21378",30.4036486632431,-1.80797110740328,0.461139056256309,-3.92066358915906,0.0000883054662428746,0.000452964708675603,TRUE,TRUE,"Suppressed"
"K00720",129.835241658361,-0.769748602241976,0.210229052193833,-3.66147587219421,0.000250766480962989,0.00113627397280332,TRUE,TRUE,"Suppressed"
"K18553",155.47115300725,0.927167480149777,0.214416356830641,4.32414529308559,0.0000153124358205855,0.0000929259164873141,TRUE,TRUE,"Enriched"
"K21601",7.61878666340769,6.30986886814708,1.50594619678979,4.18996965601943,0.0000278991760783215,0.00016037424590168,TRUE,TRUE,"Enriched"
"K06394",11.4945608001787,6.90807587707012,1.35655344412436,5.09237281213732,0.000000353609920777286,0.00000308095272402952,TRUE,TRUE,"Enriched"
"K11407",11.3141324053178,-2.03133758557259,0.793663851303011,-2.5594432482185,0.0104839972186148,0.029197214171841,TRUE,TRUE,"Suppressed"
"K03528",217.528335317207,-0.655719798754756,0.172436014065575,-3.80268473675919,0.000143136457642508,0.000698391404129325,TRUE,TRUE,"Suppressed"
"K12538",4.51795278321017,5.55904987165007,1.59193517927457,3.49200767972429,0.000479404463435303,0.00201231095835644,TRUE,TRUE,"Enriched"
"K18234",96.1325402691778,1.63317214425354,0.271603987490008,6.01306394411317,0.00000000182049183940297,0.0000000227524174764727,TRUE,TRUE,"Enriched"
"K03457",732.607733750882,0.610917366189333,0.0923611184562286,6.61444313798404,0.0000000000372952976971937,0.000000000613110567803731,TRUE,TRUE,"Enriched"
"K06177",561.621417223627,0.516942004761281,0.12011994135677,4.30354859419972,0.000016808395983065,0.000101298821245764,TRUE,TRUE,"Enriched"
"K02706",11.4402312779258,-2.63272201101969,0.818592583825507,-3.21615668531501,0.00129919877663103,0.00479359548619035,TRUE,TRUE,"Suppressed"
"K22723",50.1457415431639,-1.71243096151263,0.379406671414453,-4.51344451885512,0.00000637831407429409,0.0000423300734919692,TRUE,TRUE,"Suppressed"
"K07517",22.1764122532564,1.82693234897358,0.528646477567927,3.4558678180899,0.000548524238197965,0.00226043873565499,TRUE,TRUE,"Enriched"
"K21284",201.338610457518,2.6487086739729,0.202287658223032,13.0937729826926,0.00000000000000000000000000000000000000357403436330625,0.000000000000000000000000000000000000403667325588978,TRUE,TRUE,"Enriched"
"K06447",432.442687848862,0.769302151422865,0.30480889546722,2.52388353116682,0.0116066375464009,0.0317438934508966,TRUE,TRUE,"Enriched"
"K02230",993.882102317959,0.889391040145767,0.0865304007938306,10.2783649675315,0.000000000000000000000000882113087954998,0.0000000000000000000000444628737474176,TRUE,TRUE,"Enriched"
"K04788",88.5785504047854,1.77360399361597,0.277549700578852,6.39022124656224,0.000000000165645909208555,0.00000000248836059178073,TRUE,TRUE,"Enriched"
"K13892",136.384597313448,-0.583425922717931,0.212532984284262,-2.74510765791347,0.00604910499191491,0.0181741336678271,TRUE,TRUE,"Suppressed"
"K02079",40.5104110054197,0.948152245356424,0.410528187763599,2.3095910917143,0.0209108032628641,0.0520769052984622,TRUE,FALSE,"Enriched"
"K07068",642.066185062217,-0.514586697712693,0.114144615345852,-4.50819949897351,0.00000653800860651804,0.0000432806399688545,TRUE,TRUE,"Suppressed"
"K09685",6.14844663898539,6.00315879054259,1.49579976178196,4.0133438605385,0.0000598646067652547,0.000319081888524823,TRUE,TRUE,"Enriched"
"K06919",835.495690742388,2.53249286910462,0.105015638297116,24.1153880523922,0.0000000000000000000000000000000000000000000000000000000000000000000000000000000000000000000000000000000000000000000000000000000172386306414347,0.0000000000000000000000000000000000000000000000000000000000000000000000000000000000000000000000000000000000000000000000000000262846020705275,TRUE,TRUE,"Enriched"
"K01155",11.3015354783615,2.1679503569919,0.76796679707736,2.82297407289279,0.00475804192305394,0.0148208874814637,TRUE,TRUE,"Enriched"
"K17662",276.836343707985,0.686572896264459,0.158050241119657,4.34401675948514,0.0000139900835255402,0.0000855822662209326,TRUE,TRUE,"Enriched"
"K21163",229.564405519481,1.21054818288912,0.179117813044731,6.75839081725953,0.0000000000139532737216892,0.00000000023972117303826,TRUE,TRUE,"Enriched"
"K00840",69.9097904292524,-0.931562412186166,0.310030751754925,-3.0047419712821,0.00265806237815821,0.00894182153578981,TRUE,TRUE,"Suppressed"
"K18240",312.738430388317,-0.506892050794058,0.160985184444031,-3.14868757982066,0.00164005428754683,0.00585637652210076,TRUE,TRUE,"Suppressed"
"K11391",40.4291526198117,4.23367740964623,0.580977762223514,7.28715913917794,0.000000000000316558911056988,0.00000000000672715260814136,TRUE,TRUE,"Enriched"
"K07791",97.3899736444881,-0.875921725352052,0.274450755120703,-3.19154423520103,0.00141514439616445,0.00517133952798502,TRUE,TRUE,"Suppressed"
"K00537",560.211117196969,0.518975187876316,0.127787732140527,4.06122856383117,0.0000488151509943835,0.000264173563367121,TRUE,TRUE,"Enriched"
"K07169",48.3328514257712,-1.04243487769962,0.359753909750605,-2.89763321383295,0.00375990023679249,0.012101124825434,TRUE,TRUE,"Suppressed"
"K14251",45.8666744942065,3.08394841201276,0.42879474839561,7.19213195486126,0.000000000000637873356334243,0.0000000000130989548831062,TRUE,TRUE,"Enriched"
"K01046",286.701279528727,1.09163681250671,0.148851202553359,7.33374533615462,0.000000000000223808198476207,0.0000000000048404475266184,TRUE,TRUE,"Enriched"
"K19668",865.627737180339,0.611580585924465,0.0973091302238749,6.28492500670213,0.000000000328011992586949,0.00000000467417089436402,TRUE,TRUE,"Enriched"
"K11987",49.2387543052615,2.71701275525014,0.468621167472862,5.79788738503256,0.00000000671555214570753,0.0000000774256191619475,TRUE,TRUE,"Enriched"
"K08484",1218.56212137385,0.521460890717074,0.0898771061132247,5.801932363734,0.00000000655550062862103,0.000000075867169514155,TRUE,TRUE,"Enriched"
"K00156",1602.0412168862,1.12211125781005,0.0683851261133239,16.4087034942446,0.00000000000000000000000000000000000000000000000000000000000165706330055024,0.000000000000000000000000000000000000000000000000000000000561468281669774,TRUE,TRUE,"Enriched"
"K09801",83.6896094433492,-0.601653080355044,0.26603513671003,-2.26155495020504,0.0237249140291728,0.05790246125007,TRUE,FALSE,"Suppressed"
"K21514",110.178135027525,1.17797283583051,0.240618480190769,4.89560417344744,0.000000980041577697165,0.00000782365652143326,TRUE,TRUE,"Enriched"
"K19126",53.5311941906509,1.76601687490278,0.362123845795304,4.87683121508944,0.00000107803602862435,0.0000085167639100776,TRUE,TRUE,"Enriched"
"K05782",403.877190754033,0.835633506404464,0.121988756483181,6.85008627430082,0.00000000000738054637656988,0.000000000131619743715496,TRUE,TRUE,"Enriched"
"K15983",158.286722431624,-1.54685870844569,0.205330500527159,-7.53350673414,0.0000000000000493954639801166,0.00000000000113870890491054,TRUE,TRUE,"Suppressed"
"K13010",281.532542932327,0.636648658082228,0.176368295767627,3.60976815765709,0.000306470802982684,0.00135939303810283,TRUE,TRUE,"Enriched"
"K06383",7.11723290763465,6.21429043384023,1.45745485478119,4.26379617416911,0.0000200982793991885,0.000119009132092865,TRUE,TRUE,"Enriched"
"K09929",109.694870491618,-0.676215453373609,0.280303564657054,-2.4124397212035,0.0158461574670077,0.0413015873467009,TRUE,TRUE,"Suppressed"
"K01493",425.145121119118,1.38039713916911,0.132133364522492,10.4469990918466,0.000000000000000000000000151234979669237,0.00000000000000000000000788360804275793,TRUE,TRUE,"Enriched"
"K21619",108.761428669868,-0.637709920295047,0.251009970608597,-2.54057605261201,0.011067002159448,0.0305557474741844,TRUE,TRUE,"Suppressed"
"K04092",58.8634397324187,0.888400786437479,0.357672256551235,2.48384035989724,0.012997406045454,0.0349517183119179,TRUE,TRUE,"Enriched"
"K22322",12.7377629221631,3.45445033252529,0.939406192837109,3.67727012964698,0.000235743354346531,0.00107781013355284,TRUE,TRUE,"Enriched"
"K05996",511.290302480882,0.853986294499265,0.117448222615462,7.27117256848842,0.000000000000356380315131694,0.00000000000752098111414603,TRUE,TRUE,"Enriched"
"K20500",52.0348410166725,4.34484887980431,0.49509367008141,8.77581181575169,0.00000000000000000169675357357454,0.0000000000000000547539684932863,TRUE,TRUE,"Enriched"
"K21193",14.5632526981777,-1.46993953569118,0.681133183716119,-2.15807946350742,0.0309216541429306,0.072420742411269,TRUE,FALSE,"Suppressed"
"K12420",92.6339777428009,2.87815668159906,0.301027682449525,9.56110301278241,0.00000000000000000000116508273142212,0.0000000000000000000476901985163995,TRUE,TRUE,"Enriched"
"K22502",141.335976000019,2.12941476295625,0.216899998330217,9.8174955248932,0.0000000000000000000000946661660619184,0.00000000000000000000421334307598652,TRUE,TRUE,"Enriched"
"K02351",1176.23402515606,0.534767082655309,0.0897707792298209,5.95702841440486,0.00000000256865596416959,0.0000000312699255997411,TRUE,TRUE,"Enriched"
"K11159",23.6973912107405,-1.36669003519019,0.52283936263433,-2.6139769360595,0.00894950776864635,0.0254347846602861,TRUE,TRUE,"Suppressed"
"K11897",54.0754454301498,-0.90131215695298,0.386253929409108,-2.33347051855708,0.0196234638972232,0.0494559943426297,TRUE,TRUE,"Suppressed"
"K11532",519.342472503658,0.580554706042963,0.131158990176955,4.42634321337561,0.00000958439870453213,0.0000613381402926983,TRUE,TRUE,"Enriched"
"K02844",255.204997955713,-0.679653664059842,0.160453698355077,-4.23582423482566,0.0000227714854018003,0.000133157516266136,TRUE,TRUE,"Suppressed"
"K20866",112.519806503808,-0.659016968628634,0.247261376270023,-2.66526450095041,0.00769277906846981,0.0224811976706264,TRUE,TRUE,"Suppressed"
"K07177",724.473703835789,0.509755123746928,0.118824844525774,4.28997088766533,0.0000178696541373104,0.000106686245381307,TRUE,TRUE,"Enriched"
"K07652",156.079982964349,0.781697216270942,0.221185552562716,3.53412421025689,0.000409128762118035,0.00174739238106295,TRUE,TRUE,"Enriched"
"K21961",161.613204957736,2.29345873751794,0.216208335920678,10.6076332707142,0.0000000000000000000000000274617091418968,0.00000000000000000000000149543717907526,TRUE,TRUE,"Enriched"
"K06864",632.703864050466,-0.505939095382555,0.097737382054991,-5.17651572760454,0.000000226068003343635,0.0000020548267546838,TRUE,TRUE,"Suppressed"
"K08222",21.8835204300752,1.80873740790452,0.614405152255117,2.94388385459614,0.00324121610231156,0.0106068586569861,TRUE,TRUE,"Enriched"
"K11900",428.04377304956,-0.575300040893391,0.13238288745036,-4.34572815243295,0.0000138814401552295,0.0000850029151674141,TRUE,TRUE,"Suppressed"
"K09758",56.5974359760711,-0.717856727479733,0.355350836064024,-2.02013518648481,0.043369366940529,0.095936762103159,TRUE,FALSE,"Suppressed"
"K19563",13.3424858085927,3.10536698067447,0.797927918884589,3.89178885357892,0.0000995078272377922,0.000504068304255228,TRUE,TRUE,"Enriched"
"K08260",109.715327391753,3.3648298912546,0.287569472326316,11.7009286974536,0.000000000000000000000000000000126066196012298,0.00000000000000000000000000000915330630332147,TRUE,TRUE,"Enriched"
"K11474",5.94137164572709,5.95929673531946,1.52394595545686,3.91043836822476,0.0000921287662872833,0.00047161613133074,TRUE,TRUE,"Enriched"
"K10006",398.226692231707,0.679896960303372,0.121830010082495,5.58070183071473,0.0000000239549996957024,0.000000254532305129075,TRUE,TRUE,"Enriched"
"K11738",24.8656765966088,2.79772116210351,0.603689276890301,4.6343727960765,0.00000358021299962607,0.0000257193393224021,TRUE,TRUE,"Enriched"
"K08365",53.7278428225951,0.702377575618075,0.341470504184782,2.0569201937219,0.0396939031720571,0.0892344693867956,TRUE,FALSE,"Enriched"
"K10217",1017.55978836616,0.689266462546876,0.0845394998698278,8.15318831561808,0.000000000000000354453013517368,0.00000000000000987127365042204,TRUE,TRUE,"Enriched"
"K15916",565.194766613067,0.597941107578984,0.118266129181563,5.05589480028574,0.00000042837743664439,0.00000365408949104075,TRUE,TRUE,"Enriched"
"K07034",197.20728845575,0.608770552044503,0.18776842851115,3.24213477671169,0.00118637902107551,0.00441741492645881,TRUE,TRUE,"Enriched"
"K03207",10.4861702619524,2.01478492982694,0.858276805938276,2.34747684649868,0.0189010478456823,0.0478727121307377,TRUE,TRUE,"Enriched"
"K23107",551.635672508303,0.655126923421574,0.104001224583426,6.29922316824312,0.000000000299141040151695,0.00000000430297453746506,TRUE,TRUE,"Enriched"
"K02244",7.65091552310306,6.32109424078487,1.43666413768724,4.39984132335943,0.0000108330061543585,0.0000681139222014768,TRUE,TRUE,"Enriched"
"K07722",50.0257562065261,-0.96066316710324,0.379273415213401,-2.53290404380891,0.0113121914936047,0.0311340505051874,TRUE,TRUE,"Suppressed"
"K06012",5.11951022724821,5.74077962968684,1.56168616597527,3.676013628578,0.000236906872056493,0.00108231836155247,TRUE,TRUE,"Enriched"
"K22705",63.3124268860419,-0.933222189620897,0.316907242568545,-2.94478025196615,0.0032318410974342,0.0105862439122354,TRUE,TRUE,"Suppressed"
"K23548",6.16865406371062,-3.07899479814737,1.14816708210007,-2.68166092387502,0.00732576706827822,0.0215324594455079,TRUE,TRUE,"Suppressed"
"K00511",20.9481358528335,1.35846615405293,0.564719457355973,2.4055593203983,0.0161477301209147,0.041905970385887,TRUE,TRUE,"Enriched"
"K17993",174.597307117425,-0.803978646131554,0.207862428517082,-3.86784014728993,0.000109803603619356,0.000550733699403333,TRUE,TRUE,"Suppressed"
"K05823",7.98942791835685,4.45272968324171,1.30331319192834,3.41646943406871,0.000634387850436977,0.00256573706884292,TRUE,TRUE,"Enriched"
"K04483",18.589379286899,-1.63668534808998,0.606769493848621,-2.6973757986889,0.0069888350232841,0.0206516011661869,TRUE,TRUE,"Suppressed"
"K09967",321.971910056374,-0.564789587386983,0.137249790648718,-4.11504880785228,0.000038709749602995,0.000214823260080679,TRUE,TRUE,"Suppressed"
"K00899",29.2278815737745,1.08191408392972,0.487146042810034,2.2209234784888,0.0263561447082733,0.0632609707106488,TRUE,FALSE,"Enriched"
"K01809",922.365867744064,0.537426433975557,0.0808822454450855,6.64455383277457,0.000000000030413693730474,0.000000000508200323457975,TRUE,TRUE,"Enriched"
"K21251",35.718950543717,3.22064976676363,0.519853184105748,6.19530641579853,0.000000000581717492572897,0.000000007849325192925,TRUE,TRUE,"Enriched"
"K18244",106.992219000212,-0.549713011643567,0.271427671928576,-2.02526517557215,0.0428401423826412,0.0951154089522129,TRUE,FALSE,"Suppressed"
"K21332",38.1388587062237,-3.97890469816764,0.558531075438016,-7.12387344794964,0.00000000000104935400329933,0.0000000000210526646911928,TRUE,TRUE,"Suppressed"
"K00216",54.6875420687313,-1.04480884220678,0.351505102764134,-2.97238598811429,0.00295494934703166,0.00981603271652838,TRUE,TRUE,"Suppressed"
"K11632",15.0546401814143,5.42283890166657,1.17676702023239,4.60825193809023,0.00000406068453701548,0.0000283689747895274,TRUE,TRUE,"Enriched"
"K23169",698.57802538927,0.708212375833976,0.110513369318626,6.40838642600873,0.00000000014706777241119,0.00000000223125956202947,TRUE,TRUE,"Enriched"
"K05889",1042.10704483657,-0.901400132327626,0.0799730571448931,-11.2712976658438,0.0000000000000000000000000000181869486858264,0.00000000000000000000000000126047954585063,TRUE,TRUE,"Suppressed"
"K06305",7.56387848966419,4.41185511518831,1.32368806232694,3.33300211791033,0.000859142883741705,0.00335032765213597,TRUE,TRUE,"Enriched"
"K22821",43.5126244436538,-1.10528862256191,0.387015544686979,-2.85592823785897,0.00429112110835946,0.0135956091635763,TRUE,TRUE,"Suppressed"
"K18030",113.681448903914,-0.637408214331362,0.243065525529014,-2.62237194247967,0.00873200763237945,0.024956192385137,TRUE,TRUE,"Suppressed"
"K07586",172.5853302346,0.917708079196087,0.220993907165094,4.15263973097009,0.0000328661946105731,0.000185602704564709,TRUE,TRUE,"Enriched"
"K18912",853.018239918526,0.556938117741648,0.0886019311862389,6.28584625961458,0.000000000326072514531776,0.00000000465741514315995,TRUE,TRUE,"Enriched"
"K02069",265.062885332486,0.549376451061187,0.200755447427919,2.73654567335435,0.00620879754382836,0.0185806949066777,TRUE,TRUE,"Enriched"
"K02322",24.4979552123917,-1.32740689267737,0.525451254398,-2.52622271155896,0.011529636491068,0.0316183691362517,TRUE,TRUE,"Suppressed"
"K02297",242.24458589001,0.978298283106636,0.194925843775424,5.01882287211614,0.000000519890572813206,0.00000436321040067559,TRUE,TRUE,"Enriched"
"K04712",75.5694703794718,-0.866494942479413,0.272528126895046,-3.17946977565774,0.00147544755529879,0.00535640157129009,TRUE,TRUE,"Suppressed"
"K00148",268.315304421496,0.612218965425263,0.151166048119336,4.04997665178067,0.0000512227433697969,0.000275978367325434,TRUE,TRUE,"Enriched"
"K16029",14.8222722135839,-3.82976730357737,0.837742837600431,-4.57153094205744,0.00000484173777278061,0.0000333292987315902,TRUE,TRUE,"Suppressed"
"K05337",185.262750169802,1.07474875585145,0.186540329671832,5.76148202237117,0.00000000833785455939363,0.0000000946975325097612,TRUE,TRUE,"Enriched"
"K10725",12.9544501205165,-1.78256621156447,0.708824005207688,-2.51482201289469,0.0119092490181027,0.0324696065093465,TRUE,TRUE,"Suppressed"
"K05936",212.090802985607,1.03660962799241,0.200860262465525,5.1608497134685,0.000000245831473283786,0.00000221174460578264,TRUE,TRUE,"Enriched"
"K02361",85.6598618607316,-1.57657593817849,0.345083491358441,-4.56867968957951,0.00000490806185127869,0.0000337097626474648,TRUE,TRUE,"Suppressed"
"K09883",943.067423614109,0.517545472671761,0.094583029205866,5.47186400157781,0.0000000445326531877345,0.000000449676575814558,TRUE,TRUE,"Enriched"
"K07718",87.5068139749187,1.34308930732729,0.268566144446042,5.00096283579456,0.000000570447090960413,0.00000475944843743852,TRUE,TRUE,"Enriched"
"K06398",13.8609370311538,7.17651774947919,1.32823619947187,5.40304333847603,0.0000000655196213290501,0.000000644522855622382,TRUE,TRUE,"Enriched"
"K22900",64.7179996931454,-1.05460959911567,0.319080714201378,-3.30514992657966,0.000949256066887076,0.0036389143632585,TRUE,TRUE,"Suppressed"
"K22837",25.9548074822323,-1.25789074768889,0.476780095979839,-2.63830381824932,0.00833218952741263,0.0240160793609119,TRUE,TRUE,"Suppressed"
"K14257",258.204022257404,0.790078287765595,0.190601957220169,4.1451740542882,0.0000339555688634401,0.000191400198242256,TRUE,TRUE,"Enriched"
"K01118",809.607306209028,0.64607538942301,0.114993624803275,5.61835832663142,0.0000000192780373402113,0.00000020736640165423,TRUE,TRUE,"Enriched"
"K09680",11.4833856071476,6.90679037078506,1.35641816971901,5.09193294883086,0.000000354431454460488,0.00000308370533631172,TRUE,TRUE,"Enriched"
"K18007",63.7875580681574,-0.721208762818643,0.315094851931953,-2.2888624120536,0.0220873478064471,0.0544106141277803,TRUE,FALSE,"Suppressed"
"K13409",198.718657172755,-0.875013411926918,0.174100776596783,-5.02590183129079,0.00000050107217730195,0.0000042268868732567,TRUE,TRUE,"Suppressed"
"K23424",200.304753470007,-0.678283449194159,0.170820242816236,-3.97074397045458,0.0000716485438265707,0.000374772271696616,TRUE,TRUE,"Suppressed"
"K00485",28.4914684699447,-2.83648145719894,0.527762447037262,-5.37454203708941,0.0000000767775702907059,0.000000749226241924824,TRUE,TRUE,"Suppressed"
"K15551",88.6377733206681,-1.06038794025767,0.252483031834183,-4.19983843094086,0.0000267105512476607,0.000154366551138108,TRUE,TRUE,"Suppressed"
"K20902",16.6949375372778,2.58042872573806,0.671702966242768,3.84162175160834,0.000122224084201036,0.000605560267702778,TRUE,TRUE,"Enriched"
"K03700",5.40768903025868,5.82078850058958,1.5333067922387,3.79623212396453,0.000146911947683725,0.000712820977663516,TRUE,TRUE,"Enriched"
"K06408",8.61970179175232,6.49284377316286,1.40659259352392,4.61600878822804,0.00000391190387939291,0.000027550463926579,TRUE,TRUE,"Enriched"
"K05570",95.74219161208,1.3967164632729,0.297299436654858,4.6980124785584,0.00000262705385143267,0.0000193520500269419,TRUE,TRUE,"Enriched"
"K19979",12.5185558945981,5.12675632596409,1.20480836393618,4.25524629428589,0.0000208819024348761,0.000122933130260916,TRUE,TRUE,"Enriched"
"K05567",217.149115555344,0.979492826497694,0.180119730595112,5.43800961316935,0.0000000538790682522728,0.000000539590054111949,TRUE,TRUE,"Enriched"
"K22886",185.564494076801,-0.891376429154811,0.204870753291998,-4.35092083585181,0.0000135566994702393,0.0000832651662326178,TRUE,TRUE,"Suppressed"
"K01506",183.545444014076,2.647856248527,0.218772889160661,12.103219273127,0.00000000000000000000000000000000101549188889592,0.0000000000000000000000000000000836957436537329,TRUE,TRUE,"Enriched"
"K15408",1328.08194898812,0.623732642123591,0.0866369814994146,7.19938104177609,0.000000000000604865002688328,0.0000000000125053276318512,TRUE,TRUE,"Enriched"
"K21949",118.404886755727,0.758638207721782,0.255482804867691,2.96942961822681,0.00298353149469405,0.00989481162922186,TRUE,TRUE,"Enriched"
"K05565",865.885557898083,0.692288262713856,0.104234215484921,6.64166041345611,0.0000000000310168930217945,0.000000000516863471420559,TRUE,TRUE,"Enriched"
"K12995",120.574065399856,-0.802006932177419,0.223048111598054,-3.59566788721656,0.000323560376910807,0.00142175413456701,TRUE,TRUE,"Suppressed"
"K03824",393.703278135842,0.790159027003096,0.124393190308234,6.35210838346668,0.000000000212383590736731,0.00000000312881043454909,TRUE,TRUE,"Enriched"
"K07274",76.3525803123874,-0.637120805577131,0.273489933574748,-2.32959508691752,0.019827562075616,0.0498673406594565,TRUE,TRUE,"Suppressed"
"K11181",156.747570182629,-0.514773755759093,0.208728003431425,-2.46624193829466,0.0136539075209944,0.0363488354301809,TRUE,TRUE,"Suppressed"
"K18148",149.100308158918,3.68932964558885,0.258474117958789,14.2734973804111,0.00000000000000000000000000000000000000000000032011340346462,0.0000000000000000000000000000000000000000000500608114802749,TRUE,TRUE,"Enriched"
"K02458",312.545164367076,-0.604181758411607,0.202284802395515,-2.98678769367106,0.00281925433946147,0.00941655652594497,TRUE,TRUE,"Suppressed"
"K10829",80.4070163886136,0.618281678882417,0.303832377916555,2.03494335634046,0.0418565727961266,0.0934761030697826,TRUE,FALSE,"Enriched"
"K16163",538.307555105923,0.620219330938907,0.130987158497569,4.73496286241234,0.0000021909521359088,0.0000163157717666761,TRUE,TRUE,"Enriched"
"K16396",50.2754504556459,1.87632492473028,0.373877135633679,5.0185602324949,0.000000520601713055795,0.00000436321040067559,TRUE,TRUE,"Enriched"
"K12239",18.3357768930712,2.770261094374,0.74874360920582,3.6998794518091,0.000215701902783759,0.000994380880633518,TRUE,TRUE,"Enriched"
"K02491",64.8199405029916,1.87418742940567,0.350352044779985,5.34944053368557,0.0000000882265441389277,0.000000855474869162671,TRUE,TRUE,"Enriched"
"K07150",255.282968918765,-1.066117585452,0.195996190284141,-5.43948116494722,0.0000000534359579028862,0.000000537798526814691,TRUE,TRUE,"Suppressed"
"K22881",255.867891707579,-0.533128827151568,0.193557720767223,-2.75436611383083,0.00588059447274575,0.0177202300836346,TRUE,TRUE,"Suppressed"
"K02775",50.6886426784875,0.873789607424967,0.369089720243424,2.3674178919117,0.0179126941972231,0.0458453721816465,TRUE,TRUE,"Enriched"
"K02599",55.2360916305491,-1.45825137554289,0.375614710415707,-3.8823063503796,0.000103470408268825,0.00052154216531534,TRUE,TRUE,"Suppressed"
"K16705",8.66237678230484,6.49911754000004,1.40576304092536,4.62319562457832,0.00000377873051440445,0.0000268294265510509,TRUE,TRUE,"Enriched"
"K16653",222.162184411054,-0.803117109053204,0.17650303117054,-4.55016043479287,0.00000536050282056142,0.0000364885119448707,TRUE,TRUE,"Suppressed"
"K03464",15.7138790569747,-1.3827152835184,0.656957542367716,-2.10472548733515,0.0353152105480927,0.0810641584993668,TRUE,FALSE,"Suppressed"
"K16432",6.31932213383248,-6.15787590450083,1.49788416810975,-4.11104946270428,0.0000393864806034242,0.000217786169719206,TRUE,TRUE,"Suppressed"
"K01055",1041.14254080476,0.554415475503821,0.0784745173571167,7.06491093128772,0.00000000000160719047897004,0.0000000000313171077675345,TRUE,TRUE,"Enriched"
"K13541",219.713487345249,2.43767418913793,0.190115862780601,12.8220452175054,0.000000000000000000000000000000000000123401937046686,0.0000000000000000000000000000000000129763519663403,TRUE,TRUE,"Enriched"
"K16169",18.023546036113,4.64720457014073,0.894296890421305,5.19648968918076,0.000000203086859844608,0.00000186821532155696,TRUE,TRUE,"Enriched"
"K21802",183.022534323059,-0.981546233197892,0.178095113458231,-5.51135971188843,0.000000035607217346714,0.000000365009611000047,TRUE,TRUE,"Suppressed"
"K03617",83.1293283550772,-0.684563906009532,0.259826724302576,-2.63469397863915,0.00842131696947903,0.0242386088706242,TRUE,TRUE,"Suppressed"
"K01186",599.372559066782,1.35235959067798,0.124166078758916,10.8915382058876,0.00000000000000000000000000126485632202402,0.0000000000000000000000000763797891883612,TRUE,TRUE,"Enriched"
"K02232",851.575476821597,0.676338097526443,0.114295291747079,5.91746245351117,0.00000000326946464068239,0.0000000392528835502399,TRUE,TRUE,"Enriched"
"K19338",117.137616952596,-0.547786609949576,0.216986316833944,-2.52452144421985,0.011585593627448,0.0317177832571644,TRUE,TRUE,"Suppressed"
"K10007",517.470672607763,0.661983614557807,0.151531284881961,4.36862668374702,0.0000125030282247588,0.0000774172275561464,TRUE,TRUE,"Enriched"
"K15981",480.232369317535,-0.641302931200451,0.131270593906844,-4.88535103037282,0.00000103244743142581,0.00000818842247628868,TRUE,TRUE,"Suppressed"
"K14414",30.596194252454,-1.0439506597993,0.456105815630152,-2.28883435383737,0.0220889786162296,0.0544106141277803,TRUE,FALSE,"Suppressed"
"K13481",403.450019967141,-0.577216595341823,0.130632030291118,-4.41864521324117,0.00000993215365521072,0.0000631660116195309,TRUE,TRUE,"Suppressed"
"K15581",957.978679490279,0.528604807275598,0.0891170109685823,5.93158142907143,0.00000000300030699203857,0.0000000361637793368444,TRUE,TRUE,"Enriched"
"K19231",226.607327117292,-0.764366786300673,0.195592006070655,-3.90796536963048,0.0000930766431846664,0.000474797700792965,TRUE,TRUE,"Suppressed"
"K22617",418.638232600356,0.529705398106581,0.138191233772731,3.83313314198882,0.000126521429759165,0.000623810994422915,TRUE,TRUE,"Enriched"
"K09386",481.299437444299,-0.609998975698242,0.138986479263009,-4.38890875524604,0.0000113920850677022,0.0000708982926815469,TRUE,TRUE,"Suppressed"
"K15973",112.006315519941,0.505233713501636,0.232124727850314,2.17656136069844,0.0295133107629849,0.0697140520307687,TRUE,FALSE,"Enriched"
"K15876",166.259328610078,-0.780486356827167,0.186326384766575,-4.18881286085672,0.0000280417519029453,0.00016073932787224,TRUE,TRUE,"Suppressed"
"K07000",148.460417452612,-0.583474481077085,0.194972343129125,-2.99260126699439,0.00276610881082353,0.00925424993813094,TRUE,TRUE,"Suppressed"
"K02381",152.362415355777,-0.560742464626243,0.228176837732744,-2.45749073480904,0.0139911419682622,0.0371331483309101,TRUE,TRUE,"Suppressed"
"K10234",654.023761764393,0.530534753641547,0.102247957795403,5.1887075798926,0.000000211758620525623,0.00000194237739488852,TRUE,TRUE,"Enriched"
"K20238",92.4471453878523,-1.70584432230087,0.307904139070157,-5.54017989966737,0.000000030216107796203,0.000000316646119328251,TRUE,TRUE,"Suppressed"
"K05913",40.2897752684421,0.94920872920586,0.41526200416312,2.28580683927201,0.0222655613996439,0.0547792089457152,TRUE,FALSE,"Enriched"
"K01788",169.820673878375,3.36773026966821,0.242534335619301,13.8855814417734,0.0000000000000000000000000000000000000000000774691635656001,0.000000000000000000000000000000000000000010499653968591,TRUE,TRUE,"Enriched"
"K16698",5.90748964990698,2.9242478279389,1.18028786277225,2.47757171803025,0.0132279821229296,0.0354626210847244,TRUE,TRUE,"Enriched"
"K14291",26.9726148894718,-1.83946450697165,0.5529047596704,-3.32691024050543,0.000878146546917977,0.00341134763672149,TRUE,TRUE,"Suppressed"
"K20531",25.1240896952238,1.49825616519895,0.500031017480462,2.99632645340345,0.00273253727630103,0.00915700266382418,TRUE,TRUE,"Enriched"
"K02659",302.967395270369,-0.557994540401302,0.145985583416697,-3.82225783767003,0.000132235315898644,0.000649881701584068,TRUE,TRUE,"Suppressed"
"K00009",35.9346809007947,1.05469483238903,0.423184126140582,2.49228354099146,0.0126924668634914,0.0342528121240858,TRUE,TRUE,"Enriched"
"K00248",519.603900467655,0.538046342592848,0.113429992501553,4.74342218250152,0.00000210137688081765,0.0000156678454720133,TRUE,TRUE,"Enriched"
"K00116",58.3214619265058,1.18931807831551,0.343837522424809,3.45895372304978,0.000542278067356487,0.00224379506974709,TRUE,TRUE,"Enriched"
"K18547",337.753328222214,2.64840684163879,0.151809588519809,17.4455834276451,0.0000000000000000000000000000000000000000000000000000000000000000000371901460280514,0.0000000000000000000000000000000000000000000000000000000000000000162016214732204,TRUE,TRUE,"Enriched"
"K08955",7.1566486138841,2.04189537755482,0.969912005531966,2.10523775962016,0.0352706169121213,0.0810004088526081,TRUE,FALSE,"Enriched"
"K15671",30.7724313667315,4.78632212854309,1.43322512285816,3.33954662963074,0.000839152617838921,0.003287085302633,TRUE,TRUE,"Enriched"
"K06155",166.137646956449,-0.609462988270538,0.191737808583629,-3.17862706772677,0.00147974342882633,0.0053688014113098,TRUE,TRUE,"Suppressed"
"K06203",305.304845652944,1.56011670496959,0.157580166131887,9.90046363870336,0.0000000000000000000000414349637932334,0.00000000000000000000185817532481567,TRUE,TRUE,"Enriched"
"K20896",7.29973915392281,-2.68332013820959,1.04082633865194,-2.5780670978071,0.00993547035288675,0.0277583296757931,TRUE,TRUE,"Suppressed"
"K01659",615.456282666234,-0.533530025339907,0.112419259434218,-4.74589521426355,0.00000207586162764309,0.0000154965484296147,TRUE,TRUE,"Suppressed"
"K06313",9.7801416892759,6.6768302740079,1.40363160195115,4.75682527005419,0.00000196661249107458,0.0000148078636827949,TRUE,TRUE,"Enriched"
"K07673",255.154775180333,-0.531491572289722,0.156189469669095,-3.40286431227245,0.000666833880875614,0.00267919620517811,TRUE,TRUE,"Suppressed"
"K03933",228.817333271331,3.16315899190389,0.209878858879896,15.0713559659386,0.00000000000000000000000000000000000000000000000000249930339732461,0.000000000000000000000000000000000000000000000000508108380676094,TRUE,TRUE,"Enriched"
"K07009",271.318849121567,1.51094929205305,0.175928824294151,8.58841237708016,0.00000000000000000881792815893001,0.000000000000000271618908289465,TRUE,TRUE,"Enriched"
"K19068",117.259402646813,2.44292805831723,0.277632281121992,8.79914989872451,0.00000000000000000137856442236949,0.0000000000000000449618417755697,TRUE,TRUE,"Enriched"
"K22907",125.043197526806,-1.04401249082635,0.228514407416637,-4.56869438837115,0.00000490771771633282,0.0000337097626474648,TRUE,TRUE,"Suppressed"
"K05562",133.50138472594,-0.537272571158514,0.207774025211373,-2.58585052011162,0.00971390475233662,0.0272391287744832,TRUE,TRUE,"Suppressed"
"K07816",99.523085129104,-0.914958924771624,0.247411526449925,-3.69812570133756,0.000217197330318236,0.000998069122971419,TRUE,TRUE,"Suppressed"
"K02071",124.329137178451,0.73012236146353,0.222493639059835,3.2815426299319,0.00103240917099275,0.00391827226750763,TRUE,TRUE,"Enriched"
"K01457",280.709832587573,-0.70597593359705,0.155951468396237,-4.52689507099304,0.00000598566418384815,0.0000401612385668755,TRUE,TRUE,"Suppressed"
"K10107",131.103194096493,1.07819307840417,0.245660221933923,4.38896077645888,0.0000113893606865192,0.0000708982926815469,TRUE,TRUE,"Enriched"
"K06189",526.936840920394,-0.527790627746394,0.116683319388581,-4.52327402504498,0.00000608903241602529,0.0000406758036203048,TRUE,TRUE,"Suppressed"
"K08100",32.6506254025592,-0.921404069534877,0.442677682922211,-2.08143329804315,0.0373942635043778,0.0847834992985875,TRUE,FALSE,"Suppressed"
"K18115",21.974286236488,4.96332782943537,0.883986829042207,5.61470789651141,0.0000000196894572409232,0.000000211419013578152,TRUE,TRUE,"Enriched"
"K23342",111.278608729002,-1.08893556771437,0.237074580398005,-4.59321942439485,0.00000436459712195965,0.0000302496339168544,TRUE,TRUE,"Suppressed"
"K13525",1302.70045249101,0.941534301076547,0.0931192852361453,10.111055928843,0.00000000000000000000000493494866610277,0.000000000000000000000238875015194927,TRUE,TRUE,"Enriched"
"K16080",31.6208012470616,-1.03704905101777,0.452053496393448,-2.29408479149371,0.0217856287666376,0.0537937448776205,TRUE,FALSE,"Suppressed"
"K13935",5.13068542027933,5.74367863561424,1.5660080579019,3.66771971997991,0.0002447232292058,0.00111242284286417,TRUE,TRUE,"Enriched"
"K23555",144.448676068051,-0.706582247921122,0.238248704677765,-2.96573384890712,0.00301961682553146,0.00997651301133065,TRUE,TRUE,"Suppressed"
"K11250",160.476456129307,3.07135396038067,0.255665558318364,12.0131705677622,0.00000000000000000000000000000000303001167761544,0.000000000000000000000000000000236923605407392,TRUE,TRUE,"Enriched"
"K06718",94.2884256852895,0.943091811810598,0.265783590283848,3.54834476727252,0.000387660430417194,0.00166973231999609,TRUE,TRUE,"Enriched"
"K20326",7.99397474173639,2.7478726336772,1.00470050623148,2.73501667077303,0.00623771168711442,0.0186580694358562,TRUE,TRUE,"Enriched"
"K22462",21.4461123049938,4.90784723294894,0.881206748422674,5.56946169753444,0.0000000255527553190659,0.000000270566414394067,TRUE,TRUE,"Enriched"
"K02227",542.89708999448,0.853294377114137,0.11225756283762,7.6012195129198,0.0000000000000293353015565792,0.000000000000690795382986782,TRUE,TRUE,"Enriched"
"K02120",212.350266347251,-0.660602277949421,0.165149992686902,-4.00001397034161,0.0000633387444627731,0.000335041632678623,TRUE,TRUE,"Suppressed"
"K02613",1020.61552103904,0.512806289272176,0.0808382246509629,6.34361147200266,0.000000000224440436354032,0.00000000329053418587317,TRUE,TRUE,"Enriched"
"K03367",57.0227110929646,1.09495207757294,0.353507021292964,3.0973983870762,0.00195227313356544,0.0068039507666375,TRUE,TRUE,"Enriched"
"K03852",327.562800690266,-0.507693752344694,0.142897612597465,-3.55284978605514,0.000381082005837056,0.00164371934483749,TRUE,TRUE,"Suppressed"
"K20331",8.53503258233932,-2.9423506443801,0.998615717576565,-2.94642933472004,0.00321465861806191,0.0105523158835089,TRUE,TRUE,"Suppressed"
"K00096",509.219939034207,1.28278700583562,0.129350199553081,9.91716294422266,0.0000000000000000000000350579414487891,0.00000000000000000000159565958877735,TRUE,TRUE,"Enriched"
"K18352",127.286679157733,0.501756580669952,0.229753823153101,2.1838878404021,0.028970490743946,0.0686445310984176,TRUE,FALSE,"Enriched"
"K03557",104.408441445147,-0.522346703583912,0.254629985634008,-2.0513950950565,0.0402284863372161,0.0902698815933336,TRUE,FALSE,"Suppressed"
"K02063",454.243461241568,-0.517006296156865,0.139446711153245,-3.70755460549157,0.000209270301476905,0.000969126475860017,TRUE,TRUE,"Suppressed"
"K03293",101.041798435671,2.69814917139333,0.302894511215081,8.9078840041357,0.000000000000000000520157778440629,0.0000000000000000178227094983674,TRUE,TRUE,"Enriched"
"K02300",96.5419867806343,1.38215315491674,0.313206210009444,4.41291746697828,0.0000101986882913491,0.0000645916925118777,TRUE,TRUE,"Enriched"
"K04719",118.296490965335,1.50729523121343,0.252375019604666,5.97244225507951,0.00000000233727887406062,0.000000028567262230252,TRUE,TRUE,"Enriched"
"K14338",309.481853541033,0.734010185830778,0.141809687178574,5.17602288274198,0.000000226665669272612,0.00000205719332871081,TRUE,TRUE,"Enriched"
"K00114",1025.59240921797,-0.591395423844148,0.09138043312091,-6.47179493077739,0.0000000000968455019638906,0.00000000151064121861322,TRUE,TRUE,"Suppressed"
"K18831",87.6518351708545,1.23303088688071,0.287233083075501,4.29278853841707,0.000017644303288284,0.000105813771637408,TRUE,TRUE,"Enriched"
"K02319",40.8394008068206,-0.90124480878648,0.386531950273013,-2.33161788605034,0.0197208020412968,0.0496397736895871,TRUE,TRUE,"Suppressed"
"K05967",27.2358511197647,1.62926971512614,0.500756850346804,3.25361443183009,0.00113946821842504,0.00428459720355999,TRUE,TRUE,"Enriched"
"K07458",64.3612240630055,1.11365924695308,0.34654288685077,3.21362604517301,0.00131070255417538,0.00483019630085538,TRUE,TRUE,"Enriched"
"K03633",68.7210623244415,-1.38126738449125,0.320357534366769,-4.31164319959421,0.0000162045774164196,0.000097853185804696,TRUE,TRUE,"Suppressed"
"K14187",119.216871334836,-0.505980616973179,0.22239971051931,-2.27509566353167,0.0229001917532206,0.0561367642696514,TRUE,FALSE,"Suppressed"
"K07645",535.078660321973,-0.512293669677502,0.134762086433624,-3.80146733576902,0.000143841704006266,0.000701271425047334,TRUE,TRUE,"Suppressed"
"K16383",15.799802126848,4.43332227586925,0.941947865148599,4.70654740023204,0.00000251947423981393,0.0000186483900347392,TRUE,TRUE,"Enriched"
"K07123",31.8875876363905,-2.17757723319725,0.523461651749011,-4.15995560691302,0.0000318309457558209,0.000180257138500234,TRUE,TRUE,"Suppressed"
"K07287",190.185352714395,-0.57827882882873,0.180331689268944,-3.20675102181455,0.00134243126842237,0.0049322218711494,TRUE,TRUE,"Suppressed"
"K11621",4.43260280210513,5.53475613152001,1.60317405974097,3.45237380675575,0.000555677329754476,0.00228220608361788,TRUE,TRUE,"Enriched"
"K21960",14.6982604490124,-1.57752458817176,0.737960462477901,-2.13768171654453,0.0325425844121632,0.0755815774294681,TRUE,FALSE,"Suppressed"
"K22222",12.3641680542567,2.94827761286456,0.849197561518047,3.47183947112866,0.000516905331592776,0.00215341913755761,TRUE,TRUE,"Enriched"
"K07396",38.8713668272898,-0.97140638902915,0.38746402759517,-2.50708793551306,0.0121730423347643,0.0331295784023773,TRUE,TRUE,"Suppressed"
"K07285",145.950527536501,-0.725125703342564,0.229231447520592,-3.16329068801708,0.00155996482996656,0.00560649705242547,TRUE,TRUE,"Suppressed"
"K22452",432.93613583332,-0.725077145474657,0.118259660860263,-6.13122970419655,0.00000000087202390977018,0.0000000114375781197598,TRUE,TRUE,"Suppressed"
"K03804",41.1537155895171,-1.09387426733468,0.420155449736895,-2.60349893835645,0.00922775534303061,0.0261119635584414,TRUE,TRUE,"Suppressed"
"K07720",130.189527305323,1.22619659681342,0.21880724051716,5.60400375195652,0.0000000209456170162379,0.000000223334472346215,TRUE,TRUE,"Enriched"
"K09684",1261.39975192931,1.02307823049224,0.0855433796961118,11.9597592955372,0.00000000000000000000000000000000577290149663597,0.000000000000000000000000000000445682610480795,TRUE,TRUE,"Enriched"
"K04027",129.667134008036,-0.563910977194372,0.220741688765416,-2.55461929438097,0.0106303995791452,0.0295509603615345,TRUE,TRUE,"Suppressed"
"K09799",225.485726585278,1.40991718968257,0.173578576299134,8.12264520048146,0.000000000000000456131290633666,0.0000000000000125879852559943,TRUE,TRUE,"Enriched"
"K09934",43.1936496706088,-1.04276661827181,0.376354988430478,-2.77069960629586,0.00559360042059609,0.0170066644891404,TRUE,TRUE,"Suppressed"
"K15833",4.79814457438251,3.72306141342279,1.45341664894838,2.5615926555655,0.0104193444417546,0.0290304165145096,TRUE,TRUE,"Enriched"
"K02363",186.014272577549,-0.636741176956596,0.183470538946069,-3.47053636302756,0.000519420008145991,0.00216241817725761,TRUE,TRUE,"Suppressed"
"K10118",1146.50020318904,0.663567702161484,0.0863980270277812,7.68035712144345,0.0000000000000158645700199928,0.000000000000387032050207745,TRUE,TRUE,"Enriched"
"K06345",6.16104655799395,6.00580121440185,1.50375362555582,3.9938731400777,0.0000650026515765382,0.000342029681865458,TRUE,TRUE,"Enriched"
"K01223",11.1961789838227,4.9550140598188,1.22134085859955,4.05702799912913,0.0000497011256545647,0.000268481023253116,TRUE,TRUE,"Enriched"
"K06387",5.73224286431738,5.90472809446269,1.51105520052172,3.90768523375186,0.0000931845954827315,0.000474797700792965,TRUE,TRUE,"Enriched"
"K16429",23.8430407779856,-5.18739695509506,0.855054174850563,-6.066746538021,0.00000000130527300153115,0.0000000167950633678027,TRUE,TRUE,"Suppressed"
"K06399",11.7652644506538,6.94234222147573,1.34957878905862,5.14408071448593,0.000000268833941204327,0.00000239360322248933,TRUE,TRUE,"Enriched"
"K01406",444.943645454589,1.27921273060852,0.172447480190557,7.41798447385239,0.000000000000118916036579334,0.00000000000264696681422394,TRUE,TRUE,"Enriched"
"K09987",344.395451166638,0.617605590473296,0.132875350302016,4.64800724189645,0.00000335157149912003,0.0000242770006806806,TRUE,TRUE,"Enriched"
"K21336",18.9941369868456,-2.88655171311763,0.770859896051711,-3.74458669844202,0.000180690975023733,0.000850991703992084,TRUE,TRUE,"Suppressed"
"K19221",284.696585265308,0.72766450765364,0.165504538478918,4.39664382826778,0.0000109937522157908,0.0000689824020206876,TRUE,TRUE,"Enriched"
"K01230",19.6480752989108,1.24012217917611,0.555816326160123,2.23117263888872,0.0256696956288579,0.0619546789237849,TRUE,FALSE,"Enriched"
"K10003",156.938267316023,-0.635003149597379,0.214771368260745,-2.95664713010743,0.00311003813558401,0.0102364396054651,TRUE,TRUE,"Suppressed"
"K07448",418.316324104306,1.35100074932066,0.128810205659491,10.4883051960341,0.0000000000000000000000000977662790581413,0.00000000000000000000000523049592961056,TRUE,TRUE,"Enriched"
"K06385",16.8120246158055,7.45763475091939,1.30668716988859,5.707283979497,0.0000000114793170410152,0.000000127993335709601,TRUE,TRUE,"Enriched"
"K15781",75.7074537559948,-0.925588831175884,0.29505859262509,-3.13696619692064,0.00170705807131068,0.00604607849995578,TRUE,TRUE,"Suppressed"
"K10710",16.6773766660807,2.77387291839684,0.754947331999066,3.67426017792758,0.000238539572808004,0.00108896171748205,TRUE,TRUE,"Enriched"
"K21885",77.0234210888879,1.07835082873993,0.290122468365093,3.71688147704205,0.000201697004496122,0.000939045824749504,TRUE,TRUE,"Enriched"
"K21700",30.4472540316151,-1.09126206194267,0.468312388928937,-2.33020113868537,0.0197955228319811,0.0498072994027445,TRUE,TRUE,"Suppressed"
"K04103",86.5437280243008,-0.747130211358249,0.281016545996046,-2.65866982568621,0.00784498020468143,0.022838441178211,TRUE,TRUE,"Suppressed"
"K15315",69.5966145290475,1.5765935170272,0.332131327146759,4.74689795320197,0.00000206560098948379,0.0000154388485721344,TRUE,TRUE,"Enriched"
"K05882",38.942206889752,1.0787105992106,0.406994147505638,2.65043270479867,0.00803887402411721,0.0232917304860289,TRUE,TRUE,"Enriched"
"K01184",27.9395461621816,-1.36024664459229,0.539440625350287,-2.52158732707425,0.0116826673523635,0.031934949290085,TRUE,TRUE,"Suppressed"
"K05552",141.045688870846,2.91724031352009,0.273974097491966,10.647869051218,0.0000000000000000000000000178402136912512,0.000000000000000000000000998233608283864,TRUE,TRUE,"Enriched"
"K00360",492.721305296256,1.13174909547473,0.138856088920825,8.15051831194844,0.000000000000000362367763509427,0.0000000000000100458226802,TRUE,TRUE,"Enriched"
"K21449",1969.18130596231,0.651380900460188,0.0917699628361218,7.09797498363807,0.00000000000126598092310405,0.0000000000251505460912431,TRUE,TRUE,"Enriched"
"K03893",182.315259448297,1.52560903738448,0.213319389840222,7.15175980264698,0.000000000000856723857219478,0.0000000000173593315786764,TRUE,TRUE,"Enriched"
"K15982",246.740055937579,-0.824456498454373,0.18654813382232,-4.41953763654176,0.00000989122949500783,0.0000629714078184267,TRUE,TRUE,"Suppressed"
"K03690",282.462753837252,-0.532235607550118,0.163362997846168,-3.25799363728194,0.00112202922071573,0.00422162629065099,TRUE,TRUE,"Suppressed"
"K07704",19.9094383146804,1.79670720082771,0.580752778833124,3.09375566732154,0.0019764018019706,0.00687625475768322,TRUE,TRUE,"Enriched"
"K17223",146.939746061148,-0.5865276437315,0.231200901563701,-2.5368743796611,0.0111847080476202,0.0308388491783162,TRUE,TRUE,"Suppressed"
"K06314",6.84370781178416,6.1638292305028,1.49943031319541,4.11078072535907,0.0000394323540759672,0.000217842325642504,TRUE,TRUE,"Enriched"
"K02025",7607.03262792216,0.716407029015471,0.0543941025915061,13.1706746666199,0.00000000000000000000000000000000000000129435818331354,0.000000000000000000000000000000000000148948878491118,TRUE,TRUE,"Enriched"
"K23086",24.812697084447,-1.28825807434983,0.579742429440055,-2.22212142656886,0.026275100619049,0.0631419694598016,TRUE,FALSE,"Suppressed"
"K03228",58.4119897878783,-0.815081574159514,0.350840868841143,-2.3232229952337,0.0201671760686989,0.0505754962347839,TRUE,FALSE,"Suppressed"
"K04766",9.9557168850128,6.69971543562588,1.3786113755865,4.85975638549744,0.00000117530286667633,0.00000923733528847797,TRUE,TRUE,"Enriched"
"K18233",276.273526891455,2.24095056861031,0.158278745685595,14.158253269594,0.0000000000000000000000000000000000000000000016607086345225,0.000000000000000000000000000000000000000000253216549048819,TRUE,TRUE,"Enriched"
"K18230",620.204736788033,1.4398431930041,0.117357160420644,12.2688993823918,0.000000000000000000000000000000000133049590463699,0.0000000000000000000000000000000119333742976191,TRUE,TRUE,"Enriched"
"K12111",24.3722623779848,6.10985222886083,1.12604895719351,5.42592059592917,0.0000000576565882468997,0.000000574587470127192,TRUE,TRUE,"Enriched"
"K08169",197.455095036367,0.551151900303659,0.179390735535668,3.07235431449622,0.00212377473437349,0.00731389164593106,TRUE,TRUE,"Enriched"
"K15515",311.920544424918,-0.506281214990238,0.15533331483005,-3.25932151479649,0.00111679026677976,0.00420450854141342,TRUE,TRUE,"Suppressed"
"K03897",246.148555777765,2.04699738660811,0.184256187147898,11.1095177768171,0.000000000000000000000000000112766827325594,0.00000000000000000000000000731664765807235,TRUE,TRUE,"Enriched"
"K14259",315.757857945102,-0.58633557604732,0.152371897281515,-3.84805588503,0.00011905889733101,0.000593251809494958,TRUE,TRUE,"Suppressed"
"K03212",57.1889350125157,-1.29825284737342,0.325969948295361,-3.98273783875645,0.0000681258916918834,0.000357572989181408,TRUE,TRUE,"Suppressed"
"K02298",446.920122264798,0.773882462342696,0.143458525253825,5.39446826860547,0.0000000687267706088486,0.000000673898028847858,TRUE,TRUE,"Enriched"
"K14534",206.055187162251,-0.605757275547555,0.169559962204681,-3.572525422106,0.000353555148347207,0.00154023774983544,TRUE,TRUE,"Suppressed"
"K06397",11.3877231839166,3.27427889930181,0.997486122932318,3.28253077814896,0.00102879754066277,0.00390699638885569,TRUE,TRUE,"Enriched"
"K19132",36.851718631081,0.902529842805239,0.418885831767907,2.15459625119358,0.0311934426566021,0.0728643457535872,TRUE,FALSE,"Enriched"
"K13639",431.96702103032,0.625785330255777,0.127239252806218,4.91817828582215,0.000000873533358333347,0.00000703788633087858,TRUE,TRUE,"Enriched"
"K15314",641.094842424631,0.958628133086727,0.111638576744549,8.5868895953435,0.00000000000000000893554254656095,0.000000000000000273858663273745,TRUE,TRUE,"Enriched"
"K21331",8.24281627025214,-2.00296089850102,0.94451408277434,-2.12062576411532,0.0339533082142352,0.0784101578184857,TRUE,FALSE,"Suppressed"
"K00558",1382.51890693963,2.54725823689609,0.0765837759061008,33.2610687676106,0.0000000000000000000000000000000000000000000000000000000000000000000000000000000000000000000000000000000000000000000000000000000000000000000000000000000000000000000000000000000000000000000000000000000000000000000000000000000000000000000000000141222133790464,0.000000000000000000000000000000000000000000000000000000000000000000000000000000000000000000000000000000000000000000000000000000000000000000000000000000000000000000000000000000000000000000000000000000000000000000000000000000000000000000000043065689699402,TRUE,TRUE,"Enriched"
"K06965",7.51272454025372,-3.40151015596991,1.14863318363791,-2.96135459468162,0.00306289080029976,0.0101030670584252,TRUE,TRUE,"Suppressed"
"K07116",1305.73807086768,0.571207426163969,0.0890452539790197,6.41479922443204,0.000000000141008573017549,0.00000000215002821708508,TRUE,TRUE,"Enriched"
"K13687",101.326321182929,-0.738208377717765,0.262883821439682,-2.80811642829509,0.00498322069591811,0.0153809023402857,TRUE,TRUE,"Suppressed"
"K17641",445.882920007472,1.55277495794599,0.126675291206451,12.2579150452896,0.000000000000000000000000000000000152369955985013,0.0000000000000000000000000000000134681791529361,TRUE,TRUE,"Enriched"
"K18351",218.05710142163,0.517884015039842,0.183225869153064,2.82647869230305,0.00470628750199971,0.0146896865274801,TRUE,TRUE,"Enriched"
"K10212",14.4358454064735,-1.99299948084078,0.720495369753032,-2.76615168467208,0.00567221441543398,0.0172199281830422,TRUE,TRUE,"Suppressed"
"K08965",11.6288857313405,6.92287270646744,1.35505786049105,5.10891299059268,0.000000324017513260212,0.00000284752566768592,TRUE,TRUE,"Enriched"
"K16021",21.5907166523829,4.33725478520792,0.800277334672512,5.41968964669329,0.0000000597025871943135,0.000000592074925687997,TRUE,TRUE,"Enriched"
"K09985",266.286612435796,0.565091226529205,0.167257736242756,3.37856555531182,0.00072865057484297,0.0029046012130505,TRUE,TRUE,"Enriched"
"K05979",546.214577296736,0.505928460079701,0.114662018929275,4.41234564683329,0.0000102256692143183,0.0000646283487441735,TRUE,TRUE,"Enriched"
"K20422",71.5127055687275,3.57909120608969,0.371175810062029,9.64257666869931,0.000000000000000000000528445638123584,0.0000000000000000000222275168752809,TRUE,TRUE,"Enriched"
"K11816",55.7174461208284,-0.957269078812578,0.335580012809393,-2.85258073267998,0.00433657953806886,0.0137040407267782,TRUE,TRUE,"Suppressed"
"K11624",5.47484898618001,2.79579642498719,1.21868229622125,2.29411425246437,0.0217839369063286,0.0537937448776205,TRUE,FALSE,"Enriched"
"K06560",9.25399785588032,-3.18045932220537,1.0251252706215,-3.10250796985734,0.00191888381013235,0.00670674633696114,TRUE,TRUE,"Suppressed"
"K00354",8.22727312912398,6.4270191104277,1.44001679780337,4.46315565223379,0.0000080761341149088,0.0000525681344363168,TRUE,TRUE,"Enriched"
"K09744",132.59575508281,-1.05541352575472,0.20827941781992,-5.06729631185759,0.000000403505908376373,0.0000034759640327507,TRUE,TRUE,"Suppressed"
"K18855",32.896205619505,-1.1402611842947,0.429753418950442,-2.65329171104556,0.007971094950793,0.0231283102306786,TRUE,TRUE,"Suppressed"
"K09879",355.873387479394,1.99034863412436,0.142950849164599,13.9233075267192,0.0000000000000000000000000000000000000000000457244809051056,0.00000000000000000000000000000000000000000633803656909635,TRUE,TRUE,"Enriched"
"K01429",116.340109550455,0.531681875434222,0.247288985632941,2.15004268820696,0.0315518382964093,0.073616932582173,TRUE,FALSE,"Enriched"
"K13503",182.289077508073,0.945183427302739,0.213236459507104,4.43256012357142,0.00000931207235006896,0.0000597206406551741,TRUE,TRUE,"Enriched"
"K18072",51.6260472098429,-0.849799829145216,0.359626157793493,-2.36300894895747,0.0181272318698984,0.0462709094478666,TRUE,TRUE,"Suppressed"
"K16425",44.1554455917635,1.62544444073697,0.394204427197438,4.12335409902147,0.0000373395008245434,0.000207975904592594,TRUE,TRUE,"Enriched"
"K16018",17.673082510708,7.52763256468123,1.29951157337057,5.79266296579156,0.00000000692790472529965,0.0000000794234791721852,TRUE,TRUE,"Enriched"
"K10565",10.195892917652,4.81041112405265,1.31904475401319,3.64689000082597,0.000265433484378181,0.00119562689898266,TRUE,TRUE,"Enriched"
"K05781",24.1903344526598,-1.01168957795163,0.500596246825835,-2.02096916300616,0.0432829573698557,0.0958195125222324,TRUE,FALSE,"Suppressed"
"K00055",341.448433259973,0.73992502510397,0.134921064403762,5.4841327288205,0.0000000415502732746621,0.000000422358527836941,TRUE,TRUE,"Enriched"
"K22879",85.9547523014015,-0.84634715265177,0.269475879223313,-3.14071580391953,0.00168535489261733,0.00598659259759645,TRUE,TRUE,"Suppressed"
"K11626",13.6486964714328,5.27841038537506,1.2092887893053,4.3648882153347,0.0000127187782458888,0.0000784346092231303,TRUE,TRUE,"Enriched"
"K15922",83.1673260222463,0.909523230027792,0.286538010148587,3.17418003131993,0.00150260459246187,0.00543557853465301,TRUE,TRUE,"Enriched"
"K03737",4252.91487655213,-0.546481238791599,0.0452672679573753,-12.0723265054604,0.00000000000000000000000000000000147893130714762,0.000000000000000000000000000000120266693897244,TRUE,TRUE,"Suppressed"
"K05916",407.136918304424,1.9780079657952,0.154518758071062,12.8010863566838,0.000000000000000000000000000000000000161673555635266,0.0000000000000000000000000000000000164341169303248,TRUE,TRUE,"Enriched"
"K23078",18.9846269236239,-1.42158908708264,0.564832282824639,-2.5168339882655,0.0118414609242929,0.0322992263762354,TRUE,TRUE,"Suppressed"
"K00177",132.341131420524,-0.652159134598045,0.218934929145892,-2.97878066849472,0.00289397850864331,0.00962977177491304,TRUE,TRUE,"Suppressed"
"K06209",5.31603908964936,5.7989012122399,1.55380657412795,3.73206119010949,0.000189919350403357,0.000888962485119013,TRUE,TRUE,"Enriched"
"K15337",11.3990078057281,4.98259986850905,1.235497569352,4.03286901739704,0.000055099994585858,0.000295303046554612,TRUE,TRUE,"Enriched"
"K07506",222.661894221534,-0.643520890947305,0.187936479861964,-3.42414038732639,0.000616747512508845,0.00250936829805967,TRUE,TRUE,"Suppressed"
"K05375",125.913564042812,1.29720185412755,0.220882465127764,5.87281499858855,0.00000000428456531134283,0.0000000504470344283396,TRUE,TRUE,"Enriched"
"K19746",624.279158485783,0.579710350510262,0.133893813230813,4.32962760953657,0.000014936169971412,0.0000908232309627537,TRUE,TRUE,"Enriched"
"K16838",29.1986748715069,2.19078773149003,0.495915178626186,4.4176662177574,0.00000997723379238824,0.0000633206544222433,TRUE,TRUE,"Enriched"
"K07558",8.79073940814284,-2.15415386662554,0.90629188045483,-2.3768875271667,0.0174594108742865,0.0448476933482499,TRUE,TRUE,"Suppressed"
"K12813",15.5543446714975,4.42862190322795,0.921152737279705,4.80769553625417,0.00000152680055732964,0.0000117575209585271,TRUE,TRUE,"Enriched"
"K07794",324.884510705664,0.555066966150246,0.138698686964846,4.00196265946577,0.0000628192143704367,0.000332581934414317,TRUE,TRUE,"Enriched"
"K07457",32.2746213026979,-1.1093855193112,0.439189939890559,-2.52598117249145,0.0115375664224286,0.0316258955552323,TRUE,TRUE,"Suppressed"
"K06296",62.9998781541122,5.89065559797313,0.668907679941745,8.80638057330445,0.00000000000000000129251675830143,0.0000000000000000426111335615157,TRUE,TRUE,"Enriched"
"K21833",14.403061864671,1.28586201123156,0.64266911776698,2.00081500057047,0.0454123302545177,0.0997370551754785,TRUE,FALSE,"Enriched"
"K06977",32.9167387928527,-1.00235515186912,0.450176418328474,-2.22658298182503,0.0259751573799349,0.0625681219827104,TRUE,FALSE,"Suppressed"
"K00841",38.0542702076826,3.30420951903526,0.502833154479099,6.57118467547788,0.0000000000499165021610082,0.000000000814012691657725,TRUE,TRUE,"Enriched"
"K15524",210.535433852495,0.967056371079725,0.170025189163361,5.68772412980863,0.0000000128743575203593,0.000000142505819449494,TRUE,TRUE,"Enriched"
"K18369",650.786588137514,0.556706501506283,0.104359949908604,5.33448417706059,0.0000000958165422543023,0.000000924659954444604,TRUE,TRUE,"Enriched"
"K04074",279.595258686049,-0.633981401787998,0.154189208546644,-4.1117105909277,0.0000392738414745623,0.000217755599230323,TRUE,TRUE,"Suppressed"
"K22686",186.293566566167,-0.641031321990845,0.193125522905061,-3.31924704900849,0.000902605374606325,0.00349301407342892,TRUE,TRUE,"Suppressed"
"K02086",5.54688919494734,5.85353408403461,1.55144595361013,3.77295391464572,0.000161326096071468,0.00076929465202493,TRUE,TRUE,"Enriched"
"K04030",42.2754219678123,-0.930669532631013,0.384430100559974,-2.42090702906814,0.0154818362658826,0.0405252014530548,TRUE,TRUE,"Suppressed"
"K03319",190.365022879602,-0.628621733174907,0.221089851263802,-2.84328624575736,0.00446509488927611,0.0140301976969062,TRUE,TRUE,"Suppressed"
"K21014",128.914261735677,1.79775598493434,0.253260104800823,7.09845708366976,0.00000000000126157349572057,0.0000000000251448913411756,TRUE,TRUE,"Enriched"
"K05365",1486.58812493273,-0.519533089293592,0.0939533041562557,-5.52969471333914,0.0000000320788559454642,0.000000333303138690607,TRUE,TRUE,"Suppressed"
"K00853",897.324794324576,1.0218980474206,0.0838040327033717,12.1939006328926,0.000000000000000000000000000000000334994442210494,0.0000000000000000000000000000000287764944090395,TRUE,TRUE,"Enriched"
"K01436",563.958795954497,0.659779643338794,0.117550657965644,5.61272607705545,0.0000000199163745363928,0.000000213479733387452,TRUE,TRUE,"Enriched"
"K01678",47.2291275653258,-0.83760221276345,0.351140429997794,-2.38537673593643,0.0170616390102287,0.0439809536447105,TRUE,TRUE,"Suppressed"
"K00867",621.811373357119,-0.514757832687678,0.111129591590621,-4.63205007163118,0.00000362062555596961,0.000025918069560867,TRUE,TRUE,"Suppressed"
"K21119",109.348879878145,-0.814881242130744,0.241820133313513,-3.3697824534497,0.000752275488841528,0.00298706263440396,TRUE,TRUE,"Suppressed"
"K07014",143.06754349061,-0.673696713671903,0.204409180114625,-3.29582415669452,0.000981334179386612,0.00374547843448448,TRUE,TRUE,"Suppressed"
"K21394",66.9177075994093,-1.0298465345776,0.311179079980061,-3.30949797346143,0.000934634426472736,0.00359670152536372,TRUE,TRUE,"Suppressed"
"K10190",45.3245404943755,1.49846856748936,0.446142557103835,3.3587214302459,0.000783039590102002,0.00308518223359065,TRUE,TRUE,"Enriched"
"K01648",6.08024340026845,2.97586203232812,1.14690155118821,2.59469701583807,0.00946743362280304,0.0266459979997581,TRUE,TRUE,"Enriched"
"K02770",184.752732149091,0.816695270647727,0.215313199397006,3.79305715086171,0.000148803891458675,0.000719140201272945,TRUE,TRUE,"Enriched"
"K07407",2398.81251237365,0.586978377117064,0.0634542321325985,9.25042124677314,0.000000000000000000022360965295504,0.000000000000000000847077809548316,TRUE,TRUE,"Enriched"
"K17677",124.24820012158,5.28014806022938,0.405200055961452,13.0309657724522,0.00000000000000000000000000000000000000815686169512196,0.000000000000000000000000000000000000888369633545514,TRUE,TRUE,"Enriched"
"K23257",60.9153420712719,1.17344353005255,0.308007827260607,3.80978477231911,0.000139087819575802,0.000679180633781279,TRUE,TRUE,"Enriched"
"K17244",64.7775104524045,1.04522538379952,0.30333651656672,3.44576180813899,0.000569452054533863,0.00233093159771948,TRUE,TRUE,"Enriched"
"K07662",83.0915209524134,-0.654528694191996,0.295388126669154,-2.21582601024818,0.0267034203813795,0.0639686413613644,TRUE,FALSE,"Suppressed"
"K10564",21.9973511446053,1.7145814783906,0.592383153689522,2.89437919986706,0.00379909058553762,0.0122015026230616,TRUE,TRUE,"Enriched"
"K02224",662.644832011138,1.04057740884038,0.106045159536863,9.81258751823233,0.0000000000000000000000993867812802945,0.00000000000000000000432971413591797,TRUE,TRUE,"Enriched"
"K14581",69.0317771565364,-0.904153774107235,0.30886513347305,-2.9273416650835,0.00341873085168103,0.0111323221913521,TRUE,TRUE,"Suppressed"
"K00710",11.1651317325932,6.86617787308047,1.37757619182642,4.9842454550388,0.000000622040743992392,0.00000514068631112412,TRUE,TRUE,"Enriched"
"K13018",339.882869068014,0.812748052212775,0.137843850868377,5.89615022427691,0.00000000372080253298297,0.0000000442362078921309,TRUE,TRUE,"Enriched"
"K03181",21.1800511851234,-1.32219084491304,0.555028626657941,-2.38220297369977,0.0172094089443655,0.0443129282917953,TRUE,TRUE,"Suppressed"
"K01730",175.822031875724,-0.624616907698654,0.187224576418655,-3.33619079100994,0.000849348527457065,0.00331637430791334,TRUE,TRUE,"Suppressed"
"K18778",185.437155915941,-0.506414421503759,0.186335658451123,-2.71775368017709,0.00657267488905761,0.0195640527810456,TRUE,TRUE,"Suppressed"
"K08724",26.5557679361797,2.58299843974731,0.548857342533397,4.70613807920432,0.00000252453558775395,0.0000186632030905592,TRUE,TRUE,"Enriched"
"K08640",256.736787597736,1.95357619499212,0.164703437023001,11.8611744253965,0.0000000000000000000000000000000188315012212467,0.00000000000000000000000000000143566657435479,TRUE,TRUE,"Enriched"
"K06985",605.566394737477,0.671578893688181,0.121492517287536,5.52773873389057,0.0000000324384644517772,0.000000336466317502362,TRUE,TRUE,"Enriched"
"K17883",152.1011126043,-1.53154954071497,0.203748118762447,-7.5168769656255,0.0000000000000561001645475246,0.00000000000128629662998253,TRUE,TRUE,"Suppressed"
"K04769",6.73110420451059,6.13537869099675,1.46708824265167,4.1820106743596,0.0000288942400638275,0.000165315168995576,TRUE,TRUE,"Enriched"
"K16435",140.804410596574,2.50656304258639,0.231315956695613,10.8361008829355,0.00000000000000000000000000232156035618883,0.000000000000000000000000135889888631052,TRUE,TRUE,"Enriched"
"K01400",167.286293485943,-0.58037051819821,0.260301980724879,-2.22960469444764,0.0257736979294101,0.0621319303049298,TRUE,FALSE,"Suppressed"
"K23786",10.207520656975,6.73691226389136,1.37378698951696,4.90389872323667,0.000000939529437860227,0.00000752981608608347,TRUE,TRUE,"Enriched"
"K00226",510.212272677791,-0.506091000835191,0.119407680007568,-4.23834547998182,0.0000225173079784892,0.000131797563685994,TRUE,TRUE,"Suppressed"
"K14268",4.77605651467667,5.64145061260482,1.57097450727682,3.59105166027417,0.000329346340789531,0.00144405703269256,TRUE,TRUE,"Enriched"
"K15531",253.400619663217,-1.44360800150983,0.194928389826053,-7.40583761451092,0.000000000000130325228158949,0.00000000000289037660560521,TRUE,TRUE,"Suppressed"
"K21465",27.2897963769637,6.27550489999456,1.11545193518038,5.62597517837445,0.0000000184462871813634,0.000000199619225900276,TRUE,TRUE,"Enriched"
"K12308",1666.48650092274,0.98439641445954,0.0655466031377211,15.0182674209861,0.00000000000000000000000000000000000000000000000000557458234827589,0.00000000000000000000000000000000000000000000000106248055444171,TRUE,TRUE,"Enriched"
"K13532",16.2866824487776,3.87070004682991,0.814995440205058,4.74935178269957,0.00000204069696056734,0.0000153089923277985,TRUE,TRUE,"Enriched"
"K16384",86.0012723626245,1.33751861366501,0.295451308020141,4.52703568187903,0.00000598168430020157,0.0000401612385668755,TRUE,TRUE,"Enriched"
"K13612",34.373062071782,1.94822532248617,0.525418819111596,3.70794735860493,0.00020894607685923,0.000968360275656874,TRUE,TRUE,"Enriched"
"K10537",20.2570720230013,1.34882619648638,0.659397315540139,2.04554396067188,0.0408012598292863,0.0912864577031612,TRUE,FALSE,"Enriched"
"K03466",11255.0406431743,0.510734330752817,0.0382126438235207,13.3655847816122,0.000000000000000000000000000000000000000096076960873411,0.0000000000000000000000000000000000000119586404972844,TRUE,TRUE,"Enriched"
"K07717",18.3218617686781,4.67540663131274,0.892706565626855,5.23733868589808,0.000000162908579791884,0.00000151691515748198,TRUE,TRUE,"Enriched"
"K01496",513.566012232556,0.76313267732606,0.118955515978974,6.41527777039734,0.000000000140566326405059,0.00000000214865670362019,TRUE,TRUE,"Enriched"
"K02521",31.832194042088,-1.60355167144398,0.453130001898706,-3.53883359019437,0.000401899121665752,0.00171972327522558,TRUE,TRUE,"Suppressed"
"K09923",5.42185580971797,-2.97728919699304,1.29444452452764,-2.30005159786935,0.0214452969872181,0.0531079165602747,TRUE,FALSE,"Suppressed"
"K05829",120.465769997342,-0.781717675792624,0.263745260420388,-2.963911747823,0.00303755387126425,0.0100303416680242,TRUE,TRUE,"Suppressed"
"K22130",81.7596742679438,0.702133440054038,0.266703834842838,2.63263346201148,0.00847257280226978,0.0243401891290831,TRUE,TRUE,"Enriched"
"K00836",228.029961401137,0.754492799390793,0.19349129224791,3.89936307016908,0.0000964460617729292,0.000490187108960913,TRUE,TRUE,"Enriched"
"K18336",63.3320110057286,1.24763419470898,0.342436479726908,3.64340328373883,0.000269056779111691,0.00121016024764174,TRUE,TRUE,"Enriched"
"K16027",18.4170172988102,-3.06762138874551,0.750735292886289,-4.08615582324854,0.0000438579287305304,0.000239685938465506,TRUE,TRUE,"Suppressed"
"K21686",67.1220685390616,0.703808873261135,0.304870862246787,2.30854752098748,0.0209687029404345,0.0521566554786745,TRUE,FALSE,"Enriched"
"K03791",189.153507223232,-0.615489294652697,0.185856992870703,-3.31162839313171,0.000927546658318341,0.00357366207775335,TRUE,TRUE,"Suppressed"
"K23774",12.6655468285594,7.04540829376621,1.36021508097854,5.17962812814701,0.000000222328661995478,0.0000020238544918066,TRUE,TRUE,"Enriched"
"K06284",8.37502265298813,2.28793171664516,1.00717557008984,2.27163146584371,0.0231087787323339,0.0565344731201381,TRUE,FALSE,"Enriched"
"K06384",6.87323022403586,3.20904542148846,1.20251340158545,2.66861510005419,0.0076164676940103,0.0222795378732704,TRUE,TRUE,"Enriched"
"K15019",12.8501218291439,1.6660730583873,0.815580940187923,2.04280528920086,0.0410717167720964,0.0918578660040395,TRUE,FALSE,"Enriched"
"K07663",185.670806299699,-0.517082544834066,0.200266067534199,-2.5819778218083,0.00982358976670058,0.0274835201775719,TRUE,TRUE,"Suppressed"
"K06443",439.798996454309,1.07963211045463,0.120728019130917,8.94268056600749,0.000000000000000000379842480440401,0.0000000000000000132380530754629,TRUE,TRUE,"Enriched"
"K16428",23.5203031501184,-3.22722502389622,0.628597419028708,-5.13400934557262,0.000000283634002466292,0.00000251071666334095,TRUE,TRUE,"Suppressed"
"K22298",53.6164953433696,1.79506502416114,0.3877088317136,4.62993070399581,0.00000365788125044161,0.000026154065353392,TRUE,TRUE,"Enriched"
"K06905",57.2181933515966,-1.181806549899,0.322209747768105,-3.66781749492428,0.000244629691090445,0.00111242284286417,TRUE,TRUE,"Suppressed"
"K05714",186.328681088273,0.756985828731273,0.184891057358095,4.09422629492107,0.0000423580457498832,0.000232530802005884,TRUE,TRUE,"Enriched"
"K03167",200.851765829743,-0.679708039875357,0.179424795662623,-3.7882614683504,0.000151705147535408,0.000731296549635647,TRUE,TRUE,"Suppressed"
"K16648",1187.02479082484,0.620478387735923,0.0809566476865955,7.66432906335202,0.0000000000000179768451424545,0.000000000000436815850692551,TRUE,TRUE,"Enriched"
"K01590",102.487208575611,3.79011186220918,0.319695596718489,11.8553771184612,0.0000000000000000000000000000000201813577247021,0.00000000000000000000000000000151958149090072,TRUE,TRUE,"Enriched"
"K16421",317.916144751712,2.35046479240178,0.153293616414755,15.3330898401034,0.0000000000000000000000000000000000000000000000000000459594407145078,0.0000000000000000000000000000000000000000000000000107810241891455,TRUE,TRUE,"Enriched"
"K12283",54.1349217155393,-1.28857394238846,0.364403406153272,-3.53611936834221,0.000406051174378646,0.00173546328839199,TRUE,TRUE,"Suppressed"
"K07695",106.208572655928,0.587610282963955,0.242976006323623,2.41838810282077,0.0155894395056363,0.0407893571621089,TRUE,TRUE,"Enriched"
"K19545",57.8891538542963,2.20280607946755,0.405048829649722,5.43837166835536,0.0000000537697178652431,0.000000539590054111949,TRUE,TRUE,"Enriched"
"K03759",99.8733085245977,-0.629839997997249,0.268207470500583,-2.34833130047315,0.0188577395304589,0.047782863895417,TRUE,TRUE,"Suppressed"
"K17235",52.981822962908,-1.65977101570625,0.347686278171376,-4.77376048441044,0.000001808174128018,0.0000137678576863693,TRUE,TRUE,"Suppressed"
"K04091",275.278288049481,-0.553991993824848,0.156900418960703,-3.53085095307235,0.000414225090540763,0.00176792080280484,TRUE,TRUE,"Suppressed"
"K17840",39.3700142712844,-1.05215102792456,0.392877610693255,-2.67806308959163,0.00740492691222249,0.0217232560065632,TRUE,TRUE,"Suppressed"
"K11740",304.126546217704,0.651644255071462,0.19759556812993,3.29786877933907,0.000974216508315542,0.00372494894750339,TRUE,TRUE,"Enriched"
"K00314",63.7336021939821,-0.728693200004244,0.32311915124271,-2.25518418577699,0.0241217701401913,0.058659759204556,TRUE,FALSE,"Suppressed"
"K12685",113.728857808568,1.85133392363159,0.294837642728465,6.27916403922889,0.000000000340398297313416,0.0000000048169123325163,TRUE,TRUE,"Enriched"
"K01489",893.279802740217,0.712750456917674,0.0860838855857908,8.27971985775839,0.000000000000000123465386037386,0.00000000000000356879331489106,TRUE,TRUE,"Enriched"
"K16328",83.2831891050268,-0.852230939867064,0.28086538225192,-3.03430395385168,0.00241091392515122,0.00819630101978666,TRUE,TRUE,"Suppressed"
"K07074",291.879647728632,1.54937246701575,0.168666561273581,9.18600850883909,0.0000000000000000000407688907704416,0.00000000000000000151615527322514,TRUE,TRUE,"Enriched"
"K00213",14.5995647292999,1.88324770616972,0.740457859309,2.54335568526097,0.0109793400969158,0.0303962756473396,TRUE,TRUE,"Enriched"
"K06325",13.8292513101577,3.66777528403046,0.913929600581712,4.01319235277633,0.0000599030599050536,0.000319081888524823,TRUE,TRUE,"Enriched"
"K05793",72.0358071446248,3.59175091009769,0.403755703336882,8.89585182429196,0.000000000000000000579728892143803,0.0000000000000000197528855485199,TRUE,TRUE,"Enriched"
"K18334",507.434370954939,0.641404433219734,0.107880263988849,5.94552153938028,0.00000000275578008006274,0.0000000334145183067647,TRUE,TRUE,"Enriched"
"K16434",7.95567071139896,-6.49263717748977,1.43473358889848,-4.52532597530843,0.00000603024851272155,0.0000404159183286689,TRUE,TRUE,"Suppressed"
"K17319",476.757655826461,1.70480233154965,0.13509629864367,12.6191638754385,0.00000000000000000000000000000000000165569837642857,0.000000000000000000000000000000000153001581785422,TRUE,TRUE,"Enriched"
"K09935",165.68210187197,1.57435107958724,0.206835836024011,7.61159724470798,0.0000000000000270729087571046,0.000000000000644990900428051,TRUE,TRUE,"Enriched"
"K01631",311.925589441702,0.513007691514523,0.160532989988745,3.19565275368315,0.00139514909665624,0.00511051912342729,TRUE,TRUE,"Enriched"
"K13583",296.776287006487,0.547848568171201,0.14492195316801,3.78030074943907,0.00015663903226706,0.000750464617279496,TRUE,TRUE,"Enriched"
"K00571",443.889195455054,0.554896161688354,0.124959798707705,4.4405974355506,0.00000897094749466943,0.0000578690680592175,TRUE,TRUE,"Enriched"
"K20754",163.779055250903,-0.554055936455723,0.2000870714112,-2.76907414631043,0.00562158402693468,0.0170747216037224,TRUE,TRUE,"Suppressed"
"K19355",624.883986754403,0.626744207443419,0.113718823235585,5.51134974502006,0.0000000356092340621459,0.000000365009611000047,TRUE,TRUE,"Enriched"
"K09141",136.318913741989,-0.684060252770419,0.217602087764615,-3.14362908829433,0.00166866798695886,0.00594462970354095,TRUE,TRUE,"Suppressed"
"K18214",13.5624230472159,3.5681065270687,0.86790298888171,4.11118128728442,0.0000393639966645834,0.000217786169719206,TRUE,TRUE,"Enriched"
"K03763",83.880994120015,0.667409244031197,0.289591121980346,2.30466058305645,0.0211855900971355,0.0526027028846277,TRUE,FALSE,"Enriched"
"K14136",215.459190143213,-0.841700745589584,0.179381233874388,-4.69224526674283,0.00000270222891293561,0.0000198326042599209,TRUE,TRUE,"Suppressed"
"K21966",191.10193936841,1.0340818757983,0.223230188176883,4.63235678043204,0.00000361526424524968,0.0000259101017999739,TRUE,TRUE,"Enriched"
"K01664",410.593372318682,0.796356571140154,0.128538330209985,6.19547935498457,0.000000000581079090664407,0.000000007849325192925,TRUE,TRUE,"Enriched"
"K16438",55.6905831015916,3.18949431634184,0.397141077209646,8.03113679086423,0.000000000000000965736025837316,0.0000000000000262947500963473,TRUE,TRUE,"Enriched"
"K10353",16.0223144436242,1.33785586881392,0.614758259622498,2.1762308157282,0.0295380057783284,0.0697250905620057,TRUE,FALSE,"Enriched"
"K01178",595.724062152509,-0.592753889849738,0.105362539607078,-5.62585044039616,0.0000000184596234477383,0.000000199619225900276,TRUE,TRUE,"Suppressed"
"K11783",203.313841338422,1.12471157881672,0.199086694765527,5.64935582531689,0.0000000161050190530517,0.000000176981101269482,TRUE,TRUE,"Enriched"
"K05895",132.603430076945,0.52310004712682,0.23288041033237,2.24621747436912,0.024690081490738,0.0599223267059335,TRUE,FALSE,"Enriched"
"K06377",499.295497203285,2.19351489365509,0.138267570864275,15.8642759104249,0.0000000000000000000000000000000000000000000000000000000112001752563044,0.00000000000000000000000000000000000000000000000000000296999429948698,TRUE,TRUE,"Enriched"
"K02121",47.6212918943967,-1.07831407417961,0.350864524654704,-3.07330607231041,0.00211701234102641,0.00729472218526557,TRUE,TRUE,"Suppressed"
"K15329",64.4732649290047,2.88365378511635,0.384750845831014,7.49486015784582,0.000000000000066369084929793,0.00000000000150477713377995,TRUE,TRUE,"Enriched"
"K17876",67.784967936367,3.40289442334907,0.372147665182028,9.14393597413709,0.0000000000000000000602197394014118,0.00000000000000000222594054914673,TRUE,TRUE,"Enriched"
"K02081",545.963350891251,1.00064558298056,0.112848566924821,8.86715365776142,0.000000000000000000750393303387513,0.0000000000000000254258264297802,TRUE,TRUE,"Enriched"
"K18545",182.753565318278,1.85208400071161,0.201274412272179,9.20178566069831,0.0000000000000000000352050008865581,0.00000000000000000132540308893283,TRUE,TRUE,"Enriched"
"K16049",136.604729389051,-1.50083509953182,0.217968603979623,-6.88555632384617,0.00000000000575621335078797,0.000000000103560900373026,TRUE,TRUE,"Suppressed"
"K18827",181.492917945084,-0.649462594496463,0.205692021849725,-3.15745155624437,0.00159154678761017,0.00570990815154965,TRUE,TRUE,"Suppressed"
"K05825",1068.36845747562,0.630594854081484,0.082713049521095,7.6238859252875,0.0000000000000246150913853017,0.000000000000591052922673051,TRUE,TRUE,"Enriched"
"K23549",12.5841198382909,-4.23734019962168,1.01021690224518,-4.19448555078052,0.0000273491583602998,0.000157360864942895,TRUE,TRUE,"Suppressed"
"K18554",126.393543869768,0.623012061515684,0.230221941047844,2.70613677688613,0.00680710028927889,0.0201634311142846,TRUE,TRUE,"Enriched"
"K09157",145.450790760899,-0.554895141952993,0.226636311805142,-2.4483946880943,0.0143494371372254,0.0379619049850489,TRUE,TRUE,"Suppressed"
"K03739",23.5536238551991,1.83108118323266,0.53213161678651,3.4410306124834,0.000579502965498245,0.00236889315454008,TRUE,TRUE,"Enriched"
"K08992",84.4767899313058,-0.903364919071426,0.264659580128963,-3.41330897083429,0.000641791350286415,0.00259052643639765,TRUE,TRUE,"Suppressed"
"K01707",261.239140494437,1.31453207502737,0.152367695018891,8.62736733573601,0.00000000000000000627802905255262,0.000000000000000195355608119992,TRUE,TRUE,"Enriched"
"K06328",4.63337783585915,5.59222874607372,1.65570373704267,3.37755397959195,0.000731335974883691,0.00291340177061765,TRUE,TRUE,"Enriched"
"K09723",7.46550272632167,-2.2646996610277,0.941869061692848,-2.40447399021398,0.0161957586823108,0.0419617384041689,TRUE,TRUE,"Suppressed"
"K00477",37.6816370177035,-1.13608776121512,0.406398798831622,-2.7954998008885,0.00518195337148246,0.0159137631483744,TRUE,TRUE,"Suppressed"
"K00563",223.458947422779,1.21731815365595,0.170099028879345,7.15652618169516,0.000000000000827470826115678,0.0000000000168787443761857,TRUE,TRUE,"Enriched"
"K22336",185.128238289425,-0.574686083643509,0.191105757686051,-3.00716258160889,0.00263698688184274,0.00889053786200047,TRUE,TRUE,"Suppressed"
"K15518",9.93648859635266,3.74904956356658,1.00821754368266,3.71849268747361,0.000200415092885389,0.000933974349966617,TRUE,TRUE,"Enriched"
"K03339",5.73854282382166,5.906104566906,1.51102423077279,3.90867627839787,0.0000928032195135985,0.000474042576058155,TRUE,TRUE,"Enriched"
"K03826",6.02275248919991,2.91360241155455,1.23313771824268,2.36275508278723,0.0181396531381946,0.0462709094478666,TRUE,TRUE,"Enriched"
"K13014",32.6759603284636,-1.01617181651749,0.421107867173967,-2.41309150393452,0.0158178478646263,0.0412807249150004,TRUE,TRUE,"Suppressed"
"K13049",312.949491014345,0.582066424307241,0.183717753263804,3.16826443806679,0.00153351966006048,0.0055212139354834,TRUE,TRUE,"Enriched"
"K12543",269.167324863211,0.720186398809599,0.149515863434272,4.8167892173274,0.00000145886653398952,0.0000113057522119467,TRUE,TRUE,"Enriched"
"K22349",176.205605353058,-0.631583966513633,0.216345724962303,-2.91932723248255,0.00350787778663136,0.011374027974835,TRUE,TRUE,"Suppressed"
"K02000",364.139081457456,0.906040287656682,0.133826343328412,6.77026858182355,0.0000000000128543540849489,0.000000000221465269955095,TRUE,TRUE,"Enriched"
"K03761",386.318781936549,0.677161090439784,0.148342571900204,4.56484663684634,0.00000499859626222005,0.0000342159804750619,TRUE,TRUE,"Enriched"
"K01725",75.5761409950014,-0.639364692797663,0.298559419122707,-2.14149898427719,0.032233820304943,0.0750645551889451,TRUE,FALSE,"Suppressed"
"K21224",27.1975097150083,2.44872070321021,0.528166258487497,4.6362687200477,0.00000354754717829768,0.0000255147290571198,TRUE,TRUE,"Enriched"
"K02424",69.8668429304109,1.1700980078912,0.350102908314458,3.34215449258773,0.000831307772546551,0.00325844865344564,TRUE,TRUE,"Enriched"
"K16423",375.085045920409,2.32635174129943,0.155973019827375,14.9150907244993,0.0000000000000000000000000000000000000000000000000262919673604741,0.00000000000000000000000000000000000000000000000445429747032033,TRUE,TRUE,"Enriched"
"K06286",11.4843577868331,4.99334842049899,1.22114456856557,4.0890722925333,0.0000433101868445282,0.000236904779878724,TRUE,TRUE,"Enriched"
"K22969",936.518206111486,1.01086170207095,0.0877451934546248,11.5204225128717,0.00000000000000000000000000000104099286414547,0.0000000000000000000000000000738257613770139,TRUE,TRUE,"Enriched"
"K15868",83.1627906037171,-1.06280828035824,0.29419240273422,-3.61262993360983,0.000303107137973204,0.00134681086266582,TRUE,TRUE,"Suppressed"
"K02015",2809.2955772845,0.961677023122725,0.0536938074945187,17.9103898195504,0.00000000000000000000000000000000000000000000000000000000000000000000000978479026073539,0.00000000000000000000000000000000000000000000000000000000000000000000542522143638411,TRUE,TRUE,"Enriched"
"K02650",559.372779040148,-0.546036995034737,0.113502826366024,-4.81077883711789,0.00000150343302517689,0.0000116068835703214,TRUE,TRUE,"Suppressed"
"K04767",429.324392063438,-0.554214746787226,0.119960132915585,-4.61999110302107,0.00000383756499603933,0.0000271838663308291,TRUE,TRUE,"Suppressed"
"K07156",342.444853231295,0.538022539581516,0.135630523651252,3.96682490856511,0.0000728364600674338,0.000380008186442497,TRUE,TRUE,"Enriched"
"K00365",393.808286144763,-0.53849751230191,0.12329552810443,-4.36753482126138,0.000012565676760794,0.0000776629636419934,TRUE,TRUE,"Suppressed"
"K06865",16.952653843064,-3.64490071722613,0.778985846842834,-4.67903329951195,0.00000288230633691591,0.0000211288297462141,TRUE,TRUE,"Suppressed"
"K13731",8.2699481196765,6.43370127737936,1.42912164225787,4.50185700582825,0.00000673622983068984,0.0000444154224187863,TRUE,TRUE,"Enriched"
"K16937",591.177049450975,0.7495531722168,0.111624099128675,6.71497622885852,0.0000000000188096881349334,0.000000000319555119595986,TRUE,TRUE,"Enriched"
"K06202",99.3446014257477,-0.788666792890833,0.243755746369602,-3.23547979744853,0.00121438478806709,0.00450793233257528,TRUE,TRUE,"Suppressed"
"K00556",116.994572510884,-0.517966456673097,0.240164119296948,-2.15671873962431,0.0310275859536158,0.0725324824573026,TRUE,FALSE,"Suppressed"
"K16117",48.5877496980103,3.54520810645461,0.477637524819428,7.42238187377527,0.000000000000115032572372167,0.00000000000256990351244633,TRUE,TRUE,"Enriched"
"K06995",80.88442046187,-0.64949948295594,0.266941752542209,-2.43311312962644,0.0149696229378224,0.0393703019826557,TRUE,TRUE,"Suppressed"
"K17763",720.07989980456,0.547808357462772,0.0990660072948184,5.5297308574525,0.0000000320722473472659,0.000000333303138690607,TRUE,TRUE,"Enriched"
"K03271",1149.70725126404,0.623922227719423,0.0879360681231953,7.09517995329664,0.00000000000129183279235899,0.0000000000255808058460958,TRUE,TRUE,"Enriched"
"K00038",251.140585129489,-0.676738987834343,0.161597483069471,-4.18780648671003,0.0000281663514360708,0.0001613019506184,TRUE,TRUE,"Suppressed"
"K06726",29.2561420724569,1.89565325822641,0.510077311123019,3.71640380171551,0.000202078530519716,0.000940104468069984,TRUE,TRUE,"Enriched"
"K14340",238.435983086075,2.75162352055877,0.180666465967547,15.2304054093417,0.000000000000000000000000000000000000000000000000000222209344133623,0.0000000000000000000000000000000000000000000000000501946218470728,TRUE,TRUE,"Enriched"
"K14743",63.0145249517584,-2.52553302129791,0.353053361725049,-7.15340312568597,0.000000000000846525312438603,0.0000000000172098596018768,TRUE,TRUE,"Suppressed"
"K07640",99.8076408339054,-1.09322274620317,0.244261302462079,-4.47562808837838,0.00000761870064593933,0.0000498032746404973,TRUE,TRUE,"Suppressed"
"K11923",5.42658890877152,5.82513740776909,1.60744198812395,3.62385544909625,0.000290243858735542,0.00129779860295313,TRUE,TRUE,"Enriched"
"K01497",786.898228572959,0.550414015748488,0.0951021555881373,5.78760820240698,0.00000000713956978393962,0.0000000816965030248551,TRUE,TRUE,"Enriched"
"K01001",7.41809498891495,-2.75785799373796,1.0426322370426,-2.64509181258443,0.00816687543691074,0.0235953449974982,TRUE,TRUE,"Suppressed"
"K00301",201.06152088004,-0.724149437368452,0.175694324808493,-4.12164387300372,0.0000376178420374686,0.000209144228428916,TRUE,TRUE,"Suppressed"
"K03746",120.795281736265,-0.577858207456685,0.239711038342697,-2.41064496425301,0.0159243415392007,0.0414168695298871,TRUE,TRUE,"Suppressed"
"K09815",587.645485885112,0.679800965952123,0.110699897532268,6.14093581933052,0.000000000820367275532519,0.0000000108190676161043,TRUE,TRUE,"Enriched"
"K00479",517.36784274636,-0.536202016428137,0.116327763491485,-4.60940707819405,0.00000403818966772303,0.0000283002683377523,TRUE,TRUE,"Suppressed"
"K22952",7.30259892496851,-6.36811669104999,1.44861608212887,-4.39600027199164,0.0000110263795345048,0.0000691160213576,TRUE,TRUE,"Suppressed"
"K22553",195.381567721064,1.05924939470849,0.183489520853159,5.77280593345805,0.00000000779622162714394,0.0000000890433627414811,TRUE,TRUE,"Enriched"
"K09692",386.652702717719,1.70518884394423,0.133025627589768,12.8184987723027,0.000000000000000000000000000000000000129177388005138,0.0000000000000000000000000000000000133534388041244,TRUE,TRUE,"Enriched"
"K05341",251.841229202694,-1.30208937793677,0.162713985152852,-8.00232000164954,0.00000000000000122096578848798,0.0000000000000329498687787089,TRUE,TRUE,"Suppressed"
"K21214",139.123923249961,2.61933663461366,0.634522697690295,4.12804245482191,0.000036586457555824,0.000204341396184039,TRUE,TRUE,"Enriched"
"K07719",10.2487709215501,6.74215782028075,1.41854817800106,4.75285783369122,0.00000200561376925126,0.0000150643329786496,TRUE,TRUE,"Enriched"
"K09822",367.472013585141,1.32984294437837,0.148611609667662,8.9484458674008,0.000000000000000000360522176480795,0.0000000000000000126369238756113,TRUE,TRUE,"Enriched"
"K21687",236.959999173746,1.0383320751657,0.172912783688994,6.00494684669048,0.0000000019139459550075,0.0000000238714854388359,TRUE,TRUE,"Enriched"
"K05898",332.57733079781,-1.08025228214108,0.144596037563166,-7.47082907904151,0.0000000000000796911112172111,0.00000000000180013365671767,TRUE,TRUE,"Suppressed"
"K02281",300.535868691119,1.00440669432221,0.162285583673338,6.18913073846388,0.000000000604968929650357,0.00000000814504525814024,TRUE,TRUE,"Enriched"
"K05792",76.5647154470283,2.80310733106343,0.351690314211704,7.97038535834133,0.00000000000000158180342509868,0.0000000000000419453003898994,TRUE,TRUE,"Enriched"
"K14669",5.74484278332594,5.90747500447556,1.51723964762955,3.89356751499677,0.0000987806935017353,0.000500800872541217,TRUE,TRUE,"Enriched"
"K18851",120.761182515345,0.816593280729475,0.245899134838551,3.32084649775455,0.000897448819496645,0.00347747163285263,TRUE,TRUE,"Enriched"
"K21165",120.400806241865,-0.889155191880355,0.235103226375656,-3.78197783836294,0.00015558721666924,0.000746011347850387,TRUE,TRUE,"Suppressed"
"K00131",64.6016702888522,0.822936679401432,0.31851279197584,2.58368486331894,0.00977510655903792,0.027374011037847,TRUE,TRUE,"Enriched"
"K18955",823.803889225746,0.884851373271087,0.0887152481285398,9.97406186576881,0.0000000000000000000000197963336002654,0.000000000000000000000921662890290219,TRUE,TRUE,"Enriched"
"K13507",27.3360730665383,1.02053129488611,0.464455222401501,2.19726519514491,0.0280015118380843,0.0666160517117702,TRUE,FALSE,"Enriched"
"K23874",7.11956372950672,3.18588100763572,1.09514805431771,2.90908703629169,0.00362485928989231,0.0117159601531813,TRUE,TRUE,"Enriched"
"K21467",20.5439870888665,3.42734804293638,0.674756696525453,5.07938351791829,0.00000037866160727265,0.00000327582573440552,TRUE,TRUE,"Enriched"
"K06349",5.03416024614318,5.71929341223484,1.56733106014466,3.64906531725784,0.00026319618390665,0.0011864253700271,TRUE,TRUE,"Enriched"
"K01569",49.2797180774217,0.77572676699439,0.373845438527154,2.07499326473137,0.0379871589997409,0.0857135341248315,TRUE,FALSE,"Enriched"
"K16331",24.6751396412937,3.4435334507018,0.610588250524714,5.63969818898836,0.0000000170348481268817,0.000000185197038727008,TRUE,TRUE,"Enriched"
"K05795",158.779870405668,2.37245992586956,0.26775249881515,8.86064532121305,0.00000000000000000079552586812164,0.0000000000000000266588586245818,TRUE,TRUE,"Enriched"
"K07693",722.477900255071,0.961410498307611,0.108959842373229,8.82353055371003,0.00000000000000000110906414885775,0.0000000000000000367618600211057,TRUE,TRUE,"Enriched"
"K23725",110.398758239827,2.46381721763664,0.260309933728762,9.46493736272042,0.00000000000000000000293737055736002,0.000000000000000000117091653786528,TRUE,TRUE,"Enriched"
"K00646",38.8711488792428,3.3594192060979,0.495175652643068,6.78429803276179,0.0000000000116652297480161,0.000000000202119989298722,TRUE,TRUE,"Enriched"
"K01200",33.8827443131252,0.922049192763151,0.417811645483676,2.20685374074662,0.0273242791349463,0.0652253535984491,TRUE,FALSE,"Enriched"
"K03404",319.352408162182,1.24007599305165,0.143662575218055,8.6318652660195,0.00000000000000000603594600046187,0.000000000000000188785818752907,TRUE,TRUE,"Enriched"
"K18688",670.216111489815,-0.922921258373497,0.108341838950987,-8.51860432968115,0.0000000000000000161487525919794,0.000000000000000485178532307795,TRUE,TRUE,"Suppressed"
"K19742",19.4997154036722,1.60316846936557,0.577180062670793,2.77758809260875,0.00547639929469761,0.0167002796491804,TRUE,TRUE,"Enriched"
"K13671",884.564989558953,1.30331575960101,0.0922667559207023,14.1255184122993,0.00000000000000000000000000000000000000000000264446604148388,0.000000000000000000000000000000000000000000393380448463662,TRUE,TRUE,"Enriched"
"K03465",951.704678158163,0.649522561015716,0.0866193135813339,7.49858818040421,0.0000000000000645088495216843,0.00000000000146805773594311,TRUE,TRUE,"Enriched"
"K15642",17.1541310493032,-1.33922052923925,0.667727606376036,-2.00563900077101,0.0448947776658352,0.0987426069181135,TRUE,FALSE,"Suppressed"
"K23227",97.6510363234908,1.04258795846166,0.288601117097,3.61255690535406,0.000303192542128245,0.00134681086266582,TRUE,TRUE,"Enriched"
"K04772",336.583471519018,-0.644503691459381,0.14514512344165,-4.44040885547544,0.00000897881273096483,0.0000578690680592175,TRUE,TRUE,"Suppressed"
"K10202",463.179570424015,2.41246248364474,0.138032364448404,17.4775132867228,0.0000000000000000000000000000000000000000000000000000000000000000000212569154804004,0.00000000000000000000000000000000000000000000000000000000000000000997276365499708,TRUE,TRUE,"Enriched"
"K10215",245.780450335975,1.8229238507733,0.167000546314181,10.9156759723636,0.000000000000000000000000000970049514555837,0.0000000000000000000000000603707345844495,TRUE,TRUE,"Enriched"
"K02634",6.21280753613344,-2.44153630291153,1.09085065259736,-2.23819484096943,0.0252083519470386,0.0610102137003923,TRUE,FALSE,"Suppressed"
"K07454",289.362421498973,0.753521284362082,0.155338476393139,4.85083478258812,0.00000122942926894021,0.00000960088234477127,TRUE,TRUE,"Enriched"
"K15921",141.111495570858,1.86141428628689,0.234460708750482,7.93913102202487,0.00000000000000203602614001723,0.0000000000000535246699481254,TRUE,TRUE,"Enriched"
"K03006",14.1698492160109,-3.30187947082173,0.826773703964833,-3.99369193164636,0.0000650523743177458,0.000342029681865458,TRUE,TRUE,"Suppressed"
"K02315",485.440078400389,0.914910764502244,0.113126948235064,8.0874696858362,0.000000000000000609169856415763,0.0000000000000166606589878015,TRUE,TRUE,"Enriched"
"K02568",94.8908405112783,-0.832961656940605,0.25667212142157,-3.24523618820492,0.00117353244508342,0.00437492321672603,TRUE,TRUE,"Suppressed"
"K09962",130.937305107977,2.52155228287812,0.247716498971437,10.1791858570101,0.00000000000000000000000245607593553903,0.00000000000000000000012178542382807,TRUE,TRUE,"Enriched"
"K06903",263.955274559932,0.654089360389876,0.178677941182686,3.66071690808836,0.000251510528792682,0.00113879934306352,TRUE,TRUE,"Enriched"
"K03272",1151.78078531555,1.19062132480379,0.0783578457046604,15.1946663936037,0.000000000000000000000000000000000000000000000000000383611539808017,0.0000000000000000000000000000000000000000000000000835588136174678,TRUE,TRUE,"Enriched"
"K09607",2668.40139291832,0.98919256495027,0.0596190834611111,16.5918780954677,0.0000000000000000000000000000000000000000000000000000000000000797858937422296,0.0000000000000000000000000000000000000000000000000000000000286243627019917,TRUE,TRUE,"Enriched"
"K16301",480.970259066322,0.991020687213463,0.123925673983319,7.99689568238183,0.00000000000000127595251759739,0.0000000000000342820898891035,TRUE,TRUE,"Enriched"
"K07504",27.4078435919016,-2.94972710345271,0.578386999453565,-5.09991944189528,0.000000339798071603785,0.00000297335500532494,TRUE,TRUE,"Suppressed"
"K07241",207.587613572503,-0.862875854465608,0.21936015424352,-3.9336034269364,0.0000836818066987698,0.000431067862662605,TRUE,TRUE,"Suppressed"
"K09925",61.8712695506863,1.78280702998037,0.359330959856921,4.96146235406559,0.000000699644315545844,0.00000573539069961573,TRUE,TRUE,"Enriched"
"K09794",29.1345975421191,-1.12832270632148,0.468582203428755,-2.40795040457192,0.0160423601724873,0.0416527691323969,TRUE,TRUE,"Suppressed"
"K02703",13.0946811498962,-1.84888614401015,0.741392754187388,-2.49380120532287,0.0126383304618165,0.0341369253705133,TRUE,TRUE,"Suppressed"
"K09667",158.663938573981,-0.523072926683273,0.198862835255032,-2.63032017024427,0.00853044873612975,0.0244718752782951,TRUE,TRUE,"Suppressed"
"K19125",54.915961830071,0.773989664028125,0.370391441189106,2.08965320997512,0.0366489629847928,0.0834972077864218,TRUE,FALSE,"Enriched"
"K00435",57.420351510589,0.845159622279257,0.323371653745862,2.6135859853179,0.00895975352385543,0.0254520431960849,TRUE,TRUE,"Enriched"
"K06909",37.4287911097502,1.05647430622864,0.417574013382642,2.53002886283668,0.0114053144010613,0.0313479101090911,TRUE,TRUE,"Enriched"
"K19714",34.6976340975387,-0.933896464297233,0.423036988129866,-2.20760002198801,0.0272721676162455,0.0651264488220364,TRUE,FALSE,"Suppressed"
"K04093",135.287615809508,1.43157527898901,0.230141711870528,6.22040771033448,0.000000000495864667207266,0.00000000685777461518621,TRUE,TRUE,"Enriched"
"K06950",162.398014757858,0.835685253988755,0.200866561124594,4.1604000651477,0.0000317690606002917,0.000180073885317081,TRUE,TRUE,"Enriched"
"K20483",508.195721002612,0.782370981422006,0.119907009466721,6.52481439493449,0.0000000000680857925974985,0.00000000108705562579095,TRUE,TRUE,"Enriched"
"K01066",1236.3122630527,0.546752424682637,0.0926753395071384,5.89965386250916,0.00000000364264945579885,0.0000000433916387322601,TRUE,TRUE,"Enriched"
"K01082",1343.54598166507,0.565249812494419,0.0712978484051031,7.92800659681564,0.00000000000000222691484205397,0.0000000000000582916464450092,TRUE,TRUE,"Enriched"
"K23393",522.611706676133,1.77019488423112,0.12534241995743,14.1228714495246,0.00000000000000000000000000000000000000000000274571348079619,0.000000000000000000000000000000000000000000398716821889903,TRUE,TRUE,"Enriched"
"K10200",618.574095408761,2.26984402834674,0.110876890200037,20.4717504635243,0.00000000000000000000000000000000000000000000000000000000000000000000000000000000000000000000384556611849157,0.00000000000000000000000000000000000000000000000000000000000000000000000000000000000000000293176346958501,TRUE,TRUE,"Enriched"
"K22446",7.85169055685708,6.35448548462145,1.45605551255747,4.36417803429773,0.000012760162874653,0.0000786103367399075,TRUE,TRUE,"Enriched"
"K14392",18.9095263831127,1.67519773797067,0.62536522663367,2.67875101880581,0.00738973197125482,0.0216891122678937,TRUE,TRUE,"Enriched"
"K13634",255.299486731301,-0.52939564527759,0.149601284708046,-3.53871055526515,0.00040208647163005,0.00171972327522558,TRUE,TRUE,"Suppressed"
"K00887",6.43623094805764,2.38183566515191,1.06931253611983,2.22744575107553,0.025917497618736,0.0624538988449904,TRUE,FALSE,"Enriched"
"K22614",44.3734878201755,3.92227391314291,0.506823292182781,7.73893775925433,0.0000000000000100250839988062,0.000000000000248548728897233,TRUE,TRUE,"Enriched"
"K06298",12.3921665988478,2.9598884110732,0.850952008590983,3.47832589992263,0.000504556077988024,0.00210340910433969,TRUE,TRUE,"Enriched"
"K11962",353.595758855043,-0.741287672128377,0.135310352419718,-5.47842540405913,0.0000000429127428517709,0.000000434037841878857,TRUE,TRUE,"Suppressed"
"K02009",140.617824151501,1.21833413782722,0.221373698814048,5.50351800757783,0.0000000372286484525977,0.000000380969004886566,TRUE,TRUE,"Enriched"
"K18208",189.656726974408,2.54503923254073,0.209208902670071,12.1650618117066,0.000000000000000000000000000000000477084080554688,0.0000000000000000000000000000000404129973236533,TRUE,TRUE,"Enriched"
"K00869",171.766323090634,-0.514353112697495,0.196572771764273,-2.61660406006942,0.00888092899076365,0.0252634262661695,TRUE,TRUE,"Suppressed"
"K22250",32.539665320611,-1.45327632879616,0.439925287717915,-3.30346167717464,0.000954990212863133,0.00365859629915342,TRUE,TRUE,"Suppressed"
"K04116",283.78840448113,-0.937455728562515,0.151867333304904,-6.17285961478223,0.000000000670657579636769,0.00000000895041702014147,TRUE,TRUE,"Suppressed"
"K07075",102.947441626559,-0.754096263274162,0.255076128853834,-2.95635764374596,0.00311295895347785,0.0102405267838519,TRUE,TRUE,"Suppressed"
"K06297",82.2148079654011,6.87494623566187,0.766153010251376,8.97333319020203,0.000000000000000000287674264981412,0.000000000000000010141764983362,TRUE,TRUE,"Enriched"
"K22818",386.528008294473,-0.997552706624746,0.143049235276602,-6.97349206163784,0.00000000000309168890285895,0.0000000000576642526560757,TRUE,TRUE,"Suppressed"
"K05637",13.8720868672024,-1.62520124543808,0.75081868968884,-2.16457217668837,0.03042046366537,0.0714968816551414,TRUE,FALSE,"Suppressed"
"K21162",320.056953502193,0.985273165647511,0.14178751896607,6.94894143597566,0.00000000000368037278591152,0.000000000068226728332141,TRUE,TRUE,"Enriched"
"K04098",190.603655445004,-0.560472746837673,0.176448404388181,-3.17641153390456,0.00149109259993297,0.0054035494753364,TRUE,TRUE,"Suppressed"
"K07118",288.444937489135,1.41472132446882,0.182583451879878,7.74835457377359,0.00000000000000930908999739356,0.000000000000232689097926653,TRUE,TRUE,"Enriched"
"K06609",9.46328453411946,6.62438889548293,1.42409389236849,4.65165178432551,0.00000329286771494848,0.0000239085716588938,TRUE,TRUE,"Enriched"
"K07015",15.615023763759,3.85235753683016,0.867635956443143,4.44006211155982,0.00000899329181253867,0.0000578690680592175,TRUE,TRUE,"Enriched"
"K05551",166.174797580934,3.00467852296492,0.254394404008031,11.8111030574009,0.0000000000000000000000000000000342044162047565,0.00000000000000000000000000000254405773698549,TRUE,TRUE,"Enriched"
"K16074",87.0914196953224,0.802682251374669,0.278431496300332,2.88287159333745,0.00394068041626232,0.0126031514728809,TRUE,TRUE,"Enriched"
"K02013",2484.04428712899,0.618849300454317,0.0554086434175725,11.1688224487022,0.0000000000000000000000000000579439372594897,0.00000000000000000000000000384130514506117,TRUE,TRUE,"Enriched"
"K06386",5.93338463388897,4.05096005881179,1.40847858290267,2.8761247121439,0.00402590613938395,0.0128554981906297,TRUE,TRUE,"Enriched"
"K01865",91.676313283555,2.4467335047767,0.281233989391832,8.69999216690614,0.00000000000000000331907083382813,0.000000000000000105432359455822,TRUE,TRUE,"Enriched"
"K13889",106.844762435603,-0.5540148414872,0.236340070949641,-2.34414265537412,0.0190708755513157,0.0482320281372337,TRUE,TRUE,"Suppressed"
"K11780",7.52433264470594,-1.89200887456049,0.900975776187216,-2.09995532018316,0.0357327716680506,0.0817764256673323,TRUE,FALSE,"Suppressed"
"K01666",542.840874358199,1.07194375109361,0.118892727756432,9.01605818389189,0.00000000000000000019497887735663,0.00000000000000000691381495929119,TRUE,TRUE,"Enriched"
"K00661",454.416379908188,0.98880820235607,0.13275901177622,7.44814373899391,0.0000000000000946626551983051,0.00000000000213043370499802,TRUE,TRUE,"Enriched"
"K06211",214.769058098172,2.92957760056715,0.195892210432512,14.9550489736111,0.0000000000000000000000000000000000000000000000000144375468016866,0.00000000000000000000000000000000000000000000000258984111598491,TRUE,TRUE,"Enriched"
"K08966",14.8690955692505,2.17351125501661,0.768390507617305,2.82865448423671,0.00467441347089523,0.0146126333977396,TRUE,TRUE,"Enriched"
"K21962",119.886472856684,0.975245002318931,0.232229921510163,4.19948039415865,0.0000267528192413478,0.000154366551138108,TRUE,TRUE,"Enriched"
"K10002",155.858232836252,-0.761834138385862,0.204829931692962,-3.71934966774213,0.000199736384301786,0.000932052186577349,TRUE,TRUE,"Suppressed"
"K05791",102.342524142423,2.25868524042997,0.259992955539359,8.68748630417427,0.00000000000000000370547074982216,0.000000000000000117096715560442,TRUE,TRUE,"Enriched"
"K04782",50.471648640312,1.00542630783115,0.351383281515058,2.86133791993762,0.00421857143645047,0.013414529296617,TRUE,TRUE,"Enriched"
"K11893",277.628355391829,-0.664800112069365,0.147718701117336,-4.50044650434139,0.00000678108696051722,0.0000446629042896269,TRUE,TRUE,"Suppressed"
"K11735",276.68827213139,0.591980606973716,0.154377300054195,3.83463505817175,0.000125750861227994,0.000620513351642017,TRUE,TRUE,"Enriched"
"K09859",121.026337997626,-1.1681919314109,0.252445846288573,-4.62749515821121,0.00000370114882189493,0.0000263399144279313,TRUE,TRUE,"Suppressed"
"K22797",18.3934753196114,-3.08653856046752,0.681223067159814,-4.5308779300972,0.00000587390733005344,0.000039599161306426,TRUE,TRUE,"Suppressed"
"K07225",29.7808968873642,1.13148847507408,0.468599242716474,2.41461865903757,0.015751691386743,0.0411256702772883,TRUE,TRUE,"Enriched"
"K15582",1048.31419038587,0.944579974659929,0.0945057507559964,9.99494704929367,0.0000000000000000000000160372923761185,0.000000000000000000000752395740014975,TRUE,TRUE,"Enriched"
"K06295",80.800679965132,5.49279211413195,0.808148714302839,6.79675908272697,0.0000000000106998801247409,0.000000000185921848663232,TRUE,TRUE,"Enriched"
"K09706",3.63451649566594,5.24185831490917,1.73445858110177,3.02218708017773,0.00250955398352344,0.00848435130017154,TRUE,TRUE,"Enriched"
"K02072",76.6220576492532,2.07882344066615,0.334757175112377,6.20994438720632,0.000000000530033557029521,0.00000000721579166143537,TRUE,TRUE,"Enriched"
"K16431",154.340147334203,1.57438883344688,0.203388121111122,7.74081015570573,0.00000000000000987853082211113,0.000000000000245914936669616,TRUE,TRUE,"Enriched"
"K15313",47.2777504642996,4.43322023117341,0.531726058820729,8.33741389505243,0.0000000000000000759329043756077,0.00000000000000222651338359053,TRUE,TRUE,"Enriched"
"K02704",16.9738388189933,-3.60920216920482,0.739063043945836,-4.88348348462318,0.00000104227883481464,0.00000825566053705776,TRUE,TRUE,"Suppressed"
"K02768",479.263610901201,-0.627904078167409,0.131378374576887,-4.77935642140206,0.00000175857202960497,0.0000134405147976951,TRUE,TRUE,"Suppressed"
"K10119",1150.95818626054,0.664287528635351,0.100861353677473,6.58614528176532,0.000000000045139215304419,0.000000000740064715434547,TRUE,TRUE,"Enriched"
"K13853",10.0745110230103,3.7272982234832,1.06138108599914,3.51174358828381,0.000445177286419907,0.00188682159129605,TRUE,TRUE,"Enriched"
"K05776",133.621929901048,-0.651811168176385,0.211551717470405,-3.08109608359748,0.00206240084490403,0.00713880973499982,TRUE,TRUE,"Suppressed"
"K00046",506.411502202618,-0.548740238681552,0.116918329410325,-4.69336366204607,0.00000268749122049918,0.0000197720252760247,TRUE,TRUE,"Suppressed"
"K16704",16.62106674644,-1.53499606111048,0.675719647222093,-2.27164633649607,0.0231078798232418,0.0565344731201381,TRUE,FALSE,"Suppressed"
"K02001",439.235875324239,0.77170739185851,0.133186895765979,5.79416906911374,0.00000000686602647680438,0.0000000788623267081542,TRUE,TRUE,"Enriched"
"K18382",327.427410006303,-1.00486510531974,0.144008233254522,-6.97783093792789,0.00000000000299772075584253,0.0000000000562556888919495,TRUE,TRUE,"Suppressed"
"K11947",34.309504172656,4.58158823206468,0.66996892974514,6.83850851681666,0.00000000000800219074714077,0.000000000141464815555976,TRUE,TRUE,"Enriched"
"K09966",162.019899361853,-0.724377247412697,0.200839097912544,-3.60675413772337,0.000310051182964009,0.00137128510870014,TRUE,TRUE,"Suppressed"
"K07217",98.3540404279105,-0.522406163812711,0.247392331776215,-2.11165059184319,0.0347164297724046,0.0799354901931635,TRUE,FALSE,"Suppressed"
"K06310",18.6880222840387,7.61053173185009,1.29225289489451,5.88935166012635,0.00000000387713642194688,0.0000000460051654425176,TRUE,TRUE,"Enriched"
"K21178",18.9194505968153,-1.93563394854834,0.672577025073395,-2.87793646881874,0.00400285744037873,0.0127952974469968,TRUE,TRUE,"Suppressed"
"K07151",26.2992426886633,-1.02223827830796,0.485798363322062,-2.10424397339985,0.0353571705094489,0.0810693839533653,TRUE,FALSE,"Suppressed"
"K11703",15.3053689490909,-1.38681541976265,0.658276143386038,-2.10673808202916,0.0351402892559559,0.0807842533630136,TRUE,FALSE,"Suppressed"
"K11689",104.756550207027,-0.742208433977244,0.260120410830311,-2.85332639452666,0.00432641597574099,0.0136861053091516,TRUE,TRUE,"Suppressed"
"K01846",42.9552931383378,-1.44676548106409,0.37429348931055,-3.86532366280011,0.000110941979609786,0.00055507394063994,TRUE,TRUE,"Suppressed"
"K11617",49.7396966129963,1.47763636305061,0.363986937361512,4.05958624164311,0.000049159748820736,0.00026580257806531,TRUE,TRUE,"Enriched"
"K01414",763.915986452533,-0.654587271895668,0.0901523516483156,-7.26090068564393,0.000000000000384521204850322,0.00000000000808687871855901,TRUE,TRUE,"Suppressed"
"K02671",176.140880283095,-0.58686175459876,0.210081059762656,-2.79350149538365,0.00521407879404864,0.015980234454725,TRUE,TRUE,"Suppressed"
"K04065",201.278059358199,-0.735622917504595,0.179448503323608,-4.09935387523413,0.0000414305150720482,0.000227643884166146,TRUE,TRUE,"Suppressed"
"K08164",5.43146414229835,5.8264348647894,1.53312230693232,3.80037185451155,0.000144479117622947,0.000702133974806656,TRUE,TRUE,"Enriched"
"K00084",6.4752037960603,-2.04147535508678,0.980995254280064,-2.08102470035391,0.0374316452546253,0.0848367166138833,TRUE,FALSE,"Suppressed"
"K16697",7.12353286713893,6.21544285926729,1.46214378296612,4.25091084179051,0.000021290291341275,0.000125095844788474,TRUE,TRUE,"Enriched"
"K21744",295.572183527043,1.60897588405052,0.151146378948924,10.6451500541354,0.0000000000000000000000000183688078917393,0.00000000000000000000000101846690301562,TRUE,TRUE,"Enriched"
"K07455",300.508379922925,4.48375211304574,0.223037831531863,20.1031012642588,0.00000000000000000000000000000000000000000000000000000000000000000000000000000000000000000693231215632298,0.00000000000000000000000000000000000000000000000000000000000000000000000000000000000000469779687126821,TRUE,TRUE,"Enriched"
"K05541",16.4260968239729,1.72703030971568,0.63497390286195,2.71984455098331,0.00653126120296665,0.019462257211333,TRUE,TRUE,"Enriched"
"K03223",44.9145396983458,-1.2090495746114,0.372056100759042,-3.24964319129504,0.00115549888864466,0.00432886223700477,TRUE,TRUE,"Suppressed"
"K02228",97.7567815665781,0.842172912409802,0.240730893697883,3.49839980848792,0.000468058911487325,0.00197190593008334,TRUE,TRUE,"Enriched"
"K00561",144.716120201281,0.947355487979899,0.211169171586861,4.48623954368367,0.00000724912372601069,0.0000474891574703966,TRUE,TRUE,"Enriched"
"K20423",46.9146989955847,2.8006067745053,0.406164482702183,6.89525277019071,0.00000000000537691090929218,0.0000000000970230166738847,TRUE,TRUE,"Enriched"
"K16424",138.38313606854,1.94864072566492,0.252027096306131,7.73186992281954,0.0000000000000105978204260374,0.000000000000261684642827538,TRUE,TRUE,"Enriched"
"K03810",51.5606840790971,1.34448393433403,0.341794847649319,3.93359918553679,0.0000836832840453394,0.000431067862662605,TRUE,TRUE,"Enriched"
"K22552",516.026842349241,1.22813056135871,0.111996758952788,10.965768767259,0.000000000000000000000000000558240946017002,0.0000000000000000000000000351001188634814,TRUE,TRUE,"Enriched"
"K07665",215.74514301635,-1.09461623320384,0.178681922278083,-6.12606031571724,0.000000000900816692658681,0.000000011764627427249,TRUE,TRUE,"Suppressed"
"K06862",98.6208505424982,-0.526049723909403,0.253093798861117,-2.07847733242199,0.0376654165630153,0.0852398425298071,TRUE,FALSE,"Suppressed"
"K06378",67.7079950753288,0.687838105182028,0.296598299759856,2.31908984555523,0.0203901652455213,0.0509670564887027,TRUE,FALSE,"Enriched"
"K03230",285.134967718853,-0.695098795503277,0.144534936424987,-4.80920954266326,0.00000151528299771056,0.0000116835790177456,TRUE,TRUE,"Suppressed"
"K01192",1183.64502578981,0.887632899948559,0.0866427823630003,10.2447414053454,0.00000000000000000000000124958581016161,0.0000000000000000000000624690480014398,TRUE,TRUE,"Enriched"
"K09123",31.0723309547653,1.29864675475302,0.488668018066858,2.65752352668872,0.00787170959652403,0.0228834875258341,TRUE,TRUE,"Enriched"
"K23176",288.610302956985,1.71272474698231,0.163751085209603,10.4593184514778,0.000000000000000000000000132807495516299,0.00000000000000000000000704341665351227,TRUE,TRUE,"Enriched"
"K16046",105.576091271415,-1.40957470252285,0.272102581854632,-5.18030623934283,0.000000221521922372537,0.00000201952496943214,TRUE,TRUE,"Suppressed"
"K06318",9.01836433009403,4.63483430005279,1.26474360428892,3.66464339834209,0.000247683438074308,0.0011239741732256,TRUE,TRUE,"Enriched"
"K14667",257.105103222407,2.64306961147627,0.189428105647411,13.9528904775931,0.0000000000000000000000000000000000000000000302108943396346,0.0000000000000000000000000000000000000000042850289436612,TRUE,TRUE,"Enriched"
"K03623",28.2044568364577,3.93310179009961,0.62269468248519,6.31626044147752,0.000000000267968309347504,0.00000000388203971190125,TRUE,TRUE,"Enriched"
"K14052",70.3370497085192,4.59595726464745,0.463505808181646,9.91564114951999,0.0000000000000000000000355963597974031,0.0000000000000000000016081644326249,TRUE,TRUE,"Enriched"
"K05554",93.2090515544657,1.8733938362229,0.301535743640853,6.21284168040199,0.000000000520348706738113,0.00000000713170058965337,TRUE,TRUE,"Enriched"
"K01442",199.776616246948,0.867899643177993,0.183912079516239,4.71910080871747,0.0000023688941388763,0.0000175765028625384,TRUE,TRUE,"Enriched"
"K14668",72.3015307999125,2.74620560856638,0.335089673960396,8.19543489988579,0.000000000000000249688731773316,0.00000000000000701774919394219,TRUE,TRUE,"Enriched"
"K01153",1361.20445014186,0.519506650784111,0.072116019099418,7.20376217755348,0.000000000000585734929349309,0.0000000000121510113404811,TRUE,TRUE,"Enriched"
"K05822",8.99212120928131,2.0770420065654,0.864549549743059,2.40245571486641,0.0162854062839102,0.0421760904142542,TRUE,TRUE,"Enriched"
"K05352",7.92161917357813,6.37223064350616,1.43070564148779,4.45390753955487,0.0000084321423919478,0.0000547169960827231,TRUE,TRUE,"Enriched"
"K12436",373.152477111313,1.66804434855384,0.153197964997356,10.8881625717589,0.00000000000000000000000000131261803995177,0.0000000000000000000000000784868375065278,TRUE,TRUE,"Enriched"
"K08714",222.868556265845,0.985923001478131,0.179845088995455,5.48206796741082,0.0000000420382655678235,0.000000426607956236532,TRUE,TRUE,"Enriched"
"K11935",47.3629918269459,-1.13358383702772,0.40764847779405,-2.78078761182183,0.00542272013771821,0.0165536910078816,TRUE,TRUE,"Suppressed"
"K16210",62.4894211756053,-1.00771730698614,0.360681935195419,-2.79392231396385,0.00520729865636323,0.015980234454725,TRUE,TRUE,"Suppressed"
"K05342",939.80996362934,1.3938030717499,0.102971353651968,13.5358332421345,0.00000000000000000000000000000000000000000960867058951973,0.00000000000000000000000000000000000000124687833884002,TRUE,TRUE,"Enriched"
"K13787",1521.31063025187,0.918778338364543,0.0980319842407398,9.37223035400644,0.00000000000000000000710157262751017,0.000000000000000000277644175994773,TRUE,TRUE,"Enriched"
"K12428",110.834815219941,1.65491464579089,0.285505401673824,5.79643900286535,0.00000000677378059021476,0.0000000779495996598487,TRUE,TRUE,"Enriched"
"K02930",15.4844548661964,-1.60980216498457,0.731614471883668,-2.20034215676442,0.0277826284180847,0.0661899416882416,TRUE,FALSE,"Suppressed"
"K16235",5.44725224249991,3.91853512502765,1.4552352915709,2.69271584308381,0.00708726442194145,0.0209120588821582,TRUE,TRUE,"Enriched"
"K01421",938.21457206217,0.611108588905252,0.0981045769535686,6.22915472327535,0.000000000468958474189212,0.00000000650040394109091,TRUE,TRUE,"Enriched"
"K10915",43.669151269077,0.903032041105095,0.393868987652199,2.29272186796922,0.0218640227265565,0.0539654692874415,TRUE,FALSE,"Enriched"
"K15532",237.842263436024,-0.838212494985866,0.174225559528161,-4.81107649908496,0.00000150119541144848,0.0000116042976101702,TRUE,TRUE,"Suppressed"
"K03822",174.334520347195,0.666675672301042,0.190366351283487,3.50206676655924,0.000461663913298919,0.00194857315377862,TRUE,TRUE,"Enriched"
"K19005",23.1472216435589,7.91684481708614,1.2728612184231,6.21972348791804,0.000000000498031778213039,0.00000000687216247810254,TRUE,TRUE,"Enriched"
"K03475",100.121281751414,0.592786737692963,0.266766854415873,2.22211540856888,0.02627550721249,0.0631419694598016,TRUE,FALSE,"Enriched"
"K00138",834.39735378752,0.634849921460068,0.0896958870461754,7.07780414873703,0.00000000000146456504841349,0.00000000002881413622669,TRUE,TRUE,"Enriched"
"K14578",31.1966845340459,2.46186706496905,0.539411614930863,4.56398601147028,0.00000501914245494177,0.0000343181051935985,TRUE,TRUE,"Enriched"
"K01577",473.670637612038,-0.549622726218169,0.118729654882433,-4.62919501250474,0.00000367089946008328,0.0000261857494819274,TRUE,TRUE,"Suppressed"
"K22539",195.598010655558,1.92237277345538,0.207419043884461,9.26806303536044,0.0000000000000000000189556864954394,0.00000000000000000072256707459803,TRUE,TRUE,"Enriched"
"K03124",24.1866457913442,-1.20645065459363,0.519831293249443,-2.32085038023041,0.020294920353494,0.0508122821165681,TRUE,FALSE,"Suppressed"
"K17675",1410.07936002546,0.614528485228284,0.104646457222928,5.87242513063923,0.00000000429465681952399,0.0000000504684237808802,TRUE,TRUE,"Enriched"
"K07002",296.358462172023,0.849311096634827,0.142677398367611,5.9526673905741,0.00000000263807088723832,0.0000000320509847435588,TRUE,TRUE,"Enriched"
"K05555",162.540606253767,0.862276677233614,0.202096993953201,4.26664771388578,0.0000198432127159137,0.000117727387504239,TRUE,TRUE,"Enriched"
"K18540",7.394236517614,6.27047381535194,1.48150672210538,4.23249771451656,0.0000231110262424081,0.000135013552732229,TRUE,TRUE,"Enriched"
"K04117",168.38760580031,-0.615778101565107,0.215125758969548,-2.86240989695833,0.00420432783530845,0.0133831917889072,TRUE,TRUE,"Suppressed"
"K06403",5.35871408020188,5.80921476978762,1.53829084493247,3.77640859589373,0.000159105909086491,0.000761685195854402,TRUE,TRUE,"Enriched"
"K06351",65.2556743536216,-0.682529959469099,0.314784619413552,-2.16824430857092,0.0301401032277854,0.0708925914331905,TRUE,FALSE,"Suppressed"
"K13727",12.8034828337628,-1.55661821394526,0.739330504543698,-2.10544297087535,0.0352527666250906,0.0810004088526081,TRUE,FALSE,"Suppressed"
"K06945",740.226608196273,0.576836062734367,0.134390908995931,4.29222532271012,0.0000176891306620954,0.000105978396766326,TRUE,TRUE,"Enriched"
"K13315",158.259975453304,2.40740707439138,0.248606146985828,9.6836184606836,0.00000000000000000000035396154389997,0.0000000000000000000150965836101113,TRUE,TRUE,"Enriched"
"K18223",65.1610806701193,-0.75670395319276,0.315843374167049,-2.39582025486006,0.0165832202782754,0.0428382297658626,TRUE,TRUE,"Suppressed"
"K10709",13.3803897266207,4.19642538952044,0.9688312236318,4.33143078707719,0.0000148143516884113,0.0000902120481659417,TRUE,TRUE,"Enriched"
"K03716",94.1162828276352,3.2442757694123,0.311253112390981,10.4232717369168,0.000000000000000000000000194156935226003,0.0000000000000000000000100352809147745,TRUE,TRUE,"Enriched"
"K21023",159.275702895741,-0.548996376483122,0.194976006307663,-2.81571249139667,0.00486691998562677,0.0150983443501209,TRUE,TRUE,"Suppressed"
"K11988",20.4231648299624,-1.35490897963458,0.547778052851608,-2.47346342662185,0.0133810499494345,0.0357943086147374,TRUE,TRUE,"Suppressed"
"K03300",152.703982483711,1.08769833756206,0.224812002271995,4.83825741761813,0.00000130982431935154,0.0000101895644435268,TRUE,TRUE,"Enriched"
"K06391",3.81987016503597,5.31913504581509,1.67262152456742,3.18011873438659,0.00147214719323792,0.00534760317543662,TRUE,TRUE,"Enriched"
"K21480",114.066069050143,1.30572672548052,0.253404486222355,5.15273721055903,0.000000256711584022192,0.00000229572426825711,TRUE,TRUE,"Enriched"
"K03760",276.78223526034,-0.598921767028715,0.156745466546467,-3.82098302569513,0.000132920801477724,0.000652199491723764,TRUE,TRUE,"Suppressed"
"K10851",5.98235958394577,4.06097772143446,1.39155256400346,2.91830709560201,0.0035193755697989,0.0114052452710964,TRUE,TRUE,"Enriched"
"K02476",120.87297094416,2.51841028166405,0.251104052979419,10.0293493943344,0.0000000000000000000000113260423699768,0.000000000000000000000539668221988191,TRUE,TRUE,"Enriched"
"K10542",10.0855820550391,2.61661265023378,0.953908290718135,2.74304424827244,0.00608724822809747,0.0182682580005565,TRUE,TRUE,"Enriched"
"K04756",453.583764129597,0.839775171864895,0.139888528021163,6.00317398248588,0.00000000193497079880978,0.0000000240844630651854,TRUE,TRUE,"Enriched"
"K15312",11.3992621006473,3.29666240235703,0.994588590716648,3.31459905445087,0.00091774657472268,0.00354261794888204,TRUE,TRUE,"Enriched"
"K02026",6837.64856513175,0.663165654355356,0.0613947992907847,10.8016584794813,0.00000000000000000000000000338041703491816,0.000000000000000000000000194501542414772,TRUE,TRUE,"Enriched"
"K21182",22.492510599861,-6.1070980980629,1.14010648255218,-5.35660325726055,0.0000000848010459714079,0.000000823569393916587,TRUE,TRUE,"Suppressed"
"K11782",583.009420077385,0.531676210508428,0.106384235155785,4.99769735365267,0.000000580189482147806,0.00000482752476346449,TRUE,TRUE,"Enriched"
"K07499",29.2051493221904,-1.47203445404761,0.483995612548089,-3.04142107052954,0.00235464290549185,0.00802001232021573,TRUE,TRUE,"Suppressed"
"K09153",55.0661786783753,-1.01407314404832,0.376804300175444,-2.69124620811428,0.00711856378091664,0.0209942555608368,TRUE,TRUE,"Suppressed"
"K03806",142.926513186257,-0.819581490106309,0.218591590611724,-3.74937337622517,0.000177276979639323,0.000836204407440243,TRUE,TRUE,"Suppressed"
"K03749",82.3638272694864,-0.85041802096205,0.299050171786678,-2.84373025396113,0.00445887792231317,0.0140178847671072,TRUE,TRUE,"Suppressed"
"K06402",29.4709580625301,2.12616940873824,0.523148991257785,4.06417568277515,0.0000482025103072371,0.000261554368651102,TRUE,TRUE,"Enriched"
"K16150",742.612707905152,1.75387283815126,0.114164873899595,15.362631063682,0.0000000000000000000000000000000000000000000000000000291500297770571,0.00000000000000000000000000000000000000000000000000711144126441086,TRUE,TRUE,"Enriched"
"K16862",12.0366368971222,1.53021740129423,0.703162611877094,2.17619278307377,0.0295408483377968,0.0697250905620057,TRUE,FALSE,"Enriched"
"K08691",481.908383127505,-0.544026230976826,0.126816291592285,-4.28987651465059,0.0000178772491850625,0.000106686245381307,TRUE,TRUE,"Suppressed"
"K18587",216.563252315842,1.08732141408838,0.204159396983161,5.32584554106053,0.000000100484494211109,0.000000965125874320559,TRUE,TRUE,"Enriched"
"K16014",635.448986727099,-0.726067036377454,0.129548678234033,-5.60458853208674,0.0000000208750270547625,0.00000022297161122066,TRUE,TRUE,"Suppressed"
"K00351",102.723621242797,-0.644358124760145,0.257599881184469,-2.50139138961293,0.0123706380139343,0.0335297206178024,TRUE,TRUE,"Suppressed"
"K01625",859.917656501209,0.532459430924895,0.0872576998517517,6.10214837005247,0.00000000104652158384092,0.0000000135514546493541,TRUE,TRUE,"Enriched"
"K11145",5.11321026774393,5.73922711229673,1.54997613464112,3.70278418101294,0.000213246281121268,0.000984548878545507,TRUE,TRUE,"Enriched"
"K23117",204.824232045231,1.26603502383084,0.192763287403068,6.56782233218278,0.0000000000510564064933851,0.000000000830381395208416,TRUE,TRUE,"Enriched"
"K21561",12.3944950412536,3.47101276641861,0.880926646233931,3.9401836478186,0.0000814192554771052,0.000420827151826157,TRUE,TRUE,"Enriched"
"K16257",9.2559595624686,-2.23868452572263,0.841617685543399,-2.65997799734591,0.00781457563216453,0.0227716659247833,TRUE,TRUE,"Suppressed"
"K14371",10.5847389051491,3.17453403972593,0.919152720991499,3.45376123817762,0.000552826582128256,0.00227202784663088,TRUE,TRUE,"Enriched"
"K10232",971.15039004868,0.695908218850504,0.0986623023823439,7.05343583158709,0.00000000000174553024020433,0.000000000033796790269861,TRUE,TRUE,"Enriched"
"K15578",494.697820550522,-0.699139347560946,0.116726751645162,-5.98953828241759,0.00000000210437595243666,0.0000000260336489531667,TRUE,TRUE,"Suppressed"
"K08685",117.145394669506,-0.619504263290088,0.227602879071763,-2.72186479282082,0.00649146954990582,0.0193790860425235,TRUE,TRUE,"Suppressed"
"K21567",574.334238641272,0.65600166788534,0.108774714737457,6.03082866701784,0.00000000163121056940429,0.0000000207265692974933,TRUE,TRUE,"Enriched"
"K07651",93.6524277145613,0.816978349405298,0.247740799578905,3.29771418673852,0.000974752995608364,0.00372494894750339,TRUE,TRUE,"Enriched"
"K06940",315.831632036086,-0.541618329779438,0.140962141668761,-3.84229640219398,0.000121888512945837,0.000604388650777772,TRUE,TRUE,"Suppressed"
"K11746",34.5866555716437,-1.48345607387512,0.482448208100378,-3.07485041703477,0.00210608152528538,0.00726526652868524,TRUE,TRUE,"Suppressed"
"K01321",6.45514581438725,-3.19697942787829,1.13820557239838,-2.80878911982634,0.00497282083782762,0.0153643537436224,TRUE,TRUE,"Suppressed"
"K17324",93.3188409460159,0.535465943667824,0.244194922201803,2.19278082787206,0.0283231739086833,0.0672675380331229,TRUE,FALSE,"Enriched"
"K05834",63.8312349335765,-1.36012206393631,0.318557747266973,-4.26962481875047,0.0000195802050246901,0.000116280107541952,TRUE,TRUE,"Suppressed"
"K11535",8.63327389044642,4.56233895406086,1.28756237856267,3.54339256102983,0.000395014226424633,0.00169780956093294,TRUE,TRUE,"Enriched"
"K09861",428.84129898443,0.575085110400959,0.124236735486601,4.62894576349345,0.00000367532003647429,0.0000261866552598793,TRUE,TRUE,"Enriched"
"K16436",48.1464000824968,1.36810911662553,0.355618320704856,3.84712776865338,0.000119510652386157,0.000594675031633614,TRUE,TRUE,"Enriched"
"K00273",390.042113586767,0.669655388118804,0.135768126865775,4.93234607840506,0.000000812477985894746,0.00000659827328358463,TRUE,TRUE,"Enriched"
"K21187",14.3644784912873,5.33224756614814,1.1825492724018,4.50911238169229,0.00000650994193462824,0.00004315666941228,TRUE,TRUE,"Enriched"
"K11173",47.0509510965045,-0.968113628529365,0.426007206115804,-2.27252876155855,0.0230545928584988,0.0564471946382914,TRUE,FALSE,"Suppressed"
"K21685",135.31253470769,2.60951710143768,0.231832017642241,11.2560686309716,0.0000000000000000000000000000216189616418146,0.00000000000000000000000000148150614666772,TRUE,TRUE,"Enriched"
"K22424",21.8396745861244,-2.73339303466036,0.593022530750346,-4.60925663515993,0.00000404111257383362,0.0000283002683377523,TRUE,TRUE,"Suppressed"
"K22297",429.345953147623,0.534481100392497,0.125495286932563,4.25897349180699,0.0000205367820104793,0.000121135235475738,TRUE,TRUE,"Enriched"
"K01796",1072.3299401899,0.635400661216612,0.090303609130093,7.03627094572979,0.00000000000197452813870977,0.0000000000377512448839839,TRUE,TRUE,"Enriched"
"K21064",14.5349215187253,2.53647672690846,0.796212824005405,3.18567680704832,0.00144415829403739,0.00526474682327199,TRUE,TRUE,"Enriched"
"K09986",348.927548932971,0.573197491318642,0.134887487079781,4.24944895726034,0.0000214297031928402,0.000125793801514083,TRUE,TRUE,"Enriched"
"K16783",70.1685471878243,-1.35143688708281,0.312014010903092,-4.33133397814801,0.0000148208677262295,0.0000902120481659417,TRUE,TRUE,"Suppressed"
"K07496",2128.77544002469,2.44020429788412,0.0629351146579896,38.7733352222364,0,0,TRUE,TRUE,"Enriched"
"K15311",95.0781041284022,3.24690733617061,0.320981025109105,10.1155740750312,0.00000000000000000000000471246167506263,0.000000000000000000000229930430049656,TRUE,TRUE,"Enriched"
"K13877",559.998762143533,-0.702623851798749,0.108871666516605,-6.45368877210659,0.000000000109159877196528,0.00000000168976165233915,TRUE,TRUE,"Suppressed"
"K14339",56.7980669800291,-1.08711560259583,0.33107457522038,-3.28359736434666,0.0010249123478194,0.00389466692171371,TRUE,TRUE,"Suppressed"
"K00186",123.666650312518,-0.850133433883895,0.225360260657503,-3.77233071795167,0.000161729690832115,0.000770616706550836,TRUE,TRUE,"Suppressed"
"K13995",82.4563759692077,0.606284014618511,0.267971746750101,2.26249230365284,0.0236670038151538,0.057784249907375,TRUE,FALSE,"Enriched"
"K01093",15.9994970451845,-2.59257553232437,0.71385615094142,-3.63178986257291,0.000281462276062999,0.00126223413360899,TRUE,TRUE,"Suppressed"
"K00851",1170.50240033227,0.979045847675805,0.0837762203149054,11.6864409016745,0.000000000000000000000000000000149522114009149,0.00000000000000000000000000001072865145108,TRUE,TRUE,"Enriched"
"K06221",307.358058577882,1.5767972021562,0.155190080985848,10.1604251517853,0.00000000000000000000000297775105467465,0.000000000000000000000146462126471457,TRUE,TRUE,"Enriched"
"K22303",99.5083817186692,0.89111112197261,0.269425047615102,3.30745463296955,0.000941479600598481,0.00361820043103348,TRUE,TRUE,"Enriched"
"K04691",92.2153748735593,-0.631227376997393,0.284565040232955,-2.21821829020405,0.026539952239527,0.0636520521859516,TRUE,FALSE,"Suppressed"
"K01392",676.99352784235,-0.531508554706817,0.10100708080855,-5.26209202812469,0.000000142425441611631,0.00000133844802525321,TRUE,TRUE,"Suppressed"
"K16509",10.1940583593264,2.27021638626575,0.857275767010943,2.64817515393127,0.00809275837437691,0.0234033823259008,TRUE,TRUE,"Enriched"
"K00040",643.298390542923,0.832238424723316,0.104334210535765,7.97665905027409,0.00000000000000150347390855359,0.0000000000000400423029182025,TRUE,TRUE,"Enriched"
"K07494",147.464044556424,-0.626747586082571,0.227242591645312,-2.7580550879336,0.00581463980675648,0.0175735818540177,TRUE,TRUE,"Suppressed"
"K01281",552.8698532375,1.01877775997337,0.118877766555241,8.56996046859573,0.0000000000000000103520570846711,0.000000000000000315685980797044,TRUE,TRUE,"Enriched"
"K14054",147.427859616127,-1.14643105447974,0.2307200682117,-4.96892647165751,0.000000673245911601673,0.00000553386363188491,TRUE,TRUE,"Suppressed"
"K03762",360.044462500383,0.584443535084723,0.13333090696988,4.38340628116144,0.0000116837924403246,0.0000726396025418348,TRUE,TRUE,"Enriched"
"K16164",59.2717866556293,0.761571086822407,0.331114574146956,2.30002285095553,0.0214469254776122,0.0531079165602747,TRUE,FALSE,"Enriched"
"K15792",93.2915672208988,0.697395410658375,0.246442477722537,2.82985066983279,0.00465697345908309,0.0145655800651014,TRUE,TRUE,"Enriched"
"K18930",864.155198322461,1.13377554628258,0.0886464187404393,12.7898629453077,0.00000000000000000000000000000000000018680304506567,0.0000000000000000000000000000000000183759963202503,TRUE,TRUE,"Enriched"
"K03599",343.269888017988,-0.548269975061965,0.14174980737039,-3.86787104147059,0.000109789696813987,0.000550733699403333,TRUE,TRUE,"Suppressed"
"K06307",13.6206751880403,5.27901571100016,1.20152196774046,4.3936073186641,0.0000111485114432976,0.0000698098267891909,TRUE,TRUE,"Enriched"
"K05501",113.343342772911,-0.731647816470932,0.258506973163151,-2.8302827096628,0.00465068894986768,0.0145533873295243,TRUE,TRUE,"Suppressed"
"K10191",67.5655253072463,0.648956975248489,0.313175224793377,2.07218491078485,0.0382482000526572,0.0861750174071504,TRUE,FALSE,"Enriched"
"K14519",197.200594197679,1.49981255204035,0.199091241128922,7.5332924921049,0.0000000000000494766125268557,0.00000000000113870890491054,TRUE,TRUE,"Enriched"
"K17330",441.255338791178,0.777952925301437,0.136481167918436,5.70007523504166,0.0000000119754564845455,0.000000132796925634988,TRUE,TRUE,"Enriched"
"K06311",22.479186338808,3.94155489322903,0.725338505438677,5.4340902401772,0.000000055076704435519,0.000000550676754675787,TRUE,TRUE,"Enriched"
"K10188",77.7189759589399,1.5093660702751,0.306886499285458,4.91832020564424,0.000000872900406916734,0.00000703788633087858,TRUE,TRUE,"Enriched"
"K23087",12.8384039453181,-1.75619062402791,0.74951627037185,-2.3430987337428,0.0191243214322827,0.0483378518091556,TRUE,TRUE,"Suppressed"
"K13934",8.25247296714111,6.43099943779116,1.4185382738141,4.53353959953424,0.00000580033857856318,0.0000392633351727601,TRUE,TRUE,"Enriched"
"K05888",916.38406042318,0.633705601377595,0.0880678269603009,7.19565388689851,0.000000000000621621323015989,0.0000000000128083393549815,TRUE,TRUE,"Enriched"
"K07485",79.612597560299,3.41553647304842,0.38542690245275,8.86169712418331,0.000000000000000000788054545944697,0.000000000000000026554390473573,TRUE,TRUE,"Enriched"
"K15771",720.955374624773,0.601196315790434,0.0941666779820289,6.38438488724396,0.000000000172087773161845,0.00000000257877967693881,TRUE,TRUE,"Enriched"
"K10621",42.901600590239,2.66186707391812,0.417228771755586,6.37987419400082,0.000000000177233518805045,0.00000000264290276575053,TRUE,TRUE,"Enriched"
"K21681",415.569578749449,1.68150088149037,0.131946995104728,12.7437603270597,0.000000000000000000000000000000000000337716367592002,0.0000000000000000000000000000000000326941607292638,TRUE,TRUE,"Enriched"
"K03973",116.616635677894,0.705222048280369,0.246526707363881,2.86063143349186,0.00422798259583267,0.0134374496362603,TRUE,TRUE,"Enriched"
"K16012",582.575350151835,1.16663222350036,0.109958615219541,10.6097391384121,0.0000000000000000000000000268497638624633,0.00000000000000000000000147528567384832,TRUE,TRUE,"Enriched"
"K11637",8.93795566630674,6.54518988540685,1.40938413326497,4.64400707438384,0.00000341715852575356,0.000024664201004226,TRUE,TRUE,"Enriched"
"K02250",5.3349389681622,5.80322970397679,1.57130332763213,3.69325871200307,0.000221398577864006,0.00101450783350306,TRUE,TRUE,"Enriched"
"K01176",1125.82332086132,0.65569288160205,0.0831323715856156,7.88733521125126,0.00000000000000308707385106767,0.0000000000000797799297358548,TRUE,TRUE,"Enriched"
"K07085",509.733289362089,-0.543185211709462,0.107980734771794,-5.03039003075344,0.00000048948307215846,0.00000414057871996456,TRUE,TRUE,"Suppressed"
"K16417",52.7911241464363,-0.937182096707181,0.346271553844315,-2.70649461759871,0.00679976846542805,0.0201587983597268,TRUE,TRUE,"Suppressed"
"K16651",8.35523201699062,4.51846922025868,1.33178880760971,3.39278209460885,0.000691866520876573,0.00277064603468563,TRUE,TRUE,"Enriched"
"K05311",15.4365227131855,5.46321355914651,1.1838382913014,4.61483092690028,0.00000393415451351428,0.0000276752115085624,TRUE,TRUE,"Enriched"
"K06330",31.1346951839722,1.13190635334985,0.44331799595271,2.55326055717033,0.0106719627943306,0.0296529845478917,TRUE,TRUE,"Enriched"
"K06379",17.709831325766,1.25160593565715,0.594811188308548,2.10420711691102,0.0353603840000657,0.0810693839533653,TRUE,FALSE,"Enriched"
"K11917",40.7717887702912,-1.28278031099128,0.408600418951483,-3.13944932871837,0.00169265685306433,0.0060034467165541,TRUE,TRUE,"Suppressed"
"K00469",78.4584150055434,-0.867347419359819,0.315310790525919,-2.75076986078763,0.00594553972812192,0.0178982462003038,TRUE,TRUE,"Suppressed"
"K01932",179.756434660459,1.03726194421338,0.194966537144899,5.3202049921135,0.000000103650395678219,0.000000993968181197259,TRUE,TRUE,"Enriched"
"K00702",627.546183727343,-0.684522910135293,0.100412930669376,-6.81707929020801,0.00000000000929099918305038,0.000000000162832770165012,TRUE,TRUE,"Suppressed"
"K20370",220.517060198676,-0.587212379854878,0.164131959051691,-3.57768458530336,0.000346651406965822,0.00151542697355655,TRUE,TRUE,"Suppressed"
"K16051",238.07975955954,-1.0985170787327,0.184994685773512,-5.93810073051293,0.00000000288342871857448,0.0000000348929201479876,TRUE,TRUE,"Suppressed"
"K12710",15.9099554448308,1.84550663925221,0.664985656584262,2.77525781342678,0.00551579635958008,0.0168036173811583,TRUE,TRUE,"Enriched"
"K19181",41.8841907890063,1.01233070435158,0.401933041479903,2.51865509892946,0.0117803987594771,0.0321758405884689,TRUE,TRUE,"Enriched"
"K01821",145.915864293087,0.721949955927262,0.217181014126338,3.32418539821023,0.000886772223826842,0.00344047315083964,TRUE,TRUE,"Enriched"
"K18231",7.95799420462636,6.37809132846242,1.42533332991566,4.4748068361243,0.00000764804232821453,0.0000498881392083213,TRUE,TRUE,"Enriched"
"K19670",224.021343830117,-0.599136660792527,0.167735534359806,-3.57191255317035,0.000354383751195879,0.00154274553786129,TRUE,TRUE,"Suppressed"
"K13653",286.250031185384,1.20891142594543,0.17150882161918,7.04868364514632,0.00000000000180618260969555,0.0000000000348604675206746,TRUE,TRUE,"Enriched"
"K20274",169.365263941802,1.98688822318977,0.205636447589783,9.6621403767553,0.000000000000000000000436644134298327,0.0000000000000000000184936984380937,TRUE,TRUE,"Enriched"
"K03430",204.717219802764,-0.682966909744793,0.181455662890215,-3.76382251656707,0.000167335669265006,0.000792991644791977,TRUE,TRUE,"Suppressed"
"K22704",141.909132157047,0.968626882842272,0.221271520908557,4.37754880910575,0.0000120021488582442,0.0000744670456626971,TRUE,TRUE,"Enriched"
"K02551",806.361588538359,-0.566834380997499,0.0917543643581401,-6.17773753829304,0.000000000650266966301961,0.00000000869732067428873,TRUE,TRUE,"Suppressed"
"K09942",30.8980004388651,-1.17021584927009,0.472572883892161,-2.47626533209453,0.0132764870847623,0.035561394259976,TRUE,TRUE,"Suppressed"
"K00066",608.548011063096,-0.500327516893669,0.121354007578423,-4.12287593032591,0.000037417125779227,0.000208218111430206,TRUE,TRUE,"Suppressed"
"K11778",12.1789123596996,-2.09682790312986,0.844033247725798,-2.48429538620624,0.0129808082923297,0.034930769763883,TRUE,TRUE,"Suppressed"
"K02385",19.1090495852795,-1.44030258191918,0.558625680004336,-2.57829640396768,0.00992887901631685,0.0277526274612816,TRUE,TRUE,"Suppressed"
"K06375",5.34611416119332,5.80603618111618,1.56792045224906,3.70301705854265,0.000213050550340615,0.000984390383732889,TRUE,TRUE,"Enriched"
"K03710",1825.41260081737,0.946266620455332,0.0773150785540482,12.2390953763803,0.000000000000000000000000000000000192162420127944,0.0000000000000000000000000000000167428371480047,TRUE,TRUE,"Enriched"
"K07774",37.4204192202721,-0.876268735691649,0.393804061718588,-2.22513889741906,0.0260719152139458,0.0627763959296706,TRUE,FALSE,"Suppressed"
"K03231",14.8468062677258,-1.54789916985239,0.650852750014373,-2.37826323975463,0.0173944033004368,0.0447441863050882,TRUE,TRUE,"Suppressed"
"K06974",119.876530899266,-0.740185295286797,0.228329529741719,-3.24174142575459,0.00118801760042569,0.00442081717205387,TRUE,TRUE,"Suppressed"
"K07770",5.7259429048131,5.90333345213485,1.51734754641157,3.89056117439665,0.000100012658450941,0.000506205148458329,TRUE,TRUE,"Enriched"
"K04068",84.0500041704314,0.602593011586853,0.262852929089761,2.29251016404339,0.0218762217179927,0.0539737363503389,TRUE,FALSE,"Enriched"
"K14673",79.6103415645855,3.30816204225268,0.337709689671289,9.79587540254674,0.000000000000000000000117277087150245,0.00000000000000000000507285783354144,TRUE,TRUE,"Enriched"
"K22820",258.005027709487,-1.80638344890856,0.165807794019589,-10.8944423245577,0.00000000000000000000000000122514807080073,0.0000000000000000000000000747217808381368,TRUE,TRUE,"Suppressed"
"K06327",7.23895791978792,6.23653788719428,1.48879406266026,4.18898626990121,0.0000280203350660107,0.00016073932787224,TRUE,TRUE,"Enriched"
"K01210",14.8921528883364,2.60111959430588,0.754117958002395,3.44922112874233,0.000562206103362114,0.00230436493575641,TRUE,TRUE,"Enriched"
"K13670",16.0089355970494,-1.52586042425868,0.618676147449917,-2.46633142484647,0.0136504964988139,0.0363488354301809,TRUE,TRUE,"Suppressed"
"K07466",10.5837129896365,-1.91089187913234,0.776907148440539,-2.45961423185256,0.0139086427352913,0.0369624453344407,TRUE,TRUE,"Suppressed"
"K00313",59.7159497067529,0.835655782254718,0.334719308152017,2.49658672775218,0.0125395001267041,0.0339150382584338,TRUE,TRUE,"Enriched"
"K03311",21.8766266693102,5.97394373660118,1.15518081808375,5.17143605839208,0.000000232301763981186,0.00000210521316273589,TRUE,TRUE,"Enriched"
"K13798",21.0058276968654,-2.38502128332132,0.697255395324355,-3.42058490951058,0.000624866260720723,0.00253563494619806,TRUE,TRUE,"Suppressed"
"K14682",326.850952525636,-0.576697882534224,0.157990281478271,-3.65021112145775,0.000262024851649141,0.00118201891287582,TRUE,TRUE,"Suppressed"
"K03222",83.8155387188669,-0.745043708312732,0.281517477945528,-2.64652736217285,0.00813229258258356,0.0235065651474773,TRUE,TRUE,"Suppressed"
"K08745",34.8503955978187,-1.91289143004825,0.430829103020108,-4.44002370461722,0.00000899489695362161,0.0000578690680592175,TRUE,TRUE,"Suppressed"
"K06983",62.8515968410524,-0.671667767641685,0.314524329891047,-2.13550337385459,0.0327199148961501,0.075935601579764,TRUE,FALSE,"Suppressed"
"K07266",157.985171179116,1.18687347427719,0.198425881100399,5.98144489869577,0.00000000221166876315548,0.0000000271407802544975,TRUE,TRUE,"Enriched"
"K16645",23.2088207661461,-3.01511151082518,0.592358715571241,-5.09000953572121,0.000000358045508773799,0.00000311071162109886,TRUE,TRUE,"Suppressed"
"K09166",491.799747569164,0.530834321926992,0.118946267567629,4.46280772639778,0.00000808926347018926,0.0000525974604527551,TRUE,TRUE,"Enriched"
"K21191",72.5505525574357,-2.30755632228956,0.336933784012037,-6.84869381399616,0.00000000000745273147777442,0.00000000013251956059168,TRUE,TRUE,"Suppressed"
"K07226",199.517069826093,-0.551903670144489,0.193813549564845,-2.84760106495979,0.00440501050027883,0.0138913128806574,TRUE,TRUE,"Suppressed"
"K16242",80.9169985170739,-0.61031029200919,0.29060920120245,-2.10010656745869,0.0357194677344379,0.0817764256673323,TRUE,FALSE,"Suppressed"
"K17938",70.2444526460954,0.808967355333465,0.325516728983229,2.48517905012232,0.0129486289051151,0.034866970283575,TRUE,TRUE,"Enriched"
"K03891",1539.34043284748,0.589781281309693,0.07851266014397,7.51192585027944,0.0000000000000582637894903987,0.00000000000133090206779753,TRUE,TRUE,"Enriched"
"K07153",168.949828707003,-0.522629181557337,0.22728518593039,-2.29944234780616,0.0214798335806251,0.0531678185910035,TRUE,FALSE,"Suppressed"
"K21181",19.8303682859437,4.19387917841232,0.79398270671018,5.28207874424546,0.000000127726274337713,0.00000121151251506332,TRUE,TRUE,"Enriched"
"K17216",11.2743966725576,1.59720318315229,0.765672079984572,2.0860146594146,0.0369772951893277,0.0840314970001761,TRUE,FALSE,"Enriched"
"K03651",797.85286763549,0.741611616251853,0.0975445342468327,7.60280032067438,0.000000000000028979045575157,0.000000000000685051158770864,TRUE,TRUE,"Enriched"
"K01449",40.4351338772795,1.16711078635564,0.378381155915546,3.08448443615447,0.00203905278406928,0.00707332933972864,TRUE,TRUE,"Enriched"
"K07451",83.6212461946787,1.44839369865536,0.298551972228936,4.85139551362503,0.00000122595790880524,0.00000959835338357275,TRUE,TRUE,"Enriched"
"K01286",1514.86340595003,0.520942646875227,0.0768289433715102,6.78055201613515,0.000000000011971756339911,0.000000000206843461521578,TRUE,TRUE,"Enriched"
"K07077",709.628584198018,0.508176037332518,0.0917849380208721,5.53659509163647,0.0000000308408426163007,0.000000322086128624688,TRUE,TRUE,"Enriched"
"K03974",335.878959581897,0.755590723209443,0.164303501574425,4.59874997166253,0.00000425033513386082,0.0000295429720512825,TRUE,TRUE,"Enriched"
"K22081",112.222978769461,-0.613579012132069,0.233997231749837,-2.62216355101174,0.00873734900656712,0.0249597618693456,TRUE,TRUE,"Suppressed"
"K16017",8.77110738151134,2.89690660676808,0.970520198557834,2.98490089240059,0.0028367021640434,0.00945929278212177,TRUE,TRUE,"Enriched"
"K14631",46.5980880337696,0.861174656344336,0.35560574077392,2.42171190619736,0.0154475916743475,0.040460942606174,TRUE,TRUE,"Enriched"
"K12454",562.953132676321,0.651011110266098,0.108712416326189,5.98837862560936,0.00000000211943213732003,0.0000000261668352338357,TRUE,TRUE,"Enriched"
"K10546",485.062312629007,1.03439950221268,0.136390667956028,7.58409294209311,0.0000000000000334821092451687,0.000000000000779417497275892,TRUE,TRUE,"Enriched"
"K22902",268.425288456571,-1.94901085309269,0.182665862634831,-10.6698144085574,0.0000000000000000000000000140907544819353,0.000000000000000000000000795736218382621,TRUE,TRUE,"Suppressed"
"K07110",443.320806893667,0.703294522240021,0.155622452498098,4.5192355662729,0.00000620633104652106,0.0000412785311371122,TRUE,TRUE,"Enriched"
"K15764",26.329323061585,-1.84526719443725,0.493172307017676,-3.74162776007435,0.000182832189868259,0.00085908592142258,TRUE,TRUE,"Suppressed"
"K05346",27.1270666728527,1.57421302749706,0.498293028723829,3.15921142129714,0.0015819668285394,0.00568222360851698,TRUE,TRUE,"Enriched"
"K16649",67.8824878195259,-1.93288892090428,0.349999429751285,-5.52254877180177,0.0000000334117011030077,0.000000344219535518993,TRUE,TRUE,"Suppressed"
"K06959",1554.24661425345,0.538998002644415,0.0901090852141552,5.98161663014801,0.00000000220933776623796,0.0000000271407802544975,TRUE,TRUE,"Enriched"
"K07084",9.11213414264566,6.57530647087215,1.42655107838047,4.60923311511349,0.00000404156971998397,0.0000283002683377523,TRUE,TRUE,"Enriched"
"K08094",29.5024755779277,1.89668552968598,0.481591016453369,3.93837398308204,0.0000820356603403134,0.000423295678862582,TRUE,TRUE,"Enriched"
"K03573",43.2572011422666,-1.87703935354088,0.421439036408804,-4.45388108689608,0.00000843318188518769,0.0000547169960827231,TRUE,TRUE,"Suppressed"
"K23624",4.9103077028755,-2.69408719765945,1.25296184415173,-2.15017497159571,0.0315413771174281,0.073616932582173,TRUE,FALSE,"Suppressed"
"K23262",239.805208406221,0.569203802129947,0.195105121672524,2.91742111765438,0.00352938908280308,0.0114316218884843,TRUE,TRUE,"Enriched"
"K19978",176.082076062233,1.95438129850895,0.20653514699584,9.46270563115494,0.00000000000000000000300076226683106,0.000000000000000000118841877048069,TRUE,TRUE,"Enriched"
"K13626",61.4623991692775,-0.988709397230218,0.328347450370312,-3.0111681881956,0.0026024466017815,0.00878379735709206,TRUE,TRUE,"Suppressed"
"K16141",57.2518949232548,-0.849650876700502,0.375511362591606,-2.26265024535238,0.0236572581728665,0.057783587343337,TRUE,FALSE,"Suppressed"
"K12240",90.188036557551,2.14992876073591,0.284672196505133,7.5522962450502,0.0000000000000427650370848984,0.000000000000991726088139907,TRUE,TRUE,"Enriched"
"K00657",249.884143320654,1.14297272092482,0.163899119469248,6.97363551815342,0.0000000000030885363564149,0.0000000000576642526560757,TRUE,TRUE,"Enriched"
"K02826",25.1092791462263,5.14075655282848,0.850234048886052,6.04628403151312,0.00000000148224693788039,0.0000000189522517277412,TRUE,TRUE,"Enriched"
"K01813",64.912408943991,-0.719524157504933,0.314021083142005,-2.29132436047153,0.0219446606929366,0.0541148933664509,TRUE,FALSE,"Suppressed"
"K03577",51.3279622306524,-0.737625003020237,0.363182668903333,-2.03100276025717,0.0422547145978499,0.0941928012910404,TRUE,FALSE,"Suppressed"
"K01222",500.05235853975,0.593341283511554,0.118971042628884,4.98727480570555,0.000000612369329411831,0.00000508141570079287,TRUE,TRUE,"Enriched"
"K12980",32.2159054019352,-0.959812477060247,0.480067874994601,-1.9993266099529,0.0455730268366695,0.0999819750636142,TRUE,FALSE,"Suppressed"
"K16905",57.3434952950975,-1.46072234033142,0.324674547563433,-4.49903557668325,0.00000682624342681138,0.0000449118216398302,TRUE,TRUE,"Suppressed"
"K16048",148.669489055598,-0.92749699822913,0.200902761363228,-4.61664634142203,0.00000389991041469948,0.0000275172875575554,TRUE,TRUE,"Suppressed"
"K08082",592.471027170292,-0.606993038883083,0.110083310177746,-5.51394246687353,0.0000000350883344168274,0.000000360883223622648,TRUE,TRUE,"Suppressed"
"K03226",110.617572557657,-0.724393409588543,0.249780259881787,-2.90012273160167,0.00373016573308863,0.0120244770302263,TRUE,TRUE,"Suppressed"
"K14982",13.7792104303165,3.13596186369412,0.825109462230671,3.80066161793381,0.000144310258454123,0.000702133974806656,TRUE,TRUE,"Enriched"
"K10201",412.784434756071,2.13989756695487,0.1314287360436,16.2818089207293,0.0000000000000000000000000000000000000000000000000000000000132882159423128,0.0000000000000000000000000000000000000000000000000000000040522414516083,TRUE,TRUE,"Enriched"
"K08152",6.95771747430148,-6.29831696977254,1.46769595336775,-4.29129545211358,0.000017763378330512,0.000106318787475753,TRUE,TRUE,"Suppressed"
"K16868",18.708868662674,-1.38864505859964,0.687244791377106,-2.02059742907191,0.0433214552996475,0.0958699404472244,TRUE,FALSE,"Suppressed"
"K00635",2863.90228715342,-0.74074213562083,0.0611632422562543,-12.1109036783459,0.000000000000000000000000000000000924697356308131,0.0000000000000000000000000000000772565640564834,TRUE,TRUE,"Suppressed"
"K21468",11.6322320778876,3.96725150089749,1.04550496231523,3.79457931228961,0.00014789400171807,0.000715877394030563,TRUE,TRUE,"Enriched"
"K03381",146.787810650938,-0.858038505308581,0.22675544664513,-3.78398189769352,0.00015433905400455,0.000742361112282139,TRUE,TRUE,"Suppressed"
"K07236",34.126983333446,-0.85893716956875,0.419259323328257,-2.04870141646498,0.0404913206212112,0.090692825732195,TRUE,FALSE,"Suppressed"
"K20469",64.0332759561477,-1.61843833330047,0.320548956586863,-5.04895835735439,0.000000444225547519299,0.00000377344235977744,TRUE,TRUE,"Suppressed"
"K02496",372.839036997177,-0.501025966330892,0.155881321948907,-3.21415009872133,0.00130831262351015,0.00482430392429772,TRUE,TRUE,"Suppressed"
"K02256",80.5445793098567,-1.52107227415193,0.32634215167387,-4.66097396965137,0.00000314716528891274,0.0000229325700084573,TRUE,TRUE,"Suppressed"
"K00387",50.2493659441992,2.62021787370299,0.441307198913254,5.93740115764131,0.00000000289575516083684,0.0000000349726945068195,TRUE,TRUE,"Enriched"
"K03795",309.588636929746,1.39096083234057,0.151333559022826,9.191357431373,0.0000000000000000000387914814522524,0.00000000000000000145146776305084,TRUE,TRUE,"Enriched"
"K03890",819.408848188743,0.644723112063881,0.0897283324321685,7.18527910402513,0.000000000000670700314560655,0.0000000000137268497265283,TRUE,TRUE,"Enriched"
"K03298",318.305218889852,1.13144676722697,0.155036081124311,7.29795773359206,0.000000000000292168379907178,0.00000000000623054177990868,TRUE,TRUE,"Enriched"
"K13745",512.614606750615,0.687175599431619,0.110649075323229,6.21040526027206,0.000000000528481305422267,0.00000000721075499277496,TRUE,TRUE,"Enriched"
"K01202",26.6310606304746,-1.31399965104641,0.503360174778432,-2.61045612443377,0.00904215702000349,0.0256502863558146,TRUE,TRUE,"Suppressed"
"K03087",363.330628331117,0.556880061131317,0.133374768607554,4.17530292232332,0.0000297589789747974,0.000169626180156345,TRUE,TRUE,"Enriched"
"K07641",388.460389014834,-0.623182179066125,0.146593102519134,-4.25110164364511,0.0000212721594489708,0.000125095844788474,TRUE,TRUE,"Suppressed"
"K09759",390.635301072544,1.53618319811328,0.146987901866309,10.4510859642755,0.000000000000000000000000144856936863799,0.00000000000000000000000761622808562338,TRUE,TRUE,"Enriched"
"K05711",34.7167551115218,1.23734690569834,0.451104545621898,2.74292715005237,0.00608941933351884,0.0182682580005565,TRUE,TRUE,"Enriched"
"K11031",73.4686449100425,1.13057423220942,0.305887273984129,3.69604860471601,0.000218981067241427,0.00100418460834997,TRUE,TRUE,"Enriched"
"K01416",203.211418909632,1.65576077252632,0.185643393442677,8.91903957270417,0.000000000000000000470349294022086,0.0000000000000000162071205889305,TRUE,TRUE,"Enriched"
"K20434",20.9700920971568,2.95450025901755,0.714228569565139,4.13663130392055,0.0000352441716747895,0.000197749956802706,TRUE,TRUE,"Enriched"
"K19696",243.23998431563,-0.500981588741284,0.194876214486789,-2.57076826979952,0.0101473200401708,0.0283242585469116,TRUE,TRUE,"Suppressed"
"K17234",82.4063225804072,-1.12640067538004,0.270514634357548,-4.16391770469333,0.000031283290964696,0.000177485387529005,TRUE,TRUE,"Suppressed"
"K19955",13.568784071192,2.46122121214125,0.725981335256562,3.39019902112422,0.000698418994999778,0.00279138758224354,TRUE,TRUE,"Enriched"
"K11902",171.407227969182,-0.583923959305229,0.189070795391663,-3.08838791361523,0.00201245592786462,0.00698973160822685,TRUE,TRUE,"Suppressed"
"K20420",267.072689658545,0.989935089536493,0.154685209390725,6.39967514305765,0.000000000155707879061035,0.00000000234484531948951,TRUE,TRUE,"Enriched"
"K17994",22.9994072701717,-1.12730908357949,0.529649664110948,-2.12840517037192,0.0333035048376431,0.0771139240716725,TRUE,FALSE,"Suppressed"
"K15269",286.331169793405,0.827615072456427,0.183640038682724,4.5067245595951,0.00000658360054317307,0.000043503119948876,TRUE,TRUE,"Enriched"
"K03136",5.10381050562709,-3.87539452226116,1.45218642900956,-2.66866185005207,0.00761540775941573,0.0222795378732704,TRUE,TRUE,"Suppressed"
"K08738",1991.34753451922,0.665631933987396,0.0678130948810565,9.81568434761616,0.0000000000000000000000963817726431603,0.00000000000000000000422901029748658,TRUE,TRUE,"Enriched"
"K16652",158.508372024291,-0.608832284509468,0.188123009934508,-3.23635202690742,0.00121067977945772,0.00449691594087248,TRUE,TRUE,"Suppressed"
"K06413",8.90788059476278,6.54088707352636,1.40274030591854,4.66293514624809,0.00000311731015022153,0.0000227421945050252,TRUE,TRUE,"Enriched"
"K15270",15.2313120652465,1.56178859793968,0.672814469736697,2.3212767682462,0.020271911239693,0.0507755181317815,TRUE,FALSE,"Enriched"
"K21025",697.679634926629,-0.500449056822598,0.142337569448806,-3.51593088711966,0.000438215041235458,0.00185989807689287,TRUE,TRUE,"Suppressed"
"K04835",17.2563006980934,2.16989638997104,0.689717634213271,3.14606482759592,0.00165483321327894,0.00589878887655654,TRUE,TRUE,"Enriched"
"K02672",279.284962750482,-0.606572753464719,0.153892422338777,-3.94153749902913,0.0000809609744624516,0.000419168916168499,TRUE,TRUE,"Suppressed"
"K08900",56.9296538952175,-0.802001372324457,0.31627881126413,-2.53574170561395,0.0112209463350522,0.0309247861262917,TRUE,TRUE,"Suppressed"
"K02657",201.089865348963,-0.556314396847186,0.167798947539997,-3.31536284942776,0.000915242400740295,0.00353518898170681,TRUE,TRUE,"Suppressed"
"K18676",369.77217030269,0.832511217870958,0.130962168676821,6.35688326088558,0.000000000205888337629842,0.00000000304046724262568,TRUE,TRUE,"Enriched"
"K00436",141.4285915137,-0.851542408743557,0.213148723531506,-3.99506220180431,0.0000646772699820755,0.000340644792418548,TRUE,TRUE,"Suppressed"
"K03831",158.717193852394,-0.62819784054957,0.207402858677916,-3.02887744438047,0.00245464237849714,0.00833103164521652,TRUE,TRUE,"Suppressed"
"K16188",18.1559856635683,2.95066991202015,0.677222152354327,4.35701918751816,0.0000131845713829456,0.000081061190387687,TRUE,TRUE,"Enriched"
"K02690",21.3789424439845,-2.06417822201683,0.607505128239008,-3.39779555112616,0.000679311665698541,0.00272394598888587,TRUE,TRUE,"Suppressed"
"K07044",499.058683831182,0.595196330900778,0.128124830418005,4.6454409263135,0.00000339350871937385,0.000024522523316897,TRUE,TRUE,"Enriched"
"K06396",7.08085787658641,6.207731775926,1.45730822400726,4.25972465787379,0.0000204678883740957,0.000120962840303885,TRUE,TRUE,"Enriched"
"K17061",3.96537028922892,5.36765016333194,1.7048248730668,3.14850530874536,0.00164107742503907,0.00585660106220789,TRUE,TRUE,"Enriched"
"K05548",114.710075087457,-0.788000295215367,0.292404904450138,-2.69489424842988,0.00704109741222258,0.0207858921186571,TRUE,TRUE,"Suppressed"
"K07216",58.0027284393614,-0.674706640841271,0.332746015177867,-2.02769262460021,0.0425916288637372,0.0947360847702162,TRUE,FALSE,"Suppressed"
"K16066",38.3848529025124,-1.0521299188411,0.415912638450188,-2.52968970301467,0.0114163440402972,0.0313640911269245,TRUE,TRUE,"Suppressed"
"K00956",604.784804765642,-0.642549353189728,0.119744685421969,-5.36599474895644,0.0000000805042836066581,0.000000784338060250811,TRUE,TRUE,"Suppressed"
"K10187",208.52510884958,1.25817746345635,0.187062994073151,6.72595597910903,0.00000000001744433011467,0.000000000298856655531944,TRUE,TRUE,"Enriched"
"K18820",45.7045194136498,-0.740027111469146,0.363608062117187,-2.0352329570477,0.0418274383887953,0.0934452552136494,TRUE,FALSE,"Suppressed"
"K00394",482.944038682169,-0.712674643970515,0.131176004732293,-5.43296501082616,0.0000000554252788178149,0.000000553254951734621,TRUE,TRUE,"Suppressed"
"K09711",103.099303387225,-0.606125072616008,0.241911428240462,-2.50556609509789,0.0122255546272134,0.0332576528418263,TRUE,TRUE,"Suppressed"
"K07459",35.0553913315007,1.31494504727739,0.465085096961484,2.82732139960676,0.00469391908003043,0.0146660924534353,TRUE,TRUE,"Enriched"
"K00122",228.608703264428,0.92036733154964,0.243334135439066,3.78231903176655,0.000155374046645468,0.00074557538197538,TRUE,TRUE,"Enriched"
"K09922",314.863446919662,-0.571814536453213,0.143660483546313,-3.98031889032917,0.000068822882121024,0.000360920686204751,TRUE,TRUE,"Suppressed"
"K07394",91.2084734199588,-1.22221081802168,0.266474902706247,-4.58658885174264,0.0000045054670741948,0.0000311198682735154,TRUE,TRUE,"Suppressed"
"K02848",9.04071172571012,-3.02412381898089,1.04703967841,-2.88826095260615,0.00387378349548259,0.0124217694736847,TRUE,TRUE,"Suppressed"
"K01753",35.663834171775,2.12374059751689,0.480445163851572,4.42036002712892,0.00000985365948748866,0.0000627977734735562,TRUE,TRUE,"Enriched"
"K02846",14.5452589873063,1.86882078849919,0.692117658384068,2.70014897880578,0.00693084323364283,0.0205100499184802,TRUE,TRUE,"Enriched"
"K21161",143.781803722978,1.45328462347013,0.206394624548781,7.04129105419918,0.00000000000190466673757095,0.0000000000365300705422807,TRUE,TRUE,"Enriched"
"K05569",248.597440753352,1.03165512642089,0.154758149127208,6.6662410492703,0.0000000000262438097684775,0.000000000440939382308387,TRUE,TRUE,"Enriched"
"K10242",815.735646584062,2.09630258501469,0.0959478947822333,21.8483437262749,0.000000000000000000000000000000000000000000000000000000000000000000000000000000000000000000000000000000000806035466560351,0.000000000000000000000000000000000000000000000000000000000000000000000000000000000000000000000000000000819335051758597,TRUE,TRUE,"Enriched"
"K05303",46.547563590545,0.712717670212797,0.352464658186143,2.02209683626322,0.0431663488079481,0.0955960644080159,TRUE,FALSE,"Enriched"
"K08162",21.5832509305464,1.55184029764301,0.54525332422267,2.84609048437322,0.00442596164406319,0.0139359525385345,TRUE,TRUE,"Enriched"
"K18546",404.095877886301,0.861614679768771,0.123362295391351,6.98442483609284,0.00000000000286025323789149,0.0000000000541760388133547,TRUE,TRUE,"Enriched"
"K10798",36.9107297140075,1.5620800604085,0.439634673425685,3.55313207722354,0.000380673285669454,0.00164311844960934,TRUE,TRUE,"Enriched"
"K02362",10.8670072232744,2.75866416656036,0.899880060089432,3.06559094807168,0.002172402964248,0.00745190420638276,TRUE,TRUE,"Enriched"
"K08986",10.4733210673438,6.77098252362994,1.4558931080494,4.65074151817485,0.000003307436577137,0.0000239857974838984,TRUE,TRUE,"Enriched"
"K00464",63.8158027186264,1.30949662022663,0.311779305454878,4.20007549351651,0.0000266825998036707,0.000154366551138108,TRUE,TRUE,"Enriched"
"K15583",1501.10783888906,0.512957867083633,0.0738758619583641,6.94351109395829,0.00000000000382472558181391,0.0000000000700510550254745,TRUE,TRUE,"Enriched"
"K10711",8.79875550161808,6.52508164786091,1.41311620978544,4.6175124187781,0.00000388367446679148,0.0000274467329930026,TRUE,TRUE,"Enriched"
"K07697",46.4507984740906,5.45705176047887,0.680684664416453,8.0170041221028,0.00000000000000108355486626582,0.0000000000000293715605749121,TRUE,TRUE,"Enriched"
"K05571",149.456378738005,0.923598644175216,0.196307337798329,4.70486052398127,0.00000254039569651958,0.0000187577159238171,TRUE,TRUE,"Enriched"
"K21327",5.79239300740529,5.91817862208786,1.54067949779863,3.84127823505404,0.000122395283825794,0.000605916263030451,TRUE,TRUE,"Enriched"
"K04082",162.621955892085,-0.602382497850074,0.202031404312341,-2.98162802907012,0.00286720132790415,0.00955577098299859,TRUE,TRUE,"Suppressed"
"K22745",59.7442051861161,1.030175305077,0.323700685367892,3.18249343187575,0.00146012827499654,0.00531343815584958,TRUE,TRUE,"Enriched"
"K23778",21.7261692887314,2.05858918707525,0.570521527624356,3.60825856238448,0.000308259196848277,0.00136533975423213,TRUE,TRUE,"Enriched"
"K12555",60.1133868119477,2.18844942952894,0.343322343109154,6.37432859658994,0.000000000183766207243831,0.00000000273363438531738,TRUE,TRUE,"Enriched"
"K00039",23.6533045249011,1.16253925935228,0.507390619284878,2.29121157381817,0.0219511798964747,0.0541148933664509,TRUE,FALSE,"Enriched"
"K18301",12.035402411146,-2.71172240596813,0.774452393012464,-3.50147075589769,0.000462697748249308,0.00195158614562416,TRUE,TRUE,"Suppressed"
"K09160",210.732884575711,0.699745467132748,0.170444157123452,4.1054236117107,0.0000403574632976455,0.000222348842504372,TRUE,TRUE,"Enriched"
"K11004",238.8760783999,-0.572040487078235,0.192752380000105,-2.96774798359389,0.00299990183907665,0.00992751020972788,TRUE,TRUE,"Suppressed"
"K09703",183.792043327893,-0.565849265642055,0.201367852771963,-2.81002780658761,0.00495372198703434,0.0153208673422528,TRUE,TRUE,"Suppressed"
"K04033",93.3066771983571,-0.786871199172376,0.265848204744646,-2.95985146835272,0.00307787395665696,0.0101470017630545,TRUE,TRUE,"Suppressed"
"K13052",6.06939661738464,5.98664680632282,1.49329933475716,4.00900654475706,0.0000609747268281345,0.00032394151474285,TRUE,TRUE,"Enriched"
"K16139",9.2621200474183,-2.27206745354564,0.932083461270939,-2.43762232455833,0.014784211239099,0.0390003911536612,TRUE,TRUE,"Suppressed"
"K10253",148.044775099869,0.827682027780034,0.215717406434259,3.83688104479541,0.000124606791554474,0.000615365847522864,TRUE,TRUE,"Enriched"
"K11895",155.231386359339,-0.675837349037074,0.195535479439441,-3.45634127870071,0.000547561575175612,0.00225952506562656,TRUE,TRUE,"Suppressed"
"K19551",62.8227813036116,-0.944592322656556,0.307850119618604,-3.06835132572569,0.00215243402318813,0.00739588456756306,TRUE,TRUE,"Suppressed"
"K13799",30.9590471192029,-1.5374663088273,0.450224298945637,-3.4148896726095,0.000638078511125644,0.00257895350520563,TRUE,TRUE,"Suppressed"
"K11410",258.764901174093,1.23357115665671,0.158581989526307,7.77875949432502,0.00000000000000732391454765196,0.000000000000184875418160361,TRUE,TRUE,"Enriched"
"K08225",27.2782253664779,1.56063974153167,0.498096060077133,3.13321037169015,0.00172905467073614,0.00611333590540273,TRUE,TRUE,"Enriched"
"K02126",16.0801997784902,-1.7298807217166,0.694054967318143,-2.49242610913215,0.0126873726136046,0.0342528121240858,TRUE,TRUE,"Suppressed"
"K15466",14.8197010988004,2.96197442505256,0.812964377609678,3.64342461567814,0.000269034471303287,0.00121016024764174,TRUE,TRUE,"Enriched"
"K07714",991.963886765114,-0.594848337487982,0.0833047358795434,-7.14063049606349,0.000000000000929037835663814,0.0000000000187622574824954,TRUE,TRUE,"Suppressed"
"K16426",98.5891761544064,2.48239172866846,0.273236043386767,9.0851547178738,0.0000000000000000001035513004216,0.000000000000000003759282031377,TRUE,TRUE,"Enriched"
"K06301",6.63945426390128,6.11780698130398,1.49555144745132,4.09066969359682,0.0000430129359690722,0.000235701614083891,TRUE,TRUE,"Enriched"
"K20261",44.5866173698527,1.06443243809903,0.391156824865965,2.72124214747823,0.00650371016083765,0.0194061292910709,TRUE,TRUE,"Enriched"
"K09780",574.19752854194,0.520264693907892,0.107814646196768,4.82554747671645,0.00000139619199002509,0.0000108338103653473,TRUE,TRUE,"Enriched"
"K03775",431.049398389691,-0.555764791380492,0.125505096980897,-4.42822486695568,0.0000095011817658204,0.0000608694407455238,TRUE,TRUE,"Suppressed"
"K02399",35.8066310362324,-1.04102833416249,0.432813650319213,-2.40525762853066,0.0161610681580938,0.041905970385887,TRUE,TRUE,"Suppressed"
"K08976",165.315513860627,-0.52036516585974,0.196324495034142,-2.65053612270464,0.00803641330666375,0.0232917304860289,TRUE,TRUE,"Suppressed"
"K21832",66.2691230567972,-1.00040395089914,0.305387882493811,-3.27584690895328,0.00105345647754426,0.00399566607993932,TRUE,TRUE,"Suppressed"
"K09947",86.0172289080972,0.739692502519657,0.258174957529807,2.86508230541398,0.0041690086852196,0.0132846311239051,TRUE,TRUE,"Enriched"
"K16215",22.1162314436703,7.84943257231889,1.28541525205474,6.10653449130277,0.00000000101817641242292,0.0000000132124637007817,TRUE,TRUE,"Enriched"
"K01194",690.870900193147,-0.566615215181219,0.108093185755206,-5.24191429110443,0.000000158919189589191,0.00000148203079098544,TRUE,TRUE,"Suppressed"
"K18640",24.1677558395913,1.11486388484142,0.508219106399843,2.19366779171088,0.0282593009206684,0.0671681513309261,TRUE,FALSE,"Enriched"
"K22217",24.2358669049325,1.25604838925557,0.535840614757472,2.34407089470825,0.0190745453134953,0.0482320281372337,TRUE,TRUE,"Enriched"
"K19270",350.476784873061,0.632462741456015,0.137850574939693,4.58803121954846,0.00000447445736566023,0.0000309407204911131,TRUE,TRUE,"Enriched"
"K10820",762.758948897746,0.733286083528912,0.103784505382195,7.06546782516839,0.00000000000160075774689109,0.0000000000312917355714382,TRUE,TRUE,"Enriched"
"K04095",11.7975702310695,3.3968591030431,0.968617163114587,3.5069160782992,0.000453332095122654,0.00191871786825334,TRUE,TRUE,"Enriched"
"K02497",4.7033064525802,5.62164406707105,1.60694566382322,3.49834110364139,0.000468161958806473,0.00197190593008334,TRUE,TRUE,"Enriched"
"K03923",3.63451649566594,5.24185831490917,1.73445858110177,3.02218708017773,0.00250955398352344,0.00848435130017154,TRUE,TRUE,"Enriched"
"K16416",31.2517236568199,-2.71736112683246,0.491991265759779,-5.52318977174536,0.000000033289983140859,0.000000343545866626225,TRUE,TRUE,"Suppressed"
"K07271",12.8298145935427,-1.58627455360421,0.733857447410317,-2.16155679717084,0.0306523545721079,0.0719864114498599,TRUE,FALSE,"Suppressed"
"K00262",1009.44269032435,0.693574912322454,0.0805084395697768,8.6149342358242,0.00000000000000000699817534591417,0.000000000000000216659245861576,TRUE,TRUE,"Enriched"
"K19203",32.7491065602141,1.02525141318514,0.500241918212846,2.04951119819774,0.0404121539690955,0.0906153408299681,TRUE,FALSE,"Enriched"
"K02441",29.276050540937,1.32435377330834,0.469083262853374,2.82328080787293,0.00475349173519287,0.0148142800679312,TRUE,TRUE,"Enriched"
"K03784",509.157858564884,0.551879482891622,0.11566772188078,4.77124883172205,0.00000183087187236931,0.0000138762864785669,TRUE,TRUE,"Enriched"
"K10540",8.37659488495735,4.51506373961765,1.29564785782939,3.48479234719051,0.00049251910269959,0.00205885812704921,TRUE,TRUE,"Enriched"
"K16899",1544.74875626679,0.523634319141275,0.0800999758566931,6.53725938791928,0.0000000000626563297412448,0.00000000100563409234698,TRUE,TRUE,"Enriched"
"K00187",87.4559214103573,-0.577945332369334,0.271476491427759,-2.12889642609488,0.0332628305400025,0.0770694020980162,TRUE,FALSE,"Suppressed"
"K16447",7.23375191671334,-4.46749113952187,1.32805579481817,-3.36393332038699,0.000768401057061513,0.00304119276250368,TRUE,TRUE,"Suppressed"
"K00219",1124.30713979225,-0.553638823419551,0.0757769993086391,-7.30615923658555,0.000000000000274886392562706,0.00000000000588256880084191,TRUE,TRUE,"Suppressed"
"K07096",66.6970844491103,-0.628776234531019,0.312556137158168,-2.0117225668579,0.0442491903871906,0.097498487056169,TRUE,FALSE,"Suppressed"
"K15786",45.8773646965973,0.780084702188309,0.373589736562641,2.08807851459139,0.0367907528054564,0.0837576712805072,TRUE,FALSE,"Enriched"
"K06223",436.761743939067,0.694907264889966,0.145987044237219,4.76006119940884,0.00000193534265882484,0.0000145904262993482,TRUE,TRUE,"Enriched"
"K07008",270.881970220805,1.1937627690164,0.177514116971565,6.72488920533356,0.0000000000175726102294024,0.000000000300211063835084,TRUE,TRUE,"Enriched"
"K21065",85.4398005208985,-0.604594127541555,0.272803843600196,-2.21622290786933,0.0266762397445742,0.063928638979237,TRUE,FALSE,"Suppressed"
"K07029",960.941270897856,0.637816604867918,0.0996556952733635,6.40020224753173,0.000000000155171272015934,0.00000000234254848521084,TRUE,TRUE,"Enriched"
"K12567",69.0774653380012,-0.854907924362863,0.310116175884173,-2.7567343816408,0.00583817550183728,0.0176359744357135,TRUE,TRUE,"Suppressed"
"K02048",24.5131466045612,1.13035248759588,0.515337258927817,2.19342278869497,0.0282769319205062,0.0671838752563955,TRUE,FALSE,"Enriched"
"K07265",147.311140617758,1.11653958736893,0.267701059423418,4.17084485871579,0.0000303472421668451,0.000172335037221218,TRUE,TRUE,"Enriched"
"K06294",4.15072395859895,5.43850582247736,1.62648199683807,3.34372334464812,0.000826621259386661,0.00324424907400209,TRUE,TRUE,"Enriched"
"K10561",231.050166770388,0.707643246768451,0.159953841326174,4.42404659307583,0.00000968691142887006,0.0000617996577454796,TRUE,TRUE,"Enriched"
"K06283",4.64597775486772,5.59578837263571,1.6593467091044,3.37228400908207,0.000745475323704321,0.002963920468887,TRUE,TRUE,"Enriched"
"K13767",17.6196491158521,1.57140656522532,0.667142027837291,2.35543032766116,0.0185012661676293,0.0470359409572201,TRUE,TRUE,"Enriched"
"K09912",86.956631668201,-0.788774588492784,0.269535788697976,-2.92641875983539,0.00342889047736806,0.0111534949447828,TRUE,TRUE,"Suppressed"
"K12446",170.183564610039,-0.618436542219383,0.190141405920726,-3.25250851714657,0.0011439116755122,0.0042960081951656,TRUE,TRUE,"Suppressed"
"K03291",132.012271793597,0.751864745812561,0.231586080492368,3.24658867326587,0.00116797057395625,0.00436569894708704,TRUE,TRUE,"Enriched"
"K09978",112.514517969495,0.81121053788822,0.22982860417252,3.52963261822401,0.000416137083535417,0.00177483921152623,TRUE,TRUE,"Enriched"
"K06417",15.320664840928,5.42770845706036,1.17571965346167,4.61649887460804,0.00000390268138010911,0.0000275172875575554,TRUE,TRUE,"Enriched"
"K18800",84.4613415684716,-1.15813765493872,0.287942296768014,-4.02211716700931,0.0000576773524854671,0.000308303394223369,TRUE,TRUE,"Suppressed"
"K05770",838.148953680314,0.54003077795763,0.0931421880307446,5.79791810107977,0.00000000671432257348047,0.0000000774256191619475,TRUE,TRUE,"Enriched"
"K10085",96.2922135464334,-0.893542280489236,0.253489514083253,-3.52496742802455,0.000423534865203173,0.00180135226141852,TRUE,TRUE,"Suppressed"
"K21703",268.579298674365,-0.549597694868442,0.148656053054118,-3.69710942526076,0.000218068360797659,0.00100075164221589,TRUE,TRUE,"Suppressed"
"K14735",26.6456728514269,-2.69675421938629,0.595101802845489,-4.5315846910423,0.00000585428578458872,0.0000395845776055505,TRUE,TRUE,"Suppressed"
"K16907",37.3797108854863,-2.27821532685748,0.430341179240281,-5.29397472693507,0.000000119685981043976,0.00000113879063710953,TRUE,TRUE,"Suppressed"
"K05832",58.190389811399,0.810598890034819,0.323911817464362,2.50252953529244,0.012330933635345,0.0334656692180783,TRUE,TRUE,"Enriched"
"K17497",77.9927956728369,3.28765063694766,0.354209044845525,9.28166766148349,0.0000000000000000000166846366870136,0.00000000000000000063999747895658,TRUE,TRUE,"Enriched"
"K14164",433.13138588539,-0.606637633226357,0.139445853320694,-4.35034544792972,0.0000135923229251393,0.0000833999773847329,TRUE,TRUE,"Suppressed"
"K03811",628.066602180669,0.546823122745214,0.113989280986792,4.79714511760604,0.00000160943004203363,0.000012347061416809,TRUE,TRUE,"Enriched"
"K08717",65.5854072973801,1.73651457048193,0.343215254377176,5.0595495052606,0.000000420248163059419,0.00000359480160799354,TRUE,TRUE,"Enriched"
"K19511",46.5949310032183,-0.910191132967953,0.38528773620422,-2.36236725813019,0.0181586431729804,0.0462999852474947,TRUE,TRUE,"Suppressed"
"K10680",386.143327763553,0.61130482635015,0.138396140583129,4.41706556103683,0.0000100049891002215,0.0000634307988796784,TRUE,TRUE,"Enriched"
"K07041",30.0483655755927,-1.41053652432808,0.493937657559924,-2.85569748072298,0.00429424082107023,0.0135984292667224,TRUE,TRUE,"Suppressed"
"K00768",918.387147662342,0.788531342553524,0.0870425505956564,9.05914793577836,0.000000000000000000131473525103859,0.00000000000000000471680605652023,TRUE,TRUE,"Enriched"
"K16397",19.9404625883936,-2.2269504061603,0.62262101101687,-3.57673507118435,0.000347912456594659,0.0015189105746391,TRUE,TRUE,"Suppressed"
"K06410",8.3612035663476,2.82065872700357,0.981132065846999,2.87490219226351,0.00404152672720644,0.0128986245469555,TRUE,TRUE,"Enriched"
"K14166",822.981846296965,1.44775871866504,0.108272389581018,13.3714488455223,0.0000000000000000000000000000000000000000887942449412642,0.0000000000000000000000000000000000000112824187478494,TRUE,TRUE,"Enriched"
"K12255",78.460311231742,2.25665850768814,0.296691981942794,7.60606502714071,0.0000000000000282567156543631,0.000000000000670574742318913,TRUE,TRUE,"Enriched"
"K18687",407.429537873534,-1.00092907919723,0.135749768678781,-7.3733391146005,0.000000000000166406479029185,0.00000000000365076660287409,TRUE,TRUE,"Suppressed"
"K02841",403.668184779368,-0.602989237202536,0.132292604627657,-4.55799656299513,0.00000516438824005904,0.0000352716728735947,TRUE,TRUE,"Suppressed"
"K07131",631.114830616558,0.853536339624228,0.120145924190023,7.1041639188215,0.00000000000121053112811871,0.0000000000242066536078557,TRUE,TRUE,"Enriched"
"K18058",27.8924067918425,4.24875512348602,0.681796993605245,6.23170117107617,0.000000000461396987155848,0.00000000641015996506496,TRUE,TRUE,"Enriched"
"K02240",16.8231998088366,7.45856228419475,1.30160876045943,5.73026435498337,0.0000000100274238719508,0.000000113044839547187,TRUE,TRUE,"Enriched"
"K21479",10.7090744127481,6.80328980668386,1.3743665944954,4.95012745066151,0.00000074164897410555,0.00000607156656787886,TRUE,TRUE,"Enriched"
"K03658",53.0131578289419,-1.52000431133741,0.371379742133675,-4.09285736105202,0.0000426089848613849,0.000233698020386319,TRUE,TRUE,"Suppressed"
"K02856",53.2097728028949,-0.849097640369418,0.368724568484132,-2.30279648535532,0.0212902963774474,0.0528058225319446,TRUE,FALSE,"Suppressed"
"K17734",1660.0434828125,-0.693435794941537,0.0833367512441386,-8.32088825865178,0.000000000000000087306528650413,0.00000000000000254776324516205,TRUE,TRUE,"Suppressed"
"K02188",148.067011425796,1.48656415336198,0.248264099627407,5.98783374476215,0.00000000212654268262082,0.0000000262015834773826,TRUE,TRUE,"Enriched"
"K16925",220.962069546725,0.650804589090936,0.183731513403378,3.54215004838124,0.000396879646127548,0.00170222852442469,TRUE,TRUE,"Enriched"
"K01212",27.0883922810357,6.26449812000433,1.10819807671043,5.65286860865148,0.0000000157791927452738,0.000000173713531684882,TRUE,TRUE,"Enriched"
"K18005",111.877686188569,-0.886445316341864,0.256496901036367,-3.45596891330932,0.000548318554221698,0.00226043873565499,TRUE,TRUE,"Suppressed"
"K01494",2604.81730469352,1.19595806096925,0.0709841495084782,16.8482410404369,0.00000000000000000000000000000000000000000000000000000000000000108081765420719,0.000000000000000000000000000000000000000000000000000000000000411994179563103,TRUE,TRUE,"Enriched"
"K05275",1016.86981984378,1.05840845544719,0.0796087152746268,13.2951329737704,0.000000000000000000000000000000000000000247033666343719,0.0000000000000000000000000000000000000289741986736604,TRUE,TRUE,"Enriched"
"K06952",131.645539991372,0.585973502182478,0.219888364873002,2.66486815944496,0.00770185109473553,0.0224969299936743,TRUE,TRUE,"Enriched"
"K19510",43.9569277205933,4.08205926350491,0.537432687494035,7.59548006381769,0.0000000000000306653443416156,0.000000000000719338212075052,TRUE,TRUE,"Enriched"
"K19416",185.522297018286,-0.668445858724596,0.184245811557694,-3.62801115028485,0.000285612928826335,0.00127990687208803,TRUE,TRUE,"Suppressed"
"K20262",10.4460243446447,2.33080039056274,0.816482618298305,2.85468464156719,0.00430795820141109,0.013634788308462,TRUE,TRUE,"Enriched"
"K06975",548.865163979378,0.659085673708065,0.122513161127407,5.3797132295252,0.0000000746045830673808,0.000000729188064307621,TRUE,TRUE,"Enriched"
"K17213",38.9774856065762,1.08826077784076,0.424719645788423,2.56230383650038,0.0103980308232719,0.0289842733049066,TRUE,TRUE,"Enriched"
"K18844",352.022109940278,1.92582568046858,0.150571470724694,12.7901100467416,0.000000000000000000000000000000000000186210045278197,0.0000000000000000000000000000000000183759963202503,TRUE,TRUE,"Enriched"
"K07155",14.0387762621793,-1.73498424793512,0.666431812097116,-2.60339350019247,0.00923059410263971,0.0261119635584414,TRUE,TRUE,"Suppressed"
"K12645",37.413548972848,4.37410596995931,0.594590613825413,7.35650020073081,0.000000000000188794598407981,0.00000000000412709052218738,TRUE,TRUE,"Enriched"
"K05712",1181.16862764667,0.520813719936893,0.0890952883179501,5.84558094787561,0.00000000504803381908538,0.0000000587556455393163,TRUE,TRUE,"Enriched"
"K13058",41.6015021487026,-1.66899072326864,0.410752700749162,-4.063249542181,0.0000483942445833833,0.00026234279814922,TRUE,TRUE,"Suppressed"
"K16118",166.130482497419,3.20828818254729,0.241116034861469,13.3059926287797,0.000000000000000000000000000000000000000213636848553632,0.0000000000000000000000000000000000000260594227865721,TRUE,TRUE,"Enriched"
"K21166",273.04995010747,-0.546665554871909,0.153793100648055,-3.55455187890982,0.000378623806484121,0.00163542960038715,TRUE,TRUE,"Suppressed"
"K10008",596.098020397385,0.612289161156915,0.126080550733791,4.85633317425553,0.0000011957943585387,0.00000937422852535673,TRUE,TRUE,"Enriched"
"K13275",8.76026059862752,4.58954094846851,1.27698759231943,3.59403722954927,0.000325593282713387,0.00142862836781939,TRUE,TRUE,"Enriched"
"K09702",257.235693592513,1.1070980652687,0.171306166498925,6.46268659146983,0.000000000102860189929962,0.00000000160036810811949,TRUE,TRUE,"Enriched"
"K20260",9.61075702426294,3.65646397348052,1.05966040503741,3.45059979225271,0.00055934233531649,0.00229571258620139,TRUE,TRUE,"Enriched"
"K23777",43.0670554992398,1.13552914075448,0.387500262225693,2.93039579955978,0.00338530508417531,0.0110411634804199,TRUE,TRUE,"Enriched"
"K19123",136.934358321542,1.98988423035265,0.240814167251166,8.26315267522125,0.000000000000000141874589698704,0.00000000000000406240902616149,TRUE,TRUE,"Enriched"
"K03336",1254.89780337719,0.501198405136255,0.0785318735138337,6.38210172138535,0.000000000174673867061418,0.00000000261111743923428,TRUE,TRUE,"Enriched"
"K13584",419.015134323855,0.57895251915394,0.14373323205835,4.02796563371585,0.0000562615648931598,0.000301263638527991,TRUE,TRUE,"Enriched"
"K12424",4.59700280481092,5.58154119215093,1.61770123557047,3.45029172842453,0.000559981066059286,0.00229678851506092,TRUE,TRUE,"Enriched"
"K10924",28.0320642116805,-1.22792765759964,0.486442936958439,-2.52429948983831,0.011592911769133,0.0317205782323654,TRUE,TRUE,"Suppressed"
"K16559",18.4650918049433,-1.46964800513309,0.618473375066319,-2.37625104714573,0.0174895589460426,0.0448942845167988,TRUE,TRUE,"Suppressed"
"K03921",683.958412946715,0.610365950419383,0.115129359055088,5.3015664764305,0.000000114813225517793,0.00000109584642008297,TRUE,TRUE,"Enriched"
"K03778",234.843345323501,0.938017888862525,0.164503832042994,5.70210357541925,0.0000000118337883003699,0.000000131704881102109,TRUE,TRUE,"Enriched"
"K00468",72.2139583898318,2.87195681007654,0.33774207336134,8.50340255655362,0.000000000000000018411308420389,0.00000000000000054775887832172,TRUE,TRUE,"Enriched"
"K00016",292.544854220006,-0.554459529089285,0.142860443469529,-3.88112703295328,0.000103973510605575,0.000523645285865732,TRUE,TRUE,"Suppressed"
"K22515",825.26902505613,-0.570307084518383,0.0951316219927286,-5.99492652991846,0.00000000203577459655355,0.000000025236157041423,TRUE,TRUE,"Suppressed"
"K14591",18.3798862258994,-1.27061855353553,0.613144758026613,-2.07229783326367,0.0382376743719546,0.0861750174071504,TRUE,FALSE,"Suppressed"
"K13652",217.841800294463,-0.760828471677572,0.191234296103218,-3.97851477052482,0.0000693471039287859,0.000363357377028922,TRUE,TRUE,"Suppressed"
"K20484",319.406832398272,2.25695669961079,0.150615642371459,14.9848758341084,0.00000000000000000000000000000000000000000000000000921977099512205,0.00000000000000000000000000000000000000000000000170398131209847,TRUE,TRUE,"Enriched"
"K16035",13.0490215994358,2.17276782315163,0.772070797364665,2.81420801119277,0.00488975765710347,0.0151460802187273,TRUE,TRUE,"Enriched"
"K01067",19.8602113790299,-1.1770889853304,0.585324773665773,-2.01100147864668,0.0443253005343292,0.097630916561529,TRUE,FALSE,"Suppressed"
"K01574",173.094070479256,-0.64200531199664,0.197528333163564,-3.2501935378811,0.0011532649364174,0.00432580740910808,TRUE,TRUE,"Suppressed"
"K16033",41.2979088718963,1.04791376805087,0.419609751557334,2.49735322918892,0.0125124249908239,0.0338568234334671,TRUE,TRUE,"Enriched"
"K08224",184.283124806293,1.25015247740209,0.201706718320143,6.19787227621186,0.000000000572315526277027,0.00000000775678309947464,TRUE,TRUE,"Enriched"
"K13327",89.4405828985929,2.86297688719815,0.328610661586815,8.71236761879006,0.00000000000000000297592750095346,0.0000000000000000950271299911787,TRUE,TRUE,"Enriched"
"K14287",704.047070535891,-0.538363644147121,0.135618725008961,-3.96968518994371,0.0000719676537952713,0.00037579684974089,TRUE,TRUE,"Suppressed"
"K16511",10.3607454666497,6.75601712216896,1.39112733877428,4.85650517667323,0.00000119475659403561,0.00000937422852535673,TRUE,TRUE,"Enriched"
"K17329",594.751390551156,0.879958867797659,0.118163789921149,7.44694181174164,0.0000000000000955287271041726,0.00000000000214202098017775,TRUE,TRUE,"Enriched"
"K11325",45.3164221610424,-1.06223524595946,0.366941897059397,-2.89483227309831,0.00379361175706109,0.0121903256619155,TRUE,TRUE,"Suppressed"
"K06415",528.308428275256,-0.695258100132126,0.107819264357289,-6.44836620131443,0.000000000113062313409017,0.00000000174573936577619,TRUE,TRUE,"Suppressed"
"K07184",32.17167870884,-1.51314444424171,0.456648349699059,-3.31358789589168,0.000921071520386647,0.00355320379686158,TRUE,TRUE,"Suppressed"
"K16047",533.706476018871,-0.580245822836778,0.119613961923127,-4.85098740571513,0.00000122848347789143,0.00000960088234477127,TRUE,TRUE,"Suppressed"
"K23054",76.0450454398023,-0.718656831193438,0.291447111540905,-2.46582245194965,0.0136699074176898,0.0363755520682766,TRUE,TRUE,"Suppressed"
"K03166",127.626355837987,-0.566555155735315,0.214840751683566,-2.6370935276273,0.00836197729005506,0.0240905524289305,TRUE,TRUE,"Suppressed"
"K03748",26.9811530333946,-1.50376253609552,0.481402218770114,-3.12371334709951,0.00178584344640843,0.00628497356009522,TRUE,TRUE,"Suppressed"
"K02205",43.2730305526121,6.94829617724926,1.07904193703997,6.43931986212683,0.000000000120010052631226,0.00000000184833664393396,TRUE,TRUE,"Enriched"
"K21645",38.102809254266,1.20999921871837,0.411723987552911,2.93886014732837,0.0032942168228882,0.0107728838620885,TRUE,TRUE,"Enriched"
"K09516",270.703693549718,-0.776214684163896,0.155589513442057,-4.98886246888975,0.000000607358654655288,0.00000504670358956758,TRUE,TRUE,"Suppressed"
"K00232",670.156229775887,-0.510784013044488,0.1184005690694,-4.31403342956143,0.000016030269074106,0.0000968965422031441,TRUE,TRUE,"Suppressed"
"K09689",80.77091477054,1.25994920183198,0.296670573240561,4.24696385647364,0.0000216686899093739,0.000127074365151223,TRUE,TRUE,"Enriched"
"K06937",494.201537568707,-0.782122377181887,0.126403458863832,-6.18750771705091,0.000000000611228556829831,0.00000000819314938045086,TRUE,TRUE,"Suppressed"
"K06859",21.972202050363,1.95344808757083,0.548458845979901,3.56170404012851,0.000368455597670896,0.00159830063313997,TRUE,TRUE,"Enriched"
"K09957",328.513314209555,0.971145350795118,0.142758406391601,6.80271919070859,0.0000000000102662642102611,0.000000000178896986909665,TRUE,TRUE,"Enriched"
"K02002",343.167258364191,0.682943333280231,0.133451940668097,5.11752268165776,0.000000309574843770697,0.00000273241240543775,TRUE,TRUE,"Enriched"
"K05970",767.664933707052,-0.588176772258188,0.0960980267745795,-6.12059156675396,0.00000000093228590090859,0.0000000121236923446514,TRUE,TRUE,"Suppressed"
"K01134",38.3223167311245,-1.47162504082454,0.43890694160576,-3.35293179788986,0.000799604074670297,0.00314225853828231,TRUE,TRUE,"Suppressed"
"K23775",237.819477304344,1.42778713169711,0.183249993413661,7.7914716671999,0.00000000000000662331666300517,0.000000000000169019281705726,TRUE,TRUE,"Enriched"
"K15737",12.8118716264461,3.00309528754743,0.874281961598577,3.43492765429637,0.000592712040045228,0.002419645737775,TRUE,TRUE,"Enriched"
"K16050",177.692939937971,-0.828283032945615,0.191348143802566,-4.3286703308721,0.0000150012289183661,0.0000911279832401543,TRUE,TRUE,"Suppressed"
"K02651",189.217975800851,0.540403361517783,0.245188591023597,2.20403143254644,0.0275221336064638,0.0656462623644203,TRUE,FALSE,"Enriched"
"K20628",141.291818550693,1.39623007641464,0.227190530755109,6.14563499532314,0.000000000796442425647138,0.0000000105597877261346,TRUE,TRUE,"Enriched"
"K15836",455.999625315817,-0.847517108776374,0.131910843738278,-6.42492371937155,0.000000000131935660695514,0.00000000202179797633653,TRUE,TRUE,"Suppressed"
"K10189",58.0479741834023,1.02553149101576,0.338982683742615,3.02532117479615,0.00248369228424815,0.00841578097315277,TRUE,TRUE,"Enriched"
"K16427",181.479256928573,2.3367716915501,0.203155217206238,11.5023956740322,0.00000000000000000000000000000128304025276384,0.0000000000000000000000000000899455459954786,TRUE,TRUE,"Enriched"
"K21684",16.1119081248032,1.43713246760767,0.712846902359048,2.01604645100051,0.0437951187374137,0.0966376371850529,TRUE,FALSE,"Enriched"
"K00433",858.942063512871,0.718180701760185,0.117246688487408,6.12538154403666,0.00000000090466554982294,0.0000000117896478383977,TRUE,TRUE,"Enriched"
"K21113",12.6403469905423,7.04268478894425,1.34613308790569,5.23178937671107,0.000000167876971712287,0.00000155773929276639,TRUE,TRUE,"Enriched"
"K07039",185.1506216254,-0.588441076306408,0.197409134781895,-2.98081989446203,0.00287477811577201,0.00957579013003468,TRUE,TRUE,"Suppressed"
"K01182",315.796705069915,-0.779789587132646,0.13761617202972,-5.66640951881904,0.0000000145820776347747,0.00000016082475857955,TRUE,TRUE,"Suppressed"
"K10794",56.796233716368,-0.689689369971566,0.343553996776506,-2.00751374294223,0.0446949887990702,0.0983741381037636,TRUE,FALSE,"Suppressed"
"K11733",66.0079898010146,5.97247306154496,0.654704153724934,9.12239983138128,0.0000000000000000000734788787008959,0.00000000000000000268351904908242,TRUE,TRUE,"Enriched"
"K16694",8.7490193218055,3.51945111694531,1.08425530275416,3.245961636531,0.00117054612302042,0.00437180698365067,TRUE,TRUE,"Enriched"
"K15894",70.2494665498276,1.02811597910726,0.309179393655764,3.32530563227621,0.000883216581489896,0.00342885928103557,TRUE,TRUE,"Enriched"
"K00018",217.352694910834,-0.931346630493216,0.172138778574736,-5.41044056548166,0.0000000628698866671944,0.000000620458638807797,TRUE,TRUE,"Suppressed"
"K08070",63.9281015350165,-0.723348356186228,0.326066236488195,-2.21840925321446,0.0265269407808623,0.0636458740450351,TRUE,FALSE,"Suppressed"
"K19580",14.4013871603009,-2.20232929688672,0.78393387225222,-2.80933044844649,0.00496446611638363,0.0153463146699563,TRUE,TRUE,"Suppressed"
"K07389",10.7568301250322,-1.91894332258375,0.81392286458514,-2.35764764215322,0.0183911403354668,0.0468145095601051,TRUE,TRUE,"Suppressed"
"K00544",33.2086243153264,-1.05555482480448,0.425516523905529,-2.48064356024593,0.0131145441653427,0.0352204336699362,TRUE,TRUE,"Suppressed"
"K00786",57.1525879999748,-0.734026135177572,0.309954027323408,-2.36817744075216,0.0178759602804965,0.0457705632874678,TRUE,TRUE,"Suppressed"
"K10233",598.665413859979,0.831220569569352,0.104111223145631,7.98396699659017,0.00000000000000141703924054064,0.0000000000000379057996844621,TRUE,TRUE,"Enriched"
"K18828",123.488817735188,-0.798739471326802,0.24793581667967,-3.22155742572185,0.0012749590959547,0.00471271244013801,TRUE,TRUE,"Suppressed"
"K10679",30.127198745876,5.39569604645279,0.851965538600267,6.33323274473944,0.000000000240076986797858,0.0000000034945812469693,TRUE,TRUE,"Enriched"
"K03297",142.750761724323,0.745657512381432,0.200844976905771,3.71260224611575,0.000205139144755458,0.000953615582213061,TRUE,TRUE,"Enriched"
"K14954",139.166157802461,-1.01907595066435,0.210360340475439,-4.84443003068506,0.00000126975653776787,0.00000989047908537196,TRUE,TRUE,"Suppressed"
"K21186",45.8255971641532,-0.788516400251787,0.37893702315897,-2.08086397491172,0.0374463584033353,0.0848385363677348,TRUE,FALSE,"Suppressed"
"K23228",174.131926546323,1.11350301519549,0.212947007158085,5.22901462695298,0.000000170415883797027,0.00000157718736764502,TRUE,TRUE,"Enriched"
"K05589",189.669677404606,-0.796643061466336,0.191673380459079,-4.15625299432967,0.0000323509575524142,0.000182862363403312,TRUE,TRUE,"Suppressed"
"K16013",635.036015178215,0.857391079133952,0.116019312540198,7.39007205233083,0.000000000000146749270098735,0.00000000000324283984902966,TRUE,TRUE,"Enriched"
"K18911",701.982193147098,0.865755175937817,0.104708001651978,8.26828095540745,0.000000000000000135904321003844,0.00000000000000390981346133229,TRUE,TRUE,"Enriched"
"K08481",100.992419836064,-0.525395560826416,0.241315931540979,-2.17721042067708,0.0294648711585834,0.0696265979063154,TRUE,FALSE,"Suppressed"
"K00257",18.8185079775623,1.33408675588356,0.664693733254713,2.00706985659564,0.0447422253057876,0.0984425801370847,TRUE,FALSE,"Enriched"
"K09932",217.92870065932,1.06440449157286,0.192707872812759,5.52340948004271,0.000000033248362316342,0.000000343545866626225,TRUE,TRUE,"Enriched"
"K02839",66.4924709496934,3.25938818152326,0.382782427618201,8.51498905475952,0.0000000000000000166606039330587,0.000000000000000498103055822183,TRUE,TRUE,"Enriched"
"K03802",1733.58518259083,-0.500102339209111,0.0658863600336715,-7.59037741580399,0.0000000000000318975027349616,0.000000000000745374977703182,TRUE,TRUE,"Suppressed"
"K14252",93.8574400133424,4.14594097769068,1.08483696466023,3.82171802100159,0.000132525175828144,0.000650781841687482,TRUE,TRUE,"Enriched"
"K06306",41.4876448419643,3.17646499855368,0.457307836716656,6.94601041906438,0.00000000000375761029688693,0.0000000000692376592166568,TRUE,TRUE,"Enriched"
"K00852",1499.84108664876,0.776527296322412,0.073812883641915,10.5202135184088,0.0000000000000000000000000697154174406841,0.00000000000000000000000376278169000648,TRUE,TRUE,"Enriched"
"K07518",383.589835339975,-0.528412653739604,0.169803994635425,-3.11189766103043,0.00185888927628637,0.00650824666823797,TRUE,TRUE,"Suppressed"
"K09892",55.7846348980002,-0.670507511175741,0.318501066420876,-2.10519706797375,0.0352741573885107,0.0810004088526081,TRUE,FALSE,"Suppressed"
"K20938",21.9132854419999,1.56983996795746,0.634177848716407,2.47539388380539,0.0133089305555203,0.0356170107319518,TRUE,TRUE,"Enriched"
"K09146",16.0172264926391,-3.16332021627293,0.818990033990443,-3.86246484692858,0.00011224872128978,0.000560692015680889,TRUE,TRUE,"Suppressed"
"K00752",207.733808315555,0.523942852221595,0.202033188348279,2.59335041190553,0.00950458759403242,0.0267012803942901,TRUE,TRUE,"Enriched"
"K09913",36.4380393026695,-0.970051291532065,0.472472927326074,-2.05313624427541,0.0400593656630479,0.0899565799627869,TRUE,FALSE,"Suppressed"
"K00690",154.540290581878,-0.522499512103576,0.251155424009854,-2.08038314985018,0.0374904035417788,0.0849067847015628,TRUE,FALSE,"Suppressed"
"K18692",8.74978055156128,6.51780465584891,1.42494018986572,4.57408998791952,0.00000478294250670648,0.0000329617698852009,TRUE,TRUE,"Enriched"
"K15760",43.5606749657476,-2.2088647322454,0.398591338349367,-5.54167770276363,0.0000000299587336874081,0.000000314489357589505,TRUE,TRUE,"Suppressed"
"K06236",227.978190842842,3.3416353667684,0.209227666417371,15.9712882334712,0.00000000000000000000000000000000000000000000000000000000202558752991106,0.000000000000000000000000000000000000000000000000000000561548106587617,TRUE,TRUE,"Enriched"
"K09946",88.6470365585449,0.770427691397986,0.273460584519243,2.81732628032093,0.00484253033868863,0.0150379799061415,TRUE,TRUE,"Enriched"
"K16149",613.061682781486,-0.529183183828749,0.11078204483739,-4.77679559540091,0.00000178110658355569,0.0000135957059488187,TRUE,TRUE,"Suppressed"
"K16446",7.34305791401357,-6.37510863461446,1.45226747322243,-4.38976204601537,0.0000113474762199808,0.0000708375204356839,TRUE,TRUE,"Suppressed"
"K01459",98.2978648140391,-0.571925294790443,0.247515229301604,-2.3106670906845,0.0208512503367786,0.0519917317269063,TRUE,FALSE,"Suppressed"
"K16212",58.2701927208567,-1.28685064785834,0.377999455967662,-3.4043716929805,0.000663164471600282,0.00266620969827958,TRUE,TRUE,"Suppressed"
"K14628",40.7084871434757,4.47561199436465,0.585850032215165,7.63951821841138,0.0000000000000218036055054249,0.000000000000525613399120894,TRUE,TRUE,"Enriched"
"K01181",2647.88740235095,0.768286272864209,0.069035639378439,11.1288354794923,0.000000000000000000000000000090814136501584,0.00000000000000000000000000595564966153936,TRUE,TRUE,"Enriched"
"K14055",214.322176220779,-0.570601290849792,0.177646809667374,-3.21199852627911,0.00131815051490782,0.00485471013914419,TRUE,TRUE,"Suppressed"
"K01617",290.748075134763,1.65658134256883,0.17191579387491,9.63600437883099,0.000000000000000000000563383196747331,0.0000000000000000000235347542257669,TRUE,TRUE,"Enriched"
"K14952",293.641433652016,2.31315017380453,0.155545479577387,14.8712143875174,0.0000000000000000000000000000000000000000000000000506855338257318,0.00000000000000000000000000000000000000000000000835489380549022,TRUE,TRUE,"Enriched"
"K03697",34.25884631008,6.60566960797399,1.09782312874214,6.01706179714269,0.0000000017761129133379,0.0000000222433524814124,TRUE,TRUE,"Enriched"
"K15924",99.8349164384293,-0.967789905937043,0.271812107802169,-3.56051065481389,0.000370134291351604,0.00160330187709761,TRUE,TRUE,"Suppressed"
"K13832",206.324758348048,-0.901786264157671,0.182228106821206,-4.94866724946259,0.000000747233661519411,0.00000610908592708698,TRUE,TRUE,"Suppressed"
"K21211",9.8181696717017,-2.04045362951007,0.80209464706503,-2.54390630454444,0.0109620484592613,0.0303621859913871,TRUE,TRUE,"Suppressed"
"K03458",25.0547821092395,1.20203170291493,0.543451686948948,2.21184648383996,0.0269772740357149,0.0645232918995392,TRUE,FALSE,"Enriched"
"K21575",178.159729634897,-0.909438109626898,0.181227237340731,-5.01821979395423,0.000000521524902786114,0.00000436321040067559,TRUE,TRUE,"Suppressed"
"K12529",19.1231041842271,-2.12201141680442,0.607397433448666,-3.49361274833862,0.000476531712631483,0.00200163010698307,TRUE,TRUE,"Suppressed"
"K12443",271.415681578597,0.870800153669651,0.176926936891601,4.92180653194244,0.000000857489619791673,0.00000694532429098196,TRUE,TRUE,"Enriched"
"K08776",524.976044469224,-0.597658239961308,0.111942023043649,-5.33899802514975,0.0000000934616622572716,0.000000903363990661014,TRUE,TRUE,"Suppressed"
"K22390",32.7443951151603,1.28321573621384,0.482684603414993,2.65849734409403,0.00784899692542679,0.022839232942833,TRUE,TRUE,"Enriched"
"K01727",261.471268583757,0.58266270500589,0.168576200972685,3.45637582080937,0.000547491404125442,0.00225952506562656,TRUE,TRUE,"Enriched"
"K07559",177.993119236171,2.15843914058927,0.238778784124053,9.03949297048053,0.000000000000000000157400182263427,0.00000000000000000561393983406221,TRUE,TRUE,"Enriched"
"K06926",7.46523344358572,3.30066712823388,1.0910748308727,3.02515192802479,0.00248508261044906,0.00841578097315277,TRUE,TRUE,"Enriched"
"K19224",52.5235498025509,2.15077150268923,0.357342935083438,6.0187883725392,0.00000000175727432001253,0.0000000220527079789226,TRUE,TRUE,"Enriched"
"K11894",49.2126446981769,-0.709105959442645,0.350276959042483,-2.02441508394116,0.0429274610360294,0.0952194412462381,TRUE,FALSE,"Suppressed"
"K00132",251.0981953792,-0.889831781360823,0.157942604591023,-5.63389329728326,0.0000000176186055501329,0.000000191202625000463,TRUE,TRUE,"Suppressed"
"K21255",21.9223507196584,-1.81018626334723,0.544030899283877,-3.32735928369148,0.000876732557709948,0.00340802541075397,TRUE,TRUE,"Suppressed"
"K08321",73.8663049625377,0.883679145229125,0.286563972440016,3.08370636303242,0.0020443926852757,0.00708451760653211,TRUE,TRUE,"Enriched"
"K05851",5.80960583358429,4.011714089207,1.39408780336604,2.87766242522219,0.00400633604431911,0.0127997085040871,TRUE,TRUE,"Enriched"
"K21672",583.407964081697,-0.524296180340467,0.103541464533139,-5.06363496696207,0.000000411336925829328,0.00000353344212765222,TRUE,TRUE,"Suppressed"
"K22693",23.8258206448338,-3.8007402840936,0.646465722334693,-5.87926034247776,0.00000000412103781366203,0.0000000487097085765983,TRUE,TRUE,"Suppressed"
"K16016",33.5058381709451,3.89745528409827,0.594059007704478,6.56072079297063,0.0000000000535483025869167,0.000000000866289383229721,TRUE,TRUE,"Enriched"
"K05878",428.541778977024,0.517121801060761,0.129314007737095,3.99896198493907,0.0000636208967902515,0.000336242503920056,TRUE,TRUE,"Enriched"
"K23149",47.819958657078,1.45340273313566,0.352349305299256,4.12489172328937,0.0000370909208976402,0.000206780188806863,TRUE,TRUE,"Enriched"
"K16870",106.525936901143,-0.560720782208149,0.237309991018335,-2.36281995461719,0.018136478353887,0.0462709094478666,TRUE,TRUE,"Suppressed"
"K23465",7.17107807189912,2.07194045987971,1.0173853603979,2.03653457237617,0.0416967051567772,0.093187323104135,TRUE,FALSE,"Enriched"
"K10004",180.617909578547,-0.647825204178021,0.195820571347139,-3.30825918707793,0.000938778826410406,0.00361009587785439,TRUE,TRUE,"Suppressed"
"K23170",686.430626984372,0.763674224197402,0.12095466108781,6.31372298784744,0.000000000272401350357982,0.0000000039369095635861,TRUE,TRUE,"Enriched"
"K00290",408.344698939496,0.845049453642173,0.128778566449401,6.56203494837168,0.0000000000530783709705169,0.000000000860970703588252,TRUE,TRUE,"Enriched"
"K00986",358.950365415637,-0.528759402465334,0.128635701827042,-4.11051826946364,0.0000394772042458896,0.000217892731851295,TRUE,TRUE,"Suppressed"
"K01446",127.966326261781,1.48652303764019,0.270396440346168,5.49756881317337,0.0000000385063071498917,0.000000392070062282453,TRUE,TRUE,"Enriched"
"K04076",4.84880657677315,5.66075510863526,1.56979159254017,3.60605518308024,0.000310887052660383,0.00137398560447513,TRUE,TRUE,"Enriched"
"K16784",79.4951731454317,-1.0782730037609,0.323638454763846,-3.33172089993973,0.000863107698637334,0.00336149032821782,TRUE,TRUE,"Suppressed"
"K11908",4.84757473064993,-5.77777944893387,1.56717489081052,-3.68674835387753,0.000227137765287303,0.00103924473404896,TRUE,TRUE,"Suppressed"
"K15067",211.74089267237,0.533668243474169,0.193278600604661,2.76113466159533,0.0057600920946643,0.0174432977583702,TRUE,TRUE,"Enriched"
"K01387",56.5878243618902,2.1889219741597,0.424142268830337,5.16082016582813,0.00000024587028081991,0.00000221174460578264,TRUE,TRUE,"Enriched"
"K01337",226.772132928131,-0.895762779562347,0.193930058829759,-4.61899916375877,0.00000385595411252747,0.0000272824409887529,TRUE,TRUE,"Suppressed"
"K03740",9.65591034267931,4.72906218373828,1.29156007138434,3.66151160020727,0.000250731506058232,0.00113627397280332,TRUE,TRUE,"Enriched"
"K09733",109.476523822247,1.96590214801368,0.267265987170673,7.35560169412158,0.000000000000190068988318261,0.00000000000414010985626099,TRUE,TRUE,"Enriched"
"K03632",195.242542718553,-1.63918669882577,0.207381695115945,-7.90420146729593,0.00000000000000269656597767859,0.0000000000000699844931823904,TRUE,TRUE,"Suppressed"
"K19124",85.3102811990915,1.17116718534587,0.267877367131929,4.37202738658048,0.0000123098079504427,0.0000762982913513719,TRUE,TRUE,"Enriched"
"K08989",20.4576621964104,1.6998647231974,0.56728459714621,2.99649370307031,0.00273103878367733,0.00915700266382418,TRUE,TRUE,"Enriched"
"K05364",1443.3290625383,0.629707805887908,0.0694116937709912,9.072070881392,0.000000000000000000116776094907173,0.00000000000000000421430415880975,TRUE,TRUE,"Enriched"
"K01226",5.37131399921044,5.81211082933461,1.54728656359314,3.75632475980249,0.000172426910689663,0.000815218394028103,TRUE,TRUE,"Enriched"
"K10005",772.712200997377,0.871190363474708,0.114306433171711,7.62153397058592,0.0000000000000250678646584844,0.000000000000599564339419986,TRUE,TRUE,"Enriched"
"K22927",14.4270916238291,5.33347003378142,1.1770459749139,4.53123339907904,0.00000586403072035825,0.000039599161306426,TRUE,TRUE,"Enriched"
"K02462",305.208668596043,-0.574648674549713,0.163719375944182,-3.50996130565286,0.000448171908059543,0.00189819476892719,TRUE,TRUE,"Suppressed"
"K10547",438.702619786829,1.17649234154818,0.134021556450381,8.77838142391489,0.00000000000000000165844008082541,0.0000000000000000538022662391179,TRUE,TRUE,"Enriched"
"K18610",6.92842637131478,-3.26500327132552,1.10909793110606,-2.94383677018444,0.00324170922062997,0.0106068586569861,TRUE,TRUE,"Suppressed"
"K18476",42.0194465620654,1.17339816578507,0.376883633213402,3.11342298358884,0.0018493076864779,0.00648214228725787,TRUE,TRUE,"Enriched"
"K14987",319.004297023578,0.752908805689358,0.153880014293558,4.89283035971798,0.000000993960766930472,0.0000079244009379202,TRUE,TRUE,"Enriched"
"K11940",146.404198183916,0.51813244364735,0.205062906535763,2.5266999888007,0.0115139812968146,0.0315896409938247,TRUE,TRUE,"Enriched"
"K06192",296.460668466817,-0.567871921083538,0.153513346781391,-3.69916970080921,0.000216305940929661,0.000996412336654079,TRUE,TRUE,"Suppressed"
"K09956",84.6555261350567,2.43628368271325,0.313513731225144,7.77089945372657,0.00000000000000779307421997618,0.000000000000195596541842118,TRUE,TRUE,"Enriched"
"K07644",121.635766162536,-0.839255556650775,0.220787818406993,-3.80118596535846,0.000144005168173703,0.000701507604386111,TRUE,TRUE,"Suppressed"
"K06194",367.537732614332,-0.50614580270944,0.15010091491053,-3.37203675947702,0.000746144889540888,0.00296464995525073,TRUE,TRUE,"Suppressed"
"K07048",724.956001487305,0.528023104267261,0.0939700991971607,5.61905445219766,0.0000000192005341474324,0.000000206897628560407,TRUE,TRUE,"Enriched"
"K16243",34.6599556667135,-0.983336794086517,0.487069845092324,-2.01888251550479,0.0434994319220797,0.0961591284134702,TRUE,FALSE,"Suppressed"
"K18968",89.5901853062474,-0.779454817868896,0.290936851411439,-2.67912027674556,0.00738158736414807,0.0216756385815788,TRUE,TRUE,"Suppressed"
"K00203",12.0906192482876,2.01712308349311,0.758393542434478,2.65973135401187,0.00782030003660522,0.0227774641467312,TRUE,TRUE,"Enriched"
"K02484",1829.28213701296,0.502346348560242,0.0737765916788959,6.80902081715358,0.00000000000982652613806824,0.000000000171724879415697,TRUE,TRUE,"Enriched"
"K13963",139.980601340905,-0.516360751440719,0.221993551276868,-2.32601689765628,0.0200176492528048,0.0503093906269803,TRUE,FALSE,"Suppressed"
"K18586",44.9936416872873,1.18540918308948,0.373749333115012,3.17166902535905,0.0015156563751814,0.00547290483794434,TRUE,TRUE,"Enriched"
"K19295",118.837838696866,-1.01740239331247,0.245681670726318,-4.14114081162295,0.0000345582715928978,0.000194438098196572,TRUE,TRUE,"Suppressed"
"K08368",11.9219397678778,6.95942171667808,1.37588537686414,5.05814062254203,0.00000042336419862263,0.00000361638409999919,TRUE,TRUE,"Enriched"
"K01227",9.01418424253207,6.5614465122365,1.42552880072147,4.60281581748171,0.00000416816817426923,0.0000290533230798492,TRUE,TRUE,"Enriched"
"K01060",519.458927747707,1.51422643622506,0.11388575504604,13.2960126190752,0.000000000000000000000000000000000000000244145365363449,0.0000000000000000000000000000000000000289741986736604,TRUE,TRUE,"Enriched"
"K21169",10.0201515251239,3.13818793245384,0.949158817360922,3.30628328479251,0.00094542452074434,0.00363107314358925,TRUE,TRUE,"Enriched"
"K21817",8.71765169186591,6.50724957917418,1.41416158176153,4.6014894359303,0.00000419480436597208,0.0000292056071096618,TRUE,TRUE,"Enriched"
"K21471",1506.02159506764,0.888557459911329,0.0818643659551417,10.8540199333886,0.00000000000000000000000000190843023153256,0.000000000000000000000000113005009535117,TRUE,TRUE,"Enriched"
"K16869",7.95799420462636,6.37809132846242,1.42533332991566,4.4748068361243,0.00000764804232821453,0.0000498881392083213,TRUE,TRUE,"Enriched"
"K14665",14.308875171579,3.67870855028079,0.849200601091058,4.33196649361101,0.000014778343582296,0.0000901331175084235,TRUE,TRUE,"Enriched"
"K13930",5.68956787376486,5.89519596500523,1.51948666978319,3.8797286493118,0.000104573059340288,0.000526230271383183,TRUE,TRUE,"Enriched"
"K12434",86.2027194312768,1.62006079094793,0.283840300014104,5.70764895213058,0.0000000114547365021786,0.000000127993335709601,TRUE,TRUE,"Enriched"
"K06219",58.5083861819391,-2.06283390082368,0.352320543035922,-5.85499182945274,0.00000000477033467551984,0.0000000556295816175823,TRUE,TRUE,"Suppressed"
"K01761",1585.12365229598,0.702090796895589,0.0706871542342842,9.93236754967659,0.0000000000000000000000301021823234293,0.00000000000000000000138040007511726,TRUE,TRUE,"Enriched"
"K06921",487.946509308307,1.57776937995167,0.124542446295904,12.6685272923177,0.000000000000000000000000000000000000883576600525939,0.0000000000000000000000000000000000842020888532453,TRUE,TRUE,"Enriched"
"K01158",7.66644129694823,3.38588408495673,1.19786454046842,2.82660014598369,0.00470450310763092,0.0146896865274801,TRUE,TRUE,"Enriched"
"K09786",546.818936737578,-0.60762946311077,0.120850193858317,-5.02795604799068,0.000000495735459619147,0.00000418766006678279,TRUE,TRUE,"Suppressed"
"K10125",130.109318996937,1.09809553671937,0.218740511325128,5.02008306585331,0.000000516491399628142,0.00000434493937425109,TRUE,TRUE,"Enriched"
"K03299",680.903900925217,0.663642556921983,0.101928889306711,6.51083869780076,0.0000000000747323597990716,0.00000000118696005837119,TRUE,TRUE,"Enriched"
"K02827",54.4980174483033,3.3433659939438,0.46124406809129,7.24858318022223,0.000000000000421153760223553,0.00000000000882686179932456,TRUE,TRUE,"Enriched"
"K02588",30.0089425623704,-0.954151872328053,0.430799551297081,-2.21483952212862,0.0267710814160677,0.064059928369901,TRUE,FALSE,"Suppressed"
"K18785",139.680954035791,-0.681181649210216,0.212589927982407,-3.20420471315361,0.00135436139658611,0.00497006628025193,TRUE,TRUE,"Suppressed"
"K16044",195.988909628463,1.97104301238483,0.207728256219547,9.48856476367685,0.00000000000000000000234237010034865,0.0000000000000000000946100347154066,TRUE,TRUE,"Enriched"
"K17893",121.748851091444,1.20347920971759,0.246661339718731,4.87907513633845,0.00000106584457372362,0.00000843136972132345,TRUE,TRUE,"Enriched"
"K15511",121.148475166322,-0.572100648438925,0.228628561104783,-2.50231487122348,0.0123384135737102,0.0334656692180783,TRUE,TRUE,"Suppressed"
"K00968",67.9410175148443,-1.10957085255637,0.382873868980382,-2.89800621680248,0.00375543145643909,0.0120931237871288,TRUE,TRUE,"Suppressed"
"K17095",11.9831151236858,1.98746569185956,0.725716721824859,2.73862463422636,0.00616967702737396,0.0184908403881837,TRUE,TRUE,"Enriched"
"K06694",9.5268717834072,-1.95837437613085,0.841958053138038,-2.32597617996746,0.0200198214546124,0.0503093906269803,TRUE,FALSE,"Suppressed"
"K00045",185.100703118197,-0.676521864175218,0.195131195889455,-3.46701029064813,0.000526281741300598,0.00218353220421248,TRUE,TRUE,"Suppressed"
"K22819",196.433865449882,-1.23179687624187,0.184156895533207,-6.68884470861289,0.0000000000224939268849675,0.000000000381084611309492,TRUE,TRUE,"Suppressed"
"K07806",64.0369971901652,0.831017431574252,0.319404271085815,2.60177307194174,0.00927431976390865,0.0262113420945685,TRUE,TRUE,"Enriched"
"K08642",59.168291804554,-2.04569595963966,0.32921383862776,-6.21388204143119,0.000000000516913382996095,0.00000000711278043903686,TRUE,TRUE,"Suppressed"
"K17713",745.389177579124,-0.502449590492441,0.116448023391382,-4.31479707305728,0.0000159749578461135,0.0000966580038724664,TRUE,TRUE,"Suppressed"
"K02558",1413.20750359263,-0.505657341165751,0.0856457555254098,-5.90405605115749,0.00000000354671572260171,0.0000000423315444073343,TRUE,TRUE,"Suppressed"
"K13276",23.1802325384371,1.25819996905916,0.572738640577706,2.19681348510037,0.0280337695849886,0.0666580743465284,TRUE,FALSE,"Enriched"
"K12282",173.400207125302,-0.864310318682255,0.187411307872134,-4.61183654548717,0.000003991268005318,0.0000280446354428969,TRUE,TRUE,"Suppressed"
"K18431",74.7480770142689,-0.621738457328723,0.297337499094121,-2.09101932727266,0.0365263314806731,0.0832800357759348,TRUE,FALSE,"Suppressed"
"K15653",9.70670682197727,-4.86229410650423,1.28198464774849,-3.79278653222853,0.000148966207692206,0.000719354632394903,TRUE,TRUE,"Suppressed"
"K18232",396.906996637697,1.85020111276894,0.143478502968443,12.8953193300035,0.0000000000000000000000000000000000000478277865224685,0.00000000000000000000000000000000000511757315790413,TRUE,TRUE,"Enriched"
"K13929",30.7829337085873,1.79105304267854,0.4511776086238,3.96972945563874,0.0000719542855008993,0.00037579684974089,TRUE,TRUE,"Enriched"
"K19268",147.490964732501,-1.05996155343321,0.215509531546499,-4.91839755683615,0.000000872555612565849,0.00000703788633087858,TRUE,TRUE,"Suppressed"
"K11654",119.376289364205,1.50718342872002,0.249802093917773,6.03350998817543,0.00000000160436069001852,0.0000000204279662806325,TRUE,TRUE,"Enriched"
"K03346",9.52203795780939,6.63736974930617,1.39802293447496,4.74768302123662,0.00000205760171077055,0.0000153979298576559,TRUE,TRUE,"Enriched"
"K09880",265.646582547875,-0.807488335371045,0.169578999128655,-4.76172367757889,0.00000191946389421263,0.0000144886265975282,TRUE,TRUE,"Suppressed"
"K02529",7183.9765604166,0.743424862040297,0.0429816569680769,17.2963285848298,0.000000000000000000000000000000000000000000000000000000000000000000501337422419596,0.000000000000000000000000000000000000000000000000000000000000000203843795955808,TRUE,TRUE,"Enriched"
"K02364",89.5813454452523,2.07342696295554,0.294180648915009,7.04814191756904,0.00000000000181322661512546,0.0000000000348860224783918,TRUE,TRUE,"Enriched"
"K13328",32.1791450215907,3.22017851816103,0.514569810818634,6.25800124775687,0.000000000389942702019611,0.0000000054925185672462,TRUE,TRUE,"Enriched"
"K19794",346.986350025247,-0.8328991186659,0.145461521934786,-5.7259068074326,0.0000000102882689994949,0.000000115771499313504,TRUE,TRUE,"Suppressed"
"K05665",7.94715976970638,-2.33945437764837,1.09386133772362,-2.13871200760866,0.0324589995421781,0.0754161669362834,TRUE,FALSE,"Suppressed"
"K14520",172.797203201247,-0.855408600379217,0.209598496650042,-4.08117717469825,0.0000448081813238324,0.000244222607590754,TRUE,TRUE,"Suppressed"
"K07654",1476.42336126082,0.952139006891324,0.0790200372586202,12.0493363445922,0.00000000000000000000000000000000195517758485862,0.000000000000000000000000000000154865299870815,TRUE,TRUE,"Enriched"
"K07319",98.5295918251076,3.93642804916433,0.749467282239715,5.25230139119706,0.000000150210400210481,0.00000140511231730633,TRUE,TRUE,"Enriched"
"K07215",101.114091591985,1.31798984047413,0.273793403228687,4.8138115269829,0.00000148078471582056,0.0000114610482002406,TRUE,TRUE,"Enriched"
"K01197",246.664249390661,1.20642712154581,0.170879745113339,7.06009434146585,0.00000000000166389599207486,0.0000000000323187950817344,TRUE,TRUE,"Enriched"
"K09771",172.50432035839,1.91237542280111,0.20425399798865,9.36273190063766,0.00000000000000000000777011470185736,0.000000000000000000301846685137758,TRUE,TRUE,"Enriched"
"K13771",378.370739409582,0.592323148215603,0.133835046396564,4.42577011151848,0.00000960988239997328,0.0000614367638966845,TRUE,TRUE,"Enriched"
"K14712",9.78775192665813,1.8774936989962,0.938563223337795,2.00039129204243,0.0454580279550607,0.0998014803808191,TRUE,FALSE,"Enriched"
"K18286",536.353414949667,0.879351289697143,0.114010047843076,7.7129279947982,0.0000000000000122963471202453,0.000000000000301186430065767,TRUE,TRUE,"Enriched"
"K00260",107.168708719201,0.853846450921961,0.271172493516721,3.14872072697636,0.00163986828657178,0.00585637652210076,TRUE,TRUE,"Enriched"
"K00098",110.485371544833,-0.654125165018097,0.232988627882533,-2.80754117041236,0.0049921298196584,0.0154006068639841,TRUE,TRUE,"Suppressed"
"K01170",5.64023807177658,-2.98504933461595,1.37284556990371,-2.17435187180253,0.0296787195920028,0.069996330545872,TRUE,FALSE,"Suppressed"
"K06042",207.068661335135,1.2926628046816,0.186620432540501,6.92669493412013,0.0000000000043078614990507,0.0000000000784287978588364,TRUE,TRUE,"Enriched"
"K13788",820.69166698242,0.748486932304718,0.107259994208065,6.97824885998773,0.00000000000298881899262826,0.0000000000562556888919495,TRUE,TRUE,"Enriched"
"K23366",18.0402299131184,4.62625900610574,0.918710189879069,5.03560214861086,0.000000476349020796663,0.00000403507316366507,TRUE,TRUE,"Enriched"
"K23425",33.4139855531221,1.24675983724724,0.444245847150307,2.80646368501764,0.00500885579519955,0.0154365899418505,TRUE,TRUE,"Enriched"
"K06617",29.2907382581985,-1.56963717398955,0.47303532031613,-3.31822404496255,0.000905917880562913,0.00350361011639392,TRUE,TRUE,"Suppressed"
"K03041",19.9988542037725,-1.82611146630001,0.584239971253164,-3.12561884867804,0.00177431357236174,0.00625522455366141,TRUE,TRUE,"Suppressed"
"K12583",154.743759296369,-1.58526286448023,0.218983363035564,-7.23919316291975,0.000000000000451361799118851,0.00000000000939541164786987,TRUE,TRUE,"Suppressed"
"K18333",67.9843848995414,-1.14231239176039,0.308586517759068,-3.70175729016219,0.000214111386313825,0.000987795268629364,TRUE,TRUE,"Suppressed"
"K21344",278.029978145791,-0.76234205735212,0.150351051071875,-5.07041388748048,0.000000396951493494004,0.00000342433827272975,TRUE,TRUE,"Suppressed"
"K15579",52.1362855740727,-1.87826542758918,0.451864683418472,-4.15669888910021,0.000032287909263856,0.000182675286271111,TRUE,TRUE,"Suppressed"
"K15650",32.1779239385702,3.03251340338364,0.530843093282397,5.71263607223842,0.0000000111239404287963,0.000000124714913005935,TRUE,TRUE,"Enriched"
"K14616",13.3995200279808,-3.24285740914758,0.900029397427225,-3.60305720948386,0.000314496274975829,0.00138491897550728,TRUE,TRUE,"Suppressed"
"K20543",99.1329348151916,-0.992824518355903,0.27457368143131,-3.61587648597806,0.000299333084124333,0.00133257845260898,TRUE,TRUE,"Suppressed"
"K09688",111.505711613858,0.979997637376473,0.260366660523836,3.76391368773866,0.000167274640144725,0.000792991644791977,TRUE,TRUE,"Enriched"
"K06948",13.7510970653608,4.24103434171445,0.93815838243524,4.52059526527462,0.00000616659867050377,0.0000410590450779503,TRUE,TRUE,"Enriched"
"K06027",26.7625168987569,1.91853267683801,0.529020660220997,3.62657419851343,0.000287206317427169,0.00128515871605892,TRUE,TRUE,"Enriched"
"K02457",316.547569612408,-0.536181076225165,0.154600579207854,-3.46816990578212,0.000524015863648108,0.00217857719999305,TRUE,TRUE,"Suppressed"
"K18371",7.48204712877248,-2.33461062654866,1.01391372146683,-2.3025732635033,0.0213028649061809,0.0528155175052021,TRUE,FALSE,"Suppressed"
"K07710",205.931057803352,-0.608238773050514,0.17791687170115,-3.41866832096837,0.000629283828524423,0.00254678305917084,TRUE,TRUE,"Suppressed"
"K00595",376.857504273417,0.77746743845436,0.132667087852269,5.8602887199884,0.00000000462063088826697,0.0000000539870264129123,TRUE,TRUE,"Enriched"
"K04029",5.54688919494734,5.85353408403461,1.55144595361013,3.77295391464572,0.000161326096071468,0.00076929465202493,TRUE,TRUE,"Enriched"
"K18675",6.86587932256389,-2.61289216100264,1.04909294841561,-2.49062026863183,0.0127520328784416,0.0343831337425355,TRUE,TRUE,"Suppressed"
"K16959",7.95418728035021,3.39911718577501,1.14111688977082,2.9787633644242,0.00289414193530343,0.00962977177491304,TRUE,TRUE,"Enriched"
"K10240",1029.34121370663,1.7985840664389,0.086845261354012,20.7102153692328,0.0000000000000000000000000000000000000000000000000000000000000000000000000000000000000000000000280201008689083,0.0000000000000000000000000000000000000000000000000000000000000000000000000000000000000000000244135135999246,TRUE,TRUE,"Enriched"
"K07393",846.1752686975,1.12331128310501,0.108241302500649,10.3778433661982,0.000000000000000000000000312760519686201,0.0000000000000000000000160296336938331,TRUE,TRUE,"Enriched"
"K04073",491.518338588759,0.709519779586397,0.113713763538531,6.2395242010083,0.00000000043890385023764,0.00000000612557112722968,TRUE,TRUE,"Enriched"
"K01502",102.736095619118,-0.533398747630322,0.247085273416323,-2.15876381564667,0.0308684950409858,0.0723547083992976,TRUE,FALSE,"Suppressed"
"K12254",90.9687551621956,-0.826493628808588,0.263085472191833,-3.14154035919527,0.00168061644171972,0.00597697652747765,TRUE,TRUE,"Suppressed"
"K19267",575.78109323918,0.865550643604964,0.113096026998416,7.6532365157008,0.0000000000000195982969647907,0.000000000000474325449159756,TRUE,TRUE,"Enriched"
"K17318",737.990886455821,1.34276889605059,0.102882943635676,13.0514237695757,0.00000000000000000000000000000000000000623707910085341,0.000000000000000000000000000000000000691635371565545,TRUE,TRUE,"Enriched"
"K01856",287.150146394533,0.722744985832086,0.156934735103314,4.60538570607894,0.00000411702058290647,0.0000287296436328908,TRUE,TRUE,"Enriched"
"K02647",17.7087623957914,5.63699938487943,1.18146907903043,4.77117809084385,0.00000183151510333601,0.0000138762864785669,TRUE,TRUE,"Enriched"
"K11939",757.215183118885,0.638834054554366,0.101509638219143,6.29333397066422,0.000000000310718825072881,0.00000000444853078431807,TRUE,TRUE,"Enriched"
"K20273",520.265568518676,0.996848435451222,0.136201435166401,7.31892754458385,0.000000000000249960505002386,0.00000000000538695802123517,TRUE,TRUE,"Enriched"
"K14727",192.617664113373,0.566478758470016,0.177785586742909,3.1863030566656,0.00144103561307643,0.00525650490679018,TRUE,TRUE,"Enriched"
"K17108",208.133142244195,0.766457881821501,0.189261298303622,4.04973382667972,0.0000512759212045643,0.000276021044507182,TRUE,TRUE,"Enriched"
"K23988",66.2360342518955,-0.987251437825035,0.326980501641853,-3.01929758156156,0.00253361535318767,0.00856095293024466,TRUE,TRUE,"Suppressed"
"K12339",524.425083865117,-0.723070629800935,0.110877117685315,-6.52136928606956,0.0000000000696684209155181,0.000000001109419580062,TRUE,TRUE,"Suppressed"
"K09749",39.7161099620768,-1.22304477798019,0.398192737221039,-3.07148941619514,0.00212993715011155,0.00732683963820099,TRUE,TRUE,"Suppressed"
"K22694",101.551496548192,-1.14542041100326,0.260183759286853,-4.40235168460469,0.0000107083791295534,0.0000675094791534583,TRUE,TRUE,"Suppressed"
"K21159",1025.67675593334,1.60852314502798,0.0906680181958964,17.7407996450592,0.000000000000000000000000000000000000000000000000000000000000000000000203025147883915,0.000000000000000000000000000000000000000000000000000000000000000000103187531412,TRUE,TRUE,"Enriched"
"K07789",1030.17058168169,-0.507201097301785,0.0951993037463179,-5.32778158392154,0.0000000994195757398157,0.000000956403773560151,TRUE,TRUE,"Suppressed"
"K06714",60.2364263241289,6.42786733726501,0.78360814912919,8.20291027397837,0.000000000000000234636325760929,0.00000000000000662521736488844,TRUE,TRUE,"Enriched"
"K19147",142.735271114005,0.540809469936983,0.232747481518699,2.32358892310306,0.0201475366779387,0.0505470284651371,TRUE,FALSE,"Enriched"
"K12278",105.420955013177,-0.788854962427052,0.251105506601794,-3.14152793024179,0.00168068777580327,0.00597697652747765,TRUE,TRUE,"Suppressed"
"K06876",260.263762324251,2.73472439329025,0.17696595192758,15.4533929465109,0.000000000000000000000000000000000000000000000000000007157450084878,0.00000000000000000000000000000000000000000000000000181888700281962,TRUE,TRUE,"Enriched"
"K13940",64.4769876302315,-0.798463778689324,0.307174154818119,-2.5993846362566,0.00933910636019763,0.0263578018004837,TRUE,TRUE,"Suppressed"
"K01661",1258.32571243284,-0.572159878184236,0.0733134790254695,-7.8042930957548,0.00000000000000598359849615595,0.000000000000153335996756534,TRUE,TRUE,"Suppressed"
"K11741",459.524643030957,1.03992645767224,0.125153990249633,8.30917540541849,0.0000000000000000963693831593163,0.00000000000000279884222804129,TRUE,TRUE,"Enriched"
"K00643",761.334185113283,0.501941280951238,0.0925180521333045,5.42533342820508,0.0000000578464537393115,0.000000575539186551486,TRUE,TRUE,"Enriched"
"K11737",13.7252891436228,1.75435477819558,0.720103340534837,2.43625418664574,0.0148402520901654,0.0391313002585035,TRUE,TRUE,"Enriched"
"K02128",12.5342975675515,-1.72744869026938,0.725165872196945,-2.38214284000424,0.017212219564398,0.0443129282917953,TRUE,TRUE,"Suppressed"
"K16968",50.9989744781903,-0.872065992301281,0.348649944766961,-2.50126525298655,0.0123750452714663,0.0335297206178024,TRUE,TRUE,"Suppressed"
"K08153",16.7540394700635,1.57837922185823,0.63156250300663,2.49916550514663,0.0124486157384518,0.0337140796575567,TRUE,TRUE,"Enriched"
"K11144",8.3014479171979,6.4385068804778,1.42135991483107,4.52982162596235,0.00000590335049248559,0.000039740104474249,TRUE,TRUE,"Enriched"
"K16650",434.084804338466,-1.30755797361918,0.133196126478146,-9.81678678046028,0.0000000000000000000000953338816996459,0.00000000000000000000421334307598652,TRUE,TRUE,"Suppressed"
"K01630",85.4733008163623,-0.807222825837461,0.307166612473815,-2.62796408547259,0.00858975840696586,0.0246072975688515,TRUE,TRUE,"Suppressed"
"K07079",35.3056508909589,-1.70400480396198,0.412279192387328,-4.13313316661661,0.0000357851247246263,0.00020041641478007,TRUE,TRUE,"Suppressed"
"K02525",12.9580742035767,2.68668270984526,0.885544641336397,3.03393254776035,0.00241388394300556,0.00820182627765509,TRUE,TRUE,"Enriched"
"K10108",72.5459574172585,1.04731637166648,0.310836856729842,3.36934423634561,0.000753472639906477,0.0029898696361676,TRUE,TRUE,"Enriched"
"K03706",6.89755799536779,6.17409832777449,1.48844069920886,4.14803111138801,0.0000335346835709217,0.000189202622663322,TRUE,TRUE,"Enriched"
"K01906",10.5085053096046,1.72305004586177,0.771680212081357,2.23285503358237,0.025558505711692,0.0617107388502017,TRUE,FALSE,"Enriched"
"K06406",9.71856682021054,6.66886478921641,1.3962718786526,4.77619358462757,0.00000178644425400637,0.000013619404381481,TRUE,TRUE,"Enriched"
"K02553",104.035717311873,2.14301936330759,0.277478290073682,7.72319651652218,0.0000000000000113448059772004,0.000000000000278999885705426,TRUE,TRUE,"Enriched"
"K04781",25.7651419800586,1.98052562408754,0.50759577001847,3.90177724297323,0.000095489011819247,0.000486133124445399,TRUE,TRUE,"Enriched"
"K02422",107.323468724714,-0.570171395127799,0.260324712875429,-2.19023153364866,0.0285074493923235,0.0676525034411599,TRUE,FALSE,"Suppressed"
"K09959",103.911962673278,0.626836891219417,0.242517188872988,2.58471118741075,0.00974605976740642,0.0273167364528547,TRUE,TRUE,"Enriched"
"K04127",634.910904667462,0.642699510729324,0.124835890071417,5.14835525554104,0.000000262780447526087,0.00000234312565710761,TRUE,TRUE,"Enriched"
"K03583",1378.91171873413,-0.557133053205985,0.105647366407824,-5.27351577374224,0.000000133834745048158,0.0000012616044977569,TRUE,TRUE,"Suppressed"
"K02405",1136.98675696656,-0.533814760279965,0.0823118459516837,-6.48527261304903,0.0000000000885714876631141,0.00000000139226160633333,TRUE,TRUE,"Suppressed"
"K10156",50.1180638888715,3.94218926817756,0.504893266474032,7.80796562352316,0.00000000000000581184313852145,0.000000000000149563001273596,TRUE,TRUE,"Enriched"
"K14670",180.68254124002,2.06775476661894,0.200960821739039,10.2893427123027,0.000000000000000000000000787118306385285,0.0000000000000000000000400052879220321,TRUE,TRUE,"Enriched"
"K23356",175.398808409622,1.04897772591098,0.199117889035498,5.26812397917681,0.000000137825014792763,0.00000129721414385967,TRUE,TRUE,"Enriched"
"K20428",44.8115565679254,-0.761978782558206,0.362998146787778,-2.09912582006565,0.0358058108980135,0.0818821299838711,TRUE,FALSE,"Suppressed"
"K14274",738.724916899945,0.669676196668325,0.105299525232723,6.35972664822819,0.000000000202113101670701,0.00000000299196069681943,TRUE,TRUE,"Enriched"
"K17752",293.00612923126,0.595656395635835,0.172124086617412,3.46062196954356,0.000538929032175053,0.00223145157314029,TRUE,TRUE,"Enriched"
"K06409",73.0939683444216,-0.776699238075513,0.28752642977737,-2.70131423631875,0.00690660501238277,0.0204482446458847,TRUE,TRUE,"Suppressed"
"K15576",578.830839931127,-0.535217393955644,0.10947899012048,-4.88876809483396,0.00000101468942302068,0.00000806856687223351,TRUE,TRUE,"Suppressed"
"K17623",32.0102264052166,-1.48772799291057,0.485066596621443,-3.0670592518075,0.00216176001441791,0.0074237468062696,TRUE,TRUE,"Suppressed"
"K03790",1305.43472832595,0.762727937111004,0.0799855953778802,9.53581621175173,0.00000000000000000000148711085835312,0.0000000000000000000604659275006377,TRUE,TRUE,"Enriched"
"K02418",132.56450234177,-0.60872635102924,0.238540141595779,-2.55188224068703,0.0107142725125337,0.0297299126724036,TRUE,TRUE,"Suppressed"
"K12953",82.5527006917809,-1.75301145484583,0.310820355347194,-5.63995061677241,0.0000000170098941090767,0.000000185197038727008,TRUE,TRUE,"Suppressed"
"K05658",15.4336853504139,-1.75066820772529,0.72217771373463,-2.42415152729095,0.0153442016149681,0.0402657298088681,TRUE,TRUE,"Suppressed"
"K05288",19.002951404043,-1.67289488724881,0.588262512960386,-2.84378972039216,0.00445804587403648,0.0140178847671072,TRUE,TRUE,"Suppressed"
"K18225",50.7762125336147,-0.724676905396083,0.332801898783186,-2.17750231607962,0.0294431091916336,0.0696021406820827,TRUE,FALSE,"Suppressed"
"K11472",1268.9226051404,0.510880043684439,0.0721250166555579,7.08325720220226,0.00000000000140804988187468,0.0000000000277918971830216,TRUE,TRUE,"Enriched"
"K19702",515.599057888885,1.4779461029618,0.120297189717546,12.2857907689446,0.000000000000000000000000000000000107983927602488,0.00000000000000000000000000000000982976081265037,TRUE,TRUE,"Enriched"
"K02987",12.5446519033561,-2.7751698054235,0.851303025049075,-3.25990830969209,0.00111448236349154,0.00419841132485169,TRUE,TRUE,"Suppressed"
"K15629",340.818045063691,2.47496510791327,0.150953987378828,16.3954934274257,0.00000000000000000000000000000000000000000000000000000000000205961539942478,0.000000000000000000000000000000000000000000000000000000000661136543215356,TRUE,TRUE,"Enriched"
"K05350",3820.83722689433,0.883526998223252,0.0546381416479675,16.1705169973715,0.0000000000000000000000000000000000000000000000000000000000814122855460473,0.0000000000000000000000000000000000000000000000000000000236444537878734,TRUE,TRUE,"Enriched"
"K15891",48.2261839288899,-0.76959763901097,0.363743405412882,-2.11577069868086,0.0343643143143501,0.0792093548765008,TRUE,FALSE,"Suppressed"
"K12542",229.269417255248,0.664988950544763,0.179222794449442,3.7104038723844,0.000206928860657744,0.000960471172870304,TRUE,TRUE,"Enriched"
"K15503",10.4872154818084,-1.61913545998679,0.764779579612573,-2.11712695154207,0.0342490748771712,0.0790034446580436,TRUE,FALSE,"Suppressed"
"K16116",68.6337042694981,6.02312330705197,0.647481258647738,9.30239018752642,0.0000000000000000000137323283021534,0.000000000000000000530085255157175,TRUE,TRUE,"Enriched"
"K02919",84.1848858088875,0.680385445066465,0.266596861860395,2.55211348070088,0.010707163820174,0.0297237105777155,TRUE,TRUE,"Enriched"
"K22282",11.3449968169375,1.84053927697526,0.818528186481761,2.24859608669844,0.0245382056233272,0.0595774347518602,TRUE,FALSE,"Enriched"
