"KO","baseMean","log2FoldChange","lfcSE","stat","pvalue","padj","Primary_disturbed","High_confidence","Day0_direction"
"K04102",642.165624995644,-0.291842947251551,0.106363635536822,-2.7438226023265,0.00607283456135875,0.0182364441111408,FALSE,FALSE,"Suppressed"
"K03841",855.610941552929,-0.150520580596526,0.105058838723294,-1.43272648380372,0.15193601787756,0.262286377875811,FALSE,FALSE,"Suppressed"
"K16437",12.9511274840881,-0.880019448257082,0.698221372144063,-1.26037311856376,0.207534794221658,0.332978014523184,FALSE,FALSE,"Suppressed"
"K03496",5326.59987452346,0.118691293899508,0.0465584279548645,2.54929771285602,0.0107940111040127,0.0299239426015335,FALSE,FALSE,"Enriched"
"K11263",2349.32282603658,-0.0142194440495399,0.072342713234499,-0.19655668710472,0.84417446798402,0.906901079486856,FALSE,FALSE,"Suppressed"
"K24017",113.753494329536,1.86201600750073,0.252257792013726,7.3814013538952,0.000000000000156632046882778,0.00000000000344873232468616,TRUE,TRUE,"Enriched"
"K01448",3187.41530376683,-0.0173138073632238,0.0569187541730683,-0.304184580544035,0.760987271537888,0.847564165286628,FALSE,FALSE,"Suppressed"
"K07692",15.8571481918434,0.477769680334432,0.595457379972998,0.802357475787935,0.422346203990807,0.565259929370185,FALSE,FALSE,"Enriched"
"K21829",19.2802634170338,-0.211406406050805,0.558438710084124,-0.378566890570602,0.705009512753698,0.805237874744613,FALSE,FALSE,"Suppressed"
"K08352",212.666085035151,-0.627676519929,0.181524627975529,-3.45780364311566,0.00054459815374282,0.00225186721334065,TRUE,TRUE,"Suppressed"
"K02499",336.477935304716,-0.416318614845892,0.132695804059684,-3.13739095064859,0.00170458669909512,0.00604083339789724,FALSE,FALSE,"Suppressed"
"K17209",13.7706166510939,-0.14254511336954,0.709708575475347,-0.200850205697552,0.840815704278901,0.905071475537772,FALSE,FALSE,"Suppressed"
"K03184",275.846800829547,0.0181704704573082,0.187741401553134,0.0967845680653751,0.922897479294784,0.954349224519988,FALSE,FALSE,"Enriched"
"K15733",98.004808126947,1.36521726415918,0.265865502971177,5.1349921253499,0.000000282155837974824,0.00000250490313800357,TRUE,TRUE,"Enriched"
"K05824",17.0907526525376,-0.164366631788943,0.566924267823273,-0.289926964001796,0.771872112860917,0.855780406533127,FALSE,FALSE,"Suppressed"
"K01042",1603.65602612836,-0.128458088233936,0.067638612899638,-1.89918277041757,0.0575404492956422,0.120349519977408,FALSE,FALSE,"Suppressed"
"K13316",11.1336319350718,6.86267181419183,1.35858618670264,5.05133342393823,0.000000438736450971713,0.00000373201340931169,TRUE,TRUE,"Enriched"
"K06898",598.554281284689,-0.503539447631059,0.105875905101819,-4.75593995769683,0.00000197525175492434,0.0000148545751581795,TRUE,TRUE,"Suppressed"
"K22373",45.7123413820329,-0.342859020018328,0.382077613644529,-0.897354379776124,0.369529847587099,0.515028002841343,FALSE,FALSE,"Suppressed"
"K03673",616.914621042,-0.411884207671988,0.112137132048552,-3.67304032257269,0.000239681644527215,0.00109253987292338,FALSE,FALSE,"Suppressed"
"K01815",235.327096011437,-0.165623560381826,0.164629918386372,-1.00603561008347,0.314398440571928,0.457859620116568,FALSE,FALSE,"Suppressed"
"K19429",28.4789052917453,-0.00229020724194202,0.462684736816281,-0.00494982232978089,0.996050629311442,0.997358855388357,FALSE,FALSE,"Suppressed"
"K00140",3743.96652209632,0.168724026652989,0.0474516231241444,3.55570611803033,0.000376965271237455,0.00163057531154414,FALSE,FALSE,"Enriched"
"K00693",43.5482576961918,-1.59793453762944,0.419315164818974,-3.8108198121556,0.000138506699187029,0.000676884902517381,TRUE,TRUE,"Suppressed"
"K00651",109.454066991119,0.376348971152236,0.261583331071082,1.43873453102395,0.150225751777228,0.259996271307977,FALSE,FALSE,"Enriched"
"K00076",162.801770818444,-1.39057889453977,0.196492874767594,-7.07699399372371,0.000000000001473149156732,0.0000000000288898286395771,TRUE,TRUE,"Suppressed"
"K18593",12.9422904199018,-1.61061162765317,0.698879910128034,-2.30456134782599,0.0211911528098918,0.0526027028846277,TRUE,FALSE,"Suppressed"
"K03321",3676.50405906754,0.00414914636056825,0.0498608569877611,0.0832145015394884,0.933680982171434,0.960614087426379,FALSE,FALSE,"Enriched"
"K07536",62.8352750669038,0.77513892012667,0.335036376316266,2.31359629855523,0.0206898769215615,0.0516104537196743,TRUE,FALSE,"Enriched"
"K01447",63.3525616598438,0.0504670076302291,0.30854020603184,0.163567038083267,0.870071994967639,0.923892508014877,FALSE,FALSE,"Enriched"
"K07588",2010.58551232686,-0.186155356934862,0.0671857941696632,-2.77075472926267,0.00559265364144428,0.0170066644891404,FALSE,FALSE,"Suppressed"
"K10548",703.733522262149,1.24777289356008,0.130294383669496,9.57656698945039,0.00000000000000000000100324253916478,0.0000000000000000000413430827457161,TRUE,TRUE,"Enriched"
"K01119",1067.08827160589,0.482266210441036,0.0798177683094951,6.04209088596712,0.00000000152129724246787,0.00000001941086167743,FALSE,FALSE,"Enriched"
"K06132",540.426632993487,-0.47701287841344,0.106643233332407,-4.47297839260545,0.00000771375746954374,0.0000502630414602001,FALSE,FALSE,"Suppressed"
"K10917",20.714397247052,0.910784966480168,0.547888972956312,1.66235316174686,0.0964419843708291,0.183778212855194,FALSE,FALSE,"Enriched"
"K17363",73.8234660845195,0.0200600014289888,0.298566355997949,0.0671877491418578,0.946432237855073,0.968017812959599,FALSE,FALSE,"Enriched"
"K09457",518.576073084886,0.176215655361337,0.128338167689727,1.37305727932286,0.169734540538719,0.28549668029389,FALSE,FALSE,"Enriched"
"K01218",1025.24025905846,1.25730342803306,0.083689766258834,15.0233831953181,0.0000000000000000000000000000000000000000000000000051605162465806,0.00000000000000000000000000000000000000000000000101528995444823,TRUE,TRUE,"Enriched"
"K05550",10.6084041460026,-1.49460272132398,0.901548153893195,-1.65781795999445,0.0973542151148397,0.185203792259952,FALSE,FALSE,"Suppressed"
"K03286",1071.43171115404,-0.312167546210806,0.0881732816751983,-3.5403870682814,0.000399540586371373,0.0017124371302031,FALSE,FALSE,"Suppressed"
"K10117",1851.03091338199,0.696570577046552,0.0741825814928501,9.38994792347161,0.00000000000000000000600299300021448,0.000000000000000000236208092311665,TRUE,TRUE,"Enriched"
"K07501",375.417235703018,-0.408609094066848,0.150283574258808,-2.71892052130174,0.0065495343458518,0.0195046923707764,FALSE,FALSE,"Suppressed"
"K20787",7.57472263269507,0.219653264842448,0.88719220438833,0.247582501013844,0.804457451438083,0.880227224723898,FALSE,FALSE,"Enriched"
"K00087",438.947551051705,-0.499566791102146,0.124361266743475,-4.01706097230919,0.000058928481170793,0.000314578089000749,FALSE,FALSE,"Suppressed"
"K01961",4747.27616957553,0.153594426826044,0.0471111183549643,3.26025855868606,0.00111310691340873,0.00419582142452399,FALSE,FALSE,"Enriched"
"K15468",12.1275128376718,-2.17436546668173,0.753416929174185,-2.88600558666108,0.00390165231445157,0.0124979923665127,TRUE,TRUE,"Suppressed"
"K23980",79.7259398137491,0.844628861649024,0.30373846289215,2.78077676961489,0.00542290123524308,0.0165536910078816,TRUE,TRUE,"Enriched"
"K06518",17.1644087904629,2.6380622624394,0.724841711048101,3.63950117967802,0.000273166686262099,0.00122654679336915,TRUE,TRUE,"Enriched"
"K01190",1496.09972731061,-0.363194594671908,0.0742669990302848,-4.8903900711513,0.00000100636348864664,0.00000801280798597368,FALSE,FALSE,"Suppressed"
"K11690",635.632092900675,-0.0623843063757311,0.103501678028929,-0.602737149423745,0.546683563804518,0.67962149523925,FALSE,FALSE,"Suppressed"
"K06483",5.8747506992896,-2.3036854422973,1.14585581358706,-2.01044967000316,0.0443836179832656,0.0977240743970891,TRUE,FALSE,"Suppressed"
"K13611",10.4899435292842,0.586509663770763,0.864778920961167,0.678219195165952,0.49763272366743,0.63481739837851,FALSE,FALSE,"Enriched"
"K01467",755.627764085934,0.310011607347289,0.244020965585677,1.2704302132533,0.203931426747045,0.328867734460663,FALSE,FALSE,"Enriched"
"K04786",5.4671186487273,-0.1272347351425,1.37740909489597,-0.092372509818595,0.926402080014678,0.956524800609124,FALSE,FALSE,"Suppressed"
"K22014",7.55302404760828,0.204420524758859,0.903521521119076,0.226248650398133,0.821008033895853,0.892253741755311,FALSE,FALSE,"Enriched"
"K05715",95.8082927482125,-0.438986541471488,0.268732342631015,-1.63354562079728,0.102354294049845,0.192524472880458,FALSE,FALSE,"Suppressed"
"K13005",8.81234459533004,0.645918870763862,0.873642519766951,0.739340011674529,0.45970055887938,0.601268219730932,FALSE,FALSE,"Enriched"
"K03442",444.703467877915,-0.0527075812845616,0.122387987577161,-0.430659759409244,0.666715782355862,0.776604193389687,FALSE,FALSE,"Suppressed"
"K01491",2767.86952978739,0.103127326854865,0.0509823805031085,2.02280328688412,0.0430934326767512,0.0955039410957506,FALSE,FALSE,"Enriched"
"K07120",206.785844989521,0.117429388420182,0.179147343068843,0.655490538729656,0.512151975976963,0.649130278778782,FALSE,FALSE,"Enriched"
"K09949",318.899137896181,-0.477222984648553,0.140676487885662,-3.39234360923502,0.000692974783777817,0.00277319795192526,FALSE,FALSE,"Suppressed"
"K01539",33.3609337133264,-0.985084367423803,0.415914587235343,-2.36847756163551,0.0178614637923079,0.0457526533680328,TRUE,TRUE,"Suppressed"
"K02040",3611.29140269946,0.00356915467672689,0.0529540618148052,0.0674009614070626,0.946262503839059,0.968006543259715,FALSE,FALSE,"Enriched"
"K01252",45.1372408187705,0.247146493543583,0.395564888708559,0.624793809052334,0.532106394458794,0.66803559073779,FALSE,FALSE,"Enriched"
"K00809",1235.64617312797,-0.1543640467964,0.0842655364950052,-1.83187639000613,0.0669698388466596,0.136104314270502,FALSE,FALSE,"Suppressed"
"K13498",289.05627470573,0.745185358200314,0.211206350732068,3.5282336710871,0.000418342684899514,0.00178051084103429,TRUE,TRUE,"Enriched"
"K06436",8.42160069738194,2.79197974798733,0.991874781655928,2.81485102718928,0.00487998498273533,0.0151311786526196,TRUE,TRUE,"Enriched"
"K12978",101.859733122563,-0.329329946195707,0.255099659655406,-1.29098543933995,0.19670872656802,0.31975653607099,FALSE,FALSE,"Suppressed"
"K06153",2214.87988169557,0.00917983800937399,0.0563538936105666,0.162896251194482,0.870600122518598,0.923892508014877,FALSE,FALSE,"Enriched"
"K10111",260.587517666792,0.502787673678003,0.152391938792859,3.29930623404842,0.000969241142025654,0.00371086109555208,TRUE,TRUE,"Enriched"
"K03365",186.20517544266,-0.342854508037292,0.200647536671227,-1.70874018054395,0.0874990877326747,0.16950489358742,FALSE,FALSE,"Suppressed"
"K09943",18.2414651022615,-1.2307665726373,0.60733548790912,-2.0265019863642,0.0427133693799283,0.0949376238513785,TRUE,FALSE,"Suppressed"
"K17758",2497.48846441274,0.0472592496389207,0.0521263746374212,0.906628361700673,0.364603358410504,0.511417974008048,FALSE,FALSE,"Enriched"
"K19515",9.66720694018948,0.454016023626644,0.863761775249146,0.525626436172967,0.59914778510797,0.722241700396963,FALSE,FALSE,"Enriched"
"K17331",386.156773363872,0.900810820624317,0.152476464291744,5.90786797692747,0.00000000346563576049114,0.0000000415263506939794,TRUE,TRUE,"Enriched"
"K12242",25.1014239714425,-0.0721501126950108,0.504599198131144,-0.14298499276699,0.886302033440461,0.933822043830289,FALSE,FALSE,"Suppressed"
"K03540",17.12138276284,-0.316696783584875,0.621695194963179,-0.509408446696506,0.610465956928627,0.730428191645215,FALSE,FALSE,"Suppressed"
"K01302",98.9584888653828,-0.932899055838108,0.267924359546229,-3.48194937339074,0.000497777793074856,0.00207941558901613,TRUE,TRUE,"Suppressed"
"K00172",481.874271683495,-0.666249641167529,0.113394372224128,-5.87550888196342,0.00000000421546362383886,0.0000000497294248390584,TRUE,TRUE,"Suppressed"
"K01433",546.578468608963,-0.184340671223904,0.125901105240175,-1.46417039685432,0.143147396528348,0.250486349734302,FALSE,FALSE,"Suppressed"
"K02615",62.8788953328861,0.449689525802778,0.355092278870223,1.26640186949018,0.205369241957708,0.330661828590301,FALSE,FALSE,"Enriched"
"K09903",2114.18907072859,-0.02225153368571,0.0597094876565189,-0.372663282822201,0.709399067073222,0.809017372864544,FALSE,FALSE,"Suppressed"
"K11106",151.622353408126,-0.831083198098028,0.218975216615649,-3.7953299507714,0.0001474472298658,0.000714281695751801,TRUE,TRUE,"Suppressed"
"K02022",181.31047107306,-0.267572574761192,0.188469537955041,-1.41971258413665,0.155691373009614,0.267632943626165,FALSE,FALSE,"Suppressed"
"K01894",842.478571468602,0.116811241199401,0.0936202888191991,1.24771289079217,0.212136218819353,0.339051047845711,FALSE,FALSE,"Enriched"
"K02434",3906.40735141857,-0.0399291568317308,0.0474740203914813,-0.841073844230299,0.400306566939259,0.544120738079461,FALSE,FALSE,"Suppressed"
"K00008",863.936761647912,-0.161635497642985,0.101696529608933,-1.58939049606258,0.111972258939077,0.20656951218071,FALSE,FALSE,"Suppressed"
"K01896",11.5554942090313,-1.81845788065756,0.74274299251283,-2.44830028554748,0.0143531977202038,0.0379619049850489,TRUE,TRUE,"Suppressed"
"K00805",854.929947630033,0.377844189686049,0.0904022450046782,4.17958856736905,0.0000292036968065113,0.000166738233218952,FALSE,FALSE,"Enriched"
"K02282",2062.87804612555,0.134387773060555,0.0691462522067319,1.94352938549389,0.0519522284440994,0.110866564478853,FALSE,FALSE,"Enriched"
"K18384",15.2531812554638,-1.21563917033258,0.713623059781496,-1.70347518016696,0.0884791789458811,0.171012747064962,FALSE,FALSE,"Suppressed"
"K07465",554.973418267814,0.51171649167936,0.123691113301657,4.13705138566738,0.0000351797348542987,0.000197570168394446,TRUE,TRUE,"Enriched"
"K14629",36.1730312011507,4.29280880447577,0.617969106429385,6.94663982359822,0.00000000000374089150905951,0.0000000000691384767083453,TRUE,TRUE,"Enriched"
"K13931",6.87166301138579,4.21893758536975,1.35221814103888,3.12001256108606,0.00180843328077773,0.00635713808614603,TRUE,TRUE,"Enriched"
"K02008",412.894693092244,0.56427507058554,0.123088000739869,4.58432233193929,0.00000455461170149409,0.000031423729374901,TRUE,TRUE,"Enriched"
"K03282",1009.84078504041,-0.047565698587605,0.0795671988079755,-0.597805368295021,0.549969808271931,0.68231608231296,FALSE,FALSE,"Suppressed"
"K06438",6.58560408031765,6.10735939121983,1.48923177446411,4.10101335194618,0.0000411344821989297,0.000226221106340191,TRUE,TRUE,"Enriched"
"K01246",1135.22884967351,0.0448190677047279,0.0862803638741345,0.519458491970546,0.603441051206369,0.725056534930584,FALSE,FALSE,"Enriched"
"K12444",23.848349647398,-2.67601885993931,0.705037866677305,-3.79556756653486,0.000147306068560188,0.000714165112995699,TRUE,TRUE,"Suppressed"
"K07660",195.621418232177,-0.193875967528411,0.173196883145995,-1.11939640025153,0.262971065999647,0.40016501055777,FALSE,FALSE,"Suppressed"
"K01750",282.239985407194,0.336333973600689,0.155898858759394,2.1573857325009,0.0309756219673624,0.0724387723845642,FALSE,FALSE,"Enriched"
"K01835",1820.68781793557,0.0984005934586622,0.0673249600561732,1.46157670760682,0.143857241085902,0.251183885881167,FALSE,FALSE,"Enriched"
"K01829",7.38710149357831,-1.90228571702454,0.994893913025529,-1.91204880451985,0.0558699344741517,0.117703188379223,FALSE,FALSE,"Suppressed"
"K09955",1913.39828648321,-0.0566054404422219,0.0665076634882726,-0.851111548253431,0.394707390993428,0.537882300257921,FALSE,FALSE,"Suppressed"
"K21337",18.9430950700868,-2.69410564220103,0.642034815966926,-4.19619867209789,0.000027143217187776,0.000156323400970959,TRUE,TRUE,"Suppressed"
"K03693",27.8781548855935,4.69005816757129,0.740530334659602,6.33337751076349,0.000000000239851735556,0.0000000034945812469693,TRUE,TRUE,"Enriched"
"K01872",8084.42612694989,-0.00705397397624239,0.0429651413894341,-0.164179000653239,0.869590231833942,0.923892508014877,FALSE,FALSE,"Suppressed"
"K18429",90.3128166277149,-0.905941935940214,0.266383138655132,-3.40089819691281,0.000671648357254439,0.00269676321981226,TRUE,TRUE,"Suppressed"
"K20034",370.057566400595,-0.345800499488402,0.151515848722233,-2.28227279459288,0.0224732396885841,0.0552678584115623,FALSE,FALSE,"Suppressed"
"K03612",97.0743814021333,-0.165138807771717,0.258121320287898,-0.639772055975569,0.522320802195731,0.658733369022284,FALSE,FALSE,"Suppressed"
"K11719",586.284962947508,0.266601170304727,0.1171482587199,2.27575871137928,0.0228604552025038,0.0560618883313513,FALSE,FALSE,"Enriched"
"K04338",30.3315273611962,0.641098858407863,0.44936306825398,1.42668346310452,0.15367115437487,0.264831978110294,FALSE,FALSE,"Enriched"
"K00305",53.0260644758052,-0.354179979770714,0.357083101501622,-0.991869898859118,0.321260994526096,0.465519317085925,FALSE,FALSE,"Suppressed"
"K01443",1270.40244372222,0.132282076219385,0.0703855924482606,1.87939138704592,0.0601910715026656,0.124696109067513,FALSE,FALSE,"Enriched"
"K03724",10314.2396162914,-0.09227589286662,0.0338531529248603,-2.72576953382846,0.00641517744240413,0.0191607087273373,FALSE,FALSE,"Suppressed"
"K01647",6632.8418771015,-0.117115233298202,0.0411567005056499,-2.84559335076252,0.00443287641220598,0.0139505228266482,FALSE,FALSE,"Suppressed"
"K01616",155.551407676714,-1.61566227746324,0.207502900379914,-7.78621539508675,0.00000000000000690462011957239,0.000000000000175463658788633,TRUE,TRUE,"Suppressed"
"K10855",29.3549931490964,-1.04331755241404,0.531970894680564,-1.96123051626823,0.0498521385673556,0.107210223244817,FALSE,FALSE,"Suppressed"
"K02774",9.77690743142791,0.876136189674309,0.753906631541341,1.16212824376286,0.245183376391429,0.379487264367064,FALSE,FALSE,"Enriched"
"K15782",18.037524604444,1.59865749882576,0.601851023225078,2.65623457821704,0.00790186270275666,0.0229539474179311,TRUE,TRUE,"Enriched"
"K22215",12.2259597041244,2.04439929555534,0.76079463727346,2.68718941406064,0.0072056078909224,0.021230436003254,TRUE,TRUE,"Enriched"
"K13776",20.9063743585671,0.998779593070316,0.556772217926928,1.79387469581213,0.0728331711336607,0.145594726563159,FALSE,FALSE,"Enriched"
"K06904",3091.8436190941,4.27288299188557,0.142146542942413,30.059703904418,0.00000000000000000000000000000000000000000000000000000000000000000000000000000000000000000000000000000000000000000000000000000000000000000000000000000000000000000000000000000000000000000000000000000163047023187794,0.00000000000000000000000000000000000000000000000000000000000000000000000000000000000000000000000000000000000000000000000000000000000000000000000000000000000000000000000000000000000000000000000000331474598140785,TRUE,TRUE,"Enriched"
"K04044",549.427433422077,-0.520950208321505,0.118871197049746,-4.38247633784234,0.0000117337913379818,0.0000728761643282599,TRUE,TRUE,"Suppressed"
"K06445",1412.89160927135,-0.304945088244624,0.098704335054483,-3.08948019432277,0.00200507074661563,0.00696804927840952,FALSE,FALSE,"Suppressed"
"K00508",272.205562600111,-0.46821191622217,0.145056891242631,-3.22778126713753,0.00124754327632125,0.0046197731890002,FALSE,FALSE,"Suppressed"
"K23508",602.138404747946,0.524449123728393,0.115674212675965,4.53384649522117,0.00000579191288675141,0.0000392498629958854,TRUE,TRUE,"Enriched"
"K15669",29.3831010441892,-0.168863458221673,0.476439285118007,-0.354428074040636,0.723018098266384,0.820250256868074,FALSE,FALSE,"Suppressed"
"K03304",31.6146383609737,0.699662429808576,0.430395194121227,1.62562788656861,0.104028839173755,0.195042081192969,FALSE,FALSE,"Enriched"
"K14733",255.69934469195,-0.478014177444591,0.151665433507568,-3.15176745544157,0.00162285462162797,0.00580856240452404,FALSE,FALSE,"Suppressed"
"K12500",7.3215114819726,1.35344943081191,0.95807507097124,1.41267576186891,0.157751081452356,0.270107761307669,FALSE,FALSE,"Enriched"
"K15553",295.085374825406,-0.271131254994917,0.152466784681435,-1.7782971914927,0.0753550573856873,0.149508944370627,FALSE,FALSE,"Suppressed"
"K01233",104.60726127775,1.64539880286548,0.253827993810998,6.48233781531069,0.0000000000903121448263719,0.00000000141234300332318,TRUE,TRUE,"Enriched"
"K18691",262.35120808633,-0.479691564628393,0.165747537195997,-2.89410975718545,0.0038023522538034,0.0122055507347089,FALSE,FALSE,"Suppressed"
"K06932",8.01965745227215,-0.809721049245187,0.872142360404397,-0.928427612287671,0.35318580087929,0.50074825707838,FALSE,FALSE,"Suppressed"
"K21993",21.9335753319899,4.32718797876683,0.758169236624142,5.70741698520274,0.000000011470353310504,0.000000127993335709601,TRUE,TRUE,"Enriched"
"K00163",6803.16559934268,-0.0424222431895562,0.0387399180147579,-1.09505247722505,0.273493646772753,0.411962892483829,FALSE,FALSE,"Suppressed"
"K06720",99.2819385626853,0.947383774780703,0.24400121666751,3.88270102796931,0.000103302550707171,0.000521126763244859,TRUE,TRUE,"Enriched"
"K07263",6409.99616397766,-0.160429210143597,0.0437723176435846,-3.66508375110244,0.000247257656001205,0.00112287747129661,FALSE,FALSE,"Suppressed"
"K11688",353.571399664811,-0.409475598496152,0.140576579062565,-2.91282944304621,0.0035817017010665,0.0115887526126284,FALSE,FALSE,"Suppressed"
"K03389",432.342509669642,-0.433252594513109,0.128714169441044,-3.36600543976284,0.000762652043731514,0.00302039923033669,FALSE,FALSE,"Suppressed"
"K22249",7.53913157020409,0.754635212667319,0.934903277578609,0.80717998403195,0.419562795849673,0.563513211162113,FALSE,FALSE,"Enriched"
"K01999",13547.781176562,0.0365996644537271,0.0345114941036349,1.06050651831594,0.288914226117657,0.428836180358138,FALSE,FALSE,"Enriched"
"K22296",38.7595863088489,0.593663651121273,0.445180210680402,1.33353558149841,0.182356106923031,0.301488180028074,FALSE,FALSE,"Enriched"
"K11750",11.8333374588493,-0.635215020608074,0.744694502274549,-0.852987391028014,0.393666296563778,0.537129920076618,FALSE,FALSE,"Suppressed"
"K07250",1410.35483387791,0.299687015517351,0.0798802226108911,3.75170481155482,0.000175636187335093,0.000829106119625955,FALSE,FALSE,"Enriched"
"K21571",130.680980697262,-0.605560578375609,0.219843840111219,-2.75450327864204,0.0058781301017298,0.0177202300836346,TRUE,TRUE,"Suppressed"
"K03182",2118.89097468911,0.256728451686951,0.0607947489081557,4.22287214434913,0.0000241208665930276,0.000140375157777553,FALSE,FALSE,"Enriched"
"K07224",442.70161198319,0.995241806414095,0.1637627603565,6.0773389765019,0.00000000122193280860536,0.0000000157559581388669,TRUE,TRUE,"Enriched"
"K01554",335.009427218256,0.183165931800658,0.157256160780282,1.16476156413724,0.244115521056763,0.378267419442378,FALSE,FALSE,"Enriched"
"K00196",15.0564966839363,-0.792793878343935,0.705995205733431,-1.12294513037143,0.261460798682293,0.398562712112798,FALSE,FALSE,"Suppressed"
"K03719",951.015237092046,0.494871471034961,0.0861960290360921,5.74123282207986,0.00000000939897606936133,0.000000106353163352569,FALSE,FALSE,"Enriched"
"K21572",3535.61420783442,-0.266602283246135,0.047406221016176,-5.62378264985865,0.0000000186820684796795,0.000000201667142756752,FALSE,FALSE,"Suppressed"
"K08681",578.766116667556,0.0664077446490069,0.10660923186429,0.622908011695849,0.53334497290782,0.668952041015749,FALSE,FALSE,"Enriched"
"K22316",648.382593869746,0.16954788737324,0.103854388508715,1.63255390367073,0.102562852818302,0.192767593016587,FALSE,FALSE,"Enriched"
"K03469",1135.03110912232,0.143181130985569,0.0795650883778434,1.79954718714848,0.0719321666621592,0.144219028426203,FALSE,FALSE,"Enriched"
"K13356",9.58310388483704,1.04135480732677,0.775533027131398,1.34276010291736,0.179349666074986,0.29766092242901,FALSE,FALSE,"Enriched"
"K02878",1186.91069756378,-0.00903381206917545,0.0830410582074083,-0.108787294673101,0.913371201387522,0.948195907619148,FALSE,FALSE,"Suppressed"
"K02082",119.127616476314,-0.524417140355065,0.224813801295477,-2.33267324929849,0.0196653012278896,0.0495205087485131,TRUE,TRUE,"Suppressed"
"K22994",29.3660384556676,0.79201254398866,0.499663971319431,1.58509035962157,0.112945805606759,0.207915994088609,FALSE,FALSE,"Enriched"
"K15013",12.9674048914565,0.680018152872446,0.74044900404445,0.918386207771338,0.358416708813627,0.505196095921958,FALSE,FALSE,"Enriched"
"K03088",8934.15087860952,0.167206597732161,0.053340225408893,3.13471861902339,0.00172019024371478,0.00608905414765899,FALSE,FALSE,"Enriched"
"K18195",18.1298666989659,-0.674029567934888,0.601611622216961,-1.120373249192,0.262554739556537,0.399830550950143,FALSE,FALSE,"Suppressed"
"K00839",39.5869976164979,-0.502424691388383,0.3783904027986,-1.32779448863506,0.184246008164448,0.303953585013516,FALSE,FALSE,"Suppressed"
"K08591",945.59668938484,-0.00777409507817398,0.0855490985826335,-0.0908729046474387,0.927593580051465,0.957419740181737,FALSE,FALSE,"Suppressed"
"K19661",33.3030536798382,-0.116014386061959,0.401400273001441,-0.289024183253464,0.772562871370243,0.856079388169897,FALSE,FALSE,"Suppressed"
"K03086",8058.64710456499,0.00139110196550801,0.0445685360008097,0.0312126466411806,0.975099954267901,0.985802079636088,FALSE,FALSE,"Enriched"
"K08384",164.793999401157,-0.0523677405447304,0.187460224867562,-0.279353876704924,0.779973263620533,0.862254293061742,FALSE,FALSE,"Suppressed"
"K06188",884.673317593884,-0.252322724958542,0.100382304935755,-2.51361756556624,0.0119499940732744,0.0325661366634944,FALSE,FALSE,"Suppressed"
"K20533",35.0518426583331,0.947629721169575,0.427808261818934,2.21508045950419,0.0267545424062205,0.064059928369901,TRUE,FALSE,"Enriched"
"K01626",3194.37347549034,0.0708496701931784,0.0552001377009704,1.28350531618208,0.199315098277524,0.323046182406223,FALSE,FALSE,"Enriched"
"K07238",1086.93588979212,0.0966466082232904,0.0802183956688861,1.20479358153975,0.228282998420852,0.358654819002776,FALSE,FALSE,"Enriched"
"K02453",2789.86321052696,-0.367295355060576,0.0670167394552541,-5.48065092462179,0.0000000423763847297354,0.000000429324867884811,FALSE,FALSE,"Suppressed"
"K00491",103.507287910252,-0.352222040494548,0.241471778775176,-1.45864681281239,0.144662342034143,0.252300721780451,FALSE,FALSE,"Suppressed"
"K08086",907.460564728931,-0.531441786006899,0.0885623018494917,-6.0007675377506,0.0000000019638697954804,0.0000000243943826530244,TRUE,TRUE,"Suppressed"
"K07095",636.11088850486,0.141026195465627,0.119152957971959,1.18357276114635,0.236582228193119,0.36940988472858,FALSE,FALSE,"Enriched"
"K12511",1707.65709962677,0.0425961493066318,0.0717657792297008,0.593544022845404,0.552817130351595,0.684734296915998,FALSE,FALSE,"Enriched"
"K06218",51.6034688706951,1.06608661761156,0.33592902501519,3.17354720260732,0.00150588413341259,0.00544421299921954,TRUE,TRUE,"Enriched"
"K12409",11.8997875614415,-0.619787356864125,0.75192591114475,-0.8242665237065,0.40978813544886,0.553388617806724,FALSE,FALSE,"Suppressed"
"K03770",2839.68524183019,-0.0124142480971718,0.0682624809277747,-0.181860488052093,0.855692213313121,0.915109031912454,FALSE,FALSE,"Suppressed"
"K02956",566.081546152273,0.112532198940787,0.132158195197424,0.851496184346957,0.394493782005409,0.537882300257921,FALSE,FALSE,"Enriched"
"K12661",229.223930748827,-0.184367689478162,0.200560061983649,-0.919264222670579,0.357957386433243,0.504781988406093,FALSE,FALSE,"Suppressed"
"K18028",127.116751449726,-0.0550502457391491,0.247231656165097,-0.222666654396343,0.823794955748802,0.894008084539491,FALSE,FALSE,"Suppressed"
"K00350",34.5414538672468,-0.391803873226357,0.443238707323407,-0.883956808719053,0.376719528802543,0.522065986404615,FALSE,FALSE,"Suppressed"
"K12573",3267.73524375329,-0.0129688075765327,0.0622328234352705,-0.208391759535412,0.834923090035326,0.901054110760795,FALSE,FALSE,"Suppressed"
"K07290",679.853870596894,-0.288216659174376,0.130392747487955,-2.21037338906445,0.0270792590801824,0.0647164581230535,FALSE,FALSE,"Suppressed"
"K18988",24.092046637979,-0.145496727889331,0.545681657154461,-0.266632982768828,0.789751758108996,0.86943970626476,FALSE,FALSE,"Suppressed"
"K17836",2248.62907141818,0.689025695318201,0.0614448621684519,11.2137235075771,0.0000000000000000000000000000349188023979129,0.00000000000000000000000000236633084249857,TRUE,TRUE,"Enriched"
"K17320",412.503678441298,1.78656322478699,0.152490286454159,11.7159149368118,0.000000000000000000000000000000105644532876455,0.00000000000000000000000000000776296392787345,TRUE,TRUE,"Enriched"
"K13592",285.15049882504,0.863567848059107,0.15538589687706,5.55756902920445,0.0000000273557810545843,0.000000288157009761502,TRUE,TRUE,"Enriched"
"K02554",684.275129415789,0.856883786252604,0.105574250846866,8.1164088722306,0.000000000000000480180982730083,0.0000000000000131919991606792,TRUE,TRUE,"Enriched"
"K22129",102.79081221581,-0.663561869178325,0.236433744096212,-2.80654469062717,0.00500759657306502,0.0154365899418505,TRUE,TRUE,"Suppressed"
"K03793",496.348466091263,-0.39793233001823,0.127217474772081,-3.12796909961585,0.00176018685613437,0.00621260395576594,FALSE,FALSE,"Suppressed"
"K07043",1159.25462046835,0.116209726822598,0.0828309074882059,1.40297541517512,0.160624170229415,0.273873864755159,FALSE,FALSE,"Enriched"
"K00376",1341.04917154246,-0.248116107283327,0.0763468422972297,-3.24985421554665,0.00115464183227689,0.00432831010144854,FALSE,FALSE,"Suppressed"
"K07659",326.329542062651,-0.114874183579611,0.143668601534683,-0.799577516259731,0.423955618471859,0.566543671573152,FALSE,FALSE,"Suppressed"
"K00027",3052.65578856152,0.00383134158183087,0.0661692033717971,0.0579021869177267,0.953826541138482,0.971345479112306,FALSE,FALSE,"Enriched"
"K09810",1400.80885303386,-0.175628446063599,0.0762653020399231,-2.30286173877161,0.021286623497467,0.0528058225319446,FALSE,FALSE,"Suppressed"
"K06197",47.4598245677506,0.0115222497820941,0.42358650977081,0.0272016448029199,0.978298903829771,0.986787467763616,FALSE,FALSE,"Enriched"
"K06992",45.8926435808404,-0.689786162490261,0.403556013604713,-1.70926993833851,0.0874009590766852,0.169386224788276,FALSE,FALSE,"Suppressed"
"K02862",94.6427907023045,-0.149171242202355,0.264184454827755,-0.564648068712497,0.572313163152074,0.700911241378414,FALSE,FALSE,"Suppressed"
"K13766",1077.73856529394,0.0201787185719377,0.0811982740040974,0.248511668744578,0.803738542853121,0.880031238217064,FALSE,FALSE,"Enriched"
"K19051",8.5415014703004,0.540054396009347,0.835117598894553,0.646680655184632,0.517838645629239,0.654162779555246,FALSE,FALSE,"Enriched"
"K07777",223.595469622153,0.0207255679664054,0.178933364131724,0.115828415047001,0.907788530128577,0.945746046188425,FALSE,FALSE,"Enriched"
"K07387",15.0649696386239,-0.85142291348683,0.647861421712981,-1.31420529908328,0.188777125723663,0.310003147492897,FALSE,FALSE,"Suppressed"
"K07343",170.925744747385,-0.317099801967723,0.192174194393367,-1.65006442706164,0.0989297595104855,0.187266481456999,FALSE,FALSE,"Suppressed"
"K02393",253.754403138984,-0.342752916771316,0.155436688379386,-2.20509662387256,0.0274473149506201,0.065493417012454,FALSE,FALSE,"Suppressed"
"K03608",90.4530745994974,0.0282491690999413,0.256730530440997,0.110034319063714,0.912382157480579,0.947769282302434,FALSE,FALSE,"Enriched"
"K03426",1662.02264593833,0.644548152862673,0.067974838950669,9.48215785153146,0.00000000000000000000249078112699464,0.0000000000000000000999425927206598,TRUE,TRUE,"Enriched"
"K18661",469.409998931551,-0.0534425423621063,0.155345412518444,-0.344023949569551,0.730828275016165,0.825582820767474,FALSE,FALSE,"Suppressed"
"K13873",24.025647187349,-0.214666680811172,0.487923225203315,-0.439959956244594,0.659966110057993,0.770655428918954,FALSE,FALSE,"Suppressed"
"K18118",503.577446356893,0.0150609278788701,0.146964099596358,0.102480319480985,0.918375433375927,0.951447557017119,FALSE,FALSE,"Enriched"
"K00763",2564.25521668801,0.126967865324989,0.0641059549998593,1.98059392961648,0.0476368302488125,0.103504463016568,FALSE,FALSE,"Enriched"
"K13954",132.811988073898,-0.100444522105994,0.217143161795283,-0.462572808075302,0.643670603211397,0.756989396256519,FALSE,FALSE,"Suppressed"
"K02394",441.834621376413,-0.173971603477064,0.138133791044494,-1.25944276314712,0.20787045173695,0.333281252666577,FALSE,FALSE,"Suppressed"
"K01615",57.981667519692,-0.295870355380509,0.32639057762883,-0.906491717775542,0.364675646656993,0.511417974008048,FALSE,FALSE,"Suppressed"
"K03480",6.9402329859203,6.18214005626914,1.47203095665046,4.19973508596335,0.0000267227451036028,0.000154366551138108,TRUE,TRUE,"Enriched"
"K03565",990.326035155965,0.218033412611562,0.0949196043835863,2.29703246265599,0.0216169179358496,0.053449234936445,FALSE,FALSE,"Enriched"
"K01637",1872.5633556418,0.0620524185562412,0.0686551033249596,0.903828201416194,0.3660865053302,0.512453889375463,FALSE,FALSE,"Enriched"
"K00364",79.6823384240141,-0.00628865822524029,0.275667205211978,-0.0228125003857624,0.981799836754267,0.988642919362091,FALSE,FALSE,"Suppressed"
"K22476",160.336803216551,0.991047999247402,0.214429589096157,4.62178752207088,0.00000380447575487449,0.0000269808111964878,TRUE,TRUE,"Enriched"
"K12370",102.838254222747,-0.015492009249933,0.242995544515265,-0.0637542934412109,0.949165872725185,0.969368297671603,FALSE,FALSE,"Suppressed"
"K13283",283.361683899908,0.908690143581531,0.158745248850989,5.72420371733142,0.0000000103919992467994,0.000000116723394854935,TRUE,TRUE,"Enriched"
"K01183",1713.55988940601,0.88088949035758,0.069660879149738,12.6453972604061,0.00000000000000000000000000000000000118623446320663,0.000000000000000000000000000000000111305292170727,TRUE,TRUE,"Enriched"
"K01166",151.922033891437,0.436921139820445,0.229477156464183,1.90398533149264,0.0569120945918984,0.119362745844563,FALSE,FALSE,"Enriched"
"K01736",2776.22915822003,0.0824835364584424,0.0527287167186369,1.56430009284274,0.117747110342949,0.214690471145485,FALSE,FALSE,"Enriched"
"K05601",19.3586349545961,1.58641148719133,0.579141987744404,2.73924446985783,0.00615805639880577,0.018465086517363,TRUE,TRUE,"Enriched"
"K06138",50.0664438449174,-0.369016596772378,0.37198564171287,-0.992018388325905,0.321188555435407,0.465519317085925,FALSE,FALSE,"Suppressed"
"K10525",48.8880028937845,-0.908006175916443,0.359015454676305,-2.52915623572561,0.0114337118102562,0.0313976624631934,TRUE,TRUE,"Suppressed"
"K15727",670.864439576979,-0.445033048268055,0.106659558537308,-4.17246287506794,0.0000301324708269143,0.000171434645124394,FALSE,FALSE,"Suppressed"
"K15357",8.97197185697555,0.135027786538496,1.04463399418217,0.129258464965242,0.897153135813486,0.939353987180506,FALSE,FALSE,"Enriched"
"K11384",101.050681641655,-0.119128099297406,0.274513256515348,-0.433961189377917,0.664316624449565,0.774549243455916,FALSE,FALSE,"Suppressed"
"K11710",79.3616747750595,0.0079098284201982,0.287522501797535,0.0275102935274543,0.978052729907976,0.986787467763616,FALSE,FALSE,"Enriched"
"K02303",363.480008415136,0.211196172587693,0.159549799203647,1.32370064795961,0.185602483185745,0.305860455268808,FALSE,FALSE,"Enriched"
"K00620",2274.28725409416,0.143035671302916,0.0543628028780022,2.63113128335028,0.00851011548781801,0.0244365321846526,FALSE,FALSE,"Enriched"
"K01009",78.6960886398629,-0.386373417131574,0.297237603410233,-1.29988067693548,0.193641868794346,0.315950175970229,FALSE,FALSE,"Suppressed"
"K01533",4506.54711419878,0.0631521056882306,0.0447282897990516,1.41190521640668,0.157977871596709,0.270344287000092,FALSE,FALSE,"Enriched"
"K07503",489.580351874582,0.052021549394702,0.119541713705519,0.435174867267278,0.663435503839095,0.774151958130966,FALSE,FALSE,"Enriched"
"K01604",289.536756823863,-0.0303471444112436,0.1548003851108,-0.196040496860019,0.844578469025907,0.906901079486856,FALSE,FALSE,"Suppressed"
"K18197",90.3706818636324,-1.28727248387366,0.289807849871822,-4.44181372051519,0.00000892037701661975,0.0000576328171868261,TRUE,TRUE,"Suppressed"
"K01908",1749.33150498148,-0.0595853701793764,0.0743581131912518,-0.801329775893057,0.422940757371993,0.565559236836612,FALSE,FALSE,"Suppressed"
"K02954",478.795944091564,-0.293715921818416,0.122739246559474,-2.39300737173822,0.0167109053316655,0.0431315326355598,FALSE,FALSE,"Suppressed"
"K02007",472.807944858422,0.475373534500334,0.134718537475364,3.52864233392724,0.000417697254679904,0.00177900527674074,FALSE,FALSE,"Enriched"
"K07282",10.5840163733287,-0.179435595097394,0.826258253318034,-0.217166478370205,0.828078607660649,0.896582891553755,FALSE,FALSE,"Suppressed"
"K10219",300.256173231471,-0.65839704845471,0.137962760919662,-4.77228089714808,0.00000182151218140664,0.0000138348727202978,TRUE,TRUE,"Suppressed"
"K02475",11.1582317208052,2.78062661653684,0.901528858837776,3.08434565269662,0.00204000431358955,0.00707332933972864,TRUE,TRUE,"Enriched"
"K02074",179.349183085352,0.119768019532366,0.189855931358341,0.630836332978774,0.528147544228436,0.664296117188953,FALSE,FALSE,"Enriched"
"K10037",53.3999553188745,1.50947364338479,0.377796522727665,3.995467275576,0.000064566775778268,0.000340356754945252,TRUE,TRUE,"Enriched"
"K21008",11.0884272602945,-2.24951954409357,0.787591160392253,-2.85620212265106,0.00428742100015406,0.0135909462993449,TRUE,TRUE,"Suppressed"
"K07316",291.181443850031,-0.349729758403602,0.173805012826227,-2.012196039209,0.0441992758605411,0.0974237020142538,FALSE,FALSE,"Suppressed"
"K03814",1073.21678718398,0.00723893863690053,0.0961931855506143,0.0752541731045136,0.940012482603975,0.964362679798426,FALSE,FALSE,"Enriched"
"K00527",14.0405144104873,0.722169407183749,0.715988818850465,1.00863224141294,0.313151038813287,0.456369936851192,FALSE,FALSE,"Enriched"
"K22343",6.1911216295379,6.0120874244903,1.50384024570602,3.99782320074016,0.0000639276702481471,0.000337571308089566,TRUE,TRUE,"Enriched"
"K19591",348.234178638058,-0.130020134489288,0.162512978788817,-0.800060004181246,0.423676032592354,0.566380809139966,FALSE,FALSE,"Suppressed"
"K11989",10.7721991689182,-3.32302646520601,1.03065143736512,-3.22420009785403,0.00126325096589047,0.00467226661065252,TRUE,TRUE,"Suppressed"
"K01633",718.32536954237,0.0743906582104829,0.0958305894908637,0.77627257231445,0.437588064018035,0.580722178578945,FALSE,FALSE,"Enriched"
"K03595",2217.10364559525,-0.0335063310845526,0.0586785694488994,-0.571014791247285,0.567989616464262,0.697436817156338,FALSE,FALSE,"Suppressed"
"K03187",117.135391897301,-0.416909663137973,0.239422517338991,-1.74131350623,0.0816286400172335,0.160081374747623,FALSE,FALSE,"Suppressed"
"K07507",836.365915458571,0.00276045829169033,0.0930896893294322,0.0296537491055689,0.976343198550578,0.985971990447576,FALSE,FALSE,"Enriched"
"K07675",637.175955072513,0.183158239710325,0.102564277188205,1.78578979671674,0.0741332994003674,0.147806143524956,FALSE,FALSE,"Enriched"
"K20480",12.3584681470361,7.00970794670287,1.35795659688533,5.16195286563698,0.000000244386832700973,0.00000220490427905804,TRUE,TRUE,"Enriched"
"K03548",15.5014406898929,0.14759429894008,0.714876130739794,0.206461361057532,0.836430543917112,0.901622092943883,FALSE,FALSE,"Enriched"
"K16244",10.9594553957933,-0.926749742762805,0.728501541760974,-1.27213147761172,0.203326408739859,0.328152359593649,FALSE,FALSE,"Suppressed"
"K12448",74.8653518956782,-0.00661391976473539,0.292452269072913,-0.0226153819414765,0.981957073950973,0.988642919362091,FALSE,FALSE,"Suppressed"
"K11616",9.64233824398521,6.653523487489,1.39682295433993,4.76332628041121,0.00000190427554681199,0.0000144096483374769,TRUE,TRUE,"Enriched"
"K19169",6.86156979908567,0.506925585880556,1.11291731964956,0.455492584157265,0.6487549015056,0.761793635787958,FALSE,FALSE,"Enriched"
"K08168",12.4457574681931,2.30546017716639,0.837514987463625,2.75273900966043,0.0059098989599004,0.0177997401266334,TRUE,TRUE,"Enriched"
"K03394",135.871883764098,1.30102022489718,0.215803937171753,6.0287140352853,0.00000000165269418274258,0.0000000209124104160726,TRUE,TRUE,"Enriched"
"K04780",172.40960435162,0.247267283153518,0.210013228890204,1.17738908382191,0.239040244882642,0.372199758371006,FALSE,FALSE,"Enriched"
"K01095",265.339642374476,-0.515651994115131,0.162795951343347,-3.16747431284447,0.00153769293938112,0.00553297300134835,TRUE,TRUE,"Suppressed"
"K06338",11.3216034285321,-1.01870425950378,0.778896546831302,-1.30788134014467,0.19091355949855,0.312334173653878,FALSE,FALSE,"Suppressed"
"K15229",18.4545577199256,0.0463740904358635,0.567766027298787,0.0816781705951898,0.934902637689083,0.961186562302594,FALSE,FALSE,"Enriched"
"K14379",81.0551879015281,0.422109355903493,0.272991596911066,1.54623571084134,0.12204765194939,0.220946461632333,FALSE,FALSE,"Enriched"
"K06079",85.6285163991222,-0.523795838123821,0.309351705393244,-1.69320494761126,0.0904164631749815,0.174013887315939,FALSE,FALSE,"Suppressed"
"K18199",139.456014356767,0.702274230065893,0.23011409758609,3.05185226560558,0.00227434007865718,0.00777533640119404,TRUE,TRUE,"Enriched"
"K03332",195.089077383983,-0.544434497865172,0.184554623881112,-2.94999109974015,0.00317783083761255,0.010448296646145,TRUE,TRUE,"Suppressed"
"K02029",2419.27030875719,0.388180967994973,0.0611851364211699,6.34436712411518,0.000000000223341655628432,0.0000000032823150787417,FALSE,FALSE,"Enriched"
"K11781",24.848765127813,-0.674493082684717,0.489887257227664,-1.37683328711541,0.168563796798279,0.284075876394778,FALSE,FALSE,"Suppressed"
"K09693",308.527578228514,2.25775127042806,0.150990655913777,14.9529204755382,0.0000000000000000000000000000000000000000000000000149065818256876,0.00000000000000000000000000000000000000000000000259757835871053,TRUE,TRUE,"Enriched"
"K01857",803.055710212011,-0.212951004982641,0.098161974533101,-2.16938387797846,0.0300535519262459,0.0707708931267079,FALSE,FALSE,"Suppressed"
"K07478",3605.0956007098,-0.0295917961138363,0.0481968549568248,-0.61397774067094,0.539230036486559,0.673650961190398,FALSE,FALSE,"Suppressed"
"K01051",255.640052773018,0.0794531137525767,0.153759697564319,0.516735627158351,0.605340722191796,0.726514951528227,FALSE,FALSE,"Enriched"
"K23556",21.5957113750003,1.54002320335128,0.564759466177169,2.72686567571081,0.00639390617865244,0.0191065329659977,TRUE,TRUE,"Enriched"
"K15746",65.7496509881175,-0.206020258664302,0.305804821207604,-0.673698530489941,0.500502996325422,0.637811904427235,FALSE,FALSE,"Suppressed"
"K09818",55.0345706637116,0.212253207253815,0.326038440637146,0.65100669368627,0.515042165956356,0.651667790619408,FALSE,FALSE,"Enriched"
"K05591",365.375647574649,-0.157799693738047,0.323652823246853,-0.487558526927146,0.625862577690672,0.743403393147883,FALSE,FALSE,"Suppressed"
"K01823",573.854804794621,0.370125323451148,0.126595794339845,2.92367787872598,0.00345922516602626,0.011240178096747,FALSE,FALSE,"Enriched"
"K21308",420.583209486923,-0.570315780819303,0.135470181145784,-4.20989900504795,0.0000255484868960338,0.000148118081348774,TRUE,TRUE,"Suppressed"
"K13642",49.8648932262427,0.186139966911516,0.366482591804893,0.507909437102576,0.611516856190683,0.731445637557751,FALSE,FALSE,"Enriched"
"K01156",193.372880623047,-0.0819059977526237,0.174419249881036,-0.469592649942529,0.638646076932012,0.753041467756923,FALSE,FALSE,"Suppressed"
"K20807",195.346011386408,-0.271476149788822,0.211968912694799,-1.28073568117842,0.200286522426368,0.324047695529616,FALSE,FALSE,"Suppressed"
"K02036",3011.43551708318,-0.129740181206945,0.0561955329270397,-2.30872765946344,0.0209586984827939,0.0521530404106733,FALSE,FALSE,"Suppressed"
"K05828",97.723369412586,-0.0413815942811723,0.240953845454124,-0.171740750612138,0.863641347401668,0.918950423857503,FALSE,FALSE,"Suppressed"
"K00772",1195.53015927794,-0.0246105576214072,0.0727867727278719,-0.338118544057706,0.735273856533828,0.829412479846664,FALSE,FALSE,"Suppressed"
"K17829",826.066851368525,0.370459610718918,0.0897934909991547,4.12568446328037,0.0000369633772414946,0.000206257674104186,FALSE,FALSE,"Enriched"
"K01039",823.62817628325,-0.0906335161217651,0.0895096595214726,-1.01255570187956,0.311272427933983,0.454592786047923,FALSE,FALSE,"Suppressed"
"K06382",26.4382844266533,8.10823058033666,1.26533871897999,6.40795263648681,0.00000000014748670745104,0.00000000223206309862008,TRUE,TRUE,"Enriched"
"K03219",11.1166834641222,-0.0454334396382636,0.760166408921676,-0.0597677549350182,0.952340607482023,0.970814889231361,FALSE,FALSE,"Suppressed"
"K09857",66.4753206619267,0.00729955176858853,0.296347190142353,0.0246317563027411,0.980348689112429,0.987635720993839,FALSE,FALSE,"Enriched"
"K00566",2842.68005045142,0.0227785417242215,0.0565523638522488,0.402786730254702,0.68710512389959,0.791286659868505,FALSE,FALSE,"Enriched"
"K00271",557.830477536108,0.617042906021915,0.11012107825992,5.603313332671,0.0000000210292572235286,0.000000223834973483945,TRUE,TRUE,"Enriched"
"K00318",1618.58064685429,0.0430535232704571,0.0703769233430831,0.611756257950833,0.540699034293688,0.67493315803463,FALSE,FALSE,"Enriched"
"K14337",154.731991258076,-1.14920602775808,0.229840879309799,-5.0000070971234,0.000000573282041269106,0.00000477656717172169,TRUE,TRUE,"Suppressed"
"K12460",12.262033639134,-0.475952331744379,0.775555006733078,-0.613692552575045,0.539418510624797,0.673743910054965,FALSE,FALSE,"Suppressed"
"K09154",81.8221449338788,0.19042770378936,0.261978462377153,0.726883050085295,0.467297601394065,0.607945407615701,FALSE,FALSE,"Enriched"
"K00858",2346.05001665068,0.232502671153904,0.0601807520195643,3.86340587898135,0.000111816988509661,0.000558993289279034,FALSE,FALSE,"Enriched"
"K10541",7.1871615243557,6.23354096094022,1.50630636287107,4.13829557823742,0.0000349895424707521,0.000196683151639739,TRUE,TRUE,"Enriched"
"K02112",4739.7391083279,-0.017354520676566,0.0444288439521612,-0.390613825001894,0.6960827050889,0.798609559506622,FALSE,FALSE,"Suppressed"
"K06312",21.4414993978234,5.91997907577773,1.1315833668125,5.23158898354387,0.000000168059100613262,0.00000155773929276639,TRUE,TRUE,"Enriched"
"K04020",11.7403973393106,-0.896512335708996,0.744649344031921,-1.20393893165179,0.228613182897485,0.358988620620948,FALSE,FALSE,"Suppressed"
"K10010",66.544855509174,0.0693785174969194,0.288189612243005,0.240739133367578,0.809757306728313,0.883174144087264,FALSE,FALSE,"Enriched"
"K03152",51.2144306250255,-1.27010463419663,0.358528814181782,-3.54254549134412,0.000396285065278543,0.00170178724149799,TRUE,TRUE,"Suppressed"
"K09939",238.323856733347,-0.487547430899645,0.166775538418238,-2.92337494769154,0.0034625928003014,0.011245129653375,FALSE,FALSE,"Suppressed"
"K02773",13.2971129081512,0.778757895080258,0.722049584397052,1.07853797288805,0.280793745120653,0.419848259742796,FALSE,FALSE,"Enriched"
"K01941",336.478670853316,-0.897343966873955,0.148140566210623,-6.05738178155828,0.00000000138354950711311,0.0000000177274547140396,TRUE,TRUE,"Suppressed"
"K04654",1068.15346194956,-0.303174636474605,0.0865352273459935,-3.5034822900785,0.000459217190221082,0.00194093253164129,FALSE,FALSE,"Suppressed"
"K14058",854.553240599575,-0.359450412641425,0.0950117923283832,-3.7832189440136,0.000154813119504912,0.000743468673905873,FALSE,FALSE,"Suppressed"
"K16148",687.197562858526,0.27202956220758,0.107495950906416,2.53060287307383,0.0113866688651405,0.0313248955383364,FALSE,FALSE,"Enriched"
"K01308",22.3966648512706,1.35997302672495,0.51783798257847,2.62625197934157,0.00863308820646329,0.0247198145404787,TRUE,TRUE,"Enriched"
"K01956",3021.71580957976,-0.0298695098325604,0.0541294493771415,-0.55181625115836,0.581074251916858,0.706533465398906,FALSE,FALSE,"Suppressed"
"K05819",49.764818934927,-0.684140570769214,0.363939648861223,-1.87981873618307,0.0601327860577759,0.124660048323037,FALSE,FALSE,"Suppressed"
"K21721",81.0810058835764,0.218685996185295,0.272873656420583,0.801418499146843,0.422889409144879,0.565559236836612,FALSE,FALSE,"Enriched"
"K03420",12.8360385007585,1.24104221536778,0.676509810975538,1.83447777878961,0.0665831033723251,0.135498948104041,FALSE,FALSE,"Enriched"
"K02408",115.873764083561,-0.291131012377054,0.231813186736276,-1.25588633017785,0.209157185403096,0.334933274042469,FALSE,FALSE,"Suppressed"
"K13057",775.52076871562,-0.229159888087087,0.106200791321044,-2.1577983105073,0.0309435163085372,0.072420742411269,FALSE,FALSE,"Suppressed"
"K23537",3031.03203380448,-0.0622350744100723,0.0535321412786453,-1.16257397749376,0.245002393888827,0.379352526105091,FALSE,FALSE,"Suppressed"
"K00339",2367.15021554767,0.115695849204914,0.056454964957727,2.04934764004452,0.0404281333114185,0.0906178555921871,FALSE,FALSE,"Enriched"
"K02389",244.874246552608,-0.22771155595996,0.163642104618197,-1.39152179991359,0.164067253744429,0.27857633089846,FALSE,FALSE,"Suppressed"
"K06401",7.36903667959688,6.26605522772055,1.44267609790093,4.3433555437964,0.0000140322759062652,0.0000857543594712539,TRUE,TRUE,"Enriched"
"K02610",263.257138508831,0.212275152744464,0.160517171066426,1.32244513988238,0.186019965994742,0.306382871348078,FALSE,FALSE,"Enriched"
"K02470",9113.08993915309,0.014403643864241,0.0388187499985402,0.371048626366966,0.71060131411559,0.809934108538775,FALSE,FALSE,"Enriched"
"K22112",34.3010944015197,1.97339467782113,0.447352139872377,4.41127805577081,0.0000102762252805799,0.0000648806397373258,TRUE,TRUE,"Enriched"
"K18929",1337.80460181148,-0.0250083953792103,0.0767541917342867,-0.325824490026372,0.744557148606421,0.836135895663886,FALSE,FALSE,"Suppressed"
"K03210",775.161121528425,0.0641982460089204,0.0965571935811045,0.664872741511447,0.506131891735755,0.644043064405668,FALSE,FALSE,"Enriched"
"K05805",66.387699176607,0.146919655977571,0.319822384747878,0.459378902115906,0.645962096164223,0.758952576479598,FALSE,FALSE,"Enriched"
"K16289",7.04883608627094,-1.84166709899444,1.02263682493569,-1.80090043120661,0.0717185750298743,0.14390798077358,FALSE,FALSE,"Suppressed"
"K23359",152.023565921493,-0.803806715236051,0.195809508759256,-4.10504433788411,0.0000404237341037017,0.000222512955143029,TRUE,TRUE,"Suppressed"
"K01696",3669.68327307434,-0.0524486810403094,0.054326016941702,-0.965443152156595,0.334322896548593,0.480303564740877,FALSE,FALSE,"Suppressed"
"K11073",219.232906766628,-0.109875717834952,0.176414198940727,-0.622828085804299,0.533397499848503,0.668952041015749,FALSE,FALSE,"Suppressed"
"K05847",1517.81202938511,0.151434883416828,0.0739162219620042,2.0487367914268,0.0404878595160779,0.090692825732195,FALSE,FALSE,"Enriched"
"K06976",462.388430656652,0.465794183010282,0.12980275488027,3.58847686584103,0.000332615501134558,0.00145629715823379,FALSE,FALSE,"Enriched"
"K15719",14.0066050288117,-1.41669912361621,0.681725073705795,-2.0781091649089,0.0376993057259419,0.0852532686772411,TRUE,FALSE,"Suppressed"
"K11177",1383.47124941724,0.0371287460968863,0.0683104490620671,0.543529527424874,0.586765266439468,0.711892054906369,FALSE,FALSE,"Enriched"
"K00925",1868.05324899255,0.0152310304737987,0.0627509483419357,0.242721916978902,0.808220827795369,0.882761251562312,FALSE,FALSE,"Enriched"
"K01975",1105.06971216538,0.118367842484641,0.0797966955921855,1.48336772100915,0.137976738666141,0.243495407732868,FALSE,FALSE,"Enriched"
"K01139",2789.06477002173,0.190930376879596,0.061552428403447,3.10191460892717,0.00192273412218211,0.00671251025254074,FALSE,FALSE,"Enriched"
"K07481",798.757678665886,-0.257258447196397,0.0973707886174529,-2.64204953918064,0.00824060017061475,0.0237858118507238,FALSE,FALSE,"Suppressed"
"K02913",151.87272227539,0.090819176964617,0.199743596675279,0.454678790591023,0.64934034160073,0.762187594962058,FALSE,FALSE,"Enriched"
"K08304",764.500893837552,0.282787055825775,0.111754760372947,2.53042514593616,0.0113924390696186,0.0313266392631218,FALSE,FALSE,"Enriched"
"K07121",489.540987286194,-0.349825148411555,0.148568957591029,-2.35463150636442,0.0185410818442746,0.0471175242367628,FALSE,FALSE,"Suppressed"
"K22293",88.0807866509754,1.03813236441648,0.25589739956354,4.05683045700005,0.0000497431638426005,0.000268481023253116,TRUE,TRUE,"Enriched"
"K08139",7.16465563285814,-0.768580071472245,1.01575832014043,-0.756656437100108,0.449255719997712,0.592050699279613,FALSE,FALSE,"Suppressed"
"K07030",1207.86484525433,0.124797639151124,0.0819754860988135,1.52237754346089,0.127914508354987,0.228864789230497,FALSE,FALSE,"Enriched"
"K04066",4816.51904778369,-0.00887461450530385,0.049737974582428,-0.178427340071849,0.858387379523516,0.916544927821065,FALSE,FALSE,"Suppressed"
"K02793",299.373439966666,0.104157906247113,0.142072149761991,0.733133878959425,0.463476778630351,0.604392745962478,FALSE,FALSE,"Enriched"
"K20265",452.35527230674,-0.529227738558485,0.117025339561368,-4.52233456909526,0.00000611612841879741,0.0000407675051652955,TRUE,TRUE,"Suppressed"
"K06944",47.144697923402,-0.814526699269704,0.361028280017662,-2.25612990547404,0.0240624967384715,0.0585609779247601,TRUE,FALSE,"Suppressed"
"K19242",6.38277525841222,6.05936228048766,1.50617952209587,4.02300136975437,0.0000574611621347336,0.000307417217420825,TRUE,TRUE,"Enriched"
"K03499",2163.99422317573,0.242875170517496,0.0744868952196555,3.26064296009758,0.00111159915133887,0.00419272926655272,FALSE,FALSE,"Enriched"
"K10800",80.7284722869794,-0.899860761756771,0.301267837370798,-2.9869128069228,0.00281810085101246,0.00941655652594497,TRUE,TRUE,"Suppressed"
"K08869",9.12318923560629,0.190870437391239,0.849761199473502,0.224616559934131,0.822277581092282,0.892996967072974,FALSE,FALSE,"Enriched"
"K22757",297.461015434641,-0.878378470841835,0.140796518256528,-6.23863772853706,0.00000000044139789270857,0.00000000614631449230496,TRUE,TRUE,"Suppressed"
"K13020",180.125748030324,-0.27716777559198,0.182005089710163,-1.52285727851545,0.127794416038423,0.228836800768744,FALSE,FALSE,"Suppressed"
"K08167",901.678442005268,0.712996733955785,0.107630175505135,6.62450591211542,0.0000000000348411573861921,0.000000000575870511919744,TRUE,TRUE,"Enriched"
"K08970",348.783707474578,0.431848773615228,0.131029288891492,3.29581864687405,0.000981353424873948,0.00374547843448448,FALSE,FALSE,"Enriched"
"K22185",268.457339234346,-0.0389308151634769,0.161685365312429,-0.240781316776876,0.809724610723174,0.883174144087264,FALSE,FALSE,"Suppressed"
"K21563",305.522326383428,-0.359355430883176,0.155876636824029,-2.30538352767296,0.0211451032151394,0.052552560924668,FALSE,FALSE,"Suppressed"
"K17203",37.9212486556727,1.20447556748928,0.473972158707732,2.54123695951518,0.0110461027939846,0.0305118573100147,TRUE,TRUE,"Enriched"
"K15640",12.4847836998235,1.56442195023825,0.705715649667901,2.21678795273201,0.0266375851490448,0.0638610974151039,TRUE,FALSE,"Enriched"
"K22105",17.6923127364286,0.775812942043395,0.572667240382281,1.35473602702593,0.175501675124423,0.292854915618018,FALSE,FALSE,"Enriched"
"K13378",284.651490308948,-0.113672851239904,0.158077726680167,-0.719094673406417,0.472082589058066,0.611821442980269,FALSE,FALSE,"Suppressed"
"K09792",517.576929962182,-0.348412874929025,0.115075627900092,-3.02768606425955,0.00246433952452583,0.00835929185766576,FALSE,FALSE,"Suppressed"
"K06077",189.851831429631,-0.17570395922578,0.171451374396589,-1.02480344554926,0.305455940325514,0.447615516589455,FALSE,FALSE,"Suppressed"
"K03517",2435.7962537404,0.0118288964150137,0.054981812360415,0.21514198799911,0.829656618605955,0.897654021088828,FALSE,FALSE,"Enriched"
"K01858",2796.77174652051,0.279170047258857,0.0600765548625327,4.64690506800289,0.00000336952132452772,0.0000243780670916899,FALSE,FALSE,"Enriched"
"K22551",54.1179983418338,1.13360717896181,0.364029711508285,3.11405125220394,0.00184537431407079,0.00647207472197687,TRUE,TRUE,"Enriched"
"K19159",26.1627786028877,0.0454236595042331,0.507934979454935,0.0894280987558234,0.928741693351095,0.957735205069661,FALSE,FALSE,"Enriched"
"K01584",624.003171796903,-0.364981188358756,0.100286849022282,-3.63937237949975,0.00027330334352987,0.00122654679336915,FALSE,FALSE,"Suppressed"
"K01265",3432.37546020267,0.180730361726545,0.0493971022726537,3.65872396176157,0.000253474175395912,0.00114683901761103,FALSE,FALSE,"Enriched"
"K03495",2777.70311296333,-0.0107523876829649,0.0660776936877991,-0.162723410622763,0.870736213649906,0.923892508014877,FALSE,FALSE,"Suppressed"
"K03743",885.50026136095,0.366038691727518,0.113980659070947,3.21141055606353,0.00132085081265721,0.0048617194365699,FALSE,FALSE,"Enriched"
"K16885",115.838060355767,-0.649267558476124,0.262552571698909,-2.47290496632688,0.0134019776193494,0.0358235207898833,TRUE,TRUE,"Suppressed"
"K01120",10.7399841264834,-1.27156292827097,0.806292160470941,-1.57704984695408,0.114784055910598,0.210483450691143,FALSE,FALSE,"Suppressed"
"K05296",7.64799662464601,-1.04874619038561,0.888520560142152,-1.18032855673911,0.237869564604681,0.370945148177947,FALSE,FALSE,"Suppressed"
"K01676",2716.28163849869,-0.180750285053622,0.0552802852676243,-3.26970608379767,0.00107659283533067,0.00407328765675046,FALSE,FALSE,"Suppressed"
"K01083",670.765306902405,-0.121003403970869,0.144875028480247,-0.835226092724233,0.403590421055595,0.546999550670683,FALSE,FALSE,"Suppressed"
"K08312",181.910662611011,-0.217164084375731,0.208261962560844,-1.04274482822222,0.297066489930454,0.437634908716387,FALSE,FALSE,"Suppressed"
"K00406",1412.94648191683,-0.178755755033075,0.0769242901892009,-2.32378816357502,0.0201368504379836,0.0505410085684206,FALSE,FALSE,"Suppressed"
"K06969",2293.48276242282,-0.158874027018531,0.0555141727913532,-2.86186425970264,0.004211572380491,0.0133992592324542,FALSE,FALSE,"Suppressed"
"K07051",335.347247443499,0.598595766073434,0.141631411905016,4.22643365636203,0.0000237424229286121,0.00013830471579905,TRUE,TRUE,"Enriched"
"K13527",1200.5015926287,0.0761692008066086,0.088436302057975,0.861288848969233,0.389078975708072,0.533256780414277,FALSE,FALSE,"Enriched"
"K10009",59.304345766827,1.41632261227449,0.344479811986756,4.11148219138295,0.0000393127202313559,0.000217773188638546,TRUE,TRUE,"Enriched"
"K17322",87.3640687915764,0.297800926752188,0.277614766305623,1.07271284851016,0.283399973755484,0.422398934490395,FALSE,FALSE,"Enriched"
"K01874",5214.50467842397,-0.0318820439516845,0.042553035934122,-0.749230771713734,0.453718125235475,0.596642269472006,FALSE,FALSE,"Suppressed"
"K01962",2744.72297459341,0.13749729781773,0.0555110583498434,2.47693526128056,0.0132515935967693,0.0355103116637504,FALSE,FALSE,"Enriched"
"K02552",609.533272386616,-0.470961702853264,0.112899102138733,-4.17152744292452,0.0000302564608779894,0.000171979641094928,FALSE,FALSE,"Suppressed"
"K03077",396.661329382093,0.0458864831498014,0.12923039384913,0.355075008154594,0.722533398936491,0.820009527375076,FALSE,FALSE,"Enriched"
"K00875",33.2969299356977,2.02978517313043,0.442030097357867,4.59196146430526,0.00000439099459976252,0.0000303980432053934,TRUE,TRUE,"Enriched"
"K10206",713.670735341534,0.0356278862753518,0.0964382254839594,0.369437389547133,0.71180173316862,0.811150741890025,FALSE,FALSE,"Enriched"
"K09136",711.393696364816,0.794720766594666,0.102168139310549,7.77855769868769,0.0000000000000073356043933116,0.000000000000184875418160361,TRUE,TRUE,"Enriched"
"K08221",424.540589690567,0.973883271342614,0.145734171172643,6.68260067976034,0.0000000000234738581215955,0.000000000396584655633272,TRUE,TRUE,"Enriched"
"K21160",37.943176621102,0.366209350292987,0.395420110451065,0.926127277328517,0.3543798398263,0.501825549826004,FALSE,FALSE,"Enriched"
"K10109",32.8448413311447,-0.502345244369952,0.451529765686099,-1.11254070616283,0.265905738265171,0.403824476513764,FALSE,FALSE,"Suppressed"
"K06169",130.143337533095,-0.688800334298816,0.219930724124112,-3.13189681451742,0.00173680904735743,0.00613719488982211,TRUE,TRUE,"Suppressed"
"K23301",47.8590088601716,-0.762992906293658,0.357459158846038,-2.13448973795154,0.0328027127964627,0.0760988000553921,TRUE,FALSE,"Suppressed"
"K20530",127.048428083001,0.492150359164133,0.292022237405772,1.68531808925317,0.0919272175134239,0.176475952034741,FALSE,FALSE,"Enriched"
"K03326",6.40922157816998,-1.22317593397729,0.931690169499182,-1.31285697114824,0.189231148433284,0.310363381269564,FALSE,FALSE,"Suppressed"
"K12253",16.4736075555117,-0.828269251436565,0.665393862974778,-1.24478041882385,0.213212475760119,0.340271564811067,FALSE,FALSE,"Suppressed"
"K04524",31.9713556774154,-0.25294256682539,0.45040474552283,-0.561589479994876,0.57439574960944,0.702615258096265,FALSE,FALSE,"Suppressed"
"K00077",2715.12310217558,0.260547947396084,0.0535570785826728,4.86486481882861,0.00000114535061816746,0.00000901353989703653,FALSE,FALSE,"Enriched"
"K01785",1922.39109688308,0.146581811898432,0.0614170844099475,2.38666184347056,0.0170021219723264,0.0438460642322277,FALSE,FALSE,"Enriched"
"K01305",104.667919531641,0.159848066434487,0.271199931603807,0.589410423111786,0.555585986149123,0.687384208985631,FALSE,FALSE,"Enriched"
"K14253",61.4581614817111,4.45605943511224,0.977923144124272,4.55665607454523,0.00000519744225897463,0.0000354289449481006,TRUE,TRUE,"Enriched"
"K20532",28.6869804831965,0.978926324103965,0.460180508554626,2.12726594435444,0.0333979926765407,0.0773033614171619,TRUE,FALSE,"Enriched"
"K00969",1614.47347663946,-0.0137902771590603,0.0707440932088408,-0.194931852732221,0.845446297614868,0.907318753537399,FALSE,FALSE,"Suppressed"
"K01770",751.504810113244,-0.11850992456502,0.106678835655249,-1.11090380614956,0.266609757010394,0.404390178564136,FALSE,FALSE,"Suppressed"
"K08159",27.5913297054504,3.16310162381774,0.554813445439458,5.70119857371571,0.0000000118967952239594,0.000000132164943662893,TRUE,TRUE,"Enriched"
"K13063",646.683431197513,0.655796809112876,0.108260806529733,6.05756441443808,0.00000000138198008557404,0.0000000177274547140396,TRUE,TRUE,"Enriched"
"K15023",8.22195503735036,0.97137676296341,0.850007801725621,1.14278570266225,0.253127576350379,0.388481401147701,FALSE,FALSE,"Enriched"
"K14201",20.5849335273435,-0.0769879747475754,0.56837817587961,-0.135452024751708,0.892254493295161,0.936902396786619,FALSE,FALSE,"Suppressed"
"K20975",104.028891264062,-0.619046593590831,0.235843380900579,-2.62482072308738,0.00866946010366801,0.0248123121409062,TRUE,TRUE,"Suppressed"
"K06204",1018.40541790754,0.38950580621324,0.0782909848563416,4.97510418253079,0.000000652125572537539,0.0000053747484687925,FALSE,FALSE,"Enriched"
"K13245",17.7832574908286,-0.0383840243632545,0.640587014212723,-0.0599200787896523,0.952219288065176,0.970814889231361,FALSE,FALSE,"Suppressed"
"K15855",233.07517968496,-0.268361929950505,0.179849889880354,-1.49214397700791,0.135661405250353,0.239964881270854,FALSE,FALSE,"Suppressed"
"K09748",1427.21266559763,0.0816832557322453,0.0775673430531827,1.0530624424797,0.2923123746171,0.432616639842196,FALSE,FALSE,"Enriched"
"K03446",2093.35085876697,0.00719637320161007,0.0794162616632078,0.090615864445103,0.927797825791101,0.957468517681882,FALSE,FALSE,"Enriched"
"K22103",8.19855669976657,4.49398926008024,1.30433597437362,3.44542307225589,0.000570166231686253,0.00233228963585141,TRUE,TRUE,"Enriched"
"K01990",29268.7603755653,0.298666258783188,0.0341670386059287,8.74135631793865,0.00000000000000000230328324055871,0.0000000000000000739353920219345,FALSE,FALSE,"Enriched"
"K02073",97.9168430534172,2.31691880343938,0.2773074113123,8.35505546885687,0.0000000000000000654019726026611,0.00000000000000192698855509,TRUE,TRUE,"Enriched"
"K05846",1222.01983225117,0.227792801282815,0.0854914647680983,2.66450928055472,0.00771007389381184,0.0225101678690083,FALSE,FALSE,"Enriched"
"K20470",254.299261498266,0.37068167558111,0.167364922084315,2.21481103067923,0.0267730377791241,0.064059928369901,FALSE,FALSE,"Enriched"
"K07301",1206.18993099479,-0.138079838978661,0.0827459875931631,-1.66871945087607,0.0951729924845662,0.181791444147626,FALSE,FALSE,"Suppressed"
"K21142",245.352626093754,-0.114044190021067,0.155717786586449,-0.73237741507296,0.463938239846454,0.604846165168082,FALSE,FALSE,"Suppressed"
"K19540",8.28254803868506,6.43565433029458,1.41656839259076,4.54312997801993,0.0000055425052582424,0.0000376853283946716,TRUE,TRUE,"Enriched"
"K06416",61.4659444699899,-0.00474025402938343,0.306690797797008,-0.0154561338763118,0.987668280404023,0.99255047655036,FALSE,FALSE,"Suppressed"
"K15667",12.9073246965363,0.187175109315354,0.798013666896517,0.234551257803992,0.814557044789095,0.887139895744409,FALSE,FALSE,"Enriched"
"K22108",150.037591614718,-0.390449016332293,0.202996716481356,-1.92342528046829,0.0544266619587787,0.115060038574208,FALSE,FALSE,"Suppressed"
"K18012",447.86106704819,0.462625586389362,0.126136183302282,3.66766755008506,0.000244773152176376,0.00111242284286417,FALSE,FALSE,"Enriched"
"K00119",90.3980236220879,-0.503056475300215,0.252107845282969,-1.9954019072099,0.0459990631002207,0.100663181143971,FALSE,FALSE,"Suppressed"
"K00573",2548.37888751666,-0.000629893342118498,0.0706176606032138,-0.00891977073069215,0.992883147020415,0.995845951742929,FALSE,FALSE,"Suppressed"
"K23367",20.0335255179964,5.84140673855001,1.14164243540085,5.11666924547965,0.000000310978246632785,0.00000274083284134878,TRUE,TRUE,"Enriched"
"K03070",10090.5133601381,0.0546347692065057,0.0352605088215189,1.54946060146367,0.121271035492472,0.21973619889144,FALSE,FALSE,"Enriched"
"K09694",1346.163777987,-0.0572855288788054,0.0877279232628582,-0.652990823767267,0.513762194300152,0.650495250786097,FALSE,FALSE,"Suppressed"
"K00245",277.832780055872,-0.372207462971804,0.143258848069514,-2.59814641809208,0.00937285184225454,0.0264408063764618,FALSE,FALSE,"Suppressed"
"K01890",5552.36684476243,0.0626723562806957,0.0405955033803609,1.54382508066189,0.122630713641355,0.221673006075466,FALSE,FALSE,"Enriched"
"K10563",3410.38008203001,-0.0208027686804082,0.0516740228904006,-0.402576914217235,0.687259495618877,0.791315020536064,FALSE,FALSE,"Suppressed"
"K21469",54.2255292103442,0.299626982312444,0.349847857209362,0.856449385462825,0.391749257961967,0.535352615798798,FALSE,FALSE,"Enriched"
"K11906",41.4605115070701,-0.75048892575235,0.41346923474504,-1.81510221967332,0.0695082021554237,0.14023503967778,FALSE,FALSE,"Suppressed"
"K16877",220.488089816079,-0.114143987511889,0.204057261825584,-0.559372337405233,0.575907636288772,0.703195330075119,FALSE,FALSE,"Suppressed"
"K03418",135.651605195956,-0.181130406909603,0.251052280694828,-0.721484809491852,0.470611283441936,0.610906674500104,FALSE,FALSE,"Suppressed"
"K22144",5.99152169396196,0.520734968653353,1.03591757176718,0.502679926323701,0.615189325137734,0.734254343251475,FALSE,FALSE,"Enriched"
"K08988",385.625356969898,0.51725783138566,0.137463649538216,3.76286991596174,0.000167974585128129,0.000795401393397872,TRUE,TRUE,"Enriched"
"K16879",16.0522669438188,-0.19228576377278,0.673423286081169,-0.285534770993356,0.775234469244241,0.858260124872141,FALSE,FALSE,"Suppressed"
"K02451",169.499293862515,-0.568209036074062,0.228776478328225,-2.48368643588811,0.0130030248974818,0.0349517183119179,TRUE,TRUE,"Suppressed"
"K02663",514.396317730826,-0.704917232161807,0.112222841382301,-6.28140602642933,0.00000000033552458901778,0.00000000477008034596607,TRUE,TRUE,"Suppressed"
"K01312",7.49705663193527,2.15046549009757,0.999676595446013,2.1511611854213,0.0314634794978457,0.073466983712619,TRUE,FALSE,"Enriched"
"K21613",13.7062060733008,4.2093201735481,0.967991537446242,4.34850926967103,0.0000137066026221339,0.000084016652655673,TRUE,TRUE,"Enriched"
"K00798",1426.06597088773,0.100150700690353,0.0704878208062553,1.42082276831383,0.155368289843777,0.267228200721149,FALSE,FALSE,"Enriched"
"K22086",225.624454509365,0.220458601353485,0.172886721991934,1.27516213398835,0.202251860840361,0.326763999805394,FALSE,FALSE,"Enriched"
"K15228",7.31947867227426,-0.677810066579301,0.905462618620257,-0.748578740458824,0.454111149743177,0.596901703078369,FALSE,FALSE,"Suppressed"
"K00073",32.445762468153,-0.0401803311317019,0.446775603176224,-0.0899340314154381,0.928339637558426,0.957703560464959,FALSE,FALSE,"Suppressed"
"K03383",9.40592305896718,1.28395059728421,0.823905307001979,1.55837155844553,0.119145194729911,0.216785961413403,FALSE,FALSE,"Enriched"
"K03590",2442.6902642347,-0.0511350621865104,0.0617340716934386,-0.828311834677596,0.407493922248449,0.551106715989432,FALSE,FALSE,"Suppressed"
"K11903",184.695590606866,-0.317402874706046,0.195044849423113,-1.62733276805223,0.103666442065286,0.194542040048054,FALSE,FALSE,"Suppressed"
"K20024",17.5370502813617,0.0701819394563925,0.662261214050856,0.105973199044997,0.915603616486746,0.949220883384781,FALSE,FALSE,"Enriched"
"K01144",42.5168398868192,0.0149522891412612,0.405255640720599,0.036895943298097,0.970567974325888,0.982814888828422,FALSE,FALSE,"Enriched"
"K00972",14.6687858020173,-2.48906675869009,0.770854359832047,-3.22897150018378,0.0012423627504516,0.00460618262310291,TRUE,TRUE,"Suppressed"
"K09976",4.22347402069542,5.46074017962095,1.6244075961779,3.36168101680245,0.000774695603327896,0.0030581673040109,TRUE,TRUE,"Enriched"
"K11630",5.14958529879217,5.74826986981419,1.54588089318432,3.71844292478024,0.000200454570274849,0.000933974349966617,TRUE,TRUE,"Enriched"
"K00413",810.457982200941,0.0258160850893138,0.11783016572623,0.21909572077914,0.826575484120689,0.895395013839679,FALSE,FALSE,"Enriched"
"K03606",508.619360061969,-0.723266900831681,0.117781495551379,-6.14075154544267,0.000000000821319610797885,0.0000000108190676161043,TRUE,TRUE,"Suppressed"
"K01518",16.6579284448022,-1.01933072329248,0.591198830267355,-1.72417581210624,0.0846761092808854,0.165366503523573,FALSE,FALSE,"Suppressed"
"K02899",492.361720111506,-0.16209871513041,0.124994998736941,-1.29684160781149,0.194685691176082,0.317144238911038,FALSE,FALSE,"Suppressed"
"K12527",80.9793423517395,-0.475144325296831,0.289439726565354,-1.64160024242403,0.100672877400393,0.189858960811688,FALSE,FALSE,"Suppressed"
"K00938",89.4145447863899,-0.954017622032874,0.266669897496519,-3.57752273874605,0.000346866052645507,0.00151542697355655,TRUE,TRUE,"Suppressed"
"K00483",672.949540233856,-0.0968366828695587,0.103557773494259,-0.935098154412588,0.349737717610843,0.497330459246568,FALSE,FALSE,"Suppressed"
"K14986",889.605263640291,0.436739323864341,0.0855453064665526,5.10535693778948,0.000000330170698153998,0.00000289742602595861,FALSE,FALSE,"Enriched"
"K21062",332.080882848217,0.440883387638581,0.139912443496412,3.1511377874684,0.00162635746361746,0.00581768573055889,FALSE,FALSE,"Enriched"
"K02834",935.662426916458,-0.00449385681451776,0.0869945914043699,-0.0516567379876449,0.958802209270872,0.974460035717889,FALSE,FALSE,"Suppressed"
"K23256",465.004945125503,-0.302900781354692,0.124375481641031,-2.43537373570873,0.0148764155128381,0.0391845651287627,FALSE,FALSE,"Suppressed"
"K08234",99.0414603208028,-0.408609555084777,0.264934479606902,-1.54230417909762,0.122999693894044,0.222274113499193,FALSE,FALSE,"Suppressed"
"K16924",45.4513646586731,-0.211135413472233,0.357875533946735,-0.589968839567719,0.555211540475367,0.687141880145954,FALSE,FALSE,"Suppressed"
"K01609",1778.90801170579,-0.0462684814885011,0.0640414736914832,-0.722476839171398,0.470001359967162,0.610421272240145,FALSE,FALSE,"Suppressed"
"K18353",370.986339467899,3.08622219955715,0.160546496469319,19.2232298270485,0.000000000000000000000000000000000000000000000000000000000000000000000000000000000236575283098118,0.000000000000000000000000000000000000000000000000000000000000000000000000000000144287265161542,TRUE,TRUE,"Enriched"
"K15724",218.898958654625,-0.255130094039267,0.166260402601348,-1.53452108889094,0.124901509170772,0.22471218419839,FALSE,FALSE,"Suppressed"
"K13582",395.193142091558,0.264394498650515,0.142501669873157,1.8553782484504,0.063542231300496,0.130354547158333,FALSE,FALSE,"Enriched"
"K11102",426.608573350154,-0.334822279117554,0.121089942979125,-2.76507091241487,0.00569104226551951,0.0172599039171574,FALSE,FALSE,"Suppressed"
"K03529",7483.9521873249,-0.0126794904011975,0.0432590074271591,-0.293106364554194,0.76944085210435,0.853860945593965,FALSE,FALSE,"Suppressed"
"K18907",22.0756910324244,4.94894321334639,0.892666436662783,5.54400054722336,0.000000029563790913325,0.000000310878553069602,TRUE,TRUE,"Enriched"
"K15372",1102.69506268588,-0.212563589541138,0.0808018334287537,-2.63067780174276,0.00852147816501308,0.0244576448604305,FALSE,FALSE,"Suppressed"
"K00294",3229.63186644075,0.00357002075382741,0.0502101186962107,0.0711016194848556,0.943316879272477,0.966252752475576,FALSE,FALSE,"Enriched"
"K16359",11.6218928433843,-5.13523323783945,1.22805673857872,-4.18159281775748,0.0000289474034240348,0.000165464117603738,TRUE,TRUE,"Suppressed"
"K09125",1053.62990985848,0.276018103676375,0.0844783364389399,3.26732408936435,0.00108569314928963,0.00409755106282021,FALSE,FALSE,"Enriched"
"K01479",447.550285966112,0.3500584289749,0.114848412704802,3.04800406667061,0.00230366809854937,0.00786678148547177,FALSE,FALSE,"Enriched"
"K03073",569.800510291581,-0.00660879957231981,0.103597700261278,-0.0637929177544689,0.949135117587293,0.969368297671603,FALSE,FALSE,"Suppressed"
"K16647",52.6854211760239,3.41195395008629,0.431016048758172,7.91607170989734,0.00000000000000245132269445195,0.000000000000063891526125908,TRUE,TRUE,"Enriched"
"K07258",2741.44332078389,0.768916003418814,0.0556175389875815,13.8250634137282,0.000000000000000000000000000000000000000000179953818802662,0.0000000000000000000000000000000000000000238595291495094,TRUE,TRUE,"Enriched"
"K12942",252.199981550298,0.0548691778471382,0.16653174099743,0.329481800397349,0.741791547902867,0.834117977831039,FALSE,FALSE,"Enriched"
"K03284",4072.38906816085,0.117601934563274,0.0453369111721324,2.59395559871227,0.0094878739070986,0.0266912098521192,FALSE,FALSE,"Enriched"
"K07100",1149.99864692029,-0.129979851654277,0.0879237207178468,-1.47832519589782,0.139320756841312,0.245087192378183,FALSE,FALSE,"Suppressed"
"K07460",827.028032339607,0.148774517679408,0.0947604259737433,1.57000684780196,0.1164135181784,0.21270402857102,FALSE,FALSE,"Enriched"
"K01627",1201.60216141736,-0.126810369283602,0.0807155556593094,-1.57107720126283,0.116164717571015,0.212381631884945,FALSE,FALSE,"Suppressed"
"K12258",7.27883147210093,0.169819821114423,0.894553336774417,0.189837558179325,0.849436423844846,0.909694951541654,FALSE,FALSE,"Enriched"
"K18594",12.5670112313271,-0.346925159954704,0.717982613952993,-0.483194374366031,0.628957729385134,0.745870735275118,FALSE,FALSE,"Suppressed"
"K03040",3135.33119592045,-0.01269466257225,0.0506770994141889,-0.250500970240922,0.802199954470719,0.878825173130594,FALSE,FALSE,"Suppressed"
"K07072",60.1152444688528,-0.27094932311757,0.34480524290315,-0.785803953664576,0.431982349978384,0.575127778327475,FALSE,FALSE,"Suppressed"
"K03818",49.7706020535488,-0.413088527485291,0.389416070838855,-1.06078962430965,0.288785518558731,0.428749483371398,FALSE,FALSE,"Suppressed"
"K06373",34.741817151658,-0.651516052690657,0.408697737604799,-1.59412688826934,0.110907617652857,0.205163955130353,FALSE,FALSE,"Suppressed"
"K12658",322.168935208254,-0.233593179887078,0.148322297144062,-1.57490265715204,0.115278915248435,0.211239991464828,FALSE,FALSE,"Suppressed"
"K02782",15.0472198318341,-1.02867870173972,0.766143406646,-1.34267121901243,0.179378458060098,0.29766092242901,FALSE,FALSE,"Suppressed"
"K16142",11.8353675368821,-1.13383280459172,0.785376055573841,-1.44368140146987,0.148828615412444,0.258017545594228,FALSE,FALSE,"Suppressed"
"K03071",635.237725172471,0.292048903121868,0.119923507057507,2.43529321554798,0.0148797266499778,0.0391845651287627,FALSE,FALSE,"Enriched"
"K12137",386.920296803156,-0.399531822133773,0.135448521114324,-2.94969497523382,0.00318087797228669,0.0104526803625951,FALSE,FALSE,"Suppressed"
"K06041",1367.44857988977,-0.237612665970988,0.0792515911089619,-2.99820688324475,0.00271573252349084,0.0091207338440367,FALSE,FALSE,"Suppressed"
"K03886",203.429797919883,-0.0821882479389782,0.213075284549712,-0.385723985363506,0.69970109720696,0.801404129927747,FALSE,FALSE,"Suppressed"
"K17947",547.710670971405,0.969706268289165,0.109598932232111,8.84777112823966,0.000000000000000000892845222666199,0.0000000000000000297566284865637,TRUE,TRUE,"Enriched"
"K21935",7.45926189422874,6.28189848884829,1.47272144236223,4.26550351488887,0.0000199451873804866,0.000118217393424283,TRUE,TRUE,"Enriched"
"K03549",4726.11821895577,0.0142932565561248,0.0526722896594187,0.271361975120991,0.786112644610659,0.86699837603624,FALSE,FALSE,"Enriched"
"K12506",677.852982300015,0.509194807324481,0.102325229151039,4.97623911081476,0.000000648315547443007,0.00000535057716353843,TRUE,TRUE,"Enriched"
"K02961",807.936603807728,0.013341545775585,0.0893361231443355,0.149340997862978,0.881284566364283,0.930712625622335,FALSE,FALSE,"Enriched"
"K07139",33.2001798998305,0.33108494359394,0.473086719394382,0.699839860264468,0.484027318575913,0.622145967543623,FALSE,FALSE,"Enriched"
"K03093",7.48439564845496,4.34997301863516,1.33921017706853,3.24816305395548,0.00116152688049598,0.00434877375331183,TRUE,TRUE,"Enriched"
"K00103",12.7792844766752,0.696027398065066,0.771733837781376,0.901900841961322,0.367109544069439,0.513179259518567,FALSE,FALSE,"Enriched"
"K00261",2262.69947767848,-0.167526217013501,0.0598005520735836,-2.80141589340785,0.0050878901701276,0.015664332229989,FALSE,FALSE,"Suppressed"
"K02168",158.817836485474,0.300872473474816,0.1973118916562,1.52485727519688,0.127294700422802,0.228209987618656,FALSE,FALSE,"Enriched"
"K05800",133.069580996407,0.471943942929297,0.227510914199031,2.07437935270407,0.0380440933411811,0.0858061819632703,FALSE,FALSE,"Enriched"
"K05349",8330.6907850636,0.0921912357781653,0.0467566415512612,1.9717249297534,0.0486410161434927,0.105139029714344,FALSE,FALSE,"Enriched"
"K00754",695.622376207234,-0.0139544392453447,0.0987394718580109,-0.141325844495213,0.887612533559811,0.934659675790968,FALSE,FALSE,"Suppressed"
"K03862",101.454854202628,0.398386397853606,0.259956368632043,1.5325125518179,0.125396002601902,0.22546881481987,FALSE,FALSE,"Enriched"
"K09781",559.514566248181,0.316534218181294,0.126499484197383,2.5022569869723,0.0123404312299489,0.0334656692180783,FALSE,FALSE,"Enriched"
"K01799",459.203751112194,0.114346065817538,0.125857463174013,0.908536235625857,0.363594978191329,0.510606901217802,FALSE,FALSE,"Enriched"
"K21393",94.1064084941016,-0.763492333749223,0.289810269761063,-2.63445575748124,0.00842722856503632,0.0242425159117987,TRUE,TRUE,"Suppressed"
"K12940",14.6369957297729,-0.624147231640637,0.730933257402615,-0.853904546440472,0.39315788028207,0.536916684245487,FALSE,FALSE,"Suppressed"
"K11896",289.796203978652,-0.643297209756352,0.157894716631865,-4.07421618328252,0.0000461695795565313,0.000250969933792589,TRUE,TRUE,"Suppressed"
"K07484",1703.07139001903,-0.284526455433983,0.0902200640512606,-3.1536937866983,0.00161218151247722,0.00578053794509028,FALSE,FALSE,"Suppressed"
"K22084",201.212532882992,-0.0673552964228787,0.193716528358733,-0.347700307214608,0.728065265922095,0.823682073244084,FALSE,FALSE,"Suppressed"
"K16901",12.2952062256369,5.12496828467322,1.21696963028968,4.21125405031947,0.0000253956948222969,0.000147372352731864,TRUE,TRUE,"Enriched"
"K12429",302.443740347596,2.44580624680956,0.166184330840765,14.7174299432182,0.00000000000000000000000000000000000000000000000049823865318543,0.0000000000000000000000000000000000000000000000799673038362614,TRUE,TRUE,"Enriched"
"K16168",311.871838508557,0.489128006422579,0.150485788355731,3.25032690307165,0.00115272418518604,0.00432580740910808,FALSE,FALSE,"Enriched"
"K22822",292.947215691027,-1.03979943594843,0.156707169217455,-6.63530227200744,0.0000000000323838210003729,0.000000000538171455807287,TRUE,TRUE,"Suppressed"
"K05713",126.627618215947,0.285383840843512,0.223187856947489,1.27867100274482,0.201012935053238,0.32493450593419,FALSE,FALSE,"Enriched"
"K11607",36.2585855937967,0.255144959782753,0.42484937869026,0.600553920001771,0.548137137312434,0.680734758800353,FALSE,FALSE,"Enriched"
"K14627",22.6832837702757,-0.871501299264482,0.525940340405027,-1.65703451952999,0.097512496266751,0.185219188903654,FALSE,FALSE,"Suppressed"
"K07086",8.91094136891254,0.3401807168041,0.950230439062166,0.357998126370108,0.72034471569542,0.81813452905519,FALSE,FALSE,"Enriched"
"K19405",227.197691252913,0.313375395785739,0.185929398846828,1.68545371377177,0.0919010678582222,0.176475952034741,FALSE,FALSE,"Enriched"
"K02027",10097.2363998655,0.659406652597996,0.0437168373307738,15.0835854755169,0.00000000000000000000000000000000000000000000000000207677841024443,0.000000000000000000000000000000000000000000000000436767983588992,TRUE,TRUE,"Enriched"
"K03563",109.186298757465,-0.767961531589258,0.237135201497933,-3.23849654854365,0.00120161474860387,0.00446868801935059,TRUE,TRUE,"Suppressed"
"K22447",38.5893728112196,-1.71028437191897,0.415113683384515,-4.12003853492528,0.0000378809038892521,0.000210414966138933,TRUE,TRUE,"Suppressed"
"K07137",456.55517284462,-0.373669047921912,0.114182463160591,-3.2725607556422,0.00106577963986046,0.00403989435892415,FALSE,FALSE,"Suppressed"
"K01104",1785.5108649342,0.464101657605673,0.066263555203647,7.00387499854716,0.00000000000248978272603897,0.0000000000473058717947404,FALSE,FALSE,"Enriched"
"K01682",213.280829453264,-0.371804970901756,0.192783026054704,-1.92861881313271,0.0537782017504751,0.114084609556921,FALSE,FALSE,"Suppressed"
"K20814",933.809483852481,0.020304393364386,0.0904943331974803,0.224371987139537,0.822467866063793,0.893044599452212,FALSE,FALSE,"Enriched"
"K11901",107.623902400299,-0.830205285525993,0.269891410685666,-3.07607153342463,0.00209747517909045,0.00723967239234445,TRUE,TRUE,"Suppressed"
"K12979",87.8044777455129,-0.776952568853715,0.253501886161639,-3.06487884811362,0.00217758187433694,0.00746127632111294,TRUE,TRUE,"Suppressed"
"K03225",55.6913369551917,-0.630907322114815,0.329385341375173,-1.9154080126359,0.0554404900941307,0.116919622781502,FALSE,FALSE,"Suppressed"
"K22935",122.904136250624,0.218329929563705,0.236679117879732,0.922472297174305,0.356282273944978,0.503467467282304,FALSE,FALSE,"Enriched"
"K20266",28.5932336562991,0.733530268434358,0.4937321986138,1.48568448744849,0.137362595693309,0.242551960374492,FALSE,FALSE,"Enriched"
"K03696",6570.55279207124,0.120440038359319,0.0460245342747989,2.6168659880447,0.00887411739013488,0.0252618844437129,FALSE,FALSE,"Enriched"
"K04794",9.27265611796522,1.50267229998219,0.824744701517374,1.82198478779865,0.068457293874404,0.138573194603382,FALSE,FALSE,"Enriched"
"K01929",3471.51645428091,0.0851014365864535,0.0564890669929557,1.50651163342928,0.131935882989978,0.234668110340004,FALSE,FALSE,"Enriched"
"K12526",804.438081349664,-0.222975862007755,0.139004902108777,-1.60408632087859,0.108695026669454,0.201878840603838,FALSE,FALSE,"Suppressed"
"K00880",103.060228676843,0.967443207950249,0.24825436864706,3.89698361894952,0.0000973982042869319,0.000494202702118134,TRUE,TRUE,"Enriched"
"K00259",2653.51245752898,-0.0513185523407339,0.056060142582599,-0.915419582908144,0.359971401701111,0.506567969306662,FALSE,FALSE,"Suppressed"
"K01546",1766.46352513027,0.250204738780495,0.0671069624662434,3.72844678980001,0.000192663577571844,0.000901115919946837,FALSE,FALSE,"Enriched"
"K12516",17.0515178504437,0.170448334798592,0.571743217651544,0.298120431578908,0.765611248049311,0.851004738810416,FALSE,FALSE,"Enriched"
"K08318",15.833523339133,-0.855595042343349,0.76146556283777,-1.12361620025833,0.261175880456905,0.398404080298446,FALSE,FALSE,"Suppressed"
"K03525",1815.97089620535,-0.0130897185342117,0.0657406137010377,-0.19911159627652,0.842175450331738,0.905470935615348,FALSE,FALSE,"Suppressed"
"K01966",3336.35974920091,0.153729226349707,0.0556271177465965,2.76356627086099,0.00571734809622528,0.017322457048623,FALSE,FALSE,"Enriched"
"K06136",214.25452745775,-0.817820491360156,0.169409587037347,-4.82747467638809,0.00000138275265211166,0.0000107431954461516,TRUE,TRUE,"Suppressed"
"K00228",1151.98031131404,0.0307551319975101,0.0822079961749549,0.374113631623585,0.708319777327313,0.807937595271981,FALSE,FALSE,"Enriched"
"K01825",58.2894769547189,-0.243442989600187,0.347394544252064,-0.700768027673884,0.483447794077665,0.621925352474094,FALSE,FALSE,"Suppressed"
"K05928",20.0721873231348,-0.310827804449541,0.519714326163274,-0.59807434354213,0.549790328597535,0.682232190054195,FALSE,FALSE,"Suppressed"
"K15861",156.79654806786,0.181650067445271,0.196887875306584,0.922606672261634,0.356212217298823,0.503467467282304,FALSE,FALSE,"Enriched"
"K00700",4463.85478925051,-0.0628873691245994,0.0424097925139173,-1.48285019559957,0.138114216293564,0.243597051814472,FALSE,FALSE,"Suppressed"
"K20528",24.0018900551784,0.322936534639142,0.535469447260263,0.603090496183211,0.546448488477947,0.679582926778025,FALSE,FALSE,"Enriched"
"K10241",889.268262609004,2.14123475830818,0.09678213472965,22.1242770092795,0.00000000000000000000000000000000000000000000000000000000000000000000000000000000000000000000000000000000000184572831016787,0.00000000000000000000000000000000000000000000000000000000000000000000000000000000000000000000000000000000225141939274277,TRUE,TRUE,"Enriched"
"K18567",7.08291166473782,6.21472757176942,1.50294083340742,4.13504472939202,0.0000354885506389208,0.000198938116127554,TRUE,TRUE,"Enriched"
"K06308",29.0505312059039,6.38132796788168,1.10674824776017,5.76583516693715,0.00000000812544459556188,0.0000000926300683894054,TRUE,TRUE,"Enriched"
"K01138",11.35062260893,0.191911878746025,0.73623370261541,0.260667065449834,0.794349266152919,0.873333559332721,FALSE,FALSE,"Enriched"
"K18210",38.5464111706482,0.17708365926356,0.380380252311839,0.465543776753124,0.641542095001969,0.755220024016851,FALSE,FALSE,"Enriched"
"K21020",11.9950636139841,0.363624847049598,0.677698288410531,0.53655860324281,0.591572545437267,0.715800608522564,FALSE,FALSE,"Enriched"
"K13013",187.489779109941,0.0689587682452971,0.18255007134854,0.377752622805801,0.705614371820941,0.805605026906762,FALSE,FALSE,"Enriched"
"K08604",791.427489869578,-0.189707746306666,0.267949154887649,-0.70799904700655,0.478945849289392,0.618089448754973,FALSE,FALSE,"Suppressed"
"K07545",19.4658533231754,-0.0309878452166844,0.576898922297758,-0.0537145139624484,0.957162619026667,0.973442523502358,FALSE,FALSE,"Suppressed"
"K15514",45.3281827908056,-0.597023072355692,0.390674899859092,-1.52818384946416,0.12646689754811,0.226926039466291,FALSE,FALSE,"Suppressed"
"K07228",282.317841296604,1.48052231853305,0.168190877737815,8.80263150086516,0.00000000000000000133644820175616,0.0000000000000000438225676479077,TRUE,TRUE,"Enriched"
"K05880",18.971872542244,0.129056819831626,0.555505894313918,0.232323043108335,0.816287116190376,0.888231065413935,FALSE,FALSE,"Enriched"
"K07729",176.795705815672,0.409301559397176,0.196477369423561,2.08319950841165,0.0372330419110211,0.0845122153387858,FALSE,FALSE,"Enriched"
"K20906",116.140359193597,0.0898201933015437,0.23259221723547,0.38617024408264,0.699370589517822,0.801176037841697,FALSE,FALSE,"Enriched"
"K01027",133.797108703374,-0.562023873781916,0.220405099463879,-2.54995857695218,0.0107735718938237,0.0298808617464442,TRUE,TRUE,"Suppressed"
"K18958",214.052106897425,0.0890647041530364,0.184267226391744,0.483345334366126,0.628850555922037,0.745870735275118,FALSE,FALSE,"Enriched"
"K00818",14.654346283692,0.0480683987669443,0.677754422537207,0.0709230322496428,0.943459012446785,0.966252752475576,FALSE,FALSE,"Enriched"
"K14261",1066.8411681538,0.0596592953721781,0.080845212785817,0.737944688577087,0.4605480612431,0.601731496469937,FALSE,FALSE,"Enriched"
"K10622",29.0893378571153,2.20966829559515,0.50194374863081,4.40222296148249,0.0000107147361568368,0.0000675094791534583,TRUE,TRUE,"Enriched"
"K07862",24.3139731240862,0.769403069698709,0.519688354429396,1.48050858392525,0.1387375716392,0.244555043187134,FALSE,FALSE,"Enriched"
"K00790",4384.87996913808,0.131248464333727,0.0470151273070262,2.79162201298798,0.0052444580731946,0.0160571743741302,FALSE,FALSE,"Enriched"
"K11907",539.220391951093,-0.347406286459685,0.109640157893392,-3.16860439764673,0.00153172727514376,0.00551801810460825,FALSE,FALSE,"Suppressed"
"K18013",316.501135261579,0.913343561275297,0.140736874859358,6.48972461686408,0.0000000000859934111921795,0.00000000136226964898988,TRUE,TRUE,"Enriched"
"K01953",8970.13219831401,0.119831704352755,0.0425022234485992,2.81942201206662,0.00481102202122782,0.0149706241364635,FALSE,FALSE,"Enriched"
"K15643",11.8008678611086,-1.06837614068716,0.712776434626304,-1.49889374674304,0.133901198889563,0.237557915599579,FALSE,FALSE,"Suppressed"
"K21138",14.1370648714653,1.47885177617547,0.722380270582674,2.04719292095648,0.0406391462253312,0.0909571203039615,TRUE,FALSE,"Enriched"
"K03638",588.954510561784,0.079453373237463,0.107622655716633,0.738258805345422,0.460357194340233,0.60164607072702,FALSE,FALSE,"Enriched"
"K15554",226.413499106308,-0.292238614686797,0.163709444995369,-1.78510540241013,0.0742442218547321,0.147868327348151,FALSE,FALSE,"Suppressed"
"K13533",53.8593306998408,1.88793591654241,0.370050080951997,5.10183895024552,0.000000336368937280382,0.00000294757779953024,TRUE,TRUE,"Enriched"
"K09936",671.155555674898,1.07963630843459,0.107028633487246,10.0873595528364,0.00000000000000000000000628370234127434,0.000000000000000000000301766146294742,TRUE,TRUE,"Enriched"
"K07678",48.4452928898294,0.0728680663227377,0.348728386652206,0.208953641607072,0.834484428345504,0.901054110760795,FALSE,FALSE,"Enriched"
"K08678",670.354036490942,-0.0929293878876676,0.104475381623732,-0.88948598649156,0.373741951225886,0.51908750731632,FALSE,FALSE,"Suppressed"
"K13501",19.5196996423822,0.396384131977388,0.562988810297872,0.704071066292889,0.481388517705366,0.620193050598163,FALSE,FALSE,"Enriched"
"K12678",6.69550977770223,-0.129327204382721,1.02189880725547,-0.126555783669086,0.899291994974695,0.940547149904,FALSE,FALSE,"Suppressed"
"K07778",1102.68928372571,1.0565597684637,0.0875330527370947,12.0704092388629,0.00000000000000000000000000000000151379612560044,0.000000000000000000000000000000121482139079436,TRUE,TRUE,"Enriched"
"K22719",501.598426855039,-0.500270637391388,0.132862090217142,-3.76533770147509,0.000166324132250393,0.000789424811358091,TRUE,TRUE,"Suppressed"
"K16165",279.964886612812,-0.268447663287744,0.14643816702828,-1.83318098509046,0.0667756606822913,0.135845481821646,FALSE,FALSE,"Suppressed"
"K00382",7020.28546771525,-0.141026525170817,0.0377235127513061,-3.73842505337561,0.000185176677798236,0.000869432300147375,FALSE,FALSE,"Suppressed"
"K06282",810.965520882121,0.0602194815936096,0.0913447967661192,0.65925464531709,0.509732261644744,0.647059816446845,FALSE,FALSE,"Enriched"
"K00982",4606.9045085097,0.0467045745476154,0.0548437619587323,0.851593196374069,0.394439917085521,0.537882300257921,FALSE,FALSE,"Enriched"
"K01322",3796.08929484892,-0.0380600622688246,0.0514231018225479,-0.740135482300604,0.459217790694358,0.601268219730932,FALSE,FALSE,"Suppressed"
"K05816",539.542556682282,-0.339708343935112,0.114643746992515,-2.96316504691087,0.0030449325429307,0.0100492660061333,FALSE,FALSE,"Suppressed"
"K21573",331.092024811703,-0.102341244626803,0.14408730618928,-0.710272454482307,0.477535197893751,0.617183126076285,FALSE,FALSE,"Suppressed"
"K01685",887.335020138672,-0.264357622824929,0.0834036955643157,-3.16961521952073,0.00152640926309494,0.00550536374666825,FALSE,FALSE,"Suppressed"
"K22116",59.2887923467396,0.625930136496322,0.31640663313666,1.97824593717027,0.0479009687642257,0.10393027694522,FALSE,FALSE,"Enriched"
"K09778",286.828757330841,-0.326652657557808,0.157327066632325,-2.07626484463223,0.0378694628493652,0.0855112380297218,FALSE,FALSE,"Suppressed"
"K01811",1937.69033846924,-0.0747107321052837,0.0631124227133606,-1.18377220986428,0.236503245755286,0.36940752280023,FALSE,FALSE,"Suppressed"
"K01708",38.7361114064301,-0.416103214352189,0.44520160016443,-0.934639979277942,0.349973868287395,0.497434309644563,FALSE,FALSE,"Suppressed"
"K02471",644.980685229805,-0.313492831807319,0.115241877846723,-2.72030305011412,0.00652221118847346,0.0194518171337407,FALSE,FALSE,"Suppressed"
"K21209",18.6480216051349,1.91595030980479,0.685947637269018,2.79314368285138,0.005219850065066,0.0159898872661163,TRUE,TRUE,"Enriched"
"K07147",808.97014959903,-0.196943481678388,0.0864749901874012,-2.27746174069045,0.0227586668192471,0.0558796734825233,FALSE,FALSE,"Suppressed"
"K23077",100.812525261836,-0.407475503545854,0.242954304767451,-1.67716930941347,0.0935093786429071,0.179062386292964,FALSE,FALSE,"Suppressed"
"K04749",857.890538456924,-0.0807947031873311,0.0906795308085567,-0.890991632476633,0.372933659233581,0.518350589714131,FALSE,FALSE,"Suppressed"
"K11614",20.1394624299481,7.7169184620512,1.28011054025238,6.02832194517339,0.0000000016567078146467,0.0000000209197949514083,TRUE,TRUE,"Enriched"
"K19200",249.200114706346,-0.585844933323861,0.156948366004779,-3.73272400495093,0.00018942011257641,0.000887306656377514,TRUE,TRUE,"Suppressed"
"K19292",4.9307163694196,1.94481919741435,1.20024468127791,1.62035227295795,0.105156625986874,0.196853978481874,FALSE,FALSE,"Enriched"
"K01129",2427.78304703857,0.388007147756909,0.0597960740549053,6.4888398425729,0.0000000000864998565677581,0.00000000136674255234911,FALSE,FALSE,"Enriched"
"K06020",1630.94216735014,-0.44699793179509,0.0648083411033124,-6.89722841512824,0.00000000000530268857731789,0.0000000000959676487627946,FALSE,FALSE,"Suppressed"
"K18430",48.1020627355381,-0.521105880127548,0.339425773074387,-1.53525725347127,0.124720649758373,0.224453007635385,FALSE,FALSE,"Suppressed"
"K00979",1007.71185633934,-0.16344933142429,0.098344836367413,-1.66200216972906,0.096512339440328,0.183831592206921,FALSE,FALSE,"Suppressed"
"K00766",2635.64413888708,0.154946315052295,0.0574752952678441,2.69587679941825,0.00702036269248861,0.0207347177053211,FALSE,FALSE,"Enriched"
"K20527",43.2228125845233,0.388388773858821,0.483521452848602,0.80325034508951,0.421830051736943,0.564817011096294,FALSE,FALSE,"Enriched"
"K14671",67.3986604497731,2.39046057962595,0.344200151574806,6.94497247804502,0.0000000000037853411358681,0.0000000000695385409266854,TRUE,TRUE,"Enriched"
"K03619",10.6016970842096,0.0418212164199088,0.731325071993967,0.0571855362566509,0.954397399700567,0.971764564402965,FALSE,FALSE,"Enriched"
"K13292",2004.08299374062,-0.111636291055306,0.0599619305551711,-1.86178613699886,0.0626332413315338,0.128872096699078,FALSE,FALSE,"Suppressed"
"K13635",34.2228878155107,-0.634905773281787,0.49511882822862,-1.28233009347126,0.199726875596614,0.323369847163193,FALSE,FALSE,"Suppressed"
"K03722",4119.20313235572,0.0264388349499022,0.0534933255418955,0.494245491041598,0.621132816000624,0.739755720520954,FALSE,FALSE,"Enriched"
"K07113",354.09080330934,0.328421041996105,0.16211783961998,2.02581679330267,0.0427835623673521,0.0950325184249551,FALSE,FALSE,"Enriched"
"K12449",35.0786069990066,-1.046411283003,0.442855173751292,-2.36287469363669,0.0181337998411256,0.0462709094478666,TRUE,TRUE,"Suppressed"
"K07684",484.865576235349,-0.0299862938264008,0.125285519940169,-0.239343651530688,0.810839119789845,0.883879855513541,FALSE,FALSE,"Suppressed"
"K01735",2307.24843208619,-0.0126894329971259,0.0646158775835384,-0.196382583842809,0.844310726927248,0.906901079486856,FALSE,FALSE,"Suppressed"
"K04791",11.6924068968374,-1.06231259842316,0.72031536408179,-1.47478819888469,0.140269494923461,0.246471809143818,FALSE,FALSE,"Suppressed"
"K07154",381.63723603027,-0.269229372755928,0.129438036522289,-2.0799865324716,0.0375267681578715,0.0849575942816847,FALSE,FALSE,"Suppressed"
"K12955",1171.91097543906,0.99941063023053,0.0900191849508075,11.1021959460828,0.000000000000000000000000000122399025848185,0.00000000000000000000000000785801745945349,TRUE,TRUE,"Enriched"
"K07638",446.168110226163,-0.11027958790953,0.118958087310396,-0.92704573856991,0.353902787077113,0.501382833538516,FALSE,FALSE,"Suppressed"
"K00886",610.180144574751,0.162086598783295,0.11419748052756,1.41935354470607,0.155795968852644,0.267737282060377,FALSE,FALSE,"Enriched"
"K00784",1476.00762017047,0.191221906555615,0.07733317964205,2.47270198174598,0.0134095914024108,0.0358235207898833,FALSE,FALSE,"Enriched"
"K03584",1669.04287771903,0.00898237545121664,0.0676453151955179,0.132786364070513,0.894362338750823,0.937719770335443,FALSE,FALSE,"Enriched"
"K00215",1842.67830626943,0.0866928248292322,0.0611240669570266,1.41830917255853,0.156100519879615,0.267812690861291,FALSE,FALSE,"Enriched"
"K06214",78.8330575403487,0.946836153526268,0.298054595901137,3.17672052888031,0.00148950496122244,0.00540100520719125,TRUE,TRUE,"Enriched"
"K13589",174.290984865547,0.338048287301719,0.19095359256795,1.77031645624277,0.0766744381906555,0.151731797055421,FALSE,FALSE,"Enriched"
"K07018",1156.88048461126,0.133492892338492,0.0782239117745602,1.70654841096691,0.0879060209281299,0.170094803820008,FALSE,FALSE,"Enriched"
"K01704",1585.33367766436,-0.10960847675659,0.0722189318219423,-1.51772497863625,0.129083744366613,0.230342431705998,FALSE,FALSE,"Suppressed"
"K23259",16.9075872265544,-0.648313669650201,0.60770704430283,-1.06681940867405,0.286053392528359,0.425418103153003,FALSE,FALSE,"Suppressed"
"K00728",1150.80080129605,0.300098958784729,0.0900636113737191,3.33207778599359,0.000862001589429916,0.00335932759995723,FALSE,FALSE,"Enriched"
"K00117",4461.48901254141,-0.347758462677562,0.0487876081664933,-7.12800802799753,0.00000000000101831839245602,0.0000000000204974385332979,FALSE,FALSE,"Suppressed"
"K02243",10.12217067587,6.72618767754066,1.38233920524071,4.865801137695,0.00000113994094678988,0.00000898255792567376,TRUE,TRUE,"Enriched"
"K09681",12.889636396624,3.04584799083688,0.892592844359247,3.41235985711196,0.000644030325581558,0.00259441278449268,TRUE,TRUE,"Enriched"
"K02618",1017.10964604628,0.492223678308749,0.0932812468404405,5.27676992944474,0.000000131480787800514,0.00000124518839253934,FALSE,FALSE,"Enriched"
"K21473",101.202495644516,-0.294263428093656,0.269174324466682,-1.09320764035234,0.274302643214917,0.412773703668339,FALSE,FALSE,"Suppressed"
"K21887",57.5717991208631,3.14190031183255,0.384437031905339,8.17273064527818,0.000000000000000301486582498483,0.00000000000000843470948008371,TRUE,TRUE,"Enriched"
"K09458",6154.9560332842,-0.103925714095281,0.0405150773942187,-2.56511207134237,0.0103142484504817,0.0287638780518921,FALSE,FALSE,"Suppressed"
"K01952",2701.22953088732,-0.47047297720648,0.0640272519962739,-7.34801139417727,0.000000000000201177353928753,0.00000000000436647929399097,FALSE,FALSE,"Suppressed"
"K10763",343.914836738949,-0.408554571608318,0.151461354715429,-2.69741791479367,0.00698795105672826,0.0206516011661869,FALSE,FALSE,"Suppressed"
"K04115",205.4996326249,-0.517163217120635,0.16650309076688,-3.10602773040839,0.00189618932603186,0.00663122631850247,TRUE,TRUE,"Suppressed"
"K06884",41.6330168547153,0.565278480131277,0.3949176081604,1.43138332768815,0.152320383996648,0.262806426264259,FALSE,FALSE,"Enriched"
"K09158",125.302308299361,-0.732977410316102,0.215928064998065,-3.39454442998261,0.000687428848653933,0.00275468367144569,TRUE,TRUE,"Suppressed"
"K02052",1994.77206735658,-0.0714362580228212,0.0688065619877034,-1.03821868088087,0.29916825747418,0.440093391783653,FALSE,FALSE,"Suppressed"
"K02122",20.8290560506261,0.312796989039703,0.517496176140022,0.604443092454983,0.54554909320661,0.679318889233792,FALSE,FALSE,"Enriched"
"K21273",196.746235328486,0.938727171532719,0.20159858734166,4.65641740803375,0.00000321759270799357,0.0000234177779547169,TRUE,TRUE,"Enriched"
"K03618",18.8649704971928,-1.27544837642485,0.732425043595706,-1.7414046496325,0.0816126737683934,0.160081374747623,FALSE,FALSE,"Suppressed"
"K04720",57.3441913074143,0.592776560248103,0.32884723636921,1.80258945397543,0.0714527144879948,0.143588173200092,FALSE,FALSE,"Enriched"
"K09760",2360.36732946697,0.0625954773707615,0.0612563645876099,1.02186079425651,0.306846790679854,0.449114129195207,FALSE,FALSE,"Enriched"
"K00594",472.870600234388,1.32566518826094,0.11835621687528,11.2006384054831,0.0000000000000000000000000000404805743714993,0.00000000000000000000000000271308816584367,TRUE,TRUE,"Enriched"
"K03535",54.4400661171097,-0.23498062257882,0.338375321207545,-0.694437826435614,0.487407678724173,0.625267193070288,FALSE,FALSE,"Suppressed"
"K03685",1687.35027073318,-0.081209757933115,0.0646104493370027,-1.25691368449601,0.208784892716408,0.334483598812024,FALSE,FALSE,"Suppressed"
"K02689",53.8723396297955,-2.45658223038275,0.443686286746724,-5.53675491842523,0.0000000308127241973633,0.000000322086128624688,TRUE,TRUE,"Suppressed"
"K02996",1186.58993107401,-0.16980112258217,0.0726416898332609,-2.33751614220326,0.0194123625932861,0.0489441915901001,FALSE,FALSE,"Suppressed"
"K03825",28.2485096817276,-0.408304019642617,0.463561685969333,-0.880797598250231,0.378427379939821,0.523599952416735,FALSE,FALSE,"Suppressed"
"K20636",8.40047477872333,0.244542760040552,1.00544117376099,0.243219361234041,0.807835469024686,0.882656489713644,FALSE,FALSE,"Enriched"
"K03801",1770.43000711289,0.106639030387385,0.0648098600729217,1.64541368037824,0.0998845302622787,0.188663905255385,FALSE,FALSE,"Enriched"
"K19569",12.2975520353258,0.142642204783047,0.706259748597793,0.201968475573256,0.839941369143557,0.904289922401863,FALSE,FALSE,"Enriched"
"K04516",75.272652522369,-0.123376469511466,0.294230839287647,-0.419318620067731,0.674983290200164,0.782795795195056,FALSE,FALSE,"Suppressed"
"K18425",105.48457239269,-0.498046416325936,0.273863219898677,-1.81859548905545,0.0689731665483949,0.139293822112139,FALSE,FALSE,"Suppressed"
"K03190",344.362720317039,0.446207278330378,0.135709809294931,3.28795155374996,0.00100919204217295,0.00383732061422245,FALSE,FALSE,"Enriched"
"K09018",32.1930430400453,0.00601670645265418,0.47896389114075,0.0125619207709462,0.989977300963607,0.994051952350517,FALSE,FALSE,"Enriched"
"K06971",129.927775211435,-0.336202295394523,0.250661025998223,-1.34126274340274,0.179835161519473,0.298220801697854,FALSE,FALSE,"Suppressed"
"K22396",404.980960256887,-0.466304244201567,0.139638971523429,-3.3393560487756,0.000839728597793608,0.0032872302425823,FALSE,FALSE,"Suppressed"
"K04759",2312.1714402362,0.0839647418710947,0.0684931567282791,1.22588512315461,0.220241907928177,0.349169585769158,FALSE,FALSE,"Enriched"
"K21164",134.472926094829,0.218984077603543,0.20374003743548,1.07482103350889,0.282454861584408,0.421299144241454,FALSE,FALSE,"Enriched"
"K03090",1567.49771199831,0.899803226238792,0.172979226832567,5.20179932998398,0.000000197368270510143,0.00000181835208737365,TRUE,TRUE,"Enriched"
"K02836",3173.35721231989,0.0633035777677019,0.0492043760160257,1.28654365512295,0.198253393498242,0.321752912971201,FALSE,FALSE,"Enriched"
"K03970",88.6768279219583,0.599170335173454,0.336609608437067,1.78001554369021,0.0750734169210233,0.149144224690984,FALSE,FALSE,"Enriched"
"K02591",19.1295268836548,0.245162467464279,0.632468732737227,0.387627806363255,0.698291488273302,0.800691819322968,FALSE,FALSE,"Enriched"
"K03744",2255.41827557887,-0.185805113221978,0.0651334018980108,-2.85268553165579,0.00433514979499961,0.0137040407267782,FALSE,FALSE,"Suppressed"
"K13926",673.987364243509,0.00924533821649174,0.106371160051608,0.0869158351944853,0.930738412489054,0.958718726189957,FALSE,FALSE,"Enriched"
"K00712",26.3409235770058,-0.330010977558751,0.481290241414704,-0.685679760696409,0.492915072313653,0.630543327796112,FALSE,FALSE,"Suppressed"
"K01729",57.657085032957,-0.356327562138183,0.378955864114529,-0.940287764040228,0.34706997420935,0.494363699942847,FALSE,FALSE,"Suppressed"
"K09712",8.84281152095927,-0.326893496902964,0.828740693952185,-0.394446054463719,0.693251747594488,0.796110413967008,FALSE,FALSE,"Suppressed"
"K06888",4190.18721082825,-0.0444576279863582,0.055152854721302,-0.806080269299043,0.420196567451825,0.563646140804632,FALSE,FALSE,"Suppressed"
"K10001",313.729533131543,-0.756954278879772,0.134872745439538,-5.61235909014033,0.0000000199586720559033,0.000000213557790998166,TRUE,TRUE,"Suppressed"
"K07749",582.230067972682,-0.00285591592036586,0.102649148129868,-0.0278221102892414,0.977804031326445,0.986787467763616,FALSE,FALSE,"Suppressed"
"K11103",987.276541688755,0.206002095010525,0.0810490164135545,2.54169765564328,0.0110315552915427,0.0304854806176344,FALSE,FALSE,"Enriched"
"K08307",2216.85131663826,-0.45529007253996,0.0701924577477707,-6.48631045483545,0.0000000000879638194402299,0.0000000013862825187751,FALSE,FALSE,"Suppressed"
"K18981",299.256465035322,-0.261025786835607,0.145167334389061,-1.79810277521551,0.0721607225431436,0.144578466925702,FALSE,FALSE,"Suppressed"
"K23385",48.5197136227857,-1.0835199278135,0.366330790062168,-2.9577637403332,0.00309879531395622,0.0102049420193407,TRUE,TRUE,"Suppressed"
"K00855",276.523387793885,0.0704202696567475,0.146642071664792,0.480218731618307,0.631071868787523,0.747493914995841,FALSE,FALSE,"Enriched"
"K07321",165.449683815465,0.701708183311385,0.208994452018192,3.35754454979649,0.000786380700415434,0.00309605994248408,TRUE,TRUE,"Enriched"
"K17723",385.199765579174,0.0889669547678863,0.122949262487062,0.723607063338409,0.46930700378458,0.610039091236605,FALSE,FALSE,"Enriched"
"K02020",1717.84325237364,-0.0861959332539596,0.0770739743494599,-1.11835329605737,0.26341613287136,0.400545819861481,FALSE,FALSE,"Suppressed"
"K06915",4307.2848959922,0.0605674812580425,0.0544753873106696,1.11183204467423,0.26621037113586,0.40398818313891,FALSE,FALSE,"Enriched"
"K23825",125.034964278931,1.22078366829918,0.225398264855331,5.41611830544803,0.0000000609068092369476,0.000000603036736259973,TRUE,TRUE,"Enriched"
"K07320",512.035953880045,-0.407993734661672,0.123987993115426,-3.29059068067868,0.000999772724158542,0.00380625083935265,FALSE,FALSE,"Suppressed"
"K03597",67.9411451621195,-0.217490791007721,0.293433423797084,-0.741192970430391,0.458576445033374,0.600576591524152,FALSE,FALSE,"Suppressed"
"K03234",15.3245626367354,-2.52146670143606,0.757326445394144,-3.32943173550975,0.000870233938302961,0.00338492142200877,TRUE,TRUE,"Suppressed"
"K18534",29.3268447309753,-0.0128634996532367,0.495502284293566,-0.0259605254324429,0.979288823972234,0.987220254116802,FALSE,FALSE,"Suppressed"
"K01263",27.8333315621854,0.303529083716849,0.458450564433918,0.662075929804205,0.507922561035211,0.645648124167101,FALSE,FALSE,"Enriched"
"K13875",732.149925087545,-0.752071233401705,0.108860145521049,-6.90860029446022,0.00000000000489458891979164,0.000000000088845529231575,TRUE,TRUE,"Suppressed"
"K09983",579.443688987117,-0.0877887991426418,0.102455605685181,-0.856847202801117,0.391529334750508,0.535352615798798,FALSE,FALSE,"Suppressed"
"K16213",175.00493071477,-0.826018783293057,0.19792951689654,-4.17329762758339,0.0000300222335727493,0.000170966949169186,TRUE,TRUE,"Suppressed"
"K13633",514.832881932452,1.54712224294357,0.143283522243343,10.7976284971278,0.00000000000000000000000000353208545102568,0.000000000000000000000000201328870708464,TRUE,TRUE,"Enriched"
"K01639",81.4779435712191,-0.0594875055520899,0.276162370083436,-0.215407716605695,0.829449454238163,0.897589109545521,FALSE,FALSE,"Suppressed"
"K18482",42.1058149690429,-0.936419078763268,0.375435252545596,-2.49422256544633,0.0126233364799464,0.0341115326500633,TRUE,TRUE,"Suppressed"
"K18361",406.508790080508,-0.490416483314133,0.12753570237303,-3.84532702756212,0.000120391766167247,0.00059793923603749,FALSE,FALSE,"Suppressed"
"K03721",9.99995142904329,0.478069368477364,0.7510468746983,0.636537324876569,0.524426261176645,0.660569138148773,FALSE,FALSE,"Enriched"
"K02907",285.488478371161,0.204361943411007,0.149288106924701,1.36890973849702,0.17102749124233,0.287038158802138,FALSE,FALSE,"Enriched"
"K01113",3337.46947936393,-0.0146669735124768,0.0573946078242707,-0.255546192725696,0.798301270935202,0.875690548819028,FALSE,FALSE,"Suppressed"
"K07140",1326.67792084103,0.326407140283799,0.0714890878457148,4.56583165515049,0.00000497517921681218,0.0000340939528576826,FALSE,FALSE,"Enriched"
"K08764",79.9808405457378,-0.112234063443295,0.270367853615999,-0.415116153574605,0.678056874727105,0.784867883651663,FALSE,FALSE,"Suppressed"
"K16217",15.3857555985412,-0.766419812127386,0.616568094665022,-1.24304163442608,0.213852491597086,0.341133754159896,FALSE,FALSE,"Suppressed"
"K07020",885.851695351362,-0.0259817856387934,0.0888701211240847,-0.292356815880969,0.770013822465915,0.854030606150139,FALSE,FALSE,"Suppressed"
"K15525",557.550444711914,0.266079499169083,0.114980663578401,2.31412387864376,0.0206609279371257,0.0515804336833932,FALSE,FALSE,"Enriched"
"K02004",28444.5493833539,0.0373016934458776,0.0294155012994042,1.2680964728836,0.204763500961825,0.329773591857981,FALSE,FALSE,"Enriched"
"K18816",95.9061232510482,-0.107523139293451,0.268197223484455,-0.400910710023376,0.688485864417279,0.79250097612319,FALSE,FALSE,"Suppressed"
"K11997",7.73950709070075,-1.04621868112302,0.868728423485982,-1.20431040684132,0.228469625833046,0.358855587936067,FALSE,FALSE,"Suppressed"
"K18220",593.304245376332,0.672996275973535,0.106131383477671,6.34116181209613,0.000000000228038872455235,0.00000000333527358058627,TRUE,TRUE,"Enriched"
"K21442",4.32123297801518,-0.256236889092198,1.43768229891299,-0.178229146513061,0.858543020556859,0.916550653312845,FALSE,FALSE,"Suppressed"
"K02501",1426.56034555254,-0.113503709016689,0.0718433174914123,-1.5798784491022,0.114134705471148,0.209544722657594,FALSE,FALSE,"Suppressed"
"K14647",41.2786400331397,1.02187858098702,0.432666010149262,2.36181848589051,0.0181855438331595,0.0463491984280985,TRUE,TRUE,"Enriched"
"K01706",649.72854757607,0.191503766382761,0.11604238576954,1.65029153022662,0.0988833237735215,0.187236694099568,FALSE,FALSE,"Enriched"
"K03545",3843.74189955899,0.0421989653879375,0.0490500036787207,0.860325427584924,0.389609680045771,0.533624396721122,FALSE,FALSE,"Enriched"
"K18215",5.75497469356145,1.68099629019619,1.04439244056092,1.60954467392866,0.107497294757722,0.200497247928852,FALSE,FALSE,"Enriched"
"K19594",111.032130778127,-0.242654995218206,0.238507203276366,-1.01739063594249,0.308967634856416,0.451771462555408,FALSE,FALSE,"Suppressed"
"K01588",1235.2737938721,0.0779815509598226,0.0806587430002016,0.966808408601504,0.333639820162685,0.479659857595503,FALSE,FALSE,"Enriched"
"K03079",133.622124483597,-0.246633451981825,0.243778470300199,-1.01171137745721,0.311676073953445,0.454981420546209,FALSE,FALSE,"Suppressed"
"K06967",15.2570311643921,2.96527811102044,0.732441838813457,4.04848269703454,0.0000515507444674562,0.00027725572355116,TRUE,TRUE,"Enriched"
"K18297",45.6101972238645,-1.55186491913847,0.409128744295696,-3.79309677155528,0.000148780141066167,0.000719140201272945,TRUE,TRUE,"Suppressed"
"K07792",59.1642518943391,-0.790426771430077,0.319028794497306,-2.47760322912404,0.013226814081364,0.0354626210847244,TRUE,TRUE,"Suppressed"
"K00884",13.6775854213092,0.381577736518497,0.683597095560493,0.558190985591645,0.576713975733568,0.703400697179273,FALSE,FALSE,"Enriched"
"K01014",116.21362504734,-1.41526810624643,0.227855534790987,-6.21125182473476,0.000000000525641569434341,0.00000000718808953358754,TRUE,TRUE,"Suppressed"
"K13794",20.7203224593673,-1.49356989404255,0.556005211681893,-2.68625160819008,0.00722586525305012,0.0212643719010041,TRUE,TRUE,"Suppressed"
"K01241",748.991291936721,0.360755181351658,0.121224291302793,2.97593145296736,0.00292100143778843,0.00970854919295456,FALSE,FALSE,"Enriched"
"K07705",32.6080925264142,-0.444887707909088,0.428461220611012,-1.03833832913665,0.299112570082673,0.440093391783653,FALSE,FALSE,"Suppressed"
"K05939",493.938604219034,-0.309075816926133,0.117585635837099,-2.62851678035166,0.00857581243205949,0.0245788909883134,FALSE,FALSE,"Suppressed"
"K17716",235.661834383169,1.47832591551559,0.173194154229009,8.53565711900908,0.0000000000000000139361081646511,0.000000000000000420773879684195,TRUE,TRUE,"Enriched"
"K00242",512.149323754277,0.0382707636776197,0.111706960631509,0.342599632657311,0.731899678459999,0.826181036262731,FALSE,FALSE,"Enriched"
"K10697",23.6912249037285,-1.23605355103156,0.55943899822199,-2.20945188833812,0.0271432253182988,0.0648439213538207,TRUE,FALSE,"Suppressed"
"K01086",84.6270769321171,-1.1222040194967,0.261581014628037,-4.29008206536873,0.0000178607106087627,0.000106686245381307,TRUE,TRUE,"Suppressed"
"K23138",61.0658973482961,0.583836263985543,0.342033489173745,1.70695643106739,0.0878301507887553,0.170001932612066,FALSE,FALSE,"Enriched"
"K16567",66.769542327716,-1.01698670778106,0.332597342171133,-3.05771146919685,0.00223034211273115,0.00762919604349259,TRUE,TRUE,"Suppressed"
"K06076",1383.3049974842,-0.305506372537267,0.0790095379924698,-3.8667024298558,0.000110316898426424,0.000552853544373673,FALSE,FALSE,"Suppressed"
"K09017",142.220259970588,-0.098248025509251,0.221487698779622,-0.443582312022694,0.657344596299192,0.768329760986733,FALSE,FALSE,"Suppressed"
"K22027",569.316779909116,0.107271278088164,0.109123815582991,0.98302352712898,0.325595859498257,0.470125271562469,FALSE,FALSE,"Enriched"
"K06957",24.481180929539,1.41029292585983,0.560149718949573,2.51770710249485,0.0118121503100365,0.0322336933963814,TRUE,TRUE,"Enriched"
"K09181",1745.55605897604,-0.0874540151351975,0.0718544760631153,-1.21709905807928,0.22356652904734,0.353246699652779,FALSE,FALSE,"Suppressed"
"K14447",1800.75345670518,-0.112066209933527,0.081260511404702,-1.37909801447598,0.167864535959801,0.283337176055683,FALSE,FALSE,"Suppressed"
"K08372",1754.60095605233,0.78843519875219,0.078825435821812,10.0022941900947,0.0000000000000000000000148906680240951,0.000000000000000000000704016932395008,TRUE,TRUE,"Enriched"
"K21136",36.8197992213536,0.92300981427791,0.408398520426638,2.26007139622758,0.0238168200687826,0.0580555270004546,TRUE,FALSE,"Enriched"
"K23509",774.456821812887,0.885690707640453,0.0991179878785894,8.93572122070662,0.000000000000000000404530760868513,0.0000000000000000140183699462333,TRUE,TRUE,"Enriched"
"K04758",187.412529624547,0.231966247965357,0.194846784055668,1.19050591001329,0.233847608521431,0.366171133343314,FALSE,FALSE,"Enriched"
"K22033",243.471529641671,1.89430354909237,0.174825478322088,10.8353974905329,0.00000000000000000000000000233947176688973,0.000000000000000000000000135889888631052,TRUE,TRUE,"Enriched"
"K00496",607.865909335277,0.185458512490621,0.106975979910169,1.73364630682848,0.0829808588073059,0.162315669616985,FALSE,FALSE,"Enriched"
"K10011",73.4642348305099,-0.792637350484501,0.297506042062324,-2.66427311858914,0.00771548923720595,0.0225152004103919,TRUE,TRUE,"Suppressed"
"K00758",1610.15150921587,0.141413052045129,0.0674735701610997,2.09582880685714,0.0360973799597144,0.0824870439768821,FALSE,FALSE,"Enriched"
"K01620",2260.32023119172,-0.0101988971008082,0.0626908841008949,-0.162685488441894,0.870766073311724,0.923892508014877,FALSE,FALSE,"Suppressed"
"K02433",6596.05618212303,-0.106527358470671,0.0410744136641553,-2.59352109908838,0.00949987100117577,0.0267003286802631,FALSE,FALSE,"Suppressed"
"K10914",2599.53121220278,-0.0955561908472764,0.0542173524892504,-1.76246508654627,0.0779907502269849,0.153937082729573,FALSE,FALSE,"Suppressed"
"K10216",98.8442283001075,0.295405369909713,0.252423176093712,1.17027831786747,0.241888984429081,0.375676321882599,FALSE,FALSE,"Enriched"
"K03305",4110.59496249746,0.252205653581609,0.123992578233515,2.03403830434618,0.0419477335687138,0.0936453978900386,FALSE,FALSE,"Enriched"
"K03048",6.87796297089007,4.22018359880551,1.35068010579228,3.12448786408239,0.0017811486903361,0.00627569373908715,TRUE,TRUE,"Enriched"
"K00547",232.765318016058,-0.0691166509358839,0.16459747591066,-0.419913188543662,0.674548872821681,0.782440771270338,FALSE,FALSE,"Suppressed"
"K09958",212.648708142231,-0.0561188734630335,0.180458905044154,-0.310978687636958,0.755816823697571,0.843768474507158,FALSE,FALSE,"Suppressed"
"K00756",870.550284758739,-0.225879978242782,0.0894399073665609,-2.52549432231671,0.0115535648356311,0.0316555219822615,FALSE,FALSE,"Suppressed"
"K23269",4730.80530273072,0.192507871958056,0.0424108084366949,4.53912290413906,0.00000564887050818724,0.000038365769743245,FALSE,FALSE,"Enriched"
"K04618",33.3119514562969,-0.863760774547013,0.409284623552229,-2.11041589359095,0.0348225486635358,0.0801148976380568,TRUE,FALSE,"Suppressed"
"K14155",557.32981900823,0.931645050159144,0.128568256771307,7.24630693108271,0.000000000000428288957813967,0.0000000000089456655948883,TRUE,TRUE,"Enriched"
"K09927",1645.75816765371,-0.0834774689536834,0.0720016481788827,-1.15938275115994,0.246300204484276,0.380589041588447,FALSE,FALSE,"Suppressed"
"K20036",96.0518811710581,0.421100477763106,0.271544283229185,1.55076171280577,0.120958799120527,0.219235576771499,FALSE,FALSE,"Enriched"
"K13016",74.2289775370689,-0.233298384775089,0.283073097077548,-0.824163041926858,0.409846923533853,0.553388617806724,FALSE,FALSE,"Suppressed"
"K06186",202.848062890156,-0.165200614680844,0.180410074643669,-0.915695063078573,0.359826855138197,0.506481419221755,FALSE,FALSE,"Suppressed"
"K01924",4278.73235877447,0.0692309279038676,0.0447311688780264,1.54771112940615,0.121691861335814,0.220367773838221,FALSE,FALSE,"Enriched"
"K21012",42.1411424941877,0.0885391184242258,0.444815309219003,0.199046922597338,0.842226039964891,0.905470935615348,FALSE,FALSE,"Enriched"
"K03317",990.13350052151,-0.0657337118669489,0.0947348930124392,-0.693870123000168,0.487763661708104,0.625498438342667,FALSE,FALSE,"Suppressed"
"K03800",559.575245026591,0.197681910788288,0.112360383642495,1.75935596141489,0.0785170669750543,0.154925781779636,FALSE,FALSE,"Enriched"
"K23007",8.70997539236469,-1.34367795064817,0.914199493256171,-1.46978636562387,0.141619622975321,0.248557721014815,FALSE,FALSE,"Suppressed"
"K07788",1212.7650675478,-0.313540124539811,0.0868725030271901,-3.60919869480078,0.000307144292442552,0.00136139029041215,FALSE,FALSE,"Suppressed"
"K06233",21.3203134152197,-0.733269286490315,0.594317742899899,-1.23380009304858,0.2172774047553,0.345367446338957,FALSE,FALSE,"Suppressed"
"K03414",84.8518224841334,-0.748376570195018,0.261977662406879,-2.8566426744915,0.00428147533523125,0.0135862216803202,TRUE,TRUE,"Suppressed"
"K19411",87.7196197815684,0.234053792928541,0.258591550331456,0.905109979922148,0.365407125534255,0.511972905727871,FALSE,FALSE,"Enriched"
"K04762",558.820082004017,-0.105432771715915,0.115851516687031,-0.910068117629723,0.362786587288168,0.509941321933749,FALSE,FALSE,"Suppressed"
"K02053",1373.92160167719,-0.0386632583465383,0.0775927645227061,-0.498284325663177,0.618283654058068,0.737082096579389,FALSE,FALSE,"Suppressed"
"K01474",3492.93580422286,-0.0866173301381471,0.0509976647489808,-1.698456793355,0.0894215808174349,0.17242561536691,FALSE,FALSE,"Suppressed"
"K21378",30.4036486632431,-1.80797110740328,0.461139056256309,-3.92066358915906,0.0000883054662428746,0.000452964708675603,TRUE,TRUE,"Suppressed"
"K00720",129.835241658361,-0.769748602241976,0.210229052193833,-3.66147587219421,0.000250766480962989,0.00113627397280332,TRUE,TRUE,"Suppressed"
"K07090",7175.49765509612,0.234732906085761,0.0421656331788639,5.56692472967355,0.0000000259274323152127,0.000000273583753789762,FALSE,FALSE,"Enriched"
"K03977",3582.65611970899,-0.0200052695386735,0.0493246093031802,-0.405583943213995,0.685048328724422,0.789812808485869,FALSE,FALSE,"Suppressed"
"K18553",155.47115300725,0.927167480149777,0.214416356830641,4.32414529308559,0.0000153124358205855,0.0000929259164873141,TRUE,TRUE,"Enriched"
"K21601",7.61878666340769,6.30986886814708,1.50594619678979,4.18996965601943,0.0000278991760783215,0.00016037424590168,TRUE,TRUE,"Enriched"
"K00952",13.8231146488112,-0.0777066106038199,0.718656995149352,-0.108127536680654,0.91389452509366,0.948254969130016,FALSE,FALSE,"Suppressed"
"K06394",11.4945608001787,6.90807587707012,1.35655344412436,5.09237281213732,0.000000353609920777286,0.00000308095272402952,TRUE,TRUE,"Enriched"
"K11407",11.3141324053178,-2.03133758557259,0.793663851303011,-2.5594432482185,0.0104839972186148,0.029197214171841,TRUE,TRUE,"Suppressed"
"K03528",217.528335317207,-0.655719798754756,0.172436014065575,-3.80268473675919,0.000143136457642508,0.000698391404129325,TRUE,TRUE,"Suppressed"
"K23244",70.4257476643762,0.32289863704362,0.312681047125457,1.03267735608568,0.301754913792979,0.443043625234324,FALSE,FALSE,"Enriched"
"K08322",30.2037539663263,0.67845899906702,0.486756772723849,1.39383576579823,0.163367205029426,0.277464935526168,FALSE,FALSE,"Enriched"
"K06610",28.0778147388367,-0.142165451047376,0.455488494278524,-0.312116448237754,0.754952026626669,0.843652667601086,FALSE,FALSE,"Suppressed"
"K12538",4.51795278321017,5.55904987165007,1.59193517927457,3.49200767972429,0.000479404463435303,0.00201231095835644,TRUE,TRUE,"Enriched"
"K03588",3081.42159874772,-0.0392336208607756,0.0603477595447892,-0.650125558209945,0.515611121258719,0.652159317411225,FALSE,FALSE,"Suppressed"
"K17759",21.8498709952897,0.708707207307312,0.536492343319836,1.32100153176801,0.186500853476779,0.307091983087169,FALSE,FALSE,"Enriched"
"K18234",96.1325402691778,1.63317214425354,0.271603987490008,6.01306394411317,0.00000000182049183940297,0.0000000227524174764727,TRUE,TRUE,"Enriched"
"K00108",2783.27562169498,-0.22775313084382,0.0543696399333664,-4.18897625812764,0.0000280215711442643,0.00016073932787224,FALSE,FALSE,"Suppressed"
"K01839",707.541979524458,-0.0860527596789747,0.0926119663235371,-0.929175387318221,0.352798200560465,0.50063052131274,FALSE,FALSE,"Suppressed"
"K03457",732.607733750882,0.610917366189333,0.0923611184562286,6.61444313798404,0.0000000000372952976971937,0.000000000613110567803731,TRUE,TRUE,"Enriched"
"K04659",43.4271150726709,-0.499468544674352,0.389380660826211,-1.28272560741602,0.199588225169425,0.323317021330232,FALSE,FALSE,"Suppressed"
"K06177",561.621417223627,0.516942004761281,0.12011994135677,4.30354859419972,0.000016808395983065,0.000101298821245764,TRUE,TRUE,"Enriched"
"K07028",879.664087104756,-0.139313158130442,0.0853845574833431,-1.63159665209507,0.102764483978942,0.193027590941659,FALSE,FALSE,"Suppressed"
"K02706",11.4402312779258,-2.63272201101969,0.818592583825507,-3.21615668531501,0.00129919877663103,0.00479359548619035,TRUE,TRUE,"Suppressed"
"K02598",15.0514006438605,-0.497915024454829,0.707195681131463,-0.704069662385664,0.481389391954698,0.620193050598163,FALSE,FALSE,"Suppressed"
"K22723",50.1457415431639,-1.71243096151263,0.379406671414453,-4.51344451885512,0.00000637831407429409,0.0000423300734919692,TRUE,TRUE,"Suppressed"
"K07517",22.1764122532564,1.82693234897358,0.528646477567927,3.4558678180899,0.000548524238197965,0.00226043873565499,TRUE,TRUE,"Enriched"
"K21284",201.338610457518,2.6487086739729,0.202287658223032,13.0937729826926,0.00000000000000000000000000000000000000357403436330625,0.000000000000000000000000000000000000403667325588978,TRUE,TRUE,"Enriched"
"K16842",17.0190408539176,-0.175904402244515,0.566224188896575,-0.310662111746422,0.756057503390985,0.843768474507158,FALSE,FALSE,"Suppressed"
"K20449",99.4734111471227,-0.089273041549935,0.269356341896879,-0.331430999252702,0.740318952778582,0.833197489756315,FALSE,FALSE,"Suppressed"
"K06972",272.888748091095,0.0572714201473699,0.157315444081779,0.364054657707974,0.715817194736516,0.814509154980973,FALSE,FALSE,"Enriched"
"K03338",796.056535872213,0.29144367462852,0.0884356901510028,3.29554362193458,0.000982314515463197,0.00374680189481554,FALSE,FALSE,"Enriched"
"K06447",432.442687848862,0.769302151422865,0.30480889546722,2.52388353116682,0.0116066375464009,0.0317438934508966,TRUE,TRUE,"Enriched"
"K02230",993.882102317959,0.889391040145767,0.0865304007938306,10.2783649675315,0.000000000000000000000000882113087954998,0.0000000000000000000000444628737474176,TRUE,TRUE,"Enriched"
"K04788",88.5785504047854,1.77360399361597,0.277549700578852,6.39022124656224,0.000000000165645909208555,0.00000000248836059178073,TRUE,TRUE,"Enriched"
"K13892",136.384597313448,-0.583425922717931,0.212532984284262,-2.74510765791347,0.00604910499191491,0.0181741336678271,TRUE,TRUE,"Suppressed"
"K06986",115.78817284476,-0.356149554618325,0.282017254688063,-1.26286441236462,0.206637911329134,0.33218183020701,FALSE,FALSE,"Suppressed"
"K01777",530.598585041316,0.225429371685546,0.10817427831495,2.08394615796934,0.0371650650892023,0.0843893268723175,FALSE,FALSE,"Enriched"
"K02079",40.5104110054197,0.948152245356424,0.410528187763599,2.3095910917143,0.0209108032628641,0.0520769052984622,TRUE,FALSE,"Enriched"
"K02261",41.7214968961251,-0.723600343812479,0.41704589711119,-1.73506165346487,0.0827298854710289,0.161980600798653,FALSE,FALSE,"Suppressed"
"K02119",75.2951589491319,-0.492099099159393,0.292847886133424,-1.68039150173407,0.0928811684197697,0.177971173795845,FALSE,FALSE,"Suppressed"
"K00901",343.430459144172,-0.0878163648334871,0.132735295842257,-0.661590154120335,0.508233919265646,0.645774723666912,FALSE,FALSE,"Suppressed"
"K07068",642.066185062217,-0.514586697712693,0.114144615345852,-4.50819949897351,0.00000653800860651804,0.0000432806399688545,TRUE,TRUE,"Suppressed"
"K02305",156.813687891457,0.214243082911274,0.231756134263941,0.924433278073572,0.355260775201557,0.50260623241807,FALSE,FALSE,"Enriched"
"K09685",6.14844663898539,6.00315879054259,1.49579976178196,4.0133438605385,0.0000598646067652547,0.000319081888524823,TRUE,TRUE,"Enriched"
"K01926",1041.00360538594,0.182156850940632,0.0809367955367109,2.25060616413964,0.0244104926631031,0.0592909576870832,FALSE,FALSE,"Enriched"
"K00989",2095.03494575343,-0.0269441441641499,0.0605720892801794,-0.44482771659928,0.656444262785602,0.767821207899313,FALSE,FALSE,"Suppressed"
"K09707",169.754526411736,0.117648127788324,0.229098834551843,0.513525649392602,0.607583673518613,0.728455440296839,FALSE,FALSE,"Enriched"
"K12140",461.006055670285,-0.386696738993341,0.113263121715028,-3.41414516162,0.000639824763359053,0.00258429882895819,FALSE,FALSE,"Suppressed"
"K06923",441.155072411582,-0.210656036327686,0.12125875073772,-1.73724399308162,0.0823441126949319,0.161328860689492,FALSE,FALSE,"Suppressed"
"K03704",1764.2243980022,0.40739185854556,0.0900584830167005,4.52363669583478,0.00000607860294718411,0.0000406506572092937,FALSE,FALSE,"Enriched"
"K07508",145.875249471291,-0.0169244822235103,0.209560360548639,-0.0807618491359778,0.935631348899517,0.961323382233517,FALSE,FALSE,"Suppressed"
"K06919",835.495690742388,2.53249286910462,0.105015638297116,24.1153880523922,0.0000000000000000000000000000000000000000000000000000000000000000000000000000000000000000000000000000000000000000000000000000000172386306414347,0.0000000000000000000000000000000000000000000000000000000000000000000000000000000000000000000000000000000000000000000000000000262846020705275,TRUE,TRUE,"Enriched"
"K01155",11.3015354783615,2.1679503569919,0.76796679707736,2.82297407289279,0.00475804192305394,0.0148208874814637,TRUE,TRUE,"Enriched"
"K01624",1498.8101941666,0.193420527399405,0.0865198871953921,2.23556148383081,0.0253805099431433,0.0613781642122248,FALSE,FALSE,"Enriched"
"K07727",141.762308963959,0.244002054727585,0.206129904919162,1.18372952640363,0.236520146997032,0.36940752280023,FALSE,FALSE,"Enriched"
"K03613",150.965338982543,-0.304952436417523,0.210361404588537,-1.44965963226004,0.147153457976818,0.255694854758009,FALSE,FALSE,"Suppressed"
"K10221",256.29290771562,-0.18688229346096,0.154994645007687,-1.20573387197791,0.227920120256398,0.358269281815405,FALSE,FALSE,"Suppressed"
"K13543",16.4167018207885,-0.975385290260391,0.649165549955548,-1.50252164540645,0.132962442116031,0.236083072927772,FALSE,FALSE,"Suppressed"
"K02904",389.85383348134,0.0460656774648032,0.138942618314914,0.331544619091567,0.740233143710286,0.833197489756315,FALSE,FALSE,"Enriched"
"K06148",187.852405983854,-0.124296680995798,0.190794871548217,-0.651467620629344,0.514744672187313,0.651473525102208,FALSE,FALSE,"Suppressed"
"K05989",1724.38627805954,0.476392029591774,0.0729305275451027,6.53213469897304,0.0000000000648387996524409,0.0000000010379313361686,FALSE,FALSE,"Enriched"
"K18006",39.7915114851422,-0.786312138419664,0.415076511346934,-1.8943787878241,0.0581747499391703,0.121343296812243,FALSE,FALSE,"Suppressed"
"K08906",9.24908684472353,-0.717566094756181,0.818927797468206,-0.876226325415508,0.380907007820654,0.525718904887569,FALSE,FALSE,"Suppressed"
"K02231",375.60551392834,-0.348012455944693,0.131648739537961,-2.64349250259509,0.0082055582864398,0.0236958806766081,FALSE,FALSE,"Suppressed"
"K07323",702.719414933981,-0.414748425439509,0.0964650218265255,-4.29946956509642,0.0000171207384241935,0.000103079352072217,FALSE,FALSE,"Suppressed"
"K17662",276.836343707985,0.686572896264459,0.158050241119657,4.34401675948514,0.0000139900835255402,0.0000855822662209326,TRUE,TRUE,"Enriched"
"K00133",3383.31657670831,0.100653427239738,0.0512845200274099,1.96264734828253,0.0496871649805542,0.106930846583063,FALSE,FALSE,"Enriched"
"K16872",110.564787885867,0.32767956868023,0.240551163356908,1.36220321742551,0.173133760731277,0.289775742782673,FALSE,FALSE,"Enriched"
"K21163",229.564405519481,1.21054818288912,0.179117813044731,6.75839081725953,0.0000000000139532737216892,0.00000000023972117303826,TRUE,TRUE,"Enriched"
"K05991",249.856276689501,0.0117319815861123,0.183203856992274,0.0640378525797468,0.948940086647318,0.969368297671603,FALSE,FALSE,"Enriched"
"K00840",69.9097904292524,-0.931562412186166,0.310030751754925,-3.0047419712821,0.00265806237815821,0.00894182153578981,TRUE,TRUE,"Suppressed"
"K18240",312.738430388317,-0.506892050794058,0.160985184444031,-3.14868757982066,0.00164005428754683,0.00585637652210076,TRUE,TRUE,"Suppressed"
"K11391",40.4291526198117,4.23367740964623,0.580977762223514,7.28715913917794,0.000000000000316558911056988,0.00000000000672715260814136,TRUE,TRUE,"Enriched"
"K07791",97.3899736444881,-0.875921725352052,0.274450755120703,-3.19154423520103,0.00141514439616445,0.00517133952798502,TRUE,TRUE,"Suppressed"
"K02460",772.537953108333,-0.414117954558925,0.114409628290845,-3.61960755178907,0.000295050159013426,0.00131543195893486,FALSE,FALSE,"Suppressed"
"K11948",26.2034411430771,-0.247937260056882,0.535186406849652,-0.463272715606422,0.643168900308537,0.756545250333996,FALSE,FALSE,"Suppressed"
"K11712",17.6195066508514,-1.15074727885993,0.590082548349823,-1.95014626695539,0.051158688056868,0.109518019817072,FALSE,FALSE,"Suppressed"
"K00537",560.211117196969,0.518975187876316,0.127787732140527,4.06122856383117,0.0000488151509943835,0.000264173563367121,TRUE,TRUE,"Enriched"
"K07169",48.3328514257712,-1.04243487769962,0.359753909750605,-2.89763321383295,0.00375990023679249,0.012101124825434,TRUE,TRUE,"Suppressed"
"K11753",2272.69532419492,-0.0215746401344965,0.0599889902893567,-0.359643328391281,0.71911387727745,0.817735870288327,FALSE,FALSE,"Suppressed"
"K01619",1757.06549919768,-0.030027966152661,0.0686963131954805,-0.437111756888818,0.66203030133278,0.772769915373899,FALSE,FALSE,"Suppressed"
"K14251",45.8666744942065,3.08394841201276,0.42879474839561,7.19213195486126,0.000000000000637873356334243,0.0000000000130989548831062,TRUE,TRUE,"Enriched"
"K01499",134.588026790347,-0.0666884352877423,0.237362182280215,-0.280956446587663,0.778743805390603,0.861511617523137,FALSE,FALSE,"Suppressed"
"K14387",33.0409227599919,-0.257383306267348,0.459642464912346,-0.559964158917368,0.575503884843971,0.703195330075119,FALSE,FALSE,"Suppressed"
"K01485",333.109257284902,0.23511997375759,0.141874520729644,1.65723889355464,0.0974711860690327,0.185219188903654,FALSE,FALSE,"Enriched"
"K01866",3350.2069834331,-0.0056012849546404,0.0520153743621993,-0.10768518007074,0.914245425736566,0.948259056628311,FALSE,FALSE,"Suppressed"
"K08281",702.399908711017,0.15818444411467,0.119473505032645,1.32401275137486,0.185498809849127,0.305772227370223,FALSE,FALSE,"Enriched"
"K01046",286.701279528727,1.09163681250671,0.148851202553359,7.33374533615462,0.000000000000223808198476207,0.0000000000048404475266184,TRUE,TRUE,"Enriched"
"K10672",73.8686440771916,-0.46995273900463,0.285257495509619,-1.64746850267702,0.0994617851335161,0.187981849249865,FALSE,FALSE,"Suppressed"
"K04789",25.4080079526085,-0.403533615993253,0.490876433347792,-0.822067609237506,0.411038419027063,0.554261180111885,FALSE,FALSE,"Suppressed"
"K23059",9.22663803983641,1.21904747617679,1.04532405245176,1.16619097524597,0.243537240561652,0.377659199131837,FALSE,FALSE,"Enriched"
"K00949",130.924441428624,0.0872095745582817,0.220245728872519,0.395964884334986,0.692130933712682,0.795272525379361,FALSE,FALSE,"Enriched"
"K01420",1144.20538794053,-0.145884938688188,0.0932056616064991,-1.56519396111465,0.117537437068369,0.214372257380378,FALSE,FALSE,"Suppressed"
"K19293",8.97921059960777,0.449056188586827,0.837048723449855,0.536475567080568,0.59162991761965,0.715800608522564,FALSE,FALSE,"Enriched"
"K08646",226.097392650165,0.0141735712134866,0.222986793736781,0.0635623795291547,0.949318687925563,0.969368297671603,FALSE,FALSE,"Enriched"
"K19668",865.627737180339,0.611580585924465,0.0973091302238749,6.28492500670213,0.000000000328011992586949,0.00000000467417089436402,TRUE,TRUE,"Enriched"
"K11987",49.2387543052615,2.71701275525014,0.468621167472862,5.79788738503256,0.00000000671555214570753,0.0000000774256191619475,TRUE,TRUE,"Enriched"
"K21793",22.4804779475584,0.0471941930593983,0.591936557279269,0.0797284649495515,0.936453219755988,0.961519896850467,FALSE,FALSE,"Enriched"
"K00425",3104.53935686627,0.225332263865135,0.0571779146971008,3.9408968490514,0.0000811775308620158,0.000419933639293837,FALSE,FALSE,"Enriched"
"K00064",380.251691809635,0.434372385169111,0.134200047729324,3.2367528366698,0.00120898074555733,0.00449334160094707,FALSE,FALSE,"Enriched"
"K01873",8754.62938004063,0.114595949439699,0.0360142838559178,3.1819583001612,0.00146282878578783,0.00532009109392964,FALSE,FALSE,"Enriched"
"K15496",84.5803537178539,-0.15178328446749,0.281685636789857,-0.538839275574152,0.589997760523551,0.714676532558716,FALSE,FALSE,"Suppressed"
"K06958",1810.54562374684,-0.00459388542506539,0.062811832080915,-0.0731372620869821,0.941696890185524,0.965703398164542,FALSE,FALSE,"Suppressed"
"K00971",1354.23422934986,0.352566045027078,0.0712933329054392,4.94528773812144,0.000000760314760190674,0.00000620771047175759,FALSE,FALSE,"Enriched"
"K22893",128.1284717694,-0.485307617271506,0.250195170579682,-1.93971616697112,0.0524141937030047,0.111423550852083,FALSE,FALSE,"Suppressed"
"K03214",131.298986485843,-0.417367758576844,0.257671664813517,-1.61976583214497,0.105282588550804,0.197029305790535,FALSE,FALSE,"Suppressed"
"K18588",180.257890427236,0.485810847124107,0.224045467678325,2.16835828976292,0.0301314366253353,0.0708925914331905,FALSE,FALSE,"Enriched"
"K01500",73.8885526174186,0.011704687896496,0.290312123489766,0.0403175994023159,0.967839922892374,0.981192767573237,FALSE,FALSE,"Enriched"
"K16179",9.81198726422759,-0.206566685628978,0.760189625236262,-0.271730471939522,0.785829269345545,0.866842596082199,FALSE,FALSE,"Suppressed"
"K08484",1218.56212137385,0.521460890717074,0.0898771061132247,5.801932363734,0.00000000655550062862103,0.000000075867169514155,TRUE,TRUE,"Enriched"
"K21948",189.564227516517,0.387473697128943,0.179600343059872,2.15742180959963,0.0309728134087238,0.0724387723845642,FALSE,FALSE,"Enriched"
"K00156",1602.0412168862,1.12211125781005,0.0683851261133239,16.4087034942446,0.00000000000000000000000000000000000000000000000000000000000165706330055024,0.000000000000000000000000000000000000000000000000000000000561468281669774,TRUE,TRUE,"Enriched"
"K00611",2598.08105437045,0.0983425198109618,0.0594131448176304,1.65523168505599,0.0978775103255967,0.185735823110085,FALSE,FALSE,"Enriched"
"K15785",65.2763814546795,0.528466255635038,0.321458726063274,1.64396301231847,0.10018384282233,0.189170667917458,FALSE,FALSE,"Enriched"
"K09014",3812.16911648071,0.0738527614227733,0.0459748280669312,1.6063738469072,0.108191793633113,0.201361534747743,FALSE,FALSE,"Enriched"
"K09801",83.6896094433492,-0.601653080355044,0.26603513671003,-2.26155495020504,0.0237249140291728,0.05790246125007,TRUE,FALSE,"Suppressed"
"K21514",110.178135027525,1.17797283583051,0.240618480190769,4.89560417344744,0.000000980041577697165,0.00000782365652143326,TRUE,TRUE,"Enriched"
"K09970",361.980144688817,-0.185170223994493,0.136354102747257,-1.35800991876072,0.174460536847349,0.291683654419057,FALSE,FALSE,"Suppressed"
"K19126",53.5311941906509,1.76601687490278,0.362123845795304,4.87683121508944,0.00000107803602862435,0.0000085167639100776,TRUE,TRUE,"Enriched"
"K05782",403.877190754033,0.835633506404464,0.121988756483181,6.85008627430082,0.00000000000738054637656988,0.000000000131619743715496,TRUE,TRUE,"Enriched"
"K15983",158.286722431624,-1.54685870844569,0.205330500527159,-7.53350673414,0.0000000000000493954639801166,0.00000000000113870890491054,TRUE,TRUE,"Suppressed"
"K13010",281.532542932327,0.636648658082228,0.176368295767627,3.60976815765709,0.000306470802982684,0.00135939303810283,TRUE,TRUE,"Enriched"
"K06383",7.11723290763465,6.21429043384023,1.45745485478119,4.26379617416911,0.0000200982793991885,0.000119009132092865,TRUE,TRUE,"Enriched"
"K07138",50.5518916698191,-0.074329603794925,0.35704617235571,-0.208179248371478,0.835089011030623,0.901054110760795,FALSE,FALSE,"Suppressed"
"K03711",1410.91314856306,-0.133245194502652,0.0715847139237757,-1.86136379122132,0.0626928202830242,0.128872096699078,FALSE,FALSE,"Suppressed"
"K02051",6587.01505528247,0.0596362549845464,0.0491951263501316,1.21223908563834,0.225420873809058,0.355348128550386,FALSE,FALSE,"Enriched"
"K03863",14.1953827438811,-0.0222388194061587,0.659638163758758,-0.0337136639872945,0.973105482880884,0.984567076989136,FALSE,FALSE,"Suppressed"
"K09924",115.401226953614,0.31664002663215,0.24310544432464,1.30248019542217,0.192752283770917,0.314919951438207,FALSE,FALSE,"Enriched"
"K07698",9.67791662798494,-0.664593839557919,0.824510949375523,-0.806046105344357,0.420216265328523,0.563646140804632,FALSE,FALSE,"Suppressed"
"K04034",159.630438666816,0.0297107488451358,0.216864192323731,0.137001634648767,0.891029503033217,0.93687130201502,FALSE,FALSE,"Enriched"
"K09929",109.694870491618,-0.676215453373609,0.280303564657054,-2.4124397212035,0.0158461574670077,0.0413015873467009,TRUE,TRUE,"Suppressed"
"K01493",425.145121119118,1.38039713916911,0.132133364522492,10.4469990918466,0.000000000000000000000000151234979669237,0.00000000000000000000000788360804275793,TRUE,TRUE,"Enriched"
"K19694",17.8483926700949,-0.946450530346515,0.587927841355489,-1.60980729908017,0.107439931270074,0.200451557300759,FALSE,FALSE,"Suppressed"
"K02970",403.65212516237,0.230011431876927,0.121214687568251,1.89755413713719,0.057754840843425,0.120632456953441,FALSE,FALSE,"Enriched"
"K01193",122.988237349808,-0.122623337823834,0.232838497787083,-0.526645460219236,0.598439816517528,0.721748950156299,FALSE,FALSE,"Suppressed"
"K01424",1028.93293039776,0.222763351995338,0.0797382932887097,2.79368096315751,0.00521118627334611,0.015980234454725,FALSE,FALSE,"Enriched"
"K03665",3928.05002106591,-0.0831929529365358,0.0485720308211306,-1.71277485273158,0.0867539682022802,0.168566144084019,FALSE,FALSE,"Suppressed"
"K04046",263.27427583197,-0.297506530159506,0.16669832159202,-1.78470021364479,0.0743099562751408,0.147868327348151,FALSE,FALSE,"Suppressed"
"K21619",108.761428669868,-0.637709920295047,0.251009970608597,-2.54057605261201,0.011067002159448,0.0305557474741844,TRUE,TRUE,"Suppressed"
"K05281",530.927168053903,-0.159396526078313,0.116687802783008,-1.36600846255307,0.171936307245145,0.288325415971443,FALSE,FALSE,"Suppressed"
"K01933",2896.75268204603,0.0578589408899039,0.059693407541527,0.969268521815463,0.332411230657951,0.478493296148889,FALSE,FALSE,"Enriched"
"K05813",1104.45310273112,0.0861611764723248,0.0952936972939095,0.904164482217352,0.365908190538301,0.512321867330831,FALSE,FALSE,"Enriched"
"K15444",30.9023962919849,-0.0789228862707096,0.43146236999826,-0.182919512241654,0.854861172644252,0.914541008938308,FALSE,FALSE,"Suppressed"
"K07232",256.350591598356,-0.275661779233155,0.149300406604196,-1.84635652040754,0.0648404560203,0.132616345160231,FALSE,FALSE,"Suppressed"
"K00652",1610.95071864893,0.0436569496777912,0.0793399225899441,0.550251982264027,0.582146554016307,0.707696199510754,FALSE,FALSE,"Enriched"
"K04092",58.8634397324187,0.888400786437479,0.357672256551235,2.48384035989724,0.012997406045454,0.0349517183119179,TRUE,TRUE,"Enriched"
"K14189",94.8836659360906,0.406817900770335,0.248779662887562,1.63525384691191,0.101995844345048,0.192057009774759,FALSE,FALSE,"Enriched"
"K02990",1131.1440522899,-0.113681464700259,0.0782868245160397,-1.45211490443028,0.146469658378393,0.254724393056692,FALSE,FALSE,"Suppressed"
"K21577",41.5900258019793,-0.561963171564035,0.385518117524774,-1.45768291039635,0.144927964598579,0.252691725582256,FALSE,FALSE,"Suppressed"
"K07347",696.695591362088,-0.264815874751083,0.130767556703359,-2.02508849616123,0.042858277947064,0.0951210470156999,FALSE,FALSE,"Suppressed"
"K00926",1133.09981753343,-0.307336421927588,0.0760709187327975,-4.04013027642168,0.0000534215188901935,0.000287064179481313,FALSE,FALSE,"Suppressed"
"K20712",8.38542657762515,-0.486475798789263,0.834995424315428,-0.582608939669461,0.560156585979021,0.690180811694151,FALSE,FALSE,"Suppressed"
"K01583",8.19896856098776,-0.838797864458246,0.936629485931915,-0.895549282888174,0.370493533306857,0.515899556995096,FALSE,FALSE,"Suppressed"
"K22322",12.7377629221631,3.45445033252529,0.939406192837109,3.67727012964698,0.000235743354346531,0.00107781013355284,TRUE,TRUE,"Enriched"
"K03424",2244.60977107003,0.0152754798046983,0.0568311873135174,0.268786920118859,0.788093659297478,0.868081694462383,FALSE,FALSE,"Enriched"
"K02854",14.6977114927029,0.012775402794861,0.723490580868108,0.0176580084560768,0.98591167981757,0.991275195385322,FALSE,FALSE,"Enriched"
"K17214",15.1321990426535,0.666750983711061,0.646148426308423,1.03188517771427,0.302125910402929,0.443374862258774,FALSE,FALSE,"Enriched"
"K00286",1868.60753702593,0.0581835301861855,0.0608893472236853,0.955561733523606,0.339293702293817,0.485831595609712,FALSE,FALSE,"Enriched"
"K05996",511.290302480882,0.853986294499265,0.117448222615462,7.27117256848842,0.000000000000356380315131694,0.00000000000752098111414603,TRUE,TRUE,"Enriched"
"K20500",52.0348410166725,4.34484887980431,0.49509367008141,8.77581181575169,0.00000000000000000169675357357454,0.0000000000000000547539684932863,TRUE,TRUE,"Enriched"
"K03924",8111.878414126,-0.0464613820942127,0.0400669275816864,-1.15959433124713,0.246214010068015,0.380552267461943,FALSE,FALSE,"Suppressed"
"K07230",55.9115457224668,0.235210944970042,0.344080583167511,0.683592613116249,0.494232450496512,0.631547392311928,FALSE,FALSE,"Enriched"
"K07358",23.1930444921771,-0.616232796772962,0.560732898162688,-1.09897742542327,0.27177791268341,0.410087454096021,FALSE,FALSE,"Suppressed"
"K21193",14.5632526981777,-1.46993953569118,0.681133183716119,-2.15807946350742,0.0309216541429306,0.072420742411269,TRUE,FALSE,"Suppressed"
"K12420",92.6339777428009,2.87815668159906,0.301027682449525,9.56110301278241,0.00000000000000000000116508273142212,0.0000000000000000000476901985163995,TRUE,TRUE,"Enriched"
"K21033",9.44437160485025,1.54715117820534,0.815066757941898,1.89818952022041,0.0576711208306867,0.120581476155762,FALSE,FALSE,"Enriched"
"K05934",33.8645416094502,-0.116671008581005,0.403120497266386,-0.289419688088714,0.77226023045935,0.856055097341254,FALSE,FALSE,"Suppressed"
"K21210",16.3113852286431,-0.49272631791431,0.631693763619078,-0.780008203803374,0.435386046345723,0.578648833441396,FALSE,FALSE,"Suppressed"
"K02666",2096.86854020439,-0.376647654158049,0.0711166419369126,-5.29619571312398,0.000000118240109411927,0.00000112679129266147,FALSE,FALSE,"Suppressed"
"K01870",8978.1249773836,0.00881381579456576,0.0394235565258271,0.223567241803557,0.823094055727369,0.893406414999328,FALSE,FALSE,"Enriched"
"K22502",141.335976000019,2.12941476295625,0.216899998330217,9.8174955248932,0.0000000000000000000000946661660619184,0.00000000000000000000421334307598652,TRUE,TRUE,"Enriched"
"K02351",1176.23402515606,0.534767082655309,0.0897707792298209,5.95702841440486,0.00000000256865596416959,0.0000000312699255997411,TRUE,TRUE,"Enriched"
"K11159",23.6973912107405,-1.36669003519019,0.52283936263433,-2.6139769360595,0.00894950776864635,0.0254347846602861,TRUE,TRUE,"Suppressed"
"K11897",54.0754454301498,-0.90131215695298,0.386253929409108,-2.33347051855708,0.0196234638972232,0.0494559943426297,TRUE,TRUE,"Suppressed"
"K02299",269.541977577784,0.37029546237918,0.155937282124566,2.37464355755143,0.0175659039953117,0.0450333957408179,FALSE,FALSE,"Enriched"
"K02047",781.921975618856,-0.251970893559502,0.0991122343818034,-2.542278409231,0.0110132409637141,0.0304762961151055,FALSE,FALSE,"Suppressed"
"K04094",1530.52209301293,0.104967341826321,0.0766580868166212,1.36929248022352,0.170907867642238,0.286916345926234,FALSE,FALSE,"Enriched"
"K01803",2095.44453962633,-0.0337772585491181,0.059971782328826,-0.563219188049423,0.573285638459528,0.70167953220242,FALSE,FALSE,"Suppressed"
"K13609",31.3382996826109,0.359218166773906,0.459787097159241,0.781270655469255,0.434643325294964,0.577787628808627,FALSE,FALSE,"Enriched"
"K11532",519.342472503658,0.580554706042963,0.131158990176955,4.42634321337561,0.00000958439870453213,0.0000613381402926983,TRUE,TRUE,"Enriched"
"K19189",15.3661608344502,0.475516121018626,0.669719033736818,0.710023303900142,0.477689685071696,0.617251989248363,FALSE,FALSE,"Enriched"
"K02427",792.237071599072,-0.0816712675276732,0.0944903465387395,-0.864334511612668,0.387404156799516,0.531917593948728,FALSE,FALSE,"Suppressed"
"K21725",20.5372335080127,0.36396356179354,0.533484372880846,0.682238469007285,0.495088173447449,0.632497438176789,FALSE,FALSE,"Enriched"
"K15659",5.24693012730291,-0.196764077600054,1.20806337975893,-0.162875624654163,0.870616363233334,0.923892508014877,FALSE,FALSE,"Suppressed"
"K00452",425.674110693725,0.315018942442463,0.118873707913621,2.65003042280275,0.00804845230705786,0.0232973472333868,FALSE,FALSE,"Enriched"
"K01224",420.971944499681,0.119642918470784,0.124473533450863,0.961191629689005,0.336455824245926,0.482493315794945,FALSE,FALSE,"Enriched"
"K02844",255.204997955713,-0.679653664059842,0.160453698355077,-4.23582423482566,0.0000227714854018003,0.000133157516266136,TRUE,TRUE,"Suppressed"
"K20866",112.519806503808,-0.659016968628634,0.247261376270023,-2.66526450095041,0.00769277906846981,0.0224811976706264,TRUE,TRUE,"Suppressed"
"K07337",97.3602583164005,-0.310049552023751,0.239776578172966,-1.2930768901043,0.19598446706785,0.318749137239152,FALSE,FALSE,"Suppressed"
"K03979",3228.26063840304,0.00463229120325306,0.0507675258501145,0.0912451636293915,0.927297789215919,0.957276441507767,FALSE,FALSE,"Enriched"
"K06895",115.743862857059,0.0603886869130033,0.258418723502639,0.233685416035214,0.815229210629787,0.887396565345542,FALSE,FALSE,"Enriched"
"K00759",1243.27298636622,0.275976720498172,0.0779830187287997,3.53893353959446,0.000401746984952327,0.00171972327522558,FALSE,FALSE,"Enriched"
"K07177",724.473703835789,0.509755123746928,0.118824844525774,4.28997088766533,0.0000178696541373104,0.000106686245381307,TRUE,TRUE,"Enriched"
"K03975",1157.32790800226,-0.00414180920801445,0.0776061509906351,-0.0533695996405524,0.957437426652473,0.973559664080266,FALSE,FALSE,"Suppressed"
"K03585",2854.92792101533,-0.219253062431846,0.0615789983608414,-3.56051686886923,0.0003701255317667,0.00160330187709761,FALSE,FALSE,"Suppressed"
"K13043",52.6792923298474,-0.324704439599952,0.358914517890076,-0.904684607100232,0.365632498150023,0.512171016586355,FALSE,FALSE,"Suppressed"
"K07652",156.079982964349,0.781697216270942,0.221185552562716,3.53412421025689,0.000409128762118035,0.00174739238106295,TRUE,TRUE,"Enriched"
"K21961",161.613204957736,2.29345873751794,0.216208335920678,10.6076332707142,0.0000000000000000000000000274617091418968,0.00000000000000000000000149543717907526,TRUE,TRUE,"Enriched"
"K23124",75.5509899796146,0.25387810173127,0.289715612614166,0.876301071386777,0.380866382768376,0.525718904887569,FALSE,FALSE,"Enriched"
"K00264",10.4591528606275,-0.754682500486689,0.797539610051834,-0.946263346641354,0.344014283384744,0.4910650634194,FALSE,FALSE,"Suppressed"
"K03177",2171.05069722403,0.179102517538101,0.0646247377774354,2.77142350898076,0.00558117835114248,0.0169858317183723,FALSE,FALSE,"Enriched"
"K06864",632.703864050466,-0.505939095382555,0.097737382054991,-5.17651572760454,0.000000226068003343635,0.0000020548267546838,TRUE,TRUE,"Suppressed"
"K08222",21.8835204300752,1.80873740790452,0.614405152255117,2.94388385459614,0.00324121610231156,0.0106068586569861,TRUE,TRUE,"Enriched"
"K17828",930.483441599961,-0.244772422553745,0.0861705778508982,-2.84055681948979,0.00450348494854407,0.0141362607828977,FALSE,FALSE,"Suppressed"
"K11900",428.04377304956,-0.575300040893391,0.13238288745036,-4.34572815243295,0.0000138814401552295,0.0000850029151674141,TRUE,TRUE,"Suppressed"
"K14736",18.4700399651561,-0.845000493098124,0.631592124331665,-1.33788953431343,0.180932449267509,0.299621777920862,FALSE,FALSE,"Suppressed"
"K09758",56.5974359760711,-0.717856727479733,0.355350836064024,-2.02013518648481,0.043369366940529,0.095936762103159,TRUE,FALSE,"Suppressed"
"K01317",8.96231815213886,0.431666716870168,0.774061552277366,0.557664588300712,0.577073443016284,0.703632732698184,FALSE,FALSE,"Enriched"
"K13643",140.753943452187,0.0540933214801316,0.200855665503798,0.269314392225142,0.787687757807891,0.867950792207828,FALSE,FALSE,"Enriched"
"K00973",2460.98674988073,0.00947654774692564,0.0582462533831581,0.162697979638048,0.870756237810285,0.923892508014877,FALSE,FALSE,"Enriched"
"K03403",49.1209151573364,-0.728713655961931,0.414543490881524,-1.75787021625241,0.0787695945776696,0.155322660093609,FALSE,FALSE,"Suppressed"
"K07735",1281.74629284484,-0.0296860145608245,0.0722291629248631,-0.410997626979363,0.681074274749247,0.787463886577375,FALSE,FALSE,"Suppressed"
"K17816",7.04143451116487,0.883501120789985,0.924679345710528,0.955467562770203,0.339341301409637,0.485831595609712,FALSE,FALSE,"Enriched"
"K19563",13.3424858085927,3.10536698067447,0.797927918884589,3.89178885357892,0.0000995078272377922,0.000504068304255228,TRUE,TRUE,"Enriched"
"K11473",1672.5262235352,-0.0798550397511379,0.0730102068547848,-1.09375172583701,0.274063881483126,0.41253079823994,FALSE,FALSE,"Suppressed"
"K17315",471.315471024559,0.107080121996999,0.126614947457768,0.845714697569304,0.397711921957227,0.541197012944473,FALSE,FALSE,"Enriched"
"K19647",30.3975930301604,-0.572824352534197,0.436122680511026,-1.31344774792036,0.189032117086844,0.310171343048873,FALSE,FALSE,"Suppressed"
"K02371",601.377105317138,0.216652225070425,0.113602822119748,1.90710249118682,0.0565073167308811,0.11878605059555,FALSE,FALSE,"Enriched"
"K04047",733.017062785466,-0.0230771455385275,0.0957412456895022,-0.241036612510441,0.809526740239694,0.883174144087264,FALSE,FALSE,"Suppressed"
"K08260",109.715327391753,3.3648298912546,0.287569472326316,11.7009286974536,0.000000000000000000000000000000126066196012298,0.00000000000000000000000000000915330630332147,TRUE,TRUE,"Enriched"
"K07537",168.650131622035,-0.40005430126879,0.213750103572311,-1.87159816338265,0.0612622176994778,0.126528366322084,FALSE,FALSE,"Suppressed"
"K11474",5.94137164572709,5.95929673531946,1.52394595545686,3.91043836822476,0.0000921287662872833,0.00047161613133074,TRUE,TRUE,"Enriched"
"K00604",2659.54246243693,-0.0339341999227883,0.0578588183635736,-0.586500051030292,0.557539527244525,0.688346877867278,FALSE,FALSE,"Suppressed"
"K10006",398.226692231707,0.679896960303372,0.121830010082495,5.58070183071473,0.0000000239549996957024,0.000000254532305129075,TRUE,TRUE,"Enriched"
"K21606",8.86496064513686,-1.26703006609633,0.943333445901849,-1.34314125254513,0.179226239997665,0.29766092242901,FALSE,FALSE,"Suppressed"
"K11738",24.8656765966088,2.79772116210351,0.603689276890301,4.6343727960765,0.00000358021299962607,0.0000257193393224021,TRUE,TRUE,"Enriched"
"K00052",2691.151728194,-0.160321901699547,0.0619918718324128,-2.58617617053017,0.00970473141985388,0.0272259231507308,FALSE,FALSE,"Suppressed"
"K07502",368.093565973176,-0.357338451273345,0.141548870253186,-2.52448819008008,0.0115866898011088,0.0317177832571644,FALSE,FALSE,"Suppressed"
"K08365",53.7278428225951,0.702377575618075,0.341470504184782,2.0569201937219,0.0396939031720571,0.0892344693867956,TRUE,FALSE,"Enriched"
"K00303",935.334945315836,-0.160719261352571,0.0848876288665007,-1.89331783086235,0.0583156153122219,0.121512448851808,FALSE,FALSE,"Suppressed"
"K10217",1017.55978836616,0.689266462546876,0.0845394998698278,8.15318831561808,0.000000000000000354453013517368,0.00000000000000987127365042204,TRUE,TRUE,"Enriched"
"K15916",565.194766613067,0.597941107578984,0.118266129181563,5.05589480028574,0.00000042837743664439,0.00000365408949104075,TRUE,TRUE,"Enriched"
"K14445",765.590145864475,-0.23265588746635,0.096590863213608,-2.40867386133446,0.016010598322936,0.0415880064614935,FALSE,FALSE,"Suppressed"
"K07034",197.20728845575,0.608770552044503,0.18776842851115,3.24213477671169,0.00118637902107551,0.00441741492645881,TRUE,TRUE,"Enriched"
"K16320",47.6924685479096,-0.526332648443216,0.388060299256125,-1.35631665865368,0.174998437379677,0.29217505326544,FALSE,FALSE,"Suppressed"
"K13591",25.5687936696136,0.604412365233702,0.498522430243014,1.21240756396672,0.225356406913007,0.355338346887908,FALSE,FALSE,"Enriched"
"K13588",320.215966719202,0.399714636914787,0.155560691433141,2.56950925862001,0.0101842670344188,0.0284143845576031,FALSE,FALSE,"Enriched"
"K06165",17.3808416938971,-0.642400264594957,0.596756461763927,-1.07648648277073,0.281709743018377,0.420599197715809,FALSE,FALSE,"Suppressed"
"K01840",3533.5271456709,0.00664620644323015,0.0475589359499981,0.139746743918278,0.888860092445344,0.935632913981586,FALSE,FALSE,"Enriched"
"K07492",316.403852554985,0.0650227458356815,0.149763474075613,0.434169587992148,0.664165295653745,0.774549243455916,FALSE,FALSE,"Enriched"
"K03207",10.4861702619524,2.01478492982694,0.858276805938276,2.34747684649868,0.0189010478456823,0.0478727121307377,TRUE,TRUE,"Enriched"
"K08083",642.482194576165,-0.101067779054581,0.1356171748657,-0.745243212407776,0.456124703989029,0.598668476801494,FALSE,FALSE,"Suppressed"
"K03473",10.9576439268623,1.11513823371507,0.759934898224962,1.46741284854767,0.142263781368762,0.249472916207038,FALSE,FALSE,"Enriched"
"K23107",551.635672508303,0.655126923421574,0.104001224583426,6.29922316824312,0.000000000299141040151695,0.00000000430297453746506,TRUE,TRUE,"Enriched"
"K01534",686.68259275792,-0.308991110164838,0.10277981598804,-3.00634037135068,0.00264412841730602,0.0089047704125618,FALSE,FALSE,"Suppressed"
"K02244",7.65091552310306,6.32109424078487,1.43666413768724,4.39984132335943,0.0000108330061543585,0.0000681139222014768,TRUE,TRUE,"Enriched"
"K07722",50.0257562065261,-0.96066316710324,0.379273415213401,-2.53290404380891,0.0113121914936047,0.0311340505051874,TRUE,TRUE,"Suppressed"
"K02933",1649.37514066879,0.0128327336259799,0.0672986646892221,0.190683332057776,0.848773698170177,0.90930454683645,FALSE,FALSE,"Enriched"
"K04517",1176.20046778065,-0.0240576296382859,0.0813001566220982,-0.295911233604522,0.767297871887075,0.852160081505395,FALSE,FALSE,"Suppressed"
"K06012",5.11951022724821,5.74077962968684,1.56168616597527,3.676013628578,0.000236906872056493,0.00108231836155247,TRUE,TRUE,"Enriched"
"K06922",7.32169969310088,0.437179616965748,1.01650234610734,0.430082250808285,0.667135810773796,0.776796737287014,FALSE,FALSE,"Enriched"
"K22705",63.3124268860419,-0.933222189620897,0.316907242568545,-2.94478025196615,0.0032318410974342,0.0105862439122354,TRUE,TRUE,"Suppressed"
"K23548",6.16865406371062,-3.07899479814737,1.14816708210007,-2.68166092387502,0.00732576706827822,0.0215324594455079,TRUE,TRUE,"Suppressed"
"K00511",20.9481358528335,1.35846615405293,0.564719457355973,2.4055593203983,0.0161477301209147,0.041905970385887,TRUE,TRUE,"Enriched"
"K07231",151.924988843178,0.041733434142632,0.223377361399654,0.186829291388956,0.851794480055192,0.911830355272567,FALSE,FALSE,"Enriched"
"K01150",8.28300588474862,1.62770599637777,0.913183966458796,1.78245135280878,0.0746756575793922,0.148450728675591,FALSE,FALSE,"Enriched"
"K09011",28.4162611421122,-0.0712354702548874,0.455987481143625,-0.156222425396916,0.875857700841711,0.927083671890593,FALSE,FALSE,"Suppressed"
"K17993",174.597307117425,-0.803978646131554,0.207862428517082,-3.86784014728993,0.000109803603619356,0.000550733699403333,TRUE,TRUE,"Suppressed"
"K05823",7.98942791835685,4.45272968324171,1.30331319192834,3.41646943406871,0.000634387850436977,0.00256573706884292,TRUE,TRUE,"Enriched"
"K21883",356.380231451117,-0.226400814117076,0.141643589235732,-1.59838376970443,0.109957594465336,0.203653619387817,FALSE,FALSE,"Suppressed"
"K09823",380.430616888802,0.0484580257584478,0.151580260089878,0.319685595800636,0.749206680117548,0.839810979973704,FALSE,FALSE,"Enriched"
"K18356",26.596373728424,0.18224290514149,0.459769929304344,0.396378478725724,0.691825840177665,0.795272525379361,FALSE,FALSE,"Enriched"
"K21677",91.5451330276013,0.00996965604680516,0.260408533479098,0.0382846749052691,0.96946070948272,0.982509283339168,FALSE,FALSE,"Enriched"
"K22958",85.6654032292861,-0.225182568577677,0.293406815554453,-0.767475588977536,0.442798801546432,0.585565891290479,FALSE,FALSE,"Suppressed"
"K04483",18.589379286899,-1.63668534808998,0.606769493848621,-2.6973757986889,0.0069888350232841,0.0206516011661869,TRUE,TRUE,"Suppressed"
"K09967",321.971910056374,-0.564789587386983,0.137249790648718,-4.11504880785228,0.000038709749602995,0.000214823260080679,TRUE,TRUE,"Suppressed"
"K00899",29.2278815737745,1.08191408392972,0.487146042810034,2.2209234784888,0.0263561447082733,0.0632609707106488,TRUE,FALSE,"Enriched"
"K03676",232.027533252486,0.315656417551244,0.18362367414539,1.71903987337337,0.0856071117599907,0.166732230467365,FALSE,FALSE,"Enriched"
"K00022",9.8723843034493,-0.734913062743895,0.824386497266849,-0.891466642382437,0.372678879440416,0.518334233681394,FALSE,FALSE,"Suppressed"
"K01809",922.365867744064,0.537426433975557,0.0808822454450855,6.64455383277457,0.000000000030413693730474,0.000000000508200323457975,TRUE,TRUE,"Enriched"
"K21251",35.718950543717,3.22064976676363,0.519853184105748,6.19530641579853,0.000000000581717492572897,0.000000007849325192925,TRUE,TRUE,"Enriched"
"K10195",7.17633210875487,-1.44688304128369,0.89340607375281,-1.61951332522955,0.105336861780903,0.197070404908505,FALSE,FALSE,"Suppressed"
"K00012",4260.72159556913,0.0616561706589666,0.0458264219088124,1.34542842514855,0.178486920901703,0.296942643365927,FALSE,FALSE,"Enriched"
"K01963",1791.15423522622,-0.0691868748585658,0.0633275995373129,-1.09252324995835,0.274603176861629,0.413022139501622,FALSE,FALSE,"Suppressed"
"K01486",543.785405061149,0.152728163875034,0.11733526248315,1.30163908651899,0.193039791619017,0.31522080029033,FALSE,FALSE,"Enriched"
"K02113",1555.28034487145,-0.0236531988282175,0.0684597046373918,-0.34550541743498,0.729714438228591,0.824488241032427,FALSE,FALSE,"Suppressed"
"K07248",23.8058044232891,0.283556380759032,0.516581100571521,0.548909707392156,0.583067415992068,0.708647876132397,FALSE,FALSE,"Enriched"
"K18244",106.992219000212,-0.549713011643567,0.271427671928576,-2.02526517557215,0.0428401423826412,0.0951154089522129,TRUE,FALSE,"Suppressed"
"K21332",38.1388587062237,-3.97890469816764,0.558531075438016,-7.12387344794964,0.00000000000104935400329933,0.0000000000210526646911928,TRUE,TRUE,"Suppressed"
"K00216",54.6875420687313,-1.04480884220678,0.351505102764134,-2.97238598811429,0.00295494934703166,0.00981603271652838,TRUE,TRUE,"Suppressed"
"K15778",1641.12033532936,-0.240436025319032,0.068332309836206,-3.51862868232264,0.000433783383677566,0.00184237107036872,FALSE,FALSE,"Suppressed"
"K22882",13.2402322782507,0.263605486848228,0.751075274790859,0.350970795732333,0.725610258069483,0.82212464498714,FALSE,FALSE,"Enriched"
"K12990",23.5820211184424,-0.380321988011348,0.512143346560243,-0.742608471955638,0.457718757844009,0.599962756090826,FALSE,FALSE,"Suppressed"
"K15975",870.933592953558,0.0824789934631804,0.0838477962072516,0.983675149425658,0.325275262210347,0.469773579024605,FALSE,FALSE,"Enriched"
"K12257",1385.19038313244,-0.0418653702120959,0.078332820951997,-0.534455030513344,0.593026754188758,0.716651921055436,FALSE,FALSE,"Suppressed"
"K11632",15.0546401814143,5.42283890166657,1.17676702023239,4.60825193809023,0.00000406068453701548,0.0000283689747895274,TRUE,TRUE,"Enriched"
"K03204",238.655144118404,0.364794677266068,0.193969633167364,1.8806793172172,0.0600155548280853,0.124528471796188,FALSE,FALSE,"Enriched"
"K01187",6099.46709963789,0.497811295759025,0.0448719973713928,11.0940302398126,0.00000000000000000000000000013410654926127,0.00000000000000000000000000851995670775504,FALSE,FALSE,"Enriched"
"K13641",319.719955016805,0.444599935712669,0.132807206142777,3.34770942500435,0.000814823967637571,0.00320000732686513,FALSE,FALSE,"Enriched"
"K22083",305.752655197207,-0.175818333637713,0.157002208419565,-1.11984624552455,0.262779288396813,0.400072611066441,FALSE,FALSE,"Suppressed"
"K00202",107.934373158997,0.0211790248010178,0.243014931790995,0.0871511254264526,0.930551387729244,0.9586879921893,FALSE,FALSE,"Enriched"
"K01687",5287.07302694222,-0.145047573122712,0.046833024939275,-3.09712159978529,0.00195409698100884,0.00680641775395371,FALSE,FALSE,"Suppressed"
"K02566",467.161949455577,0.304037182951157,0.120725301346841,2.51842140428927,0.0117882189311221,0.0321827874936946,FALSE,FALSE,"Enriched"
"K11443",479.289129105061,0.104700170037168,0.11473856077627,0.912510749035142,0.361499913676328,0.50836706790683,FALSE,FALSE,"Enriched"
"K23169",698.57802538927,0.708212375833976,0.110513369318626,6.40838642600873,0.00000000014706777241119,0.00000000223125956202947,TRUE,TRUE,"Enriched"
"K01608",280.17160871778,0.316772272965801,0.157097815204825,2.0164015174418,0.0437580069731016,0.0965906929167378,FALSE,FALSE,"Enriched"
"K02536",1394.33492643705,-0.370821909072139,0.0733938844070487,-5.05249057285931,0.000000436085887345054,0.00000371464780295738,FALSE,FALSE,"Suppressed"
"K05889",1042.10704483657,-0.901400132327626,0.0799730571448931,-11.2712976658438,0.0000000000000000000000000000181869486858264,0.00000000000000000000000000126047954585063,TRUE,TRUE,"Suppressed"
"K12992",63.3555550338662,-0.0629658472294312,0.298881047507008,-0.210671930370409,0.833143279334143,0.900005527322266,FALSE,FALSE,"Suppressed"
"K06305",7.56387848966419,4.41185511518831,1.32368806232694,3.33300211791033,0.000859142883741705,0.00335032765213597,TRUE,TRUE,"Enriched"
"K00826",4435.45379121506,-0.105937430686391,0.04633039531512,-2.28656435944156,0.0222212635287612,0.0546922866270842,FALSE,FALSE,"Suppressed"
"K22342",37.6384655239319,0.665260452118151,0.411495761194189,1.61668846888609,0.105945544240733,0.197905627664388,FALSE,FALSE,"Enriched"
"K02397",306.653766300128,-0.386513198126221,0.163744830079345,-2.36046046729494,0.0182522635948543,0.0464998143964145,FALSE,FALSE,"Suppressed"
"K08689",8.81545938575938,0.635661679521187,0.80068741586183,0.793894929442577,0.427256601812767,0.570080510710144,FALSE,FALSE,"Enriched"
"K03216",566.20735579454,-0.26862325908288,0.116951770045295,-2.2968721121437,0.0216260663071879,0.053449234936445,FALSE,FALSE,"Suppressed"
"K08692",53.7014354404454,-0.236103301226261,0.320816119119757,-0.735945880381798,0.461763634152126,0.602810896020181,FALSE,FALSE,"Suppressed"
"K03634",686.047413553924,-0.390610922305208,0.107868013047241,-3.62119326453281,0.000293247343487416,0.00130945581175285,FALSE,FALSE,"Suppressed"
"K01551",1225.37874711945,-0.472272451552772,0.0791018983495496,-5.97043132221441,0.00000000236627175717305,0.0000000288637828939969,FALSE,FALSE,"Suppressed"
"K16229",7.80574862282941,-1.06101950578358,0.870209734885174,-1.21926871563162,0.222742218468233,0.35230933361975,FALSE,FALSE,"Suppressed"
"K22821",43.5126244436538,-1.10528862256191,0.387015544686979,-2.85592823785897,0.00429112110835946,0.0135956091635763,TRUE,TRUE,"Suppressed"
"K18030",113.681448903914,-0.637408214331362,0.243065525529014,-2.62237194247967,0.00873200763237945,0.024956192385137,TRUE,TRUE,"Suppressed"
"K05396",501.076062320536,-0.487627868694091,0.121538554791741,-4.01212495516054,0.0000601746322959166,0.000320248762978006,FALSE,FALSE,"Suppressed"
"K04761",1235.52915420325,0.0545401456446609,0.0788870899736567,0.691369724284086,0.489333225181224,0.626720567068519,FALSE,FALSE,"Enriched"
"K09979",48.9073138514005,-0.285404159023222,0.366492501190795,-0.778744880443382,0.43613001272075,0.579258917156763,FALSE,FALSE,"Suppressed"
"K22169",15.3737507124971,-0.746742496530148,0.607935207659663,-1.22832579380432,0.219324691917622,0.348077360396975,FALSE,FALSE,"Suppressed"
"K06962",41.2068435734139,-0.0096786316611646,0.382058224062936,-0.0253328708861146,0.979789455163109,0.987398527270292,FALSE,FALSE,"Suppressed"
"K04088",1273.73841555765,-0.0646354517566504,0.0895389248765297,-0.721869866605835,0.470374489285484,0.610775816511,FALSE,FALSE,"Suppressed"
"K02435",548.914558922621,0.202280988622725,0.131698179627314,1.53594369485706,0.124552190301937,0.224282199188519,FALSE,FALSE,"Enriched"
"K07037",682.864823979863,-0.147497658356036,0.0969128656256302,-1.52196158274601,0.128018707027335,0.228864789230497,FALSE,FALSE,"Suppressed"
"K06006",100.021750714921,-0.221942159193341,0.255137152746068,-0.869893532966698,0.384358589949849,0.52868131476605,FALSE,FALSE,"Suppressed"
"K07586",172.5853302346,0.917708079196087,0.220993907165094,4.15263973097009,0.0000328661946105731,0.000185602704564709,TRUE,TRUE,"Enriched"
"K18912",853.018239918526,0.556938117741648,0.0886019311862389,6.28584625961458,0.000000000326072514531776,0.00000000465741514315995,TRUE,TRUE,"Enriched"
"K09895",230.466190775243,-0.0319660431943433,0.173059264080991,-0.184711540084807,0.853455294254115,0.913357402992779,FALSE,FALSE,"Suppressed"
"K02069",265.062885332486,0.549376451061187,0.200755447427919,2.73654567335435,0.00620879754382836,0.0185806949066777,TRUE,TRUE,"Enriched"
"K17488",92.4279842306128,0.110556222743265,0.257772467359994,0.428890734047506,0.668002743724463,0.777509300377004,FALSE,FALSE,"Enriched"
"K09798",225.547721864943,0.420998394880396,0.16047328927211,2.62347956342143,0.00870366665011625,0.024897565098589,FALSE,FALSE,"Enriched"
"K08170",134.095352150602,-0.448610846222464,0.23524397855318,-1.90700246179117,0.0565202687044247,0.11878605059555,FALSE,FALSE,"Suppressed"
"K10670",9.89298127293429,1.11649048145259,0.76409385617263,1.46119547020719,0.143961805813344,0.251278260077475,FALSE,FALSE,"Enriched"
"K01575",76.2600806716292,-0.367676359245868,0.267850543753608,-1.37269222639357,0.169848046852518,0.285530109634374,FALSE,FALSE,"Suppressed"
"K02322",24.4979552123917,-1.32740689267737,0.525451254398,-2.52622271155896,0.011529636491068,0.0316183691362517,TRUE,TRUE,"Suppressed"
"K02297",242.24458589001,0.978298283106636,0.194925843775424,5.01882287211614,0.000000519890572813206,0.00000436321040067559,TRUE,TRUE,"Enriched"
"K04712",75.5694703794718,-0.866494942479413,0.272528126895046,-3.17946977565774,0.00147544755529879,0.00535640157129009,TRUE,TRUE,"Suppressed"
"K06400",131.176138357345,-0.263797848718308,0.227020948196799,-1.16199782801378,0.245236347191267,0.379487264367064,FALSE,FALSE,"Suppressed"
"K00134",3697.74366925737,0.00850895394916292,0.0504315291558526,0.168722901954192,0.866014603881533,0.920810138098789,FALSE,FALSE,"Enriched"
"K22308",28.3183508840053,-0.928028553394136,0.499743491638851,-1.85700978386086,0.0633097621277688,0.130008834753287,FALSE,FALSE,"Suppressed"
"K00148",268.315304421496,0.612218965425263,0.151166048119336,4.04997665178067,0.0000512227433697969,0.000275978367325434,TRUE,TRUE,"Enriched"
"K18306",15.2876885904094,0.273408868864717,0.612630434486473,0.446286788043589,0.655390098633471,0.766927131919712,FALSE,FALSE,"Enriched"
"K16029",14.8222722135839,-3.82976730357737,0.837742837600431,-4.57153094205744,0.00000484173777278061,0.0000333292987315902,TRUE,TRUE,"Suppressed"
"K05942",40.6140021277484,0.715187292588188,0.394498657219897,1.81290171588477,0.0698469815519625,0.140778830299213,FALSE,FALSE,"Enriched"
"K05593",88.7594118336477,-0.39268803052059,0.277703845071586,-1.41405327110023,0.157346261931403,0.269565969527984,FALSE,FALSE,"Suppressed"
"K05337",185.262750169802,1.07474875585145,0.186540329671832,5.76148202237117,0.00000000833785455939363,0.0000000946975325097612,TRUE,TRUE,"Enriched"
"K10725",12.9544501205165,-1.78256621156447,0.708824005207688,-2.51482201289469,0.0119092490181027,0.0324696065093465,TRUE,TRUE,"Suppressed"
"K05936",212.090802985607,1.03660962799241,0.200860262465525,5.1608497134685,0.000000245831473283786,0.00000221174460578264,TRUE,TRUE,"Enriched"
"K06237",5.63581108808081,-0.959583095802662,1.15939341397822,-0.827659605646759,0.407863301626218,0.551442756953736,FALSE,FALSE,"Suppressed"
"K02361",85.6598618607316,-1.57657593817849,0.345083491358441,-4.56867968957951,0.00000490806185127869,0.0000337097626474648,TRUE,TRUE,"Suppressed"
"K09883",943.067423614109,0.517545472671761,0.094583029205866,5.47186400157781,0.0000000445326531877345,0.000000449676575814558,TRUE,TRUE,"Enriched"
"K14980",877.366107366957,0.356913398148106,0.105722161436043,3.37595631133614,0.000735595989548267,0.00292845949102799,FALSE,FALSE,"Enriched"
"K03396",74.0833249777715,-0.311380674927003,0.309852928875181,-1.00493055223769,0.314930291636518,0.45825827151425,FALSE,FALSE,"Suppressed"
"K03615",286.778147243064,0.0333396072540788,0.161401247907572,0.206563503605443,0.836350765395079,0.901622092943883,FALSE,FALSE,"Enriched"
"K23246",60.7284604089185,-0.527345240563354,0.308634610750135,-1.70863934955851,0.0875177750298059,0.16950489358742,FALSE,FALSE,"Suppressed"
"K07038",981.069202401429,-0.229074617050043,0.0950829600915917,-2.40920788361426,0.0159871886759574,0.0415448929419106,FALSE,FALSE,"Suppressed"
"K07718",87.5068139749187,1.34308930732729,0.268566144446042,5.00096283579456,0.000000570447090960413,0.00000475944843743852,TRUE,TRUE,"Enriched"
"K01816",749.671693803578,-0.274147778706399,0.0923653821847744,-2.96807929791243,0.00299667009962814,0.00992219920609774,FALSE,FALSE,"Suppressed"
"K02847",47.1047256016709,-0.655972633956863,0.374878286501379,-1.74982829781594,0.0801479461873842,0.157582954157594,FALSE,FALSE,"Suppressed"
"K06398",13.8609370311538,7.17651774947919,1.32823619947187,5.40304333847603,0.0000000655196213290501,0.000000644522855622382,TRUE,TRUE,"Enriched"
"K00065",589.985482687232,-0.299245558555327,0.111681553131666,-2.6794537697961,0.00737423853334147,0.0216644897952069,FALSE,FALSE,"Suppressed"
"K00663",37.6921595710345,-0.256303702711696,0.42428342615714,-0.604086058777062,0.545786427796819,0.679461123690177,FALSE,FALSE,"Suppressed"
"K05966",105.619421738498,0.0158502280276936,0.24947982116948,0.0635331064187593,0.949341997375387,0.969368297671603,FALSE,FALSE,"Enriched"
"K10854",23.7789292265783,0.178885235706818,0.521750664734332,0.342855788785442,0.731706953395466,0.826116384442605,FALSE,FALSE,"Enriched"
"K22900",64.7179996931454,-1.05460959911567,0.319080714201378,-3.30514992657966,0.000949256066887076,0.0036389143632585,TRUE,TRUE,"Suppressed"
"K22837",25.9548074822323,-1.25789074768889,0.476780095979839,-2.63830381824932,0.00833218952741263,0.0240160793609119,TRUE,TRUE,"Suppressed"
"K14257",258.204022257404,0.790078287765595,0.190601957220169,4.1451740542882,0.0000339555688634401,0.000191400198242256,TRUE,TRUE,"Enriched"
"K02279",1342.88242320233,0.279561352050611,0.0814791475754191,3.43107850744073,0.000601186585648773,0.00244932330385562,FALSE,FALSE,"Enriched"
"K00174",6431.62583051139,-0.244406028498592,0.041699104510534,-5.86118170563711,0.00000000459584728673607,0.0000000538005232280293,FALSE,FALSE,"Suppressed"
"K07708",915.133636169231,-0.323427380059639,0.0847169195734039,-3.81774244965791,0.00013467841179808,0.000660292309932869,FALSE,FALSE,"Suppressed"
"K08688",9.37189346534267,-0.425908144121881,0.898723239538077,-0.47390356161346,0.635568679303517,0.75072177347908,FALSE,FALSE,"Suppressed"
"K08081",259.742930066602,-0.26781134301047,0.173783156467303,-1.54106616806018,0.123300682833116,0.222686071838666,FALSE,FALSE,"Suppressed"
"K23302",84.4976610549859,-0.256438413099544,0.268006727295063,-0.956835732027043,0.338650173806935,0.485069847357561,FALSE,FALSE,"Suppressed"
"K01118",809.607306209028,0.64607538942301,0.114993624803275,5.61835832663142,0.0000000192780373402113,0.00000020736640165423,TRUE,TRUE,"Enriched"
"K19620",33.3564766838564,-0.609553744330587,0.436566682751537,-1.39624430450984,0.16264093925736,0.276511258951099,FALSE,FALSE,"Suppressed"
"K04043",8195.54417240138,-0.0286463591582928,0.0381776859018702,-0.750342994384828,0.453048154429445,0.595889733419276,FALSE,FALSE,"Suppressed"
"K09680",11.4833856071476,6.90679037078506,1.35641816971901,5.09193294883086,0.000000354431454460488,0.00000308370533631172,TRUE,TRUE,"Enriched"
"K18007",63.7875580681574,-0.721208762818643,0.315094851931953,-2.2888624120536,0.0220873478064471,0.0544106141277803,TRUE,FALSE,"Suppressed"
"K13409",198.718657172755,-0.875013411926918,0.174100776596783,-5.02590183129079,0.00000050107217730195,0.0000042268868732567,TRUE,TRUE,"Suppressed"
"K01006",7019.37582567939,0.155629602557442,0.0420850066407875,3.69798213139903,0.000217320182867035,0.000998069122971419,FALSE,FALSE,"Enriched"
"K23424",200.304753470007,-0.678283449194159,0.170820242816236,-3.97074397045458,0.0000716485438265707,0.000374772271696616,TRUE,TRUE,"Suppressed"
"K02863",2366.89225830428,0.033080558385696,0.0562443628078725,0.588157759004173,0.556426407269603,0.687750215546691,FALSE,FALSE,"Enriched"
"K00485",28.4914684699447,-2.83648145719894,0.527762447037262,-5.37454203708941,0.0000000767775702907059,0.000000749226241924824,TRUE,TRUE,"Suppressed"
"K21185",66.0041124153759,-0.24949744957359,0.309674717421723,-0.805675877097248,0.420429762242108,0.563799152626243,FALSE,FALSE,"Suppressed"
"K22616",37.8360133263582,0.614683896945535,0.391840643465613,1.56870887999008,0.116715788522558,0.213128621017689,FALSE,FALSE,"Enriched"
"K08311",574.068701664818,0.0919127492923255,0.108000444876794,0.851040469297873,0.394746872594598,0.537882300257921,FALSE,FALSE,"Enriched"
"K19640",102.790389773505,-0.494862103935264,0.248806772592458,-1.98894145355859,0.0467076655340174,0.101957785287034,FALSE,FALSE,"Suppressed"
"K05343",4953.14633598833,-0.23150793438411,0.0500643693161828,-4.62420554870102,0.00000376036836008609,0.0000267301708952973,FALSE,FALSE,"Suppressed"
"K03635",797.281555307402,0.125056409787347,0.0885906029866509,1.41162161190155,0.15806140539851,0.270411363681771,FALSE,FALSE,"Enriched"
"K15551",88.6377733206681,-1.06038794025767,0.252483031834183,-4.19983843094086,0.0000267105512476607,0.000154366551138108,TRUE,TRUE,"Suppressed"
"K22451",282.886501302082,-0.116883917487752,0.152872015946363,-0.764586747706408,0.444517662965067,0.587274979233163,FALSE,FALSE,"Suppressed"
"K10747",3338.28560735741,0.00182160125006033,0.054939989461442,0.0331561994808674,0.973550026651995,0.984690151335078,FALSE,FALSE,"Enriched"
"K00791",2177.15624117026,0.0510887756951598,0.0616509754150842,0.828677492143293,0.40728692532076,0.551106715989432,FALSE,FALSE,"Enriched"
"K00897",13.5588112904476,-0.818970371828329,0.718092240500175,-1.1404807427774,0.254086071074954,0.389756274518648,FALSE,FALSE,"Suppressed"
"K07403",1228.93874690405,-0.295650328076323,0.0751762780269744,-3.93276091655188,0.0000839757507197065,0.000432209370159907,FALSE,FALSE,"Suppressed"
"K19720",37.7362075780464,0.939623192062083,0.470484420577278,1.99713986471471,0.0458099914295892,0.100357448896934,FALSE,FALSE,"Enriched"
"K07566",1925.24870798425,0.32015611137262,0.0607085025206068,5.27366181143978,0.000000133728237629318,0.0000012616044977569,FALSE,FALSE,"Enriched"
"K02343",4168.34875375077,-0.0822025461016219,0.0460672990507704,-1.78440125198196,0.0743584877883448,0.147916639602451,FALSE,FALSE,"Suppressed"
"K12267",189.043123777995,-0.177433239679902,0.173071334292576,-1.0252029338374,0.305267444223682,0.447446801807315,FALSE,FALSE,"Suppressed"
"K00153",509.546588370373,0.231692217979713,0.115592479060256,2.00438834657171,0.0450284766627014,0.0989706889247352,FALSE,FALSE,"Enriched"
"K13075",309.956569173237,-0.365378381846746,0.143753184998495,-2.54170634098,0.0110312811963206,0.0304854806176344,FALSE,FALSE,"Suppressed"
"K07487",87.5841686158208,0.136317699772162,0.304418292018309,0.447797334609455,0.654299467207425,0.766069466816906,FALSE,FALSE,"Enriched"
"K22602",142.779530695751,-0.460248307741728,0.222571028299872,-2.06787159702399,0.0386520988922688,0.0870207276278877,FALSE,FALSE,"Suppressed"
"K06980",1760.36156755688,0.114580516515615,0.0673548758365413,1.7011465776239,0.0889154664816284,0.171638758437871,FALSE,FALSE,"Enriched"
"K07397",427.396004441576,0.100956260963354,0.11590039928178,0.871060510481132,0.383721114430549,0.528526440133676,FALSE,FALSE,"Enriched"
"K20902",16.6949375372778,2.58042872573806,0.671702966242768,3.84162175160834,0.000122224084201036,0.000605560267702778,TRUE,TRUE,"Enriched"
"K21001",24.7329556198641,-0.280416464205087,0.492077186644108,-0.569862760997893,0.568770783897854,0.698001124082622,FALSE,FALSE,"Suppressed"
"K03797",6157.11551804634,-0.0461838404473719,0.0481371826807607,-0.95942134282467,0.337346527430776,0.4835432363808,FALSE,FALSE,"Suppressed"
"K07223",59.9566607368556,-0.131342049057637,0.366251754751486,-0.358611385075158,0.719885828525492,0.81813452905519,FALSE,FALSE,"Suppressed"
"K22085",19.9625114860863,-0.281598238733205,0.614702867210334,-0.458104644950111,0.646877261971766,0.759881436973382,FALSE,FALSE,"Suppressed"
"K03700",5.40768903025868,5.82078850058958,1.5333067922387,3.79623212396453,0.000146911947683725,0.000712820977663516,TRUE,TRUE,"Enriched"
"K02043",22.3275100726559,0.502902921867413,0.586099768323378,0.858050026714802,0.390864840051627,0.534983092341758,FALSE,FALSE,"Enriched"
"K06408",8.61970179175232,6.49284377316286,1.40659259352392,4.61600878822804,0.00000391190387939291,0.000027550463926579,TRUE,TRUE,"Enriched"
"K20444",1647.92125710023,-0.331705034723702,0.172398046841003,-1.92406492301866,0.0543464461517603,0.115020367864722,FALSE,FALSE,"Suppressed"
"K17760",2205.14752175672,-0.29996400049404,0.0624797627505715,-4.80097854550986,0.00000157892186093999,0.0000121282675439207,FALSE,FALSE,"Suppressed"
"K00363",299.690525896581,0.159729149888782,0.140517497448825,1.13672071299842,0.255655057607898,0.391867352689261,FALSE,FALSE,"Enriched"
"K09945",55.2235124014033,0.0753511344165403,0.343158910061963,0.219580876984761,0.82619758589851,0.89537147430303,FALSE,FALSE,"Enriched"
"K07462",3128.29158902946,-0.00510329680114714,0.0604414448224785,-0.084433732782794,0.932711588150862,0.960102612005419,FALSE,FALSE,"Suppressed"
"K05570",95.74219161208,1.3967164632729,0.297299436654858,4.6980124785584,0.00000262705385143267,0.0000193520500269419,TRUE,TRUE,"Enriched"
"K18383",176.056322504807,0.132951383912102,0.191900187722102,0.692815288459407,0.48842547651552,0.626083854827272,FALSE,FALSE,"Enriched"
"K04105",172.434998840428,0.259213848916002,0.202461977894509,1.28030878494659,0.200436559290446,0.324174642034588,FALSE,FALSE,"Enriched"
"K09776",33.0675392909431,-0.324983418666525,0.414381140027144,-0.784262089353866,0.432886339474983,0.575954141461152,FALSE,FALSE,"Suppressed"
"K19979",12.5185558945981,5.12675632596409,1.20480836393618,4.25524629428589,0.0000208819024348761,0.000122933130260916,TRUE,TRUE,"Enriched"
"K16515",159.277399162082,0.489516720168826,0.21301582125135,2.2980298707072,0.0215600890892745,0.0533448208338682,FALSE,FALSE,"Enriched"
"K09699",624.289457275935,0.389132992590996,0.122696634147983,3.17150503184682,0.00151651240795638,0.00547290483794434,FALSE,FALSE,"Enriched"
"K03327",1822.79132050915,0.0972295624076673,0.0740212877020623,1.31353513868901,0.189002688444868,0.310171343048873,FALSE,FALSE,"Enriched"
"K05567",217.149115555344,0.979492826497694,0.180119730595112,5.43800961316935,0.0000000538790682522728,0.000000539590054111949,TRUE,TRUE,"Enriched"
"K22405",9.99351391037292,0.950978896062725,0.822980866954328,1.15552977505065,0.247873546803147,0.382438846939639,FALSE,FALSE,"Enriched"
"K19793",8.95719091134644,-0.429674621677711,0.798416159192541,-0.53815872428265,0.590467473227542,0.71489574636238,FALSE,FALSE,"Suppressed"
"K06075",65.1565802739879,0.113748828733777,0.31731536257148,0.358472491883068,0.719989750224494,0.81813452905519,FALSE,FALSE,"Enriched"
"K06917",251.733733885404,-0.433003536682306,0.167592300622595,-2.58367201281756,0.0097754707395361,0.027374011037847,FALSE,FALSE,"Suppressed"
"K06048",1893.62988840492,0.16013396662443,0.0627352791686056,2.55253453474015,0.0106942307067743,0.0297013265394429,FALSE,FALSE,"Enriched"
"K12733",14.2023702819908,-1.13607668546702,0.658896137871028,-1.72421208771661,0.08466956277219,0.165366503523573,FALSE,FALSE,"Suppressed"
"K01629",55.2394811453736,-0.38246715174823,0.325391462510656,-1.17540622853836,0.239832232799201,0.373242354642084,FALSE,FALSE,"Suppressed"
"K22886",185.564494076801,-0.891376429154811,0.204870753291998,-4.35092083585181,0.0000135566994702393,0.0000832651662326178,TRUE,TRUE,"Suppressed"
"K10026",1017.44633615708,-0.00674214290731565,0.0952966825113658,-0.0707489781348006,0.943597539554768,0.966252752475576,FALSE,FALSE,"Suppressed"
"K15866",1831.87056504214,-0.0664713166769936,0.0613518319335314,-1.08344469239335,0.278611087384819,0.417711165673553,FALSE,FALSE,"Suppressed"
"K01506",183.545444014076,2.647856248527,0.218772889160661,12.103219273127,0.00000000000000000000000000000000101549188889592,0.0000000000000000000000000000000836957436537329,TRUE,TRUE,"Enriched"
"K15408",1328.08194898812,0.623732642123591,0.0866369814994146,7.19938104177609,0.000000000000604865002688328,0.0000000000125053276318512,TRUE,TRUE,"Enriched"
"K21949",118.404886755727,0.758638207721782,0.255482804867691,2.96942961822681,0.00298353149469405,0.00989481162922186,TRUE,TRUE,"Enriched"
"K05565",865.885557898083,0.692288262713856,0.104234215484921,6.64166041345611,0.0000000000310168930217945,0.000000000516863471420559,TRUE,TRUE,"Enriched"
"K07516",3669.86940110024,-0.204601506377247,0.062208328592978,-3.28897289165139,0.00100553707945191,0.0038258082642403,FALSE,FALSE,"Suppressed"
"K11440",25.1001996926788,-0.499400476008212,0.505113404044291,-0.988689811059581,0.322814929411779,0.467216007233612,FALSE,FALSE,"Suppressed"
"K00645",2345.68868420295,0.0309821344670261,0.0579966975634598,0.534205149062591,0.593199607086631,0.716651921055436,FALSE,FALSE,"Enriched"
"K05994",240.003815445309,-0.394536528817056,0.2009442836903,-1.96341255183514,0.0495982565202222,0.106777185498354,FALSE,FALSE,"Suppressed"
"K04739",113.233025671851,0.206017496156132,0.241521523255613,0.852998496279334,0.393660138094489,0.537129920076618,FALSE,FALSE,"Enriched"
"K03576",166.298433153447,-0.387698582808869,0.198939997997105,-1.94882168850987,0.0513167227357964,0.109817786654604,FALSE,FALSE,"Suppressed"
"K19055",573.015813634255,-0.245546014802188,0.117939910355727,-2.08195863522007,0.0373462481935734,0.0847376368052843,FALSE,FALSE,"Suppressed"
"K15726",2004.09729485524,-0.340772529226705,0.0641951153085384,-5.30838721277878,0.000000110599489820583,0.00000105894236799959,FALSE,FALSE,"Suppressed"
"K00243",26.9909834176729,0.411803511112603,0.477846750408281,0.861789916454911,0.388803134770996,0.533118327106184,FALSE,FALSE,"Enriched"
"K02916",380.29758599611,0.273424669723003,0.133105866670266,2.05418947010307,0.0399573571591938,0.0897936334981293,FALSE,FALSE,"Enriched"
"K01655",31.1106443762202,-0.864381898579019,0.472650411050966,-1.82879751793088,0.0674299469608111,0.136873440964197,FALSE,FALSE,"Suppressed"
"K05527",242.933136573361,0.0352980022400175,0.181626096094544,0.194344331563695,0.845906275732029,0.907377462877609,FALSE,FALSE,"Enriched"
"K02510",853.902319631351,-0.381503145734008,0.0843180565822946,-4.52457233002827,0.0000060517754226421,0.0000405156732192032,FALSE,FALSE,"Suppressed"
"K01163",12.0457155777364,-0.801658880511309,0.762052194073289,-1.05197371878994,0.292811607586815,0.433145281268975,FALSE,FALSE,"Suppressed"
"K00588",167.378128498925,0.296194745482346,0.184847787631951,1.60237106041051,0.109073580372658,0.202323530016071,FALSE,FALSE,"Enriched"
"K23264",317.463020184043,0.380159908419252,0.147346323292079,2.58004339657444,0.00987878999959027,0.0276252820758831,FALSE,FALSE,"Enriched"
"K22736",2346.31471515014,-0.0587262903088498,0.0567857586700575,-1.03417285749526,0.301055360660768,0.442122958023121,FALSE,FALSE,"Suppressed"
"K21741",49.3242838616095,-0.524809903596233,0.415600150475446,-1.26277601919983,0.206669685249664,0.33218183020701,FALSE,FALSE,"Suppressed"
"K01907",2555.94899023714,0.0969003105927304,0.0540284678000485,1.7935046936986,0.0728922607975577,0.145665104391974,FALSE,FALSE,"Enriched"
"K16306",9.3290790920482,0.0769360529854199,0.807472369983563,0.0952801059768597,0.924092343887088,0.955410622842866,FALSE,FALSE,"Enriched"
"K00005",9.11670599248027,1.22264797898054,0.817621833654914,1.4953709999586,0.134817644681179,0.238749365537315,FALSE,FALSE,"Enriched"
"K13819",28.3238202064253,-0.867066363576945,0.499444842254962,-1.73606030179868,0.082553172731104,0.161686512680476,FALSE,FALSE,"Suppressed"
"K07122",99.2529574893087,-0.384625241016066,0.239201300448293,-1.60795631250846,0.107844747252532,0.200960926823462,FALSE,FALSE,"Suppressed"
"K08354",19.0852583304806,-0.737032935720209,0.602668693483158,-1.22294876719161,0.221349047517901,0.350560332591971,FALSE,FALSE,"Suppressed"
"K02414",58.647188148749,-0.232220280519868,0.329755381094661,-0.704219836379883,0.481295879623117,0.620193050598163,FALSE,FALSE,"Suppressed"
"K11936",204.882124790449,0.156227719848426,0.215050105544919,0.726471254001751,0.467549923655652,0.608143950602649,FALSE,FALSE,"Enriched"
"K12995",120.574065399856,-0.802006932177419,0.223048111598054,-3.59566788721656,0.000323560376910807,0.00142175413456701,TRUE,TRUE,"Suppressed"
"K16216",40.5712746841054,-0.390048644260719,0.391258136151686,-0.99690871120825,0.318808822924813,0.463286874200247,FALSE,FALSE,"Suppressed"
"K03824",393.703278135842,0.790159027003096,0.124393190308234,6.35210838346668,0.000000000212383590736731,0.00000000312881043454909,TRUE,TRUE,"Enriched"
"K07679",12.665167322438,0.223387269474576,0.713304621303098,0.313172328908344,0.754149740103289,0.843646233472113,FALSE,FALSE,"Enriched"
"K07274",76.3525803123874,-0.637120805577131,0.273489933574748,-2.32959508691752,0.019827562075616,0.0498673406594565,TRUE,TRUE,"Suppressed"
"K10012",417.382564283802,-0.464624761769633,0.121280241898288,-3.83100127850414,0.000127622842249884,0.00062873321072863,FALSE,FALSE,"Suppressed"
"K03428",20.5495379829536,-0.36635835176487,0.614015251052834,-0.596660019660238,0.550734390456746,0.68298679288241,FALSE,FALSE,"Suppressed"
"K11181",156.747570182629,-0.514773755759093,0.208728003431425,-2.46624193829466,0.0136539075209944,0.0363488354301809,TRUE,TRUE,"Suppressed"
"K06023",1020.86634897312,-0.353671969687409,0.0942347107051986,-3.75309657174868,0.000174663527848823,0.000825153258210665,FALSE,FALSE,"Suppressed"
"K13810",1074.44387533949,-0.351893998634697,0.0776669835070179,-4.53080553338216,0.00000587592080379005,0.000039599161306426,FALSE,FALSE,"Suppressed"
"K18148",149.100308158918,3.68932964558885,0.258474117958789,14.2734973804111,0.00000000000000000000000000000000000000000000032011340346462,0.0000000000000000000000000000000000000000000500608114802749,TRUE,TRUE,"Enriched"
"K04567",4252.11173264966,0.0220700472708118,0.0459986354094195,0.47979786953185,0.63137112791698,0.747506158109686,FALSE,FALSE,"Enriched"
"K19802",1641.20674871465,0.338836299324368,0.0695160654736934,4.8742157228762,0.00000109241567059262,0.0000086192020374442,FALSE,FALSE,"Enriched"
"K01848",5722.81587515792,0.00246402948597869,0.0401436877517849,0.0613802474056245,0.951056382981164,0.969982086923431,FALSE,FALSE,"Enriched"
"K03118",2161.69347377657,0.0351314561330222,0.0617956317373355,0.568510348471712,0.569688480889585,0.698779989681054,FALSE,FALSE,"Enriched"
"K02458",312.545164367076,-0.604181758411607,0.202284802395515,-2.98678769367106,0.00281925433946147,0.00941655652594497,TRUE,TRUE,"Suppressed"
"K22044",1188.50083502221,0.15915421928166,0.0842734777372165,1.88854457600454,0.0589528795564873,0.122589025712587,FALSE,FALSE,"Enriched"
"K03771",2137.8476383668,-0.0345829068853342,0.0634900442644163,-0.544698106388258,0.585961167425875,0.711331325795267,FALSE,FALSE,"Suppressed"
"K22231",13.2061121302705,-0.640672202231987,0.709811640480511,-0.902594668352129,0.36674105726223,0.512802592957939,FALSE,FALSE,"Suppressed"
"K10829",80.4070163886136,0.618281678882417,0.303832377916555,2.03494335634046,0.0418565727961266,0.0934761030697826,TRUE,FALSE,"Enriched"
"K16163",538.307555105923,0.620219330938907,0.130987158497569,4.73496286241234,0.0000021909521359088,0.0000163157717666761,TRUE,TRUE,"Enriched"
"K07736",1086.19619347323,0.0366694107748748,0.0767829621189769,0.477572234294044,0.632954696938188,0.748282747940688,FALSE,FALSE,"Enriched"
"K02492",2672.17980579651,-0.0759073990393031,0.0521880367633348,-1.45449807555575,0.145808266633598,0.253646496919086,FALSE,FALSE,"Suppressed"
"K07493",122.43282027981,-0.0560047119333416,0.216711478961959,-0.258429835842579,0.796075192763271,0.874216156712982,FALSE,FALSE,"Suppressed"
"K02526",12.2368753225305,-0.272001566185085,0.722475697868101,-0.376485419492606,0.706556053076614,0.806529172321592,FALSE,FALSE,"Suppressed"
"K13069",26.5777915887683,-0.443581812346798,0.459921243036709,-0.964473415965685,0.334808630216876,0.480696289004879,FALSE,FALSE,"Suppressed"
"K00627",5500.27224110056,-0.0402634617559086,0.0401301068324768,-1.0033230642517,0.315705011352461,0.459214134089831,FALSE,FALSE,"Suppressed"
"K16396",50.2754504556459,1.87632492473028,0.373877135633679,5.0185602324949,0.000000520601713055795,0.00000436321040067559,TRUE,TRUE,"Enriched"
"K09873",13.9729603328929,-0.6385708998003,0.748514860913857,-0.853117196658824,0.393594315885688,0.537129920076618,FALSE,FALSE,"Suppressed"
"K01679",4007.27018190709,0.0583949452978972,0.0476918390621985,1.22442217465634,0.220793008411498,0.349861407716738,FALSE,FALSE,"Enriched"
"K02293",27.5821891874312,-0.41945544178308,0.457259388757147,-0.91732494093381,0.358972391717914,0.505628779927842,FALSE,FALSE,"Suppressed"
"K10941",196.076882673343,-0.441632046271842,0.185719905288347,-2.37794675582119,0.017409339525186,0.0447637275565386,FALSE,FALSE,"Suppressed"
"K12239",18.3357768930712,2.770261094374,0.74874360920582,3.6998794518091,0.000215701902783759,0.000994380880633518,TRUE,TRUE,"Enriched"
"K02491",64.8199405029916,1.87418742940567,0.350352044779985,5.34944053368557,0.0000000882265441389277,0.000000855474869162671,TRUE,TRUE,"Enriched"
"K13829",424.043088136858,-0.20756802330089,0.12537995122582,-1.65551207566705,0.0978206689620347,0.185685732959679,FALSE,FALSE,"Suppressed"
"K07150",255.282968918765,-1.066117585452,0.195996190284141,-5.43948116494722,0.0000000534359579028862,0.000000537798526814691,TRUE,TRUE,"Suppressed"
"K18982",47.4109249590519,-0.375570979474378,0.416947198474396,-0.900763887726279,0.367713871928459,0.513439673362109,FALSE,FALSE,"Suppressed"
"K23995",85.9764638253663,-0.224464160699414,0.261696017292869,-0.857728608258536,0.391042339141592,0.535105668157547,FALSE,FALSE,"Suppressed"
"K21481",85.6545436343607,0.450626465049941,0.282989122622367,1.59238086918018,0.111299152120362,0.205638754553799,FALSE,FALSE,"Enriched"
"K03201",269.169809781721,0.40053491204314,0.171678126333843,2.33305733582079,0.0196451362711353,0.0494901636173705,FALSE,FALSE,"Enriched"
"K00300",119.709136446433,-0.216891695475356,0.250276174535875,-0.86660944006185,0.386156039414839,0.530681767550948,FALSE,FALSE,"Suppressed"
"K02638",33.4480394704091,-0.393538029267713,0.407232086085962,-0.96637284416887,0.333857647488088,0.479782703117307,FALSE,FALSE,"Suppressed"
"K00299",439.314103963559,0.418155102252879,0.124323004015483,3.36345719413924,0.000769727722889343,0.0030444678222452,FALSE,FALSE,"Enriched"
"K18363",67.4923812713368,-0.568440847541654,0.306926963858381,-1.85203945719131,0.064020157174623,0.131202600338718,FALSE,FALSE,"Suppressed"
"K05588",25.3457817466455,-0.88404102375755,0.59061538872758,-1.49681339265834,0.134441820498245,0.23836065791244,FALSE,FALSE,"Suppressed"
"K23025",13.6302563760439,-1.2123948000359,0.677366386234616,-1.78986560991819,0.0734755185750404,0.146638477679703,FALSE,FALSE,"Suppressed"
"K10229",109.065439932281,-0.154784045784514,0.225450132351782,-0.686555577368195,0.492362830127653,0.630203756757305,FALSE,FALSE,"Suppressed"
"K00703",1550.25044296076,-0.423952123661557,0.0720059693225558,-5.88773580371418,0.0000000039152232921546,0.0000000463668871045649,FALSE,FALSE,"Suppressed"
"K03392",1932.2149487491,-0.0130376215612057,0.0616594468597939,-0.211445645804311,0.832539541613042,0.899815464167631,FALSE,FALSE,"Suppressed"
"K22881",255.867891707579,-0.533128827151568,0.193557720767223,-2.75436611383083,0.00588059447274575,0.0177202300836346,TRUE,TRUE,"Suppressed"
"K06193",168.811690650617,-0.193672039418456,0.233747938200533,-0.828550792402302,0.407358642333188,0.551106715989432,FALSE,FALSE,"Suppressed"
"K01209",2071.26259102867,0.0901771606738979,0.0648896060674493,1.3897011576887,0.164619643138974,0.279281002365675,FALSE,FALSE,"Enriched"
"K02775",50.6886426784875,0.873789607424967,0.369089720243424,2.3674178919117,0.0179126941972231,0.0458453721816465,TRUE,TRUE,"Enriched"
"K01674",43.0576414036299,0.115710764010786,0.373107715099386,0.310126966900065,0.756464405933161,0.84406813241609,FALSE,FALSE,"Enriched"
"K02599",55.2360916305491,-1.45825137554289,0.375614710415707,-3.8823063503796,0.000103470408268825,0.00052154216531534,TRUE,TRUE,"Suppressed"
"K00281",4959.62433051514,-0.111235681587272,0.045208909718898,-2.46048140242527,0.0138750762915163,0.036889315737558,FALSE,FALSE,"Suppressed"
"K03274",390.685134529013,-0.410535241829774,0.138184628640693,-2.97091829871502,0.00296910757200438,0.00985233247097644,FALSE,FALSE,"Suppressed"
"K00240",3303.79650651496,0.0445896198715154,0.0483999712521498,0.921273685044489,0.356907556315446,0.503954831012119,FALSE,FALSE,"Enriched"
"K22135",55.4540560190783,-0.256960319530153,0.338346617121257,-0.759458810956763,0.447578144338106,0.590222508609321,FALSE,FALSE,"Suppressed"
"K07497",2862.930740748,-0.157657582913332,0.0637580608724949,-2.47274745743319,0.01340788531495,0.0358235207898833,FALSE,FALSE,"Suppressed"
"K02482",629.617622157027,-0.439048090539262,0.103397569437887,-4.24621287450095,0.0000217414079569305,0.000127378335378789,FALSE,FALSE,"Suppressed"
"K16705",8.66237678230484,6.49911754000004,1.40576304092536,4.62319562457832,0.00000377873051440445,0.0000268294265510509,TRUE,TRUE,"Enriched"
"K11910",16.7004791873317,1.50742098793201,0.757492235441084,1.99001510167857,0.0465892719576617,0.101735757132037,FALSE,FALSE,"Enriched"
"K02495",1751.51290520145,-0.0695351679069224,0.0805715685717533,-0.863023634013004,0.388124472777508,0.53254694251294,FALSE,FALSE,"Suppressed"
"K12952",797.011668315888,-0.0424544393071462,0.116931441577604,-0.363071204240395,0.716551694690979,0.815192834530923,FALSE,FALSE,"Suppressed"
"K16786",1064.20337563273,0.134844568246282,0.080628069923239,1.67242708866353,0.0944401341713459,0.180617867140495,FALSE,FALSE,"Enriched"
"K00928",3797.4549750569,-0.140675738787607,0.0452557985262211,-3.10845777488823,0.00188066517634786,0.00658070964460447,FALSE,FALSE,"Suppressed"
"K06164",38.2458079029876,-0.274902801704987,0.444279550234077,-0.618760871528183,0.536073902619905,0.670944948097434,FALSE,FALSE,"Suppressed"
"K16653",222.162184411054,-0.803117109053204,0.17650303117054,-4.55016043479287,0.00000536050282056142,0.0000364885119448707,TRUE,TRUE,"Suppressed"
"K03464",15.7138790569747,-1.3827152835184,0.656957542367716,-2.10472548733515,0.0353152105480927,0.0810641584993668,TRUE,FALSE,"Suppressed"
"K03197",92.882076161512,0.317860395336074,0.274575603523605,1.15764252634611,0.247009947184759,0.381492445652025,FALSE,FALSE,"Enriched"
"K07040",1016.45324065806,-0.161937173197801,0.0802455964931427,-2.01801943377217,0.0435892373994277,0.0962575749464565,FALSE,FALSE,"Suppressed"
"K16432",6.31932213383248,-6.15787590450083,1.49788416810975,-4.11104946270428,0.0000393864806034242,0.000217786169719206,TRUE,TRUE,"Suppressed"
"K02388",185.52776950664,0.0283254456527225,0.207172414656966,0.136724021388771,0.891248941513551,0.93687130201502,FALSE,FALSE,"Enriched"
"K03186",763.075324540178,0.330274631509035,0.101731455939118,3.24653400917302,0.00116819489779407,0.00436569894708704,FALSE,FALSE,"Enriched"
"K01055",1041.14254080476,0.554415475503821,0.0784745173571167,7.06491093128772,0.00000000000160719047897004,0.0000000000313171077675345,TRUE,TRUE,"Enriched"
"K13541",219.713487345249,2.43767418913793,0.190115862780601,12.8220452175054,0.000000000000000000000000000000000000123401937046686,0.0000000000000000000000000000000000129763519663403,TRUE,TRUE,"Enriched"
"K20455",176.305769409991,0.153275858684115,0.203876119341901,0.751808790450202,0.452166054918846,0.595242989197074,FALSE,FALSE,"Enriched"
"K16169",18.023546036113,4.64720457014073,0.894296890421305,5.19648968918076,0.000000203086859844608,0.00000186821532155696,TRUE,TRUE,"Enriched"
"K06206",45.3512384908714,-0.629540039792086,0.381461195889997,-1.65033834784503,0.0988737531482279,0.187236694099568,FALSE,FALSE,"Suppressed"
"K03556",3913.24906611533,-0.125547503326468,0.0683552018670489,-1.83669274462328,0.0662552669529426,0.135010440365102,FALSE,FALSE,"Suppressed"
"K21802",183.022534323059,-0.981546233197892,0.178095113458231,-5.51135971188843,0.000000035607217346714,0.000000365009611000047,TRUE,TRUE,"Suppressed"
"K03617",83.1293283550772,-0.684563906009532,0.259826724302576,-2.63469397863915,0.00842131696947903,0.0242386088706242,TRUE,TRUE,"Suppressed"
"K02587",16.5190812526382,-0.815419298972794,0.642388753099402,-1.26935488057435,0.204314520788467,0.329311380097479,FALSE,FALSE,"Suppressed"
"K20940",706.602400510716,0.0817051008106174,0.111104412238125,0.735390243868109,0.4621018618127,0.602857594694258,FALSE,FALSE,"Enriched"
"K01587",21.0268478897264,-0.202477806622494,0.585067422387054,-0.346076022822109,0.729285582354674,0.824488241032427,FALSE,FALSE,"Suppressed"
"K01186",599.372559066782,1.35235959067798,0.124166078758916,10.8915382058876,0.00000000000000000000000000126485632202402,0.0000000000000000000000000763797891883612,TRUE,TRUE,"Enriched"
"K06168",3848.42542922878,-0.0450288683601031,0.0454791459652596,-0.990099251083113,0.322125609390964,0.466539619214044,FALSE,FALSE,"Suppressed"
"K23684",8.71490902883843,1.97153331924684,1.02270202499917,1.92776905790172,0.0538838580265939,0.114229284012581,FALSE,FALSE,"Enriched"
"K03417",525.360077002387,-0.448451218114138,0.114758037602547,-3.90779789793289,0.0000931411653542071,0.000474797700792965,FALSE,FALSE,"Suppressed"
"K12139",19.6674767407418,-0.137636668146439,0.572339869873667,-0.240480657370279,0.80995765654452,0.883234712545151,FALSE,FALSE,"Suppressed"
"K02232",851.575476821597,0.676338097526443,0.114295291747079,5.91746245351117,0.00000000326946464068239,0.0000000392528835502399,TRUE,TRUE,"Enriched"
"K10552",210.816267372028,-0.0650300871873413,0.176260971159829,-0.368942067886223,0.712170906210454,0.811419831305354,FALSE,FALSE,"Suppressed"
"K19049",37.8538553065238,0.711132205309432,0.401932188468052,1.76928403773752,0.0768464858757152,0.151973643760048,FALSE,FALSE,"Enriched"
"K03224",183.060133202953,-0.434208387181807,0.184992638242395,-2.3471657645796,0.0189168367319653,0.0478928132952497,FALSE,FALSE,"Suppressed"
"K19338",117.137616952596,-0.547786609949576,0.216986316833944,-2.52452144421985,0.011585593627448,0.0317177832571644,TRUE,TRUE,"Suppressed"
"K03833",1713.12898100781,-0.127890704662071,0.065487419815797,-1.95290492466801,0.0508308620611555,0.108892668672633,FALSE,FALSE,"Suppressed"
"K17218",2930.04162156165,-0.20874525238464,0.0551690257294781,-3.7837400538524,0.000154489176898263,0.000742497627976757,FALSE,FALSE,"Suppressed"
"K16373",8.37700436671233,0.0413400360431071,0.99086554902337,0.0417211357119573,0.966721004767624,0.980873633019088,FALSE,FALSE,"Enriched"
"K10007",517.470672607763,0.661983614557807,0.151531284881961,4.36862668374702,0.0000125030282247588,0.0000774172275561464,TRUE,TRUE,"Enriched"
"K02229",98.6709632163142,-0.116112780212238,0.277186592251456,-0.418897534938862,0.675291018690873,0.783003787641756,FALSE,FALSE,"Suppressed"
"K15981",480.232369317535,-0.641302931200451,0.131270593906844,-4.88535103037282,0.00000103244743142581,0.00000818842247628868,TRUE,TRUE,"Suppressed"
"K02626",41.4290105768375,-0.0691209225198216,0.384977201255101,-0.179545495926704,0.857509397097882,0.91624909125788,FALSE,FALSE,"Suppressed"
"K07447",1015.29201559431,-0.00977871611524797,0.083073883546719,-0.117711074741662,0.906296591416444,0.94487229248699,FALSE,FALSE,"Suppressed"
"K13282",756.320061788923,0.0574268833770319,0.102406764261107,0.560772364905607,0.574952728069322,0.702873659750409,FALSE,FALSE,"Enriched"
"K04112",356.425027122111,-0.441948970285702,0.140412708653283,-3.14749978491616,0.00164673227124496,0.0058733451007737,FALSE,FALSE,"Suppressed"
"K02879",1458.28510130112,-0.0440664140669444,0.0794650922911244,-0.554538009035526,0.579210700717415,0.705251759567881,FALSE,FALSE,"Suppressed"
"K08602",2087.78587378056,-0.203880139420416,0.063847613669855,-3.19323037623058,0.00140690654800759,0.00514431836708531,FALSE,FALSE,"Suppressed"
"K17208",9.29374734379556,0.948936021504448,0.842949033390653,1.12573356622461,0.260278311430754,0.397633966477931,FALSE,FALSE,"Enriched"
"K07712",1507.68039751834,-0.193441186920568,0.0693923299987892,-2.78764507437556,0.00530926762987724,0.016231189611339,FALSE,FALSE,"Suppressed"
"K14414",30.596194252454,-1.0439506597993,0.456105815630152,-2.28883435383737,0.0220889786162296,0.0544106141277803,TRUE,FALSE,"Suppressed"
"K02109",1869.45753013673,0.0644514590804284,0.0598428497085687,1.07701186347748,0.281474965716375,0.420351570985351,FALSE,FALSE,"Enriched"
"K13481",403.450019967141,-0.577216595341823,0.130632030291118,-4.41864521324117,0.00000993215365521072,0.0000631660116195309,TRUE,TRUE,"Suppressed"
"K00560",1432.6770972336,-0.101811470925497,0.0671820160497585,-1.51545721477144,0.129656657549536,0.231221039296672,FALSE,FALSE,"Suppressed"
"K10228",141.8552391486,0.390999440532966,0.199806349427565,1.9568919689147,0.0503601709835231,0.10796016971125,FALSE,FALSE,"Enriched"
"K15581",957.978679490279,0.528604807275598,0.0891170109685823,5.93158142907143,0.00000000300030699203857,0.0000000361637793368444,TRUE,TRUE,"Enriched"
"K19231",226.607327117292,-0.764366786300673,0.195592006070655,-3.90796536963048,0.0000930766431846664,0.000474797700792965,TRUE,TRUE,"Suppressed"
"K22617",418.638232600356,0.529705398106581,0.138191233772731,3.83313314198882,0.000126521429759165,0.000623810994422915,TRUE,TRUE,"Enriched"
"K03620",124.344007568354,-0.394569673626597,0.225764955184338,-1.74770115806693,0.080515788193208,0.158204185628343,FALSE,FALSE,"Suppressed"
"K09386",481.299437444299,-0.609998975698242,0.138986479263009,-4.38890875524604,0.0000113920850677022,0.0000708982926815469,TRUE,TRUE,"Suppressed"
"K15973",112.006315519941,0.505233713501636,0.232124727850314,2.17656136069844,0.0295133107629849,0.0697140520307687,TRUE,FALSE,"Enriched"
"K21007",9.15919241970518,-1.08248243430506,0.857271365273571,-1.26270686057456,0.206694547571012,0.33218183020701,FALSE,FALSE,"Suppressed"
"K15876",166.259328610078,-0.780486356827167,0.186326384766575,-4.18881286085672,0.0000280417519029453,0.00016073932787224,TRUE,TRUE,"Suppressed"
"K07000",148.460417452612,-0.583474481077085,0.194972343129125,-2.99260126699439,0.00276610881082353,0.00925424993813094,TRUE,TRUE,"Suppressed"
"K02381",152.362415355777,-0.560742464626243,0.228176837732744,-2.45749073480904,0.0139911419682622,0.0371331483309101,TRUE,TRUE,"Suppressed"
"K10234",654.023761764393,0.530534753641547,0.102247957795403,5.1887075798926,0.000000211758620525623,0.00000194237739488852,TRUE,TRUE,"Enriched"
"K23245",8.23227023120761,-1.1524773169303,0.905438439096687,-1.27283895532431,0.203075194662219,0.327920469220247,FALSE,FALSE,"Suppressed"
"K20238",92.4471453878523,-1.70584432230087,0.307904139070157,-5.54017989966737,0.000000030216107796203,0.000000316646119328251,TRUE,TRUE,"Suppressed"
"K06912",418.904220037949,-0.0770095675800972,0.118650116074514,-0.649047553663866,0.51630763967994,0.652769546933656,FALSE,FALSE,"Suppressed"
"K01354",3314.60383773391,0.204367932643775,0.0694002794746628,2.94477103249112,0.00323193739376657,0.0105862439122354,FALSE,FALSE,"Enriched"
"K05913",40.2897752684421,0.94920872920586,0.41526200416312,2.28580683927201,0.0222655613996439,0.0547792089457152,TRUE,FALSE,"Enriched"
"K01788",169.820673878375,3.36773026966821,0.242534335619301,13.8855814417734,0.0000000000000000000000000000000000000000000774691635656001,0.000000000000000000000000000000000000000010499653968591,TRUE,TRUE,"Enriched"
"K05603",589.316026702827,-0.328256173577328,0.126659470418364,-2.59164334489224,0.00955187392603346,0.0268094243326636,FALSE,FALSE,"Suppressed"
"K16698",5.90748964990698,2.9242478279389,1.18028786277225,2.47757171803025,0.0132279821229296,0.0354626210847244,TRUE,TRUE,"Enriched"
"K13922",9.85179746441525,-0.412473051713511,0.776973397701156,-0.53087152395938,0.595507811950375,0.718781346741607,FALSE,FALSE,"Suppressed"
"K09129",104.184876159137,-0.288136494632052,0.232797203447381,-1.23771458748292,0.215821908272899,0.343680892573475,FALSE,FALSE,"Suppressed"
"K21464",591.198533606144,0.123608986737871,0.127715212313966,0.967848578867792,0.333119998324818,0.479131362344444,FALSE,FALSE,"Enriched"
"K13012",8.25163799442232,-0.59220273892616,0.905394846104518,-0.654082295115911,0.513058787401357,0.650009460814474,FALSE,FALSE,"Suppressed"
"K01035",58.7811565377716,-0.0798173568245929,0.315944768046175,-0.252630728206671,0.800553582396494,0.877845433124095,FALSE,FALSE,"Suppressed"
"K11912",737.47589851588,-0.425123542815021,0.117909634589484,-3.60550301334693,0.000311548875636925,0.00137591353548849,FALSE,FALSE,"Suppressed"
"K03630",1175.22936845873,0.06976873466418,0.0830994121877224,0.839581566552742,0.401143038204178,0.544650962878908,FALSE,FALSE,"Enriched"
"K07053",1103.84915486415,0.0946680926622667,0.0791457437327887,1.19612360939945,0.23164832559386,0.363473922767417,FALSE,FALSE,"Enriched"
"K23182",16.5611389154366,1.14163122034733,0.603271345101831,1.89240087336591,0.058437589762021,0.121725020477652,FALSE,FALSE,"Enriched"
"K03229",64.8267028631525,-0.038650971731242,0.349767011801091,-0.110504908774023,0.912008957075135,0.947769282302434,FALSE,FALSE,"Suppressed"
"K06167",614.139215655317,0.28891951235635,0.11634621567657,2.48327382782707,0.0130180973695615,0.0349768175581303,FALSE,FALSE,"Enriched"
"K02967",2678.88315304267,-0.116254546185345,0.053724505985613,-2.16390163208716,0.0304718996618026,0.0715901833733952,FALSE,FALSE,"Suppressed"
"K17239",14.7118453180104,0.843930630000659,0.671103456221134,1.25752687186665,0.208562914823932,0.334215769183174,FALSE,FALSE,"Enriched"
"K01004",226.957560518402,-0.0117884554406891,0.162633853087413,-0.0724846347602239,0.94221623298732,0.965811227729355,FALSE,FALSE,"Suppressed"
"K14291",26.9726148894718,-1.83946450697165,0.5529047596704,-3.32691024050543,0.000878146546917977,0.00341134763672149,TRUE,TRUE,"Suppressed"
"K02390",549.682790547373,-0.147992816597525,0.11736666399274,-1.26094422012949,0.207328944667505,0.332762956191346,FALSE,FALSE,"Suppressed"
"K20531",25.1240896952238,1.49825616519895,0.500031017480462,2.99632645340345,0.00273253727630103,0.00915700266382418,TRUE,TRUE,"Enriched"
"K02659",302.967395270369,-0.557994540401302,0.145985583416697,-3.82225783767003,0.000132235315898644,0.000649881701584068,TRUE,TRUE,"Suppressed"
"K04792",10.8341093828385,-0.821531947947018,0.74299284767981,-1.1057064014983,0.268853618359228,0.407295368139428,FALSE,FALSE,"Suppressed"
"K00009",35.9346809007947,1.05469483238903,0.423184126140582,2.49228354099146,0.0126924668634914,0.0342528121240858,TRUE,TRUE,"Enriched"
"K07045",3417.42693518537,-0.076801125750078,0.0498012286875603,-1.54215323143748,0.123036361992096,0.222274517710247,FALSE,FALSE,"Suppressed"
"K00248",519.603900467655,0.538046342592848,0.113429992501553,4.74342218250152,0.00000210137688081765,0.0000156678454720133,TRUE,TRUE,"Enriched"
"K00596",103.067400556131,0.293772098134611,0.25127971293912,1.16910392286935,0.242361763599219,0.376123256028407,FALSE,FALSE,"Enriched"
"K09503",11.7716501488855,-0.868988932397573,0.727575521914142,-1.19436251801242,0.232336192049684,0.364178472195071,FALSE,FALSE,"Suppressed"
"K14564",11.6784256886534,-0.396404653937116,0.705685041281106,-0.561730277316747,0.574299802302006,0.702615258096265,FALSE,FALSE,"Suppressed"
"K12035",31.2254141141102,0.393771040260519,0.516826882233373,0.761901235785007,0.446118952391113,0.588890105884641,FALSE,FALSE,"Enriched"
"K22067",178.020563881626,0.029666315495284,0.192370343681892,0.154214599441279,0.877440531203579,0.928275767530031,FALSE,FALSE,"Enriched"
"K06886",1169.05820071726,0.0165996455171753,0.0798391601345481,0.20791357886532,0.835296446451734,0.901054110760795,FALSE,FALSE,"Enriched"
"K00116",58.3214619265058,1.18931807831551,0.343837522424809,3.45895372304978,0.000542278067356487,0.00224379506974709,TRUE,TRUE,"Enriched"
"K02238",4066.15285750998,-0.0481409388152176,0.0549301778789503,-0.876402383427666,0.380811323085503,0.525718904887569,FALSE,FALSE,"Suppressed"
"K03644",2950.05529029048,-0.0874642641401566,0.0530463440614299,-1.64882737326571,0.0991830053535812,0.187629388849718,FALSE,FALSE,"Suppressed"
"K21947",140.041353465975,-0.236107859408479,0.210531363673898,-1.12148544182803,0.262081284942756,0.399408734849042,FALSE,FALSE,"Suppressed"
"K18547",337.753328222214,2.64840684163879,0.151809588519809,17.4455834276451,0.0000000000000000000000000000000000000000000000000000000000000000000371901460280514,0.0000000000000000000000000000000000000000000000000000000000000000162016214732204,TRUE,TRUE,"Enriched"
"K08955",7.1566486138841,2.04189537755482,0.969912005531966,2.10523775962016,0.0352706169121213,0.0810004088526081,TRUE,FALSE,"Enriched"
"K01791",1975.67700800073,0.173609017337827,0.0660119617207935,2.6299630068885,0.00853941599057356,0.0244860828051284,FALSE,FALSE,"Enriched"
"K09766",90.3997613965246,0.0734416428014116,0.249817817319888,0.293980804048779,0.768772571732525,0.853429908080938,FALSE,FALSE,"Enriched"
"K12510",1877.10303137636,0.0653070674311325,0.0677057580773825,0.964571836807314,0.334759311222628,0.480696289004879,FALSE,FALSE,"Enriched"
"K01720",1110.8393963009,-0.275630125906946,0.0805973142241757,-3.41984256622126,0.000626573862088504,0.00253918537201182,FALSE,FALSE,"Suppressed"
"K23409",7.20991838005485,0.154018506718486,0.887933134482509,0.173457325486844,0.862291968696933,0.918697561175518,FALSE,FALSE,"Enriched"
"K15671",30.7724313667315,4.78632212854309,1.43322512285816,3.33954662963074,0.000839152617838921,0.003287085302633,TRUE,TRUE,"Enriched"
"K06173",2042.65547497625,-0.00608335291341314,0.0683183331705612,-0.0890442232866784,0.929046764582808,0.95778502657041,FALSE,FALSE,"Suppressed"
"K10907",586.304173786711,-0.326029779225052,0.115161023751382,-2.8310774653142,0.0046391483797468,0.0145247258563017,FALSE,FALSE,"Suppressed"
"K16167",669.699719721395,0.461712252919075,0.100428665135594,4.59741501388763,0.0000042776502173361,0.000029680760723018,FALSE,FALSE,"Enriched"
"K01654",134.45691863883,-0.284931397285606,0.22403133532851,-1.27183724931959,0.203430951116678,0.328166853810608,FALSE,FALSE,"Suppressed"
"K02520",1814.48648246458,-0.0393160522429505,0.0632717473857259,-0.62138401209732,0.534346988888995,0.669260723880209,FALSE,FALSE,"Suppressed"
"K21440",55.3420463321239,-0.536100040572023,0.335253175078103,-1.59909012180759,0.109800579266005,0.203486397126516,FALSE,FALSE,"Suppressed"
"K00675",434.349361503329,-0.0658852509323777,0.117761421768977,-0.559480770040555,0.575833651558808,0.703195330075119,FALSE,FALSE,"Suppressed"
"K06158",3631.11435577416,-0.160443465670986,0.0506745784108347,-3.16615294497806,0.0015446955131695,0.00555489265024812,FALSE,FALSE,"Suppressed"
"K06155",166.137646956449,-0.609462988270538,0.191737808583629,-3.17862706772677,0.00147974342882633,0.0053688014113098,TRUE,TRUE,"Suppressed"
"K08097",213.190537935001,-0.10729468613756,0.189888587999904,-0.565040202087418,0.572046419999931,0.700820290368178,FALSE,FALSE,"Suppressed"
"K06203",305.304845652944,1.56011670496959,0.157580166131887,9.90046363870336,0.0000000000000000000000414349637932334,0.00000000000000000000185817532481567,TRUE,TRUE,"Enriched"
"K09121",892.354929845876,-0.468886741302267,0.100349068503564,-4.67255698826555,0.00000297472940922688,0.0000217279936130236,FALSE,FALSE,"Suppressed"
"K02078",664.876885784416,-0.0452492321308565,0.0962388397749318,-0.470176409406828,0.638228986975134,0.75284191736834,FALSE,FALSE,"Suppressed"
"K20896",7.29973915392281,-2.68332013820959,1.04082633865194,-2.5780670978071,0.00993547035288675,0.0277583296757931,TRUE,TRUE,"Suppressed"
"K02182",522.583786119754,-0.320793771644575,0.115796133075981,-2.7703323342765,0.00559991229120899,0.0170173717309834,FALSE,FALSE,"Suppressed"
"K01236",2501.69937994628,-0.0466840514508937,0.0580657637284279,-0.803985833532369,0.421405156579874,0.564392589076025,FALSE,FALSE,"Suppressed"
"K06601",25.8299407161343,0.89555821124422,0.476212730175729,1.88058435757009,0.0600284812396772,0.124528471796188,FALSE,FALSE,"Enriched"
"K01659",615.456282666234,-0.533530025339907,0.112419259434218,-4.74589521426355,0.00000207586162764309,0.0000154965484296147,TRUE,TRUE,"Suppressed"
"K11354",27.0967055848995,-0.41249417556738,0.474090702632501,-0.870074382975469,0.384259756055083,0.52868131476605,FALSE,FALSE,"Suppressed"
"K06313",9.7801416892759,6.6768302740079,1.40363160195115,4.75682527005419,0.00000196661249107458,0.0000148078636827949,TRUE,TRUE,"Enriched"
"K07673",255.154775180333,-0.531491572289722,0.156189469669095,-3.40286431227245,0.000666833880875614,0.00267919620517811,TRUE,TRUE,"Suppressed"
"K03933",228.817333271331,3.16315899190389,0.209878858879896,15.0713559659386,0.00000000000000000000000000000000000000000000000000249930339732461,0.000000000000000000000000000000000000000000000000508108380676094,TRUE,TRUE,"Enriched"
"K07009",271.318849121567,1.51094929205305,0.175928824294151,8.58841237708016,0.00000000000000000881792815893001,0.000000000000000271618908289465,TRUE,TRUE,"Enriched"
"K18480",564.932831731378,0.0976917190171069,0.149508693872229,0.653418316265908,0.513486633779811,0.650281349547979,FALSE,FALSE,"Enriched"
"K14540",55.8794943504549,-0.470161346382905,0.326615617973498,-1.43949437966269,0.150010501222762,0.259771166086775,FALSE,FALSE,"Suppressed"
"K14333",281.086016099965,-0.00412985317831698,0.147867100611231,-0.0279294931816855,0.977718385456979,0.986787467763616,FALSE,FALSE,"Suppressed"
"K01586",3441.97892415526,0.0500418028903379,0.0467094064871865,1.07134315449,0.284015162604323,0.423095869430831,FALSE,FALSE,"Enriched"
"K07768",810.635125169801,0.314132879826454,0.0976194750441142,3.21793248411239,0.00129118207096094,0.00476978767461586,FALSE,FALSE,"Enriched"
"K19068",117.259402646813,2.44292805831723,0.277632281121992,8.79914989872451,0.00000000000000000137856442236949,0.0000000000000000449618417755697,TRUE,TRUE,"Enriched"
"K04488",950.771953921278,-0.166495440366691,0.0863378760541843,-1.92841714408403,0.0538032610710199,0.114098083891568,FALSE,FALSE,"Suppressed"
"K01897",15073.9395260735,0.0410995361687431,0.0362155611303025,1.13485846652681,0.256434624509811,0.392766141357443,FALSE,FALSE,"Enriched"
"K22907",125.043197526806,-1.04401249082635,0.228514407416637,-4.56869438837115,0.00000490771771633282,0.0000337097626474648,TRUE,TRUE,"Suppressed"
"K00764",4402.62563214119,0.00971362584091229,0.055947447995179,0.173620534787383,0.862163692696536,0.918697561175518,FALSE,FALSE,"Enriched"
"K01451",39.6285616772748,-0.20425668252891,0.395314361121132,-0.516694313734586,0.605369566103697,0.726514951528227,FALSE,FALSE,"Suppressed"
"K16371",96.5783318652996,-0.292040874473725,0.241612011018823,-1.20871836314037,0.226771064371976,0.356704395533866,FALSE,FALSE,"Suppressed"
"K09128",110.603591791879,-0.330638880704031,0.231857206645058,-1.42604530386754,0.153855265373218,0.265074368223518,FALSE,FALSE,"Suppressed"
"K05562",133.50138472594,-0.537272571158514,0.207774025211373,-2.58585052011162,0.00971390475233662,0.0272391287744832,TRUE,TRUE,"Suppressed"
"K07816",99.523085129104,-0.914958924771624,0.247411526449925,-3.69812570133756,0.000217197330318236,0.000998069122971419,TRUE,TRUE,"Suppressed"
"K19784",920.945919824094,0.176468956879618,0.0927341988766797,1.90295445496101,0.0570464884417771,0.119603483329803,FALSE,FALSE,"Enriched"
"K13015",1595.54566212959,-0.112281204602263,0.0666450588939876,-1.68476412903872,0.0920340882217263,0.176625520473351,FALSE,FALSE,"Suppressed"
"K02071",124.329137178451,0.73012236146353,0.222493639059835,3.2815426299319,0.00103240917099275,0.00391827226750763,TRUE,TRUE,"Enriched"
"K05778",37.1207416137955,-0.485693348358586,0.423154626215764,-1.14779165408659,0.251054583501355,0.386564479872447,FALSE,FALSE,"Suppressed"
"K01457",280.709832587573,-0.70597593359705,0.155951468396237,-4.52689507099304,0.00000598566418384815,0.0000401612385668755,TRUE,TRUE,"Suppressed"
"K03931",21.5411106194171,1.03912310264967,0.647884973547076,1.60386973780334,0.108742768601218,0.201878840603838,FALSE,FALSE,"Enriched"
"K15580",2100.27704878217,0.331800610630859,0.0661183887141871,5.01828034656361,0.000000521360582926966,0.00000436321040067559,FALSE,FALSE,"Enriched"
"K10107",131.103194096493,1.07819307840417,0.245660221933923,4.38896077645888,0.0000113893606865192,0.0000708982926815469,TRUE,TRUE,"Enriched"
"K11957",16.1936758030422,0.0746652381124663,0.594145217301189,0.12566833147563,0.899994470908645,0.940875261925236,FALSE,FALSE,"Enriched"
"K07577",744.691636166614,0.397726916055332,0.0920444567309032,4.32103062130192,0.000015530211776732,0.0000941538385947203,FALSE,FALSE,"Enriched"
"K07080",1911.68870912803,0.393662456260709,0.0638181859112462,6.16849963125224,0.000000000689410108695091,0.00000000918059443871477,FALSE,FALSE,"Enriched"
"K16841",69.3249583754954,0.127102640432706,0.32000285938591,0.397192202209124,0.691225732004118,0.794981282197457,FALSE,FALSE,"Enriched"
"K06189",526.936840920394,-0.527790627746394,0.116683319388581,-4.52327402504498,0.00000608903241602529,0.0000406758036203048,TRUE,TRUE,"Suppressed"
"K02876",1433.66256206235,-0.0103201472345802,0.0699044517891051,-0.147632188944348,0.882633050343616,0.931184738634443,FALSE,FALSE,"Suppressed"
"K08100",32.6506254025592,-0.921404069534877,0.442677682922211,-2.08143329804315,0.0373942635043778,0.0847834992985875,TRUE,FALSE,"Suppressed"
"K18115",21.974286236488,4.96332782943537,0.883986829042207,5.61470789651141,0.0000000196894572409232,0.000000211419013578152,TRUE,TRUE,"Enriched"
"K18707",1227.5207181705,0.343194274680568,0.0865746465208161,3.96414295030417,0.0000736601049285795,0.00038397690594821,FALSE,FALSE,"Enriched"
"K23342",111.278608729002,-1.08893556771437,0.237074580398005,-4.59321942439485,0.00000436459712195965,0.0000302496339168544,TRUE,TRUE,"Suppressed"
"K19507",46.7170604360697,0.398170323231191,0.344823742289546,1.15470680930332,0.248210510130277,0.382861887021892,FALSE,FALSE,"Enriched"
"K13525",1302.70045249101,0.941534301076547,0.0931192852361453,10.111055928843,0.00000000000000000000000493494866610277,0.000000000000000000000238875015194927,TRUE,TRUE,"Enriched"
"K16080",31.6208012470616,-1.03704905101777,0.452053496393448,-2.29408479149371,0.0217856287666376,0.0537937448776205,TRUE,FALSE,"Suppressed"
"K15634",423.199499900303,0.193235740527934,0.124164027638793,1.55629407488357,0.119638179739475,0.217488303496589,FALSE,FALSE,"Enriched"
"K13935",5.13068542027933,5.74367863561424,1.5660080579019,3.66771971997991,0.0002447232292058,0.00111242284286417,TRUE,TRUE,"Enriched"
"K23555",144.448676068051,-0.706582247921122,0.238248704677765,-2.96573384890712,0.00301961682553146,0.00997651301133065,TRUE,TRUE,"Suppressed"
"K11250",160.476456129307,3.07135396038067,0.255665558318364,12.0131705677622,0.00000000000000000000000000000000303001167761544,0.000000000000000000000000000000236923605407392,TRUE,TRUE,"Enriched"
"K06718",94.2884256852895,0.943091811810598,0.265783590283848,3.54834476727252,0.000387660430417194,0.00166973231999609,TRUE,TRUE,"Enriched"
"K00554",2000.6236343034,-0.0645784790711144,0.0614707437904238,-1.05055633117579,0.293462406254203,0.433897506847124,FALSE,FALSE,"Suppressed"
"K02897",1959.35441722804,-0.0801509938812282,0.0612489771356556,-1.30860950875487,0.190666658301028,0.312041301575041,FALSE,FALSE,"Suppressed"
"K20326",7.99397474173639,2.7478726336772,1.00470050623148,2.73501667077303,0.00623771168711442,0.0186580694358562,TRUE,TRUE,"Enriched"
"K22462",21.4461123049938,4.90784723294894,0.881206748422674,5.56946169753444,0.0000000255527553190659,0.000000270566414394067,TRUE,TRUE,"Enriched"
"K02227",542.89708999448,0.853294377114137,0.11225756283762,7.6012195129198,0.0000000000000293353015565792,0.000000000000690795382986782,TRUE,TRUE,"Enriched"
"K08252",31.8415066501483,-0.381845291618749,0.416143189167504,-0.917581499730015,0.358838007055251,0.505556249718174,FALSE,FALSE,"Suppressed"
"K00118",9.88046242553341,-1.71628263922837,0.907094699984355,-1.89206555749688,0.0584822466413977,0.121750115436534,FALSE,FALSE,"Suppressed"
"K00615",8685.98786101291,0.0868247638567527,0.0398228293525756,2.18027611971115,0.0292370001110022,0.0692491121075738,FALSE,FALSE,"Enriched"
"K19166",18.2348516987548,-0.360573909141691,0.564182815159725,-0.639108280956075,0.522752493188585,0.658869075419958,FALSE,FALSE,"Suppressed"
"K00164",8998.99214382599,0.0237455037045224,0.0409882917280206,0.579324063127262,0.562370531839172,0.692349187260217,FALSE,FALSE,"Enriched"
"K01219",11.8614020872313,-0.448757670741618,0.862445915389184,-0.520331376999001,0.602832630190381,0.724610999513428,FALSE,FALSE,"Suppressed"
"K02120",212.350266347251,-0.660602277949421,0.165149992686902,-4.00001397034161,0.0000633387444627731,0.000335041632678623,TRUE,TRUE,"Suppressed"
"K02613",1020.61552103904,0.512806289272176,0.0808382246509629,6.34361147200266,0.000000000224440436354032,0.00000000329053418587317,TRUE,TRUE,"Enriched"
"K03367",57.0227110929646,1.09495207757294,0.353507021292964,3.0973983870762,0.00195227313356544,0.0068039507666375,TRUE,TRUE,"Enriched"
"K03928",520.233203384553,-0.368867398644495,0.116167464536084,-3.17530730413691,0.00149677896327491,0.00542093521200337,FALSE,FALSE,"Suppressed"
"K20971",58.6385816476913,0.258494005934932,0.330062406772103,0.783167063655974,0.433529013393049,0.576620253885619,FALSE,FALSE,"Enriched"
"K03852",327.562800690266,-0.507693752344694,0.142897612597465,-3.55284978605514,0.000381082005837056,0.00164371934483749,TRUE,TRUE,"Suppressed"
"K20331",8.53503258233932,-2.9423506443801,0.998615717576565,-2.94642933472004,0.00321465861806191,0.0105523158835089,TRUE,TRUE,"Suppressed"
"K14415",2527.7638431101,0.151621715201363,0.0588921593216377,2.57456539118027,0.0100366112502465,0.0280280641095482,FALSE,FALSE,"Enriched"
"K03604",6.3990185648244,-1.62713361769666,0.969810551053588,-1.67778502299131,0.0933890741777895,0.178888179463046,FALSE,FALSE,"Suppressed"
"K07098",1608.75639365623,0.0625202456159802,0.0701651151448817,0.891044580870198,0.372905254104026,0.518350589714131,FALSE,FALSE,"Enriched"
"K22136",612.381806170238,-0.140775997987095,0.113259711444401,-1.24294858420332,0.213886780768559,0.341133754159896,FALSE,FALSE,"Suppressed"
"K19813",110.170632833404,-0.134316927640266,0.246872607837803,-0.544073839607645,0.586390661696702,0.711579117725465,FALSE,FALSE,"Suppressed"
"K21053",80.0158520772337,0.528085004436174,0.293758323238788,1.79768524892794,0.0722269003214057,0.144619784983668,FALSE,FALSE,"Enriched"
"K07658",585.175725361093,-0.321484484862609,0.110959280518438,-2.89731947936692,0.00376366268952307,0.0121068453287981,FALSE,FALSE,"Suppressed"
"K00096",509.219939034207,1.28278700583562,0.129350199553081,9.91716294422266,0.0000000000000000000000350579414487891,0.00000000000000000000159565958877735,TRUE,TRUE,"Enriched"
"K18122",44.8019494604281,0.134314343718825,0.401731068586285,0.334338950162567,0.738123801839041,0.83166766440353,FALSE,FALSE,"Enriched"
"K15777",1314.61219669739,0.14921973722944,0.0829936845444803,1.79796496623145,0.0721825597292612,0.144578466925702,FALSE,FALSE,"Enriched"
"K02356",1870.83272505773,-0.0887849711733592,0.0592351816031753,-1.49885538915272,0.133911151636555,0.237557915599579,FALSE,FALSE,"Suppressed"
"K18352",127.286679157733,0.501756580669952,0.229753823153101,2.1838878404021,0.028970490743946,0.0686445310984176,TRUE,FALSE,"Enriched"
"K03557",104.408441445147,-0.522346703583912,0.254629985634008,-2.0513950950565,0.0402284863372161,0.0902698815933336,TRUE,FALSE,"Suppressed"
"K03926",503.177063665545,0.23419884962864,0.132238177935247,1.77103808662065,0.0765543684483658,0.151555820540082,FALSE,FALSE,"Enriched"
"K15865",6.12468651476248,-1.86666987990005,1.09543358179571,-1.7040466085037,0.0883723800956279,0.170888759100582,FALSE,FALSE,"Suppressed"
"K01949",70.3674249221073,-0.396528058762786,0.300384605139705,-1.32006784628116,0.186812366886321,0.307359512658603,FALSE,FALSE,"Suppressed"
"K11389",40.5496607953304,0.0929393465312838,0.411604296597105,0.225797804589627,0.821358684669979,0.892475791520078,FALSE,FALSE,"Enriched"
"K15022",116.045802384454,-0.135088621696733,0.232781502882687,-0.580323694210413,0.561696351899124,0.691938204450163,FALSE,FALSE,"Suppressed"
"K02116",313.567028920102,0.326942373402659,0.17184657483748,1.90252481733696,0.0571025775545024,0.119679938317838,FALSE,FALSE,"Enriched"
"K03402",704.81811504928,0.194124102180849,0.105614665941087,1.83804115130311,0.0660563417053608,0.13465161365675,FALSE,FALSE,"Enriched"
"K06182",376.013539451736,-0.134502803390711,0.13519262029193,-0.994897525473442,0.319786106519023,0.464154084640533,FALSE,FALSE,"Suppressed"
"K22024",178.816186051807,-0.447447140686484,0.205293518150761,-2.17954831071624,0.0292909598795117,0.0693230750116964,FALSE,FALSE,"Suppressed"
"K03410",173.592397489269,-0.268928134540361,0.194893845086712,-1.37986981795505,0.167626731036151,0.283337176055683,FALSE,FALSE,"Suppressed"
"K07404",808.987901962287,0.0776678495497684,0.100025291313137,0.776482112975039,0.437464378084074,0.580722178578945,FALSE,FALSE,"Enriched"
"K11927",3008.37050204215,-0.0816497180234258,0.0541261159545323,-1.50850872233312,0.131424376004701,0.233826507950021,FALSE,FALSE,"Suppressed"
"K00104",3445.9846002081,0.00983537121938235,0.0502774993852664,0.195621726212274,0.844906253767785,0.90707326909518,FALSE,FALSE,"Enriched"
"K02063",454.243461241568,-0.517006296156865,0.139446711153245,-3.70755460549157,0.000209270301476905,0.000969126475860017,TRUE,TRUE,"Suppressed"
"K03293",101.041798435671,2.69814917139333,0.302894511215081,8.9078840041357,0.000000000000000000520157778440629,0.0000000000000000178227094983674,TRUE,TRUE,"Enriched"
"K17103",2016.83071977606,0.094287434364835,0.0619552874442914,1.52186259243194,0.12804351394257,0.228864789230497,FALSE,FALSE,"Enriched"
"K02300",96.5419867806343,1.38215315491674,0.313206210009444,4.41291746697828,0.0000101986882913491,0.0000645916925118777,TRUE,TRUE,"Enriched"
"K13290",53.369217521299,-0.150430894690522,0.351703755869319,-0.427720466955767,0.668854647041152,0.778082606961566,FALSE,FALSE,"Suppressed"
"K00672",163.806416304734,-0.157162961154184,0.197743740262818,-0.79478096725237,0.426740924157287,0.569641693244756,FALSE,FALSE,"Suppressed"
"K01470",1103.16966775717,-0.0730351230974857,0.0748267288119468,-0.976056607807036,0.329036412894707,0.474194962723255,FALSE,FALSE,"Suppressed"
"K00757",164.901805852853,-0.433039057998238,0.189335977244564,-2.28714618478919,0.022187291907682,0.054630719961628,FALSE,FALSE,"Suppressed"
"K22078",67.0119133498098,-0.526108609074794,0.347496534177921,-1.51399670882882,0.130026674223248,0.231745378751487,FALSE,FALSE,"Suppressed"
"K01535",90.8083630787321,-0.169159336278758,0.255210611503179,-0.662822502882683,0.507444239746312,0.645443674288375,FALSE,FALSE,"Suppressed"
"K14347",184.195223981449,0.236218641649211,0.189776497857603,1.24472020674792,0.213234615626807,0.340271564811067,FALSE,FALSE,"Enriched"
"K21140",339.87476491418,0.266849195451216,0.166306053304247,1.60456694238923,0.108589141333512,0.201793166664561,FALSE,FALSE,"Enriched"
"K05592",3073.04693864794,-0.0190335749079168,0.0597180915470473,-0.318723763851726,0.749935992789288,0.840319606838484,FALSE,FALSE,"Suppressed"
"K01425",372.856857839641,0.304678108157212,0.127972208606307,2.38081464308021,0.0172744015972878,0.0444542511990962,FALSE,FALSE,"Enriched"
"K00864",3910.03874508774,0.00665860974564807,0.0509377092300796,0.130720635974655,0.895996307275188,0.938787403894756,FALSE,FALSE,"Enriched"
"K21977",7.25389094832215,0.708560639773246,1.01205861336175,0.700118185269548,0.48385349986871,0.622143070030513,FALSE,FALSE,"Enriched"
"K14126",95.4447537398593,-0.238346481680113,0.251765648981056,-0.946699768791919,0.34379178830516,0.49105061285086,FALSE,FALSE,"Suppressed"
"K03601",2756.18339446284,0.0259294931690785,0.0524554704312663,0.49431437666839,0.621084173392011,0.739755720520954,FALSE,FALSE,"Enriched"
"K04719",118.296490965335,1.50729523121343,0.252375019604666,5.97244225507951,0.00000000233727887406062,0.000000028567262230252,TRUE,TRUE,"Enriched"
"K00548",10804.0096419924,-0.0287908718852605,0.0368404598281793,-0.781501425865438,0.434507638420905,0.577733177834989,FALSE,FALSE,"Suppressed"
"K14338",309.481853541033,0.734010185830778,0.141809687178574,5.17602288274198,0.000000226665669272612,0.00000205719332871081,TRUE,TRUE,"Enriched"
"K13786",15.0907482390521,1.06916260609156,0.688217382684079,1.55352455923415,0.120297866644677,0.218427117792761,FALSE,FALSE,"Enriched"
"K01205",137.899937453462,0.235917521242481,0.218243821266107,1.08098144485302,0.279705367529928,0.418939841985518,FALSE,FALSE,"Enriched"
"K00114",1025.59240921797,-0.591395423844148,0.09138043312091,-6.47179493077739,0.0000000000968455019638906,0.00000000151064121861322,TRUE,TRUE,"Suppressed"
"K03889",710.189904058235,0.233920467143751,0.100743543279228,2.32194004230523,0.0202361643164997,0.0507276474173166,FALSE,FALSE,"Enriched"
"K18831",87.6518351708545,1.23303088688071,0.287233083075501,4.29278853841707,0.000017644303288284,0.000105813771637408,TRUE,TRUE,"Enriched"
"K23242",9.47841079470726,1.06290529625734,0.82635610412277,1.28625575699678,0.198353817700519,0.321830256492541,FALSE,FALSE,"Enriched"
"K01054",9.82061804560394,-0.630228300086413,0.751414073348417,-0.838723045574618,0.401624742994263,0.5450621512065,FALSE,FALSE,"Suppressed"
"K02319",40.8394008068206,-0.90124480878648,0.386531950273013,-2.33161788605034,0.0197208020412968,0.0496397736895871,TRUE,TRUE,"Suppressed"
"K02400",1173.61437968748,-0.164581545683489,0.0845522566207382,-1.94650683803419,0.0515938873500408,0.110256173422529,FALSE,FALSE,"Suppressed"
"K20201",29.7345790295333,-0.508898329320944,0.497825522234841,-1.02224234514212,0.306666213519633,0.448957569912684,FALSE,FALSE,"Suppressed"
"K00822",830.601168779024,-0.188182200548986,0.0854849778586264,-2.20134818143368,0.0277113843933143,0.0660460075868792,FALSE,FALSE,"Suppressed"
"K00878",75.5725520678893,0.459586081400773,0.336978841026387,1.3638425486922,0.172617125680675,0.289113880105848,FALSE,FALSE,"Enriched"
"K05967",27.2358511197647,1.62926971512614,0.500756850346804,3.25361443183009,0.00113946821842504,0.00428459720355999,TRUE,TRUE,"Enriched"
"K08095",9.63759291045237,0.0951000153138628,0.945403987013235,0.100591933840164,0.919874400090176,0.952191779726746,FALSE,FALSE,"Enriched"
"K18313",13.1741610691939,-0.801602362689152,0.719582236065485,-1.11398297861289,0.265286488962519,0.40298438261081,FALSE,FALSE,"Suppressed"
"K08641",784.010216855246,0.483003885597519,0.0893537958599126,5.40552173468674,0.0000000646200138827255,0.000000636700266027049,FALSE,FALSE,"Enriched"
"K07458",64.3612240630055,1.11365924695308,0.34654288685077,3.21362604517301,0.00131070255417538,0.00483019630085538,TRUE,TRUE,"Enriched"
"K09862",63.824472439217,-0.0765156835303428,0.316782063169707,-0.241540454546985,0.809136266250307,0.883174144087264,FALSE,FALSE,"Suppressed"
"K05837",2651.5386241781,-0.159072601332533,0.0536232074377425,-2.96648799901085,0.00301222116620726,0.00996287250146316,FALSE,FALSE,"Suppressed"
"K03633",68.7210623244415,-1.38126738449125,0.320357534366769,-4.31164319959421,0.0000162045774164196,0.000097853185804696,TRUE,TRUE,"Suppressed"
"K08483",2251.65407396073,-0.305277304366886,0.059170445317015,-5.15928691648871,0.000000247892174780391,0.00000222664856257085,FALSE,FALSE,"Suppressed"
"K01142",3920.0362975521,0.0904752407556981,0.0528288686984967,1.71260984731768,0.0867843404531594,0.168566144084019,FALSE,FALSE,"Enriched"
"K17202",35.4865517257631,0.636977618827292,0.462621688810473,1.37688663163445,0.168547300958572,0.284075876394778,FALSE,FALSE,"Enriched"
"K14187",119.216871334836,-0.505980616973179,0.22239971051931,-2.27509566353167,0.0229001917532206,0.0561367642696514,TRUE,FALSE,"Suppressed"
"K00102",756.015252417955,-0.275640773784905,0.113992317369339,-2.4180644814143,0.0156033115248151,0.0408081462220615,FALSE,FALSE,"Suppressed"
"K02779",11.0566904232585,-1.3082247625179,0.728489081057557,-1.795805587942,0.072525441728065,0.145122266764918,FALSE,FALSE,"Suppressed"
"K07645",535.078660321973,-0.512293669677502,0.134762086433624,-3.80146733576902,0.000143841704006266,0.000701271425047334,TRUE,TRUE,"Suppressed"
"K02066",4742.44581489808,-0.234062811487122,0.0431628092920332,-5.42278909381193,0.0000000586762091316878,0.000000582843973117531,FALSE,FALSE,"Suppressed"
"K01695",1980.40504262474,-0.00464051872952087,0.0633917735573134,-0.073203800258488,0.941643942335124,0.965703398164542,FALSE,FALSE,"Suppressed"
"K10857",11.3880378188431,0.61918371652339,0.934568883214814,0.662534059975832,0.507629013950716,0.645544069242164,FALSE,FALSE,"Enriched"
"K13281",95.3827994147474,0.39444886111522,0.245916953109814,1.6039921450193,0.10871578404425,0.201878840603838,FALSE,FALSE,"Enriched"
"K16383",15.799802126848,4.43332227586925,0.941947865148599,4.70654740023204,0.00000251947423981393,0.0000186483900347392,TRUE,TRUE,"Enriched"
"K03043",12963.5940837314,-0.00310576971966708,0.035897216593899,-0.08651839931776,0.931054330372175,0.958882195363036,FALSE,FALSE,"Suppressed"
"K23376",6.39271860532012,-1.63238375338929,1.02991946360038,-1.58496252481997,0.112974849058805,0.207915994088609,FALSE,FALSE,"Suppressed"
"K00874",1323.2851034544,0.450515520428038,0.0784197582984189,5.74492360348325,0.00000000919624969585212,0.000000104252652221193,FALSE,FALSE,"Enriched"
"K15635",251.61931706161,-0.304755504873463,0.159240766947919,-1.91380329745043,0.0556452940259855,0.117270438239283,FALSE,FALSE,"Suppressed"
"K00761",1073.22394813391,0.0248599209377178,0.0787193199559107,0.315804569343859,0.752150849646392,0.841913476988513,FALSE,FALSE,"Enriched"
"K06200",1535.86647357277,-0.301655331541903,0.0696152593377943,-4.33317830618399,0.0000146971979292651,0.0000897279381086966,FALSE,FALSE,"Suppressed"
"K01430",101.139313780063,0.290797238990432,0.249416166422875,1.16591174967142,0.243650127946178,0.377738213102121,FALSE,FALSE,"Enriched"
"K19721",30.0890387670065,0.534138980187001,0.47257069836215,1.13028374809999,0.258356680397692,0.395114692513923,FALSE,FALSE,"Enriched"
"K07123",31.8875876363905,-2.17757723319725,0.523461651749011,-4.15995560691302,0.0000318309457558209,0.000180257138500234,TRUE,TRUE,"Suppressed"
"K11072",1698.28613926566,0.0255047503376309,0.0815639084006683,0.312696520283743,0.754511239504801,0.843652667601086,FALSE,FALSE,"Enriched"
"K10039",22.636921231053,-0.371071953323056,0.506763574959217,-0.732238802587417,0.464022824532129,0.604846165168082,FALSE,FALSE,"Suppressed"
"K23518",602.741289558315,-0.0962511295558673,0.109113591898489,-0.882118605768305,0.377712671677971,0.522729653860663,FALSE,FALSE,"Suppressed"
"K06889",3402.44249656647,-0.0201382102517555,0.0507272560422842,-0.396989938406468,0.691374880255348,0.795002902465567,FALSE,FALSE,"Suppressed"
"K00612",1922.35425141177,0.0204660529679425,0.067520661383224,0.303108004996933,0.761807553847277,0.848023655663718,FALSE,FALSE,"Enriched"
"K07300",1524.72810197993,0.169217035001062,0.0755209512274113,2.2406634483656,0.0250478834435674,0.0606699925029061,FALSE,FALSE,"Enriched"
"K05606",971.250011627622,0.198415323432366,0.079538550204462,2.49458058919001,0.0126106086826119,0.0340922439517952,FALSE,FALSE,"Enriched"
"K03198",46.2980653536131,0.403714750546297,0.365679934063548,1.1040112211247,0.269588270130657,0.407993910505171,FALSE,FALSE,"Enriched"
"K07287",190.185352714395,-0.57827882882873,0.180331689268944,-3.20675102181455,0.00134243126842237,0.0049322218711494,TRUE,TRUE,"Suppressed"
"K22186",624.916268759306,-0.0947229160836008,0.100738535155222,-0.940284826830644,0.347071480423773,0.494363699942847,FALSE,FALSE,"Suppressed"
"K02239",3.7156203054181,5.2791680737348,3.67987896020616,1.43460372768322,0.151400051761251,0.261509180314888,FALSE,FALSE,"Enriched"
"K01481",37.9522191518211,0.502652345894626,0.420630592060744,1.19499711952011,0.232088155534295,0.363976770533213,FALSE,FALSE,"Enriched"
"K07067",833.840825352232,0.450135964857657,0.118439112209572,3.80056854918978,0.000144364473844732,0.000702133974806656,FALSE,FALSE,"Enriched"
"K13040",14.3419595490334,-0.0374135549839121,0.628212987304894,-0.0595555261352054,0.952509640459167,0.970814889231361,FALSE,FALSE,"Suppressed"
"K05780",31.0869814230203,0.0436991658555141,0.439198437865381,0.0994975439072675,0.920743237902884,0.952929409124332,FALSE,FALSE,"Enriched"
"K02278",450.500908206142,0.442267684995631,0.134232761453236,3.29478199068196,0.000984980630695389,0.00375462304163199,FALSE,FALSE,"Enriched"
"K02992",1333.64242798517,-0.0123042120874378,0.0793522549309573,-0.155058127814307,0.87677549202464,0.927894104781933,FALSE,FALSE,"Suppressed"
"K11621",4.43260280210513,5.53475613152001,1.60317405974097,3.45237380675575,0.000555677329754476,0.00228220608361788,TRUE,TRUE,"Enriched"
"K21960",14.6982604490124,-1.57752458817176,0.737960462477901,-2.13768171654453,0.0325425844121632,0.0755815774294681,TRUE,FALSE,"Suppressed"
"K21134",118.663430170594,0.424346470415988,0.270807680354365,1.56696615790479,0.117122602155226,0.213743492083999,FALSE,FALSE,"Enriched"
"K01251",4840.41652341282,-0.0639089689382175,0.0411261971949686,-1.5539722439019,0.12019103750535,0.218298135123625,FALSE,FALSE,"Suppressed"
"K22222",12.3641680542567,2.94827761286456,0.849197561518047,3.47183947112866,0.000516905331592776,0.00215341913755761,TRUE,TRUE,"Enriched"
"K07396",38.8713668272898,-0.97140638902915,0.38746402759517,-2.50708793551306,0.0121730423347643,0.0331295784023773,TRUE,TRUE,"Suppressed"
"K01778",1993.83633088227,0.019802449380882,0.0728078396506691,0.271982378214954,0.785635568917079,0.866785697327291,FALSE,FALSE,"Enriched"
"K08358",9.39820304221141,-1.18072390153724,0.807128306277267,-1.4628701438847,0.143502914945215,0.250769224243372,FALSE,FALSE,"Suppressed"
"K09117",1124.2371751395,-0.047597055335808,0.0791864917904388,-0.60107543925257,0.54778974119123,0.680580491245735,FALSE,FALSE,"Suppressed"
"K07285",145.950527536501,-0.725125703342564,0.229231447520592,-3.16329068801708,0.00155996482996656,0.00560649705242547,TRUE,TRUE,"Suppressed"
"K22452",432.93613583332,-0.725077145474657,0.118259660860263,-6.13122970419655,0.00000000087202390977018,0.0000000114375781197598,TRUE,TRUE,"Suppressed"
"K00126",51.0436156945908,0.0233427235249365,0.391928619465648,0.0595586093119757,0.952507184799056,0.970814889231361,FALSE,FALSE,"Enriched"
"K21782",12.2517353125004,0.744430630475776,0.773918873176439,0.961897501504734,0.336101093752801,0.482211378686976,FALSE,FALSE,"Enriched"
"K03804",41.1537155895171,-1.09387426733468,0.420155449736895,-2.60349893835645,0.00922775534303061,0.0261119635584414,TRUE,TRUE,"Suppressed"
"K00297",3347.15726276454,0.00518813147770771,0.0534089829928342,0.097139679263389,0.922615470349949,0.954349224519988,FALSE,FALSE,"Enriched"
"K14981",418.616457028672,0.472389156658332,0.122835342356745,3.84571042498823,0.000120203655773555,0.000597491521241169,FALSE,FALSE,"Enriched"
"K07720",130.189527305323,1.22619659681342,0.21880724051716,5.60400375195652,0.0000000209456170162379,0.000000223334472346215,TRUE,TRUE,"Enriched"
"K01256",6171.30490440847,0.271822822010057,0.0454751766244073,5.9773890325951,0.00000000226742275070775,0.0000000277690991095714,FALSE,FALSE,"Enriched"
"K16218",20.5847737852663,-0.152745205880107,0.544059360118392,-0.280750993507158,0.778901393847052,0.861511617523137,FALSE,FALSE,"Suppressed"
"K01920",1515.63513288434,-0.0118094821488335,0.0882837611632006,-0.133767320209689,0.893586569593779,0.937551090306633,FALSE,FALSE,"Suppressed"
"K07746",39.2337134619946,-0.0450469585620592,0.396482080577326,-0.113616631794469,0.909541702462792,0.946303511726021,FALSE,FALSE,"Suppressed"
"K22292",312.823559356801,-0.375325816382228,0.143722637811726,-2.61145928085384,0.00901567236372909,0.0255870571179077,FALSE,FALSE,"Suppressed"
"K06390",6.65347890888729,6.11906532105914,3.88412732539536,1.57540286618598,0.115163483246306,0.211115745211669,FALSE,FALSE,"Enriched"
"K04075",2287.47071697636,0.0847321661109035,0.0615191600903319,1.37732969673979,0.168410337805955,0.283974191395775,FALSE,FALSE,"Enriched"
"K22307",89.6233896478401,0.083020269390458,0.253879313403448,0.327006829652669,0.74366271963633,0.835439109792223,FALSE,FALSE,"Enriched"
"K03308",248.567143590737,-0.256719819176508,0.15070992548091,-1.70340353070525,0.0884925774285982,0.171012747064962,FALSE,FALSE,"Suppressed"
"K09684",1261.39975192931,1.02307823049224,0.0855433796961118,11.9597592955372,0.00000000000000000000000000000000577290149663597,0.000000000000000000000000000000445682610480795,TRUE,TRUE,"Enriched"
"K03147",3116.53030439105,0.0623743541767335,0.0581030881346593,1.07351185933827,0.283041520562839,0.421967791227757,FALSE,FALSE,"Enriched"
"K04027",129.667134008036,-0.563910977194372,0.220741688765416,-2.55461929438097,0.0106303995791452,0.0295509603615345,TRUE,TRUE,"Suppressed"
"K01889",3051.17574576891,-0.0117883918446948,0.0488981555617762,-0.241080501079467,0.809492725024409,0.883174144087264,FALSE,FALSE,"Suppressed"
"K16028",11.1041719036283,1.19788213401149,0.812895334189309,1.47359947047319,0.140589464026574,0.246891776878224,FALSE,FALSE,"Enriched"
"K22268",24.1684880795226,-0.193265284480455,0.502798606230085,-0.384379117375705,0.70069747587233,0.802202055422468,FALSE,FALSE,"Suppressed"
"K00694",327.231978060569,0.0469811731526342,0.141927969390007,0.331021245174963,0.740628438030122,0.833258226073735,FALSE,FALSE,"Enriched"
"K16043",18.9867845005126,-0.233899670407399,0.600877048918098,-0.389263778386184,0.697081028067112,0.799454153851319,FALSE,FALSE,"Suppressed"
"K09799",225.485726585278,1.40991718968257,0.173578576299134,8.12264520048146,0.000000000000000456131290633666,0.0000000000000125879852559943,TRUE,TRUE,"Enriched"
"K02203",41.8886954799924,-0.395113156422135,0.43652520842292,-0.905132507351869,0.365395192386183,0.511972905727871,FALSE,FALSE,"Suppressed"
"K06877",2860.66020838858,0.00995116623813502,0.0549485825188037,0.1810995986062,0.856289399654016,0.91542665179489,FALSE,FALSE,"Enriched"
"K07326",11.6167507065877,-0.577768928195797,0.985072392228147,-0.586524333393341,0.557523214271899,0.688346877867278,FALSE,FALSE,"Suppressed"
"K11898",80.73780181887,-0.144147090297663,0.264713433032751,-0.544540141564439,0.586069833107266,0.711331325795267,FALSE,FALSE,"Suppressed"
"K09934",43.1936496706088,-1.04276661827181,0.376354988430478,-2.77069960629586,0.00559360042059609,0.0170066644891404,TRUE,TRUE,"Suppressed"
"K03237",9.1697572413618,-1.38994304391991,0.819684176730449,-1.69570559415226,0.0899416485825052,0.173209382603315,FALSE,FALSE,"Suppressed"
"K13993",2163.8648258523,-0.18300253576145,0.0552322522429299,-3.31332741885202,0.000921929841123456,0.00355426681479896,FALSE,FALSE,"Suppressed"
"K23876",127.146577684286,-0.476207884465214,0.217914397938749,-2.18529793795023,0.0288670084962413,0.0684259171467454,FALSE,FALSE,"Suppressed"
"K08303",906.383549827982,-0.141644616537492,0.083267754552425,-1.70107405079974,0.0889290829092758,0.171638758437871,FALSE,FALSE,"Suppressed"
"K18455",655.264852036018,0.294419302244057,0.121479451629884,2.42361402108625,0.015366928422087,0.0402762769429776,FALSE,FALSE,"Enriched"
"K06942",3172.79397318126,-0.0683241556885773,0.0565716566826447,-1.20774535686416,0.227145225708049,0.357143266716522,FALSE,FALSE,"Suppressed"
"K00282",1553.28300445589,0.193135261023501,0.0765966632212451,2.52145789256695,0.0116869661937153,0.031934949290085,FALSE,FALSE,"Enriched"
"K15833",4.79814457438251,3.72306141342279,1.45341664894838,2.5615926555655,0.0104193444417546,0.0290304165145096,TRUE,TRUE,"Enriched"
"K02363",186.014272577549,-0.636741176956596,0.183470538946069,-3.47053636302756,0.000519420008145991,0.00216241817725761,TRUE,TRUE,"Suppressed"
"K19136",14.9073816413908,0.568469414780832,0.669755374195376,0.84877171081124,0.396008334343268,0.539360167744437,FALSE,FALSE,"Enriched"
"K02204",579.611493108738,-0.270761896177978,0.118788704860273,-2.2793572545173,0.0226458371212067,0.0556474458510231,FALSE,FALSE,"Suppressed"
"K19225",297.939527879579,-0.209325501724163,0.14515352154728,-1.44209730148353,0.149274926231607,0.258644254285958,FALSE,FALSE,"Suppressed"
"K08178",226.85372847051,0.299371270744306,0.158302743377283,1.89113128652998,0.0586068210200788,0.121952576390809,FALSE,FALSE,"Enriched"
"K13623",16.0540201717562,0.370127252443498,0.601863113458583,0.614969158545997,0.53857508843148,0.672970592981684,FALSE,FALSE,"Enriched"
"K03830",67.9608336763094,-0.429661227968418,0.290543052691943,-1.47882120734781,0.139188106279702,0.245087192378183,FALSE,FALSE,"Suppressed"
"K07560",850.719764539934,-0.214453830919037,0.0872317802332876,-2.45843694059108,0.0139543280570546,0.0370552442920055,FALSE,FALSE,"Suppressed"
"K12143",13.0032214276163,-1.48416604151987,0.76414971377744,-1.94224510558691,0.0521074350033695,0.111101727485727,FALSE,FALSE,"Suppressed"
"K10118",1146.50020318904,0.663567702161484,0.0863980270277812,7.68035712144345,0.0000000000000158645700199928,0.000000000000387032050207745,TRUE,TRUE,"Enriched"
"K06345",6.16104655799395,6.00580121440185,1.50375362555582,3.9938731400777,0.0000650026515765382,0.000342029681865458,TRUE,TRUE,"Enriched"
"K02503",1167.26373246806,0.25195324283383,0.0855539386495437,2.94496368970119,0.00322992565527762,0.0105862439122354,FALSE,FALSE,"Enriched"
"K16203",501.729635819678,0.0320959244039201,0.120552980433259,0.266239161309571,0.790055024685333,0.869616602699124,FALSE,FALSE,"Enriched"
"K01223",11.1961789838227,4.9550140598188,1.22134085859955,4.05702799912913,0.0000497011256545647,0.000268481023253116,TRUE,TRUE,"Enriched"
"K17722",209.765042025834,0.365096660865941,0.17211975003894,2.12117819589758,0.0339068094357929,0.0783324358897352,FALSE,FALSE,"Enriched"
"K22491",1517.44718990082,-0.109565750736725,0.0674287476654579,-1.62491154782121,0.104181407268852,0.195248744377757,FALSE,FALSE,"Suppressed"
"K06387",5.73224286431738,5.90472809446269,1.51105520052172,3.90768523375186,0.0000931845954827315,0.000474797700792965,TRUE,TRUE,"Enriched"
"K16429",23.8430407779856,-5.18739695509506,0.855054174850563,-6.066746538021,0.00000000130527300153115,0.0000000167950633678027,TRUE,TRUE,"Suppressed"
"K06399",11.7652644506538,6.94234222147573,1.34957878905862,5.14408071448593,0.000000268833941204327,0.00000239360322248933,TRUE,TRUE,"Enriched"
"K11991",961.985597882736,0.255238226795734,0.0859782329661321,2.96863773527743,0.00299123012133336,0.00991495245109355,FALSE,FALSE,"Enriched"
"K01057",1270.05269406097,-0.00204814041559085,0.0766896951040337,-0.0267068530238963,0.978693547160588,0.986787467763616,FALSE,FALSE,"Suppressed"
"K03101",1404.13092019095,-0.0148671701240332,0.0704156604223219,-0.211134427126956,0.832782376737153,0.899918447150938,FALSE,FALSE,"Suppressed"
"K00128",4602.68761838384,0.128955030815125,0.0442892976124574,2.91165219966941,0.00359522706377061,0.0116263466924374,FALSE,FALSE,"Enriched"
"K02035",16480.4386757219,0.135769078244768,0.0391585782554825,3.46716056336288,0.000525987595666325,0.00218353220421248,FALSE,FALSE,"Enriched"
"K01759",810.272535488775,-0.0725927885340421,0.090139021883938,-0.805342536637593,0.420622041824973,0.563799152626243,FALSE,FALSE,"Suppressed"
"K21147",1677.56648584124,-0.0774619250395191,0.0626542003145395,-1.23634049514065,0.216332024602774,0.344211201620956,FALSE,FALSE,"Suppressed"
"K02339",446.944051457889,-0.142523887396937,0.154608125353705,-0.921839567428151,0.356612265232543,0.503817050186074,FALSE,FALSE,"Suppressed"
"K10538",8.78383482104767,-0.108312108158181,0.880383278261767,-0.123028356890231,0.902084642986459,0.941607776411846,FALSE,FALSE,"Suppressed"
"K01406",444.943645454589,1.27921273060852,0.172447480190557,7.41798447385239,0.000000000000118916036579334,0.00000000000264696681422394,TRUE,TRUE,"Enriched"
"K09747",669.255807007038,0.0450670174885138,0.0995657157742599,0.452635901204104,0.650810942639886,0.763032668043189,FALSE,FALSE,"Enriched"
"K09987",344.395451166638,0.617605590473296,0.132875350302016,4.64800724189645,0.00000335157149912003,0.0000242770006806806,TRUE,TRUE,"Enriched"
"K21336",18.9941369868456,-2.88655171311763,0.770859896051711,-3.74458669844202,0.000180690975023733,0.000850991703992084,TRUE,TRUE,"Suppressed"
"K07019",928.884435848843,-0.355537932846759,0.102843758029539,-3.45706866083832,0.000546085692491849,0.0022564882374714,FALSE,FALSE,"Suppressed"
"K23483",9.24880488349633,-0.551295489576121,0.840327056872998,-0.65604871944453,0.511792777711161,0.648944729991762,FALSE,FALSE,"Suppressed"
"K05838",1505.41578341028,0.231675776868607,0.0664655033353451,3.48565444091666,0.000490934740489738,0.00205364264900337,FALSE,FALSE,"Enriched"
"K18029",245.14324420779,-0.49206347235928,0.158806705644625,-3.09850563527469,0.00194499271125246,0.00678245314232632,FALSE,FALSE,"Suppressed"
"K00075",2595.08963520286,0.189229672542571,0.0542410488870809,3.48868018641212,0.000485411538555021,0.00203472506779868,FALSE,FALSE,"Enriched"
"K19221",284.696585265308,0.72766450765364,0.165504538478918,4.39664382826778,0.0000109937522157908,0.0000689824020206876,TRUE,TRUE,"Enriched"
"K01230",19.6480752989108,1.24012217917611,0.555816326160123,2.23117263888872,0.0256696956288579,0.0619546789237849,TRUE,FALSE,"Enriched"
"K02744",48.3832356123231,0.32243949141763,0.390342494581146,0.826042503426692,0.408779981539873,0.552437205276243,FALSE,FALSE,"Enriched"
"K12421",22.378790557743,-0.0887694793895385,0.511901627854678,-0.173411207464921,0.862328216280888,0.918697561175518,FALSE,FALSE,"Suppressed"
"K03785",82.7379457987226,-0.298438997716304,0.276071382601212,-1.08102112904401,0.279687714990452,0.418939841985518,FALSE,FALSE,"Suppressed"
"K07402",2242.13085687012,-0.0987173671132472,0.0674249172698454,-1.46410809401759,0.143164416096342,0.250486349734302,FALSE,FALSE,"Suppressed"
"K10003",156.938267316023,-0.635003149597379,0.214771368260745,-2.95664713010743,0.00311003813558401,0.0102364396054651,TRUE,TRUE,"Suppressed"
"K01919",2194.09834681595,0.224465510199261,0.0748981765401336,2.99694225638434,0.00272702362472777,0.00914857925589365,FALSE,FALSE,"Enriched"
"K10773",2216.34286700427,0.0654212186970247,0.062648540726203,1.04425766248793,0.296366195123684,0.437067843999573,FALSE,FALSE,"Enriched"
"K02884",1156.30164859042,-0.00806880756665678,0.0749043520823575,-0.107721478690385,0.914216631122503,0.948259056628311,FALSE,FALSE,"Suppressed"
"K07448",418.316324104306,1.35100074932066,0.128810205659491,10.4883051960341,0.0000000000000000000000000977662790581413,0.00000000000000000000000523049592961056,TRUE,TRUE,"Enriched"
"K14162",8598.34471101463,-0.0200314229822839,0.0389167602271095,-0.514724834888232,0.606745316477898,0.72759685128264,FALSE,FALSE,"Suppressed"
"K19837",74.0501519063493,-0.117364199640791,0.307690670994312,-0.381435677791352,0.702879991405602,0.804139010989076,FALSE,FALSE,"Suppressed"
"K21792",9.81692356222617,-0.822770863429854,0.768077222200587,-1.07120851868588,0.284075682131374,0.423095869430831,FALSE,FALSE,"Suppressed"
"K11747",1147.96880541599,0.350276101117794,0.196172009934528,1.78555595793048,0.0741711833212234,0.147833348717693,FALSE,FALSE,"Enriched"
"K00280",18.2970092728866,-0.358502053380251,0.563135190621918,-0.636618096951687,0.524373634436571,0.660569138148773,FALSE,FALSE,"Suppressed"
"K06385",16.8120246158055,7.45763475091939,1.30668716988859,5.707283979497,0.0000000114793170410152,0.000000127993335709601,TRUE,TRUE,"Enriched"
"K03526",3536.57946429476,0.0481806435281044,0.0467457611729715,1.0306954538578,0.30268365731627,0.443766256243252,FALSE,FALSE,"Enriched"
"K15781",75.7074537559948,-0.925588831175884,0.29505859262509,-3.13696619692064,0.00170705807131068,0.00604607849995578,TRUE,TRUE,"Suppressed"
"K09133",8.80050828554348,0.365378369276207,0.926111252237504,0.39452967275092,0.693190024352563,0.796110413967008,FALSE,FALSE,"Enriched"
"K10726",26.9748382696988,0.0210933542293951,0.633445806626688,0.0332993825339602,0.973435846154613,0.984690151335078,FALSE,FALSE,"Enriched"
"K02123",671.97842427482,-0.473820351939598,0.100252494770468,-4.72626993497199,0.00000228681613578785,0.0000169881749234715,FALSE,FALSE,"Suppressed"
"K14672",297.099015765328,0.0393788320559206,0.153420601586683,0.25667238720656,0.797431689379133,0.875051434602975,FALSE,FALSE,"Enriched"
"K00966",875.913686618988,-0.399136778428718,0.0988531506450213,-4.03767382045319,0.0000539838426813532,0.000289830507494343,FALSE,FALSE,"Suppressed"
"K10710",16.6773766660807,2.77387291839684,0.754947331999066,3.67426017792758,0.000238539572808004,0.00108896171748205,TRUE,TRUE,"Enriched"
"K07117",568.646490259597,-0.0913062746655687,0.10926933559671,-0.835607484633758,0.40337575673242,0.546830126763954,FALSE,FALSE,"Suppressed"
"K21885",77.0234210888879,1.07835082873993,0.290122468365093,3.71688147704205,0.000201697004496122,0.000939045824749504,TRUE,TRUE,"Enriched"
"K21395",257.719296983163,-0.219121316853063,0.168608576005821,-1.29958583391095,0.19374295750723,0.31603056909243,FALSE,FALSE,"Suppressed"
"K21700",30.4472540316151,-1.09126206194267,0.468312388928937,-2.33020113868537,0.0197955228319811,0.0498072994027445,TRUE,TRUE,"Suppressed"
"K17240",21.2405658681879,-0.527692204026761,0.530545505906822,-0.994621946942732,0.319920169247966,0.46423818992228,FALSE,FALSE,"Suppressed"
"K03879",27.8872608101756,-1.0036614840343,0.551212670290123,-1.82082440794773,0.0686335528050937,0.138837823734085,FALSE,FALSE,"Suppressed"
"K08227",20.6773243383734,-0.167998320534349,0.554274897574443,-0.303095668357931,0.761816955137155,0.848023655663718,FALSE,FALSE,"Suppressed"
"K04103",86.5437280243008,-0.747130211358249,0.281016545996046,-2.65866982568621,0.00784498020468143,0.022838441178211,TRUE,TRUE,"Suppressed"
"K12056",10.5163648225869,-0.771171309415951,0.734893270031635,-1.04936504505308,0.294010139673796,0.434496690542884,FALSE,FALSE,"Suppressed"
"K18674",7.8382256193555,-0.263270847968997,0.899041509101662,-0.292835030756324,0.769648250698868,0.853933242483326,FALSE,FALSE,"Suppressed"
"K16874",348.015018911168,-0.394666429718632,0.164704607337401,-2.39620758701759,0.0165657054135122,0.0428111175072081,FALSE,FALSE,"Suppressed"
"K02132",9.06564447683227,-0.580077164894276,0.933251192982403,-0.621565950578124,0.534227316049421,0.669260723880209,FALSE,FALSE,"Suppressed"
"K15315",69.5966145290475,1.5765935170272,0.332131327146759,4.74689795320197,0.00000206560098948379,0.0000154388485721344,TRUE,TRUE,"Enriched"
"K05882",38.942206889752,1.0787105992106,0.406994147505638,2.65043270479867,0.00803887402411721,0.0232917304860289,TRUE,TRUE,"Enriched"
"K03427",995.582110386916,0.400166181340878,0.0859844953622292,4.65393417330749,0.00000325660808032099,0.0000236734835302476,FALSE,FALSE,"Enriched"
"K07670",586.49205708334,0.454387738932862,0.119951105898226,3.7881079589078,0.000151798890283445,0.000731296549635647,FALSE,FALSE,"Enriched"
"K15745",218.717166618197,-0.185330224151825,0.194110957217569,-0.954764361622815,0.339696873627453,0.485998412445188,FALSE,FALSE,"Suppressed"
"K05553",25.9953176373922,2.34160119608162,1.24837216191251,1.87572365639288,0.0606932357932375,0.125480693255239,FALSE,FALSE,"Enriched"
"K01495",2381.9203833012,-0.0138362288792118,0.0581836428824291,-0.237802725882436,0.812034104364444,0.884708110489236,FALSE,FALSE,"Suppressed"
"K09167",633.307926442849,0.356738961226421,0.0999860780063319,3.5678863331736,0.000359872546579276,0.00156440674382538,FALSE,FALSE,"Enriched"
"K01184",27.9395461621816,-1.36024664459229,0.539440625350287,-2.52158732707425,0.0116826673523635,0.031934949290085,TRUE,TRUE,"Suppressed"
"K05818",68.615440785974,0.208752222414955,0.345737393336536,0.603788385168271,0.545984342505709,0.679461123690177,FALSE,FALSE,"Enriched"
"K00769",78.5267938029185,0.581635474995756,0.302638828369475,1.92187987949011,0.0546208741115439,0.11539061697482,FALSE,FALSE,"Enriched"
"K05552",141.045688870846,2.91724031352009,0.273974097491966,10.647869051218,0.0000000000000000000000000178402136912512,0.000000000000000000000000998233608283864,TRUE,TRUE,"Enriched"
"K21470",3700.08729315922,0.392177782138632,0.0713138269244595,5.4993231895135,0.0000000381251783214432,0.000000388838566191441,FALSE,FALSE,"Enriched"
"K00360",492.721305296256,1.13174909547473,0.138856088920825,8.15051831194844,0.000000000000000362367763509427,0.0000000000000100458226802,TRUE,TRUE,"Enriched"
"K01968",2362.65038884526,-0.0782670395576869,0.0674118934698052,-1.16102716492816,0.245630852443051,0.37984345057053,FALSE,FALSE,"Suppressed"
"K18850",483.665236769713,-0.479729277510548,0.147464153958519,-3.25319248531066,0.00114116167247738,0.00428832103539096,FALSE,FALSE,"Suppressed"
"K16568",51.5512413106562,0.713631728875063,0.359289250174978,1.98623178546955,0.0470075930088782,0.102392610628982,FALSE,FALSE,"Enriched"
"K00347",60.1724465405932,-0.0124051064311059,0.304905149916063,-0.0406851325224284,0.967546914310354,0.981192767573237,FALSE,FALSE,"Suppressed"
"K06019",256.680876365246,-0.0550499274934941,0.175902412957973,-0.312957204894322,0.754313175623822,0.843652667601086,FALSE,FALSE,"Suppressed"
"K01458",361.230516438573,-0.063464803739547,0.149464104475881,-0.424615689245897,0.671116853904538,0.780337715135941,FALSE,FALSE,"Suppressed"
"K21449",1969.18130596231,0.651380900460188,0.0917699628361218,7.09797498363807,0.00000000000126598092310405,0.0000000000251505460912431,TRUE,TRUE,"Enriched"
"K00266",3607.62495094039,-0.168982409015275,0.0528999690365215,-3.1943763312718,0.0014013331056252,0.00512701296413203,FALSE,FALSE,"Suppressed"
"K18928",745.808507424868,0.196709352798633,0.0974774042515954,2.01799949751343,0.0435913136583231,0.0962575749464565,FALSE,FALSE,"Enriched"
"K07646",4194.95913323785,0.0527581237694703,0.046072859517608,1.1451020041269,0.252166905404028,0.387370754894584,FALSE,FALSE,"Enriched"
"K20478",32.4973608606713,-0.463543645966487,0.513346836451614,-0.902983349757486,0.366534731838859,0.512728286579174,FALSE,FALSE,"Suppressed"
"K01278",2550.46250841699,0.308835936536735,0.0599451846465268,5.15197239541122,0.000000257760984165502,0.00000230173388349253,FALSE,FALSE,"Enriched"
"K18990",121.993847934131,0.483935904046226,0.225209885601169,2.14882176576939,0.0316485313312563,0.0737860827940871,FALSE,FALSE,"Enriched"
"K02049",4471.02849485371,0.144538948061313,0.0525932304099715,2.74824244364934,0.0059915687228943,0.0180101417648755,FALSE,FALSE,"Enriched"
"K21306",35.1046046590804,-0.807425899858775,0.429687278451696,-1.87910124490582,0.060230670200683,0.124735775060769,FALSE,FALSE,"Suppressed"
"K09009",286.993956788247,-0.0991710522658314,0.169405445716502,-0.585406518936781,0.558274406478046,0.688418035808654,FALSE,FALSE,"Suppressed"
"K03893",182.315259448297,1.52560903738448,0.213319389840222,7.15175980264698,0.000000000000856723857219478,0.0000000000173593315786764,TRUE,TRUE,"Enriched"
"K16927",349.293054690399,-0.246717044761664,0.143842989198797,-1.71518296536991,0.0863116870162613,0.167969042473573,FALSE,FALSE,"Suppressed"
"K02421",311.281440268987,0.196272069197577,0.144610114927614,1.35724993577263,0.174701808914693,0.291839587118793,FALSE,FALSE,"Enriched"
"K03433",647.336389499497,0.161424080942689,0.105456207799851,1.53072146543579,0.125838246320124,0.22606405428761,FALSE,FALSE,"Enriched"
"K09003",325.887922968161,-0.228196766507196,0.142788470763966,-1.59814560157601,0.11001057690304,0.203689893300437,FALSE,FALSE,"Suppressed"
"K15982",246.740055937579,-0.824456498454373,0.18654813382232,-4.41953763654176,0.00000989122949500783,0.0000629714078184267,TRUE,TRUE,"Suppressed"
"K03690",282.462753837252,-0.532235607550118,0.163362997846168,-3.25799363728194,0.00112202922071573,0.00422162629065099,TRUE,TRUE,"Suppressed"
"K21515",18.1301490123925,0.712345625675494,0.576233711967881,1.23620956372507,0.216380676670724,0.344211201620956,FALSE,FALSE,"Enriched"
"K01473",3845.83134358089,-0.150435918139696,0.049388422763492,-3.04597534649149,0.0023192685109767,0.00791562319443026,FALSE,FALSE,"Suppressed"
"K07704",19.9094383146804,1.79670720082771,0.580752778833124,3.09375566732154,0.0019764018019706,0.00687625475768322,TRUE,TRUE,"Enriched"
"K19168",82.4621445674302,-0.559887962224263,0.306951454050826,-1.82402772436958,0.0681478809549211,0.138038500811712,FALSE,FALSE,"Suppressed"
"K01937",4984.78296672414,-0.0274326661245643,0.044088540900739,-0.622217600403838,0.533798794388723,0.669196063099038,FALSE,FALSE,"Suppressed"
"K21564",290.717989060553,-0.0998046083489968,0.141349908032275,-0.706081876800428,0.480137221440796,0.619233857806601,FALSE,FALSE,"Suppressed"
"K23239",22.1578354149785,0.0901547927144822,0.565885604006025,0.159316285970622,0.873419690284448,0.925096287682036,FALSE,FALSE,"Enriched"
"K17223",146.939746061148,-0.5865276437315,0.231200901563701,-2.5368743796611,0.0111847080476202,0.0308388491783162,TRUE,TRUE,"Suppressed"
"K02837",2229.16897705855,-0.361686042627307,0.055794561332914,-6.48246054788755,0.0000000000902386854352535,0.00000000141234300332318,FALSE,FALSE,"Suppressed"
"K00060",1057.04423855411,-0.225799164136032,0.0862887998370922,-2.61678415463335,0.00887624501768761,0.0252618844437129,FALSE,FALSE,"Suppressed"
"K07244",11.0900021321167,-0.0153999643260312,0.707430622880423,-0.0217688686748216,0.982632327498367,0.988747964054426,FALSE,FALSE,"Suppressed"
"K06911",3976.30288465925,0.0100922687573346,0.0527364404706765,0.191371823112452,0.848234293976045,0.909046030391829,FALSE,FALSE,"Enriched"
"K05896",2173.90719086214,-0.0622667907337184,0.0616983017262721,-1.00921401386327,0.312872007195351,0.456306137066025,FALSE,FALSE,"Suppressed"
"K03695",8211.2641271534,-0.038624933529158,0.0362625150841871,-1.0651476721757,0.286809109094635,0.426230203793416,FALSE,FALSE,"Suppressed"
"K06314",6.84370781178416,6.1638292305028,1.49943031319541,4.11078072535907,0.0000394323540759672,0.000217842325642504,TRUE,TRUE,"Enriched"
"K02025",7607.03262792216,0.716407029015471,0.0543941025915061,13.1706746666199,0.00000000000000000000000000000000000000129435818331354,0.000000000000000000000000000000000000148948878491118,TRUE,TRUE,"Enriched"
"K23086",24.812697084447,-1.28825807434983,0.579742429440055,-2.22212142656886,0.026275100619049,0.0631419694598016,TRUE,FALSE,"Suppressed"
"K06324",109.697099761972,-0.354010411653072,0.235611595789819,-1.50251693031642,0.132963658879636,0.236083072927772,FALSE,FALSE,"Suppressed"
"K13487",22.8371184872471,-0.218026191069271,0.538098251219075,-0.405179148185906,0.685345831150061,0.790006468377286,FALSE,FALSE,"Suppressed"
"K03228",58.4119897878783,-0.815081574159514,0.350840868841143,-2.3232229952337,0.0201671760686989,0.0505754962347839,TRUE,FALSE,"Suppressed"
"K15773",14.1930266351673,-0.383028157945262,0.682672440932472,-0.561071657473207,0.574748688595262,0.702873659750409,FALSE,FALSE,"Suppressed"
"K02636",211.311679110762,-0.415908532396274,0.1759955953231,-2.36317580353492,0.0181190719977342,0.0462709094478666,FALSE,FALSE,"Suppressed"
"K10407",5.51791573900518,-0.303281086189946,1.12909632813375,-0.268605147880723,0.788233550407063,0.868081694462383,FALSE,FALSE,"Suppressed"
"K16695",15.1500383829662,-0.0745372194625689,0.644366743226042,-0.115675149666161,0.907910001710646,0.945746046188425,FALSE,FALSE,"Suppressed"
"K02276",2629.73979248489,-0.015154083438727,0.0561801189100535,-0.269741035311607,0.787359488659356,0.867950792207828,FALSE,FALSE,"Suppressed"
"K04766",9.9557168850128,6.69971543562588,1.3786113755865,4.85975638549744,0.00000117530286667633,0.00000923733528847797,TRUE,TRUE,"Enriched"
"K18233",276.273526891455,2.24095056861031,0.158278745685595,14.158253269594,0.0000000000000000000000000000000000000000000016607086345225,0.000000000000000000000000000000000000000000253216549048819,TRUE,TRUE,"Enriched"
"K18230",620.204736788033,1.4398431930041,0.117357160420644,12.2688993823918,0.000000000000000000000000000000000133049590463699,0.0000000000000000000000000000000119333742976191,TRUE,TRUE,"Enriched"
"K12111",24.3722623779848,6.10985222886083,1.12604895719351,5.42592059592917,0.0000000576565882468997,0.000000574587470127192,TRUE,TRUE,"Enriched"
"K02490",27.8930975320321,-0.242900407141861,0.470779520493617,-0.515953639799746,0.605886788992217,0.726992627594635,FALSE,FALSE,"Suppressed"
"K08169",197.455095036367,0.551151900303659,0.179390735535668,3.07235431449622,0.00212377473437349,0.00731389164593106,TRUE,TRUE,"Enriched"
"K15515",311.920544424918,-0.506281214990238,0.15533331483005,-3.25932151479649,0.00111679026677976,0.00420450854141342,TRUE,TRUE,"Suppressed"
"K03897",246.148555777765,2.04699738660811,0.184256187147898,11.1095177768171,0.000000000000000000000000000112766827325594,0.00000000000000000000000000731664765807235,TRUE,TRUE,"Enriched"
"K08987",87.9976147493886,-0.509045001970565,0.297228197344687,-1.71264034340672,0.0867787264460965,0.168566144084019,FALSE,FALSE,"Suppressed"
"K14259",315.757857945102,-0.58633557604732,0.152371897281515,-3.84805588503,0.00011905889733101,0.000593251809494958,TRUE,TRUE,"Suppressed"
"K03391",14.3611828183744,-0.311699164191705,0.620382797202675,-0.502430379432128,0.615364813836139,0.734320093834203,FALSE,FALSE,"Suppressed"
"K02985",8.77900640870605,-1.51157288106623,2.49149933201732,-0.606692067560115,0.544055287438164,0.678012504717075,FALSE,FALSE,"Suppressed"
"K03212",57.1889350125157,-1.29825284737342,0.325969948295361,-3.98273783875645,0.0000681258916918834,0.000357572989181408,TRUE,TRUE,"Suppressed"
"K20742",319.48735783643,0.33904173339016,0.161983348383897,2.09306534759757,0.0363433215264627,0.0829247729105485,FALSE,FALSE,"Enriched"
"K02298",446.920122264798,0.773882462342696,0.143458525253825,5.39446826860547,0.0000000687267706088486,0.000000673898028847858,TRUE,TRUE,"Enriched"
"K14534",206.055187162251,-0.605757275547555,0.169559962204681,-3.572525422106,0.000353555148347207,0.00154023774983544,TRUE,TRUE,"Suppressed"
"K11709",62.0817174099951,0.159823358062528,0.304464370456277,0.524932877443141,0.599629853114365,0.722469868459999,FALSE,FALSE,"Enriched"
"K22933",48.1163645962639,-0.319614850247378,0.478492984925197,-0.667961412845673,0.50415822406124,0.641799417355354,FALSE,FALSE,"Suppressed"
"K06397",11.3877231839166,3.27427889930181,0.997486122932318,3.28253077814896,0.00102879754066277,0.00390699638885569,TRUE,TRUE,"Enriched"
"K18608",13.1211151216901,-0.390941137178433,0.706614984108017,-0.553259053332885,0.580086035109115,0.706168006314553,FALSE,FALSE,"Suppressed"
"K03652",1053.29599946798,-0.0356693763793418,0.0789954645499997,-0.451537016492448,0.651602552421279,0.763813947187657,FALSE,FALSE,"Suppressed"
"K03579",2736.05708937984,0.193554430541651,0.0545386761263662,3.54893892351155,0.000386786782951576,0.00166714670616372,FALSE,FALSE,"Enriched"
"K22905",47.67402381956,0.264749433215771,0.396177900616736,0.668258963469775,0.503968303210729,0.641691582731156,FALSE,FALSE,"Enriched"
"K02616",983.150051395473,0.0788810103235682,0.0945482680335209,0.83429355147576,0.404115584764726,0.547356400676078,FALSE,FALSE,"Enriched"
"K04768",956.541769632867,0.370021597718892,0.0821803774775937,4.50255412637618,0.00000671416477459046,0.0000443178473595533,FALSE,FALSE,"Enriched"
"K19132",36.851718631081,0.902529842805239,0.418885831767907,2.15459625119358,0.0311934426566021,0.0728643457535872,TRUE,FALSE,"Enriched"
"K02404",227.945815186603,-0.334807374924101,0.160650456842553,-2.08407359371678,0.0371534735858017,0.0843893268723175,FALSE,FALSE,"Suppressed"
"K11337",7.71784046677668,-0.96349936261848,0.958674167432226,-1.00503319621011,0.314880865429714,0.45825827151425,FALSE,FALSE,"Suppressed"
"K13639",431.96702103032,0.625785330255777,0.127239252806218,4.91817828582215,0.000000873533358333347,0.00000703788633087858,TRUE,TRUE,"Enriched"
"K10843",894.473567249066,0.0760795466276672,0.0855584324758635,0.889211553158477,0.373889394923856,0.51908750731632,FALSE,FALSE,"Enriched"
"K00666",7958.81998961204,-0.0371024993773756,0.0447902056396825,-0.828361889557929,0.407465582717624,0.551106715989432,FALSE,FALSE,"Suppressed"
"K04799",34.5035350868144,-0.0695971064312741,0.434308436095465,-0.160248110897795,0.872685632032868,0.925096287682036,FALSE,FALSE,"Suppressed"
"K02275",4836.28838208331,0.116826355287089,0.0420740265137293,2.77668587885134,0.00549162241629607,0.016738333391799,FALSE,FALSE,"Enriched"
"K15314",641.094842424631,0.958628133086727,0.111638576744549,8.5868895953435,0.00000000000000000893554254656095,0.000000000000000273858663273745,TRUE,TRUE,"Enriched"
"K01434",3379.05054091348,-0.263887102474024,0.0537109380269734,-4.91309800513074,0.000000896484356771722,0.00000721326925059463,FALSE,FALSE,"Suppressed"
"K13573",681.444902863911,0.279754732485269,0.109373771348816,2.55778628674212,0.0105340809025861,0.0292965615252498,FALSE,FALSE,"Enriched"
"K14451",9.71597140439426,-0.0588154788474311,0.809030817351568,-0.072698687844758,0.942045892736251,0.965798940964598,FALSE,FALSE,"Suppressed"
"K02057",515.578864047841,0.223790175525481,0.119117635881828,1.8787325140292,0.0602810258789137,0.124797683922435,FALSE,FALSE,"Enriched"
"K21377",16.5721256369528,0.184141846644317,0.63773260180214,0.288744602555929,0.772776827826764,0.856160921510524,FALSE,FALSE,"Enriched"
"K21331",8.24281627025214,-2.00296089850102,0.94451408277434,-2.12062576411532,0.0339533082142352,0.0784101578184857,TRUE,FALSE,"Suppressed"
"K02030",3059.50855599323,0.387252056166006,0.0602413305755069,6.42834499946214,0.000000000129000699236637,0.00000000198180167416688,FALSE,FALSE,"Enriched"
"K00558",1382.51890693963,2.54725823689609,0.0765837759061008,33.2610687676106,0.0000000000000000000000000000000000000000000000000000000000000000000000000000000000000000000000000000000000000000000000000000000000000000000000000000000000000000000000000000000000000000000000000000000000000000000000000000000000000000000000000141222133790464,0.000000000000000000000000000000000000000000000000000000000000000000000000000000000000000000000000000000000000000000000000000000000000000000000000000000000000000000000000000000000000000000000000000000000000000000000000000000000000000000000043065689699402,TRUE,TRUE,"Enriched"
"K08166",92.5854081213326,0.306271122394499,0.299336158576755,1.02316781190324,0.306228509018813,0.448532102907238,FALSE,FALSE,"Enriched"
"K06965",7.51272454025372,-3.40151015596991,1.14863318363791,-2.96135459468162,0.00306289080029976,0.0101030670584252,TRUE,TRUE,"Suppressed"
"K01270",170.455389015493,0.0508463464550961,0.195123446821139,0.260585528205151,0.794412151018228,0.873333559332721,FALSE,FALSE,"Enriched"
"K07116",1305.73807086768,0.571207426163969,0.0890452539790197,6.41479922443204,0.000000000141008573017549,0.00000000215002821708508,TRUE,TRUE,"Enriched"
"K13687",101.326321182929,-0.738208377717765,0.262883821439682,-2.80811642829509,0.00498322069591811,0.0153809023402857,TRUE,TRUE,"Suppressed"
"K09774",740.583522188647,-0.0659101731793787,0.125913891168713,-0.523454343024515,0.600658115579017,0.723332419672979,FALSE,FALSE,"Suppressed"
"K01657",3803.76943715799,-0.081770817034132,0.0458165240479068,-1.78474510525134,0.0743026710961967,0.147868327348151,FALSE,FALSE,"Suppressed"
"K06949",2419.20929210395,0.100667485599461,0.0601689032060476,1.67308161251878,0.09431123078851,0.180427916116412,FALSE,FALSE,"Enriched"
"K17641",445.882920007472,1.55277495794599,0.126675291206451,12.2579150452896,0.000000000000000000000000000000000152369955985013,0.0000000000000000000000000000000134681791529361,TRUE,TRUE,"Enriched"
"K00020",2333.05954357052,0.183248683776214,0.0610788081235095,3.00020071455324,0.00269801752584532,0.00906623079346038,FALSE,FALSE,"Enriched"
"K05520",1122.14309318651,0.267739538991582,0.0771603959698934,3.469908825974,0.000520635062874238,0.00216599812310367,FALSE,FALSE,"Enriched"
"K18351",218.05710142163,0.517884015039842,0.183225869153064,2.82647869230305,0.00470628750199971,0.0146896865274801,TRUE,TRUE,"Enriched"
"K06947",20.5532262224884,0.43808074192448,0.587131451935204,0.746137411784961,0.455584411640577,0.598451287227198,FALSE,FALSE,"Enriched"
"K16088",23.4860479828745,0.819949568097166,0.616675318218518,1.3296292941736,0.183640441357232,0.303098283654842,FALSE,FALSE,"Enriched"
"K10212",14.4358454064735,-1.99299948084078,0.720495369753032,-2.76615168467208,0.00567221441543398,0.0172199281830422,TRUE,TRUE,"Suppressed"
"K09833",10.7751199827637,0.885851213466383,0.730399809944908,1.21283056403479,0.225194607319286,0.35526691930686,FALSE,FALSE,"Enriched"
"K07267",126.210395058848,0.01916672057645,0.23567871899283,0.0813256311743323,0.935182990769568,0.961186562302594,FALSE,FALSE,"Enriched"
"K08965",11.6288857313405,6.92287270646744,1.35505786049105,5.10891299059268,0.000000324017513260212,0.00000284752566768592,TRUE,TRUE,"Enriched"
"K16021",21.5907166523829,4.33725478520792,0.800277334672512,5.41968964669329,0.0000000597025871943135,0.000000592074925687997,TRUE,TRUE,"Enriched"
"K09825",73.3629815973534,-0.035323823073574,0.311942182162595,-0.113238366253276,0.909841579400129,0.946303511726021,FALSE,FALSE,"Suppressed"
"K09985",266.286612435796,0.565091226529205,0.167257736242756,3.37856555531182,0.00072865057484297,0.0029046012130505,TRUE,TRUE,"Enriched"
"K13874",106.784052938836,-0.108288908061244,0.243885941738284,-0.444014555695258,0.657032060318038,0.76811166108486,FALSE,FALSE,"Suppressed"
"K01031",288.538398684197,0.416690502491598,0.156218382054429,2.6673589689747,0.0076449967576835,0.0223522700024505,FALSE,FALSE,"Enriched"
"K07535",443.217932371295,-0.411777572762188,0.124562816452458,-3.30578245169459,0.000947115918050822,0.00363528004039771,FALSE,FALSE,"Suppressed"
"K05979",546.214577296736,0.505928460079701,0.114662018929275,4.41234564683329,0.0000102256692143183,0.0000646283487441735,TRUE,TRUE,"Enriched"
"K19713",400.785858492376,0.0681066779045893,0.133182287067489,0.511379398899169,0.609085417480779,0.729230263304726,FALSE,FALSE,"Enriched"
"K20422",71.5127055687275,3.57909120608969,0.371175810062029,9.64257666869931,0.000000000000000000000528445638123584,0.0000000000000000000222275168752809,TRUE,TRUE,"Enriched"
"K11816",55.7174461208284,-0.957269078812578,0.335580012809393,-2.85258073267998,0.00433657953806886,0.0137040407267782,TRUE,TRUE,"Suppressed"
"K02420",103.902537645991,-0.1824858342716,0.244877101695216,-0.745213958382804,0.456142385915157,0.598668476801494,FALSE,FALSE,"Suppressed"
"K07810",14.1373341542012,-0.906614717154723,0.77900413965487,-1.16381245105628,0.244500025172186,0.378670810951031,FALSE,FALSE,"Suppressed"
"K09767",862.384179123879,-0.171760112348557,0.0850296460929529,-2.02000267248898,0.043383110326367,0.095936762103159,FALSE,FALSE,"Suppressed"
"K11624",5.47484898618001,2.79579642498719,1.21868229622125,2.29411425246437,0.0217839369063286,0.0537937448776205,TRUE,FALSE,"Enriched"
"K03527",3026.39348788157,-0.0165633710537878,0.0503093518034647,-0.329230460342506,0.741981501104968,0.834165009260681,FALSE,FALSE,"Suppressed"
"K07667",1738.35084704073,-0.136882042515921,0.0679449647829096,-2.01460171409716,0.043946397742082,0.0969013303792329,FALSE,FALSE,"Suppressed"
"K06560",9.25399785588032,-3.18045932220537,1.0251252706215,-3.10250796985734,0.00191888381013235,0.00670674633696114,TRUE,TRUE,"Suppressed"
"K21679",76.6300071240708,0.244672073399703,0.271430879834477,0.901415762086125,0.367367303927103,0.513304281019793,FALSE,FALSE,"Enriched"
"K08693",12.7461440757401,0.993096994096853,0.764923756231562,1.29829540004013,0.194185846477242,0.316668309536016,FALSE,FALSE,"Enriched"
"K06374",34.8112271182305,0.482306603095179,0.409383037163449,1.17813040432014,0.238744622560221,0.371916355676228,FALSE,FALSE,"Enriched"
"K03807",215.899782865851,-0.145267921713627,0.238380320300387,-0.609395614246062,0.542262244221059,0.676469099509969,FALSE,FALSE,"Suppressed"
"K06891",689.469313798121,-0.0338000223114998,0.0959870615346745,-0.352131024443225,0.724740002430642,0.821443834756455,FALSE,FALSE,"Suppressed"
"K01578",384.288313279606,-0.318734436845485,0.13148994258436,-2.4240214162463,0.0153497002468632,0.0402657298088681,FALSE,FALSE,"Suppressed"
"K00354",8.22727312912398,6.4270191104277,1.44001679780337,4.46315565223379,0.0000080761341149088,0.0000525681344363168,TRUE,TRUE,"Enriched"
"K14633",8.98243719828366,0.177233926703528,0.99606495309915,0.177934105754935,0.858774725698237,0.91663756598417,FALSE,FALSE,"Enriched"
"K11385",13.6495211667985,-1.3422655953752,0.755055772390164,-1.77770390540317,0.0754524979339841,0.149653588585161,FALSE,FALSE,"Suppressed"
"K00158",50.7780154829769,-0.0511258232347627,0.367261097917104,-0.139208382060391,0.889285485073154,0.935775047181016,FALSE,FALSE,"Suppressed"
"K09744",132.59575508281,-1.05541352575472,0.20827941781992,-5.06729631185759,0.000000403505908376373,0.0000034759640327507,TRUE,TRUE,"Suppressed"
"K20276",3087.25562140344,-0.259779914258753,0.0560051901119075,-4.63849714177687,0.00000350951788213794,0.0000253008860084625,FALSE,FALSE,"Suppressed"
"K09988",75.3847083195783,0.130627418481909,0.323259423359444,0.404094696217593,0.68614308499371,0.790626615412174,FALSE,FALSE,"Enriched"
"K18855",32.896205619505,-1.1402611842947,0.429753418950442,-2.65329171104556,0.007971094950793,0.0231283102306786,TRUE,TRUE,"Suppressed"
"K00981",2133.1788033616,0.019927709023193,0.0567357045437164,0.351237535225074,0.725410152699696,0.822050635695921,FALSE,FALSE,"Enriched"
"K01749",2360.42679997032,0.0766099522049718,0.0542119625854528,1.41315585253372,0.157609903934713,0.269941815247911,FALSE,FALSE,"Enriched"
"K03571",605.382458757862,-0.209595046828939,0.133105520168355,-1.57465330186034,0.115336492327901,0.211242422434796,FALSE,FALSE,"Suppressed"
"K09793",474.922478531679,0.134451456066354,0.11723841978848,1.14682078032892,0.251455698966514,0.38688907870756,FALSE,FALSE,"Enriched"
"K10938",12.1987448677039,0.364761557492282,0.759165237582013,0.480477160221495,0.630888139937441,0.747433326627516,FALSE,FALSE,"Enriched"
"K09879",355.873387479394,1.99034863412436,0.142950849164599,13.9233075267192,0.0000000000000000000000000000000000000000000457244809051056,0.00000000000000000000000000000000000000000633803656909635,TRUE,TRUE,"Enriched"
"K10960",15.2809027663342,-0.87605723560427,0.66514380634657,-1.31709447978804,0.187806957159834,0.308742488333647,FALSE,FALSE,"Suppressed"
"K01429",116.340109550455,0.531681875434222,0.247288985632941,2.15004268820696,0.0315518382964093,0.073616932582173,TRUE,FALSE,"Enriched"
"K02463",271.452734662068,-0.382663362343445,0.209235910183102,-1.82886083946382,0.0674204580293556,0.136873440964197,FALSE,FALSE,"Suppressed"
"K01711",1779.46934380303,-0.438121647547202,0.0666564433620412,-6.57283265426519,0.0000000000493669327119955,0.000000000807208907802844,FALSE,FALSE,"Suppressed"
"K01934",1033.09308797251,0.120279190477774,0.085786822180196,1.40207070760969,0.160894133245143,0.274180865789921,FALSE,FALSE,"Enriched"
"K13503",182.289077508073,0.945183427302739,0.213236459507104,4.43256012357142,0.00000931207235006896,0.0000597206406551741,TRUE,TRUE,"Enriched"
"K01029",846.366049594308,-0.0295637297620097,0.104936686843377,-0.281729208833655,0.778151155892138,0.861090216318589,FALSE,FALSE,"Suppressed"
"K18072",51.6260472098429,-0.849799829145216,0.359626157793493,-2.36300894895747,0.0181272318698984,0.0462709094478666,TRUE,TRUE,"Suppressed"
"K23127",227.516518940501,-0.490744219960592,0.172842711731436,-2.83925318600135,0.00452192619057583,0.0141795515867979,FALSE,FALSE,"Suppressed"
"K03476",17.5119384496599,-0.687260130347641,0.562385763072823,-1.22204396959218,0.221690999816826,0.351010749709975,FALSE,FALSE,"Suppressed"
"K07190",28.6010326472549,-0.0603591508657466,0.549069703603225,-0.109929851291456,0.912465008101782,0.947769282302434,FALSE,FALSE,"Suppressed"
"K08306",21.1381011058575,-0.317574832675798,0.542645943949693,-0.585233956351546,0.55839041559006,0.688421901088291,FALSE,FALSE,"Suppressed"
"K16425",44.1554455917635,1.62544444073697,0.394204427197438,4.12335409902147,0.0000373395008245434,0.000207975904592594,TRUE,TRUE,"Enriched"
"K02635",177.371494965886,-0.446048430098057,0.214678018688467,-2.07775548154907,0.0377318860758727,0.0852850456149512,FALSE,FALSE,"Suppressed"
"K00067",2197.12479698223,0.0784784539340046,0.0657382591264104,1.19380182829447,0.232555496335826,0.364428564273433,FALSE,FALSE,"Enriched"
"K09820",66.8561929704007,-0.235894403432292,0.296953463502937,-0.79438172112769,0.426973242121603,0.569827090525089,FALSE,FALSE,"Suppressed"
"K18481",862.94062889954,0.394735847122958,0.120654460606294,3.27162249235871,0.00106932254765593,0.00404829187967319,FALSE,FALSE,"Enriched"
"K16018",17.673082510708,7.52763256468123,1.29951157337057,5.79266296579156,0.00000000692790472529965,0.0000000794234791721852,TRUE,TRUE,"Enriched"
"K00053",2682.59213715823,-0.134199567332518,0.056722025654656,-2.36591633996946,0.0179855081023283,0.046012421944673,FALSE,FALSE,"Suppressed"
"K10565",10.195892917652,4.81041112405265,1.31904475401319,3.64689000082597,0.000265433484378181,0.00119562689898266,TRUE,TRUE,"Enriched"
"K16079",710.055915936106,0.125341682631465,0.103282616242035,1.21357966318104,0.224908276835676,0.354944309581772,FALSE,FALSE,"Enriched"
"K05781",24.1903344526598,-1.01168957795163,0.500596246825835,-2.02096916300616,0.0432829573698557,0.0958195125222324,TRUE,FALSE,"Suppressed"
"K15977",2012.41590021267,0.0478000674346758,0.0613437123306947,0.779217064285135,0.435851859707112,0.579141719467032,FALSE,FALSE,"Enriched"
"K08697",10.3907417759115,-0.227536319124657,0.729149474219122,-0.312057166835835,0.75499707807754,0.843652667601086,FALSE,FALSE,"Suppressed"
"K15552",192.011035496325,-0.431015999797221,0.176362775107508,-2.44391708814108,0.0145287650335621,0.0383597133938076,FALSE,FALSE,"Suppressed"
"K00055",341.448433259973,0.73992502510397,0.134921064403762,5.4841327288205,0.0000000415502732746621,0.000000422358527836941,TRUE,TRUE,"Enriched"
"K02556",597.005481559453,-0.226334877502997,0.116654097724405,-1.94022226323942,0.0523526839773017,0.111331596784367,FALSE,FALSE,"Suppressed"
"K22879",85.9547523014015,-0.84634715265177,0.269475879223313,-3.14071580391953,0.00168535489261733,0.00598659259759645,TRUE,TRUE,"Suppressed"
"K21886",12.5846902872062,1.20754448929803,0.823903535100844,1.46563819410028,0.142746880199604,0.250032516466795,FALSE,FALSE,"Enriched"
"K02237",761.232340952241,-0.128473037585596,0.0946193256169685,-1.35778855691354,0.17453078697738,0.291683654419057,FALSE,FALSE,"Suppressed"
"K07711",440.122916170731,-0.442645534996307,0.122996698726677,-3.59884077848263,0.000319638804059926,0.00140654910964032,FALSE,FALSE,"Suppressed"
"K02446",1479.56988755738,-0.116500564862543,0.0841789744986862,-1.38396274789925,0.166369861597018,0.281623587532671,FALSE,FALSE,"Suppressed"
"K21688",500.272652498763,-0.444561413671365,0.128675482613178,-3.45490379863426,0.000550489204321537,0.00226458899016494,FALSE,FALSE,"Suppressed"
"K11626",13.6486964714328,5.27841038537506,1.2092887893053,4.3648882153347,0.0000127187782458888,0.0000784346092231303,TRUE,TRUE,"Enriched"
"K17996",6.52113305159672,-1.98083753143516,1.05154418028263,-1.88374161407347,0.0595999345533033,0.123807902193664,FALSE,FALSE,"Suppressed"
"K10955",10.1421971964397,-0.0164543492367204,0.830923558362101,-0.0198024825161473,0.984200937511166,0.989881516800891,FALSE,FALSE,"Suppressed"
"K02652",4303.580814297,-0.444258223837237,0.0486257021809637,-9.13628397969249,0.0000000000000000000646351587868694,0.00000000000000000237475803277781,FALSE,FALSE,"Suppressed"
"K06117",505.762336380429,0.42902663007283,0.132940263831178,3.22721361992823,0.00125002099689776,0.00462613959956277,FALSE,FALSE,"Enriched"
"K18478",126.551750279557,-0.0775570923261446,0.215458518153581,-0.359962989585129,0.718874810921653,0.81768322861081,FALSE,FALSE,"Suppressed"
"K07004",2319.24604928285,0.307386424319135,0.0612240853275656,5.02067809873408,0.000000514893850989239,0.0000043374828690378,FALSE,FALSE,"Enriched"
"K22209",273.102102177282,-0.0273829263979487,0.153439723369465,-0.178460478138466,0.85836135679829,0.916544927821065,FALSE,FALSE,"Suppressed"
"K06978",5189.25311917946,0.0106725023701148,0.0456383949735926,0.233849204738469,0.815102048578057,0.887396565345542,FALSE,FALSE,"Enriched"
"K13747",92.2068483657119,0.330125702544372,0.270930822293896,1.21848706525633,0.223038937168834,0.352595769256796,FALSE,FALSE,"Enriched"
"K15922",83.1673260222463,0.909523230027792,0.286538010148587,3.17418003131993,0.00150260459246187,0.00543557853465301,TRUE,TRUE,"Enriched"
"K01671",84.033601269802,0.212047290163364,0.287817478082104,0.736742228360692,0.461279121472374,0.602557584463484,FALSE,FALSE,"Enriched"
"K15045",5.33775539421847,1.52013641460323,1.18683647687959,1.28083054760833,0.200253191827637,0.324047695529616,FALSE,FALSE,"Enriched"
"K00145",2414.69522450654,0.004451639541479,0.0549515265425284,0.0810102980129909,0.935433762794438,0.961282311589431,FALSE,FALSE,"Enriched"
"K11153",7.34313394463017,-1.21103800656345,0.900896864893572,-1.34425820951938,0.178864904282556,0.297409228794796,FALSE,FALSE,"Suppressed"
"K03737",4252.91487655213,-0.546481238791599,0.0452672679573753,-12.0723265054604,0.00000000000000000000000000000000147893130714762,0.000000000000000000000000000000120266693897244,TRUE,TRUE,"Suppressed"
"K00762",1808.62045680536,0.0497273449873451,0.0650460517207027,0.764494441582193,0.444572647830712,0.587274979233163,FALSE,FALSE,"Enriched"
"K09690",1156.56079467234,-0.424859251851443,0.0867374134238269,-4.8982236739692,0.000000967069146268518,0.00000773021588871781,FALSE,FALSE,"Suppressed"
"K03273",552.080852933502,-0.344963014053884,0.120322220681175,-2.86699341236357,0.00414391638214135,0.0132115765889598,FALSE,FALSE,"Suppressed"
"K02557",1176.34251184737,-0.249852217360813,0.08943933854325,-2.7935382956795,0.00521348555756704,0.015980234454725,FALSE,FALSE,"Suppressed"
"K03664",1401.86757590009,0.0283827129994037,0.0799787049701256,0.354878376812996,0.722680708321197,0.820024119079252,FALSE,FALSE,"Enriched"
"K05916",407.136918304424,1.9780079657952,0.154518758071062,12.8010863566838,0.000000000000000000000000000000000000161673555635266,0.0000000000000000000000000000000000164341169303248,TRUE,TRUE,"Enriched"
"K11913",85.8957655547137,-0.154967199622841,0.327816098599811,-0.472726020121483,0.63640866025898,0.75149204625741,FALSE,FALSE,"Suppressed"
"K00626",11527.2883680483,-0.0959489487498789,0.0341062430036632,-2.81323711730939,0.00490454702831162,0.0151841788455191,FALSE,FALSE,"Suppressed"
"K02302",1417.9147895087,0.0609646988819406,0.073492381866283,0.829537665453052,0.406800232658102,0.550737984235686,FALSE,FALSE,"Enriched"
"K23078",18.9846269236239,-1.42158908708264,0.564832282824639,-2.5168339882655,0.0118414609242929,0.0322992263762354,TRUE,TRUE,"Suppressed"
"K18815",44.5769701414019,0.0941308357578679,0.380200054634241,0.247582383564946,0.804457542320218,0.880227224723898,FALSE,FALSE,"Enriched"
"K13587",1615.65288989897,0.266301704116853,0.0681022615176885,3.91032101111187,0.0000921735413258309,0.00047161613133074,FALSE,FALSE,"Enriched"
"K00177",132.341131420524,-0.652159134598045,0.218934929145892,-2.97878066849472,0.00289397850864331,0.00962977177491304,TRUE,TRUE,"Suppressed"
"K02824",83.6940537933701,0.350629451110541,0.277057964517713,1.26554546706823,0.205675860482954,0.330980758070062,FALSE,FALSE,"Enriched"
"K10277",12.1119998341305,1.50560318621127,0.881839723655183,1.70734334802997,0.0877582535119221,0.169916694656893,FALSE,FALSE,"Enriched"
"K02688",17.6386757904283,-0.265184854740763,0.569129517799015,-0.465948165483153,0.641252603597506,0.755220024016851,FALSE,FALSE,"Suppressed"
"K06209",5.31603908964936,5.7989012122399,1.55380657412795,3.73206119010949,0.000189919350403357,0.000888962485119013,TRUE,TRUE,"Enriched"
"K00681",7935.75808488393,-0.0261023197102355,0.038720257697053,-0.674125671230285,0.500231419940211,0.637652272444167,FALSE,FALSE,"Suppressed"
"K00951",4664.49004478893,-0.149226147940586,0.0414766651951307,-3.5978337997652,0.000320878546051777,0.00141098648332357,FALSE,FALSE,"Suppressed"
"K01028",1126.13211878439,0.0432221507951577,0.0772677950142689,0.559381185747256,0.575901598803581,0.703195330075119,FALSE,FALSE,"Enriched"
"K13772",22.1312839612951,1.0229980052338,0.520068493193848,1.96704476164544,0.0491780505950071,0.105909933114035,FALSE,FALSE,"Enriched"
"K22928",30.7573707268148,-0.229383597596554,0.490027041087368,-0.468103958278614,0.639710248754827,0.753785318229461,FALSE,FALSE,"Suppressed"
"K07182",857.93520928225,-0.453297509473479,0.0892174591486688,-5.0808161743109,0.000000375816660262286,0.00000325583211781205,FALSE,FALSE,"Suppressed"
"K01904",7.4911435071971,-0.37309834988002,0.911410051601721,-0.40936387438819,0.682272646789629,0.788040829953004,FALSE,FALSE,"Suppressed"
"K15337",11.3990078057281,4.98259986850905,1.235497569352,4.03286901739704,0.000055099994585858,0.000295303046554612,TRUE,TRUE,"Enriched"
"K07506",222.661894221534,-0.643520890947305,0.187936479861964,-3.42414038732639,0.000616747512508845,0.00250936829805967,TRUE,TRUE,"Suppressed"
"K09116",7.68854434447083,-1.58450396068937,0.939113679112879,-1.68723339456214,0.0915584824837102,0.175878798320677,FALSE,FALSE,"Suppressed"
"K05375",125.913564042812,1.29720185412755,0.220882465127764,5.87281499858855,0.00000000428456531134283,0.0000000504470344283396,TRUE,TRUE,"Enriched"
"K18569",12.2813010697415,0.605506984004948,0.706203626758971,0.857411320278604,0.391217605232743,0.535105668157547,FALSE,FALSE,"Enriched"
"K13779",49.1357284314678,0.372029153338708,0.421473857530943,0.882686189644384,0.377405845869837,0.522645403617622,FALSE,FALSE,"Enriched"
"K13277",66.6089564594319,-0.513788940570611,0.309987186042067,-1.65745219062341,0.097428087171788,0.185219188903654,FALSE,FALSE,"Suppressed"
"K09992",648.671876832901,0.167653253377653,0.0979977630574438,1.71078653376383,0.0871205263682446,0.169057617028293,FALSE,FALSE,"Enriched"
"K02257",3131.61455161839,0.0485575581417274,0.0481153071817103,1.00919148158707,0.312882811151028,0.456306137066025,FALSE,FALSE,"Enriched"
"K03614",171.550022545587,0.136068801710333,0.191748942776533,0.709619566815079,0.477940082481641,0.617444728459125,FALSE,FALSE,"Enriched"
"K19746",624.279158485783,0.579710350510262,0.133893813230813,4.32962760953657,0.000014936169971412,0.0000908232309627537,TRUE,TRUE,"Enriched"
"K02438",345.609533035763,-0.456443584299501,0.148158697865283,-3.08077481022771,0.00206462731953096,0.00714246285979541,FALSE,FALSE,"Suppressed"
"K16838",29.1986748715069,2.19078773149003,0.495915178626186,4.4176662177574,0.00000997723379238824,0.0000633206544222433,TRUE,TRUE,"Enriched"
"K03294",8501.4976388911,0.114569889005087,0.040093297909678,2.85758206429388,0.00426882234102709,0.0135531220499345,FALSE,FALSE,"Enriched"
"K07395",309.622413116891,-0.234384325517394,0.147138084317826,-1.59295485328674,0.111170319387649,0.205587561535862,FALSE,FALSE,"Suppressed"
"K23121",106.412677936814,-0.212665260366164,0.240985473172885,-0.882481659853399,0.377516393348178,0.522645403617622,FALSE,FALSE,"Suppressed"
"K20997",63.6792337891217,0.0447632090519498,0.313192077676874,0.142925738684019,0.88634883072682,0.933822043830289,FALSE,FALSE,"Enriched"
"K07558",8.79073940814284,-2.15415386662554,0.90629188045483,-2.3768875271667,0.0174594108742865,0.0448476933482499,TRUE,TRUE,"Suppressed"
"K00505",198.231695590396,0.0258244207157543,0.225265080081657,0.114640141767171,0.908730360915609,0.946303511726021,FALSE,FALSE,"Enriched"
"K12988",5.95729156131113,-1.18058550056803,1.12876358871837,-1.04591033265744,0.295602433354356,0.436110121196956,FALSE,FALSE,"Suppressed"
"K06973",198.47098349214,-0.478183970739642,0.182677696806529,-2.61763739689623,0.00885408352492955,0.0252577434137256,FALSE,FALSE,"Suppressed"
"K08884",2247.05771618693,-0.050812109201836,0.0599441438374555,-0.84765760171032,0.396628685024596,0.540084471972541,FALSE,FALSE,"Suppressed"
"K12813",15.5543446714975,4.42862190322795,0.921152737279705,4.80769553625417,0.00000152680055732964,0.0000117575209585271,TRUE,TRUE,"Enriched"
"K07794",324.884510705664,0.555066966150246,0.138698686964846,4.00196265946577,0.0000628192143704367,0.000332581934414317,TRUE,TRUE,"Enriched"
"K07457",32.2746213026979,-1.1093855193112,0.439189939890559,-2.52598117249145,0.0115375664224286,0.0316258955552323,TRUE,TRUE,"Suppressed"
"K06183",267.279391690152,0.0314019475218707,0.197027012356178,0.159378895037516,0.873370365685253,0.925096287682036,FALSE,FALSE,"Enriched"
"K24012",449.887638907731,-0.152507053233806,0.123561012653945,-1.23426516146261,0.217104113296267,0.345181956984863,FALSE,FALSE,"Suppressed"
"K01641",221.339570511359,-0.425634205636251,0.169388957065034,-2.51276241976527,0.0119789976402498,0.0326305969664508,FALSE,FALSE,"Suppressed"
"K03449",900.724418385043,0.439408724097566,0.111317999272587,3.94732861683559,0.0000790280511496404,0.00040985721425311,FALSE,FALSE,"Enriched"
"K06925",1043.0516118922,-0.16676106907352,0.0834395629340585,-1.99858512208783,0.0456532614680909,0.100121985506612,FALSE,FALSE,"Suppressed"
"K02871",1406.13646040474,0.0584436060514384,0.0785861353303462,0.743688512048133,0.457064941019667,0.599363378903236,FALSE,FALSE,"Enriched"
"K06960",209.804486515187,0.102467052669984,0.170588143697008,0.600669251973234,0.548060302625837,0.680734758800353,FALSE,FALSE,"Enriched"
"K04486",197.342986988512,-0.259985653398489,0.197337044120261,-1.31747009061334,0.187681100214117,0.30861877330976,FALSE,FALSE,"Suppressed"
"K00808",370.415863368887,0.155282692497548,0.145582480676954,1.06663035123106,0.286138789322682,0.425441364231847,FALSE,FALSE,"Enriched"
"K06296",62.9998781541122,5.89065559797313,0.668907679941745,8.80638057330445,0.00000000000000000129251675830143,0.0000000000000000426111335615157,TRUE,TRUE,"Enriched"
"K00575",1778.36632877775,-0.23779141209133,0.0758915813050081,-3.13330422165862,0.00172850186275331,0.00611333590540273,FALSE,FALSE,"Suppressed"
"K09874",12.7853764983678,1.0614342489854,0.670516654048999,1.58300952344106,0.113419293769477,0.208545153060007,FALSE,FALSE,"Enriched"
"K13572",779.263426038375,0.135496412338537,0.0965538694538126,1.40332451827167,0.160520090105803,0.273772938913673,FALSE,FALSE,"Enriched"
"K01598",14.8757816390564,0.0887208537268799,0.652410105919898,0.135989392135156,0.891829666909436,0.936902396786619,FALSE,FALSE,"Enriched"
"K21833",14.403061864671,1.28586201123156,0.64266911776698,2.00081500057047,0.0454123302545177,0.0997370551754785,TRUE,FALSE,"Enriched"
"K11946",9.60752012656202,-1.1992657729889,0.81042358131314,-1.47980118131029,0.138926313337994,0.244777578765228,FALSE,FALSE,"Suppressed"
"K02665",331.709771055577,-0.327309650798441,0.153511283018663,-2.13215370468012,0.0329942128825602,0.0764848743332325,FALSE,FALSE,"Suppressed"
"K01689",4468.15238768026,-0.0923407208199703,0.0464501313777332,-1.98795392135824,0.0468167863605608,0.102122882694228,FALSE,FALSE,"Suppressed"
"K08994",78.5559791459485,-0.128620324535583,0.273449781665912,-0.470361774480131,0.638096569531203,0.75284191736834,FALSE,FALSE,"Suppressed"
"K17210",9.9670899772173,0.89879876604138,0.777188776016131,1.15647419748986,0.247487247707374,0.381982520453993,FALSE,FALSE,"Enriched"
"K06977",32.9167387928527,-1.00235515186912,0.450176418328474,-2.22658298182503,0.0259751573799349,0.0625681219827104,TRUE,FALSE,"Suppressed"
"K00841",38.0542702076826,3.30420951903526,0.502833154479099,6.57118467547788,0.0000000000499165021610082,0.000000000814012691657725,TRUE,TRUE,"Enriched"
"K00927",3430.2349323211,-0.0649729236169044,0.0503241979216982,-1.29108711713595,0.196673470760692,0.31975653607099,FALSE,FALSE,"Suppressed"
"K15524",210.535433852495,0.967056371079725,0.170025189163361,5.68772412980863,0.0000000128743575203593,0.000000142505819449494,TRUE,TRUE,"Enriched"
"K18369",650.786588137514,0.556706501506283,0.104359949908604,5.33448417706059,0.0000000958165422543023,0.000000924659954444604,TRUE,TRUE,"Enriched"
"K17225",689.763668645522,0.12490160736551,0.0994901625441158,1.25541665800502,0.209327545303777,0.335088897324865,FALSE,FALSE,"Enriched"
"K02450",821.8827250508,-0.371043836915619,0.104743512665981,-3.54240398733667,0.000396497732442801,0.00170178724149799,FALSE,FALSE,"Suppressed"
"K04074",279.595258686049,-0.633981401787998,0.154189208546644,-4.1117105909277,0.0000392738414745623,0.000217755599230323,TRUE,TRUE,"Suppressed"
"K22686",186.293566566167,-0.641031321990845,0.193125522905061,-3.31924704900849,0.000902605374606325,0.00349301407342892,TRUE,TRUE,"Suppressed"
"K15652",19.1250531906522,-0.763707763690136,0.559652240039582,-1.36461128724531,0.172375255278273,0.288902633125086,FALSE,FALSE,"Suppressed"
"K01649",6508.12960719005,-0.0349089390639779,0.0491344156760503,-0.71047835989619,0.477407545749129,0.617148923595579,FALSE,FALSE,"Suppressed"
"K04764",295.778690476224,0.149722709861043,0.159550233730591,0.938404829377175,0.34803640503796,0.495373170204555,FALSE,FALSE,"Enriched"
"K02086",5.54688919494734,5.85353408403461,1.55144595361013,3.77295391464572,0.000161326096071468,0.00076929465202493,TRUE,TRUE,"Enriched"
"K02050",4515.40806659678,0.171229111159452,0.0554722367307504,3.0867533247408,0.00202355442861753,0.00702427914635077,FALSE,FALSE,"Enriched"
"K02386",174.072528467635,0.0220163122178983,0.186998561366027,0.117735195699202,0.906277478576662,0.94487229248699,FALSE,FALSE,"Enriched"
"K04030",42.2754219678123,-0.930669532631013,0.384430100559974,-2.42090702906814,0.0154818362658826,0.0405252014530548,TRUE,TRUE,"Suppressed"
"K07240",2051.60493099905,-0.272636253540025,0.0607687059450982,-4.48645810865777,0.00000724169477694485,0.0000474891574703966,FALSE,FALSE,"Suppressed"
"K00613",38.8254429432718,-0.066821371913466,0.385855790827468,-0.173177061228413,0.862512253695855,0.918697561175518,FALSE,FALSE,"Suppressed"
"K03694",3381.57451714025,-0.0841067360384037,0.0503637169713936,-1.66998667088404,0.0949220008133878,0.181425660595692,FALSE,FALSE,"Suppressed"
"K01505",231.301474545904,0.0252104789919731,0.172649271996118,0.146021345473962,0.883904537784266,0.932042492383512,FALSE,FALSE,"Enriched"
"K03319",190.365022879602,-0.628621733174907,0.221089851263802,-2.84328624575736,0.00446509488927611,0.0140301976969062,TRUE,TRUE,"Suppressed"
"K23573",5.78407758541987,2.23125250817447,1.11985773795821,1.99244281889111,0.0463224932070613,0.101334607629077,FALSE,FALSE,"Enriched"
"K07653",524.217191018036,-0.108750911884449,0.124050543083781,-0.876666148982525,0.380667998319581,0.525718904887569,FALSE,FALSE,"Suppressed"
"K14654",59.6469262995087,-0.369366639355461,0.354923525047615,-1.04069359534821,0.298017776638315,0.438718421365455,FALSE,FALSE,"Suppressed"
"K00383",1243.45120547847,0.202719892276102,0.0894421373950335,2.26649203809567,0.023421274090526,0.0572301084447588,FALSE,FALSE,"Enriched"
"K16135",8.95816309103197,-0.66625324039464,0.924057257881747,-0.721008611438125,0.470904216490906,0.611073365186817,FALSE,FALSE,"Suppressed"
"K21014",128.914261735677,1.79775598493434,0.253260104800823,7.09845708366976,0.00000000000126157349572057,0.0000000000251448913411756,TRUE,TRUE,"Enriched"
"K09817",532.330928062007,0.0525894453056966,0.122889103441869,0.427942297834189,0.668693131061588,0.778082606961566,FALSE,FALSE,"Enriched"
"K06907",1573.93281133797,0.347928300168937,0.0676926577077485,5.13982331246408,0.000000274996932648732,0.00000244490713152276,FALSE,FALSE,"Enriched"
"K06163",40.1108970912134,0.000175794060468127,0.396340490857755,0.000443543025562884,0.999646103879455,0.999646103879455,FALSE,FALSE,"Enriched"
"K02838",1567.30442263904,0.0623024275563549,0.0676995686712087,0.920278057589027,0.357427472536577,0.504151284690236,FALSE,FALSE,"Enriched"
"K02198",4419.10792636145,-0.0169297675978235,0.0473942826006988,-0.357211179678747,0.72093371711307,0.818651040899761,FALSE,FALSE,"Suppressed"
"K19353",7.36736963439896,-0.058343532521861,0.938887105462442,-0.0621411585934225,0.950450420496562,0.969748946916617,FALSE,FALSE,"Suppressed"
"K16089",402.305049606686,-0.152074146390484,0.144136611385061,-1.05506952695189,0.291393527681935,0.431466162984248,FALSE,FALSE,"Suppressed"
"K03596",5744.18609037146,-0.0122915449116702,0.0395397748015973,-0.310865324179176,0.755903006573048,0.843768474507158,FALSE,FALSE,"Suppressed"
"K02939",1444.30221728997,0.0625974850030443,0.0714277370836808,0.876375026828983,0.380826189993957,0.525718904887569,FALSE,FALSE,"Enriched"
"K00346",55.7573588852295,-0.189821099537752,0.322255005254768,-0.589040034886916,0.555834417653278,0.687494243209763,FALSE,FALSE,"Suppressed"
"K19360",16.1038501016676,0.951705721298188,0.613646246090213,1.55090286522877,0.120924963687261,0.219235576771499,FALSE,FALSE,"Enriched"
"K14465",8.11349874019896,-1.38575971907095,0.873648114549338,-1.58617605417231,0.112699378166925,0.207534271570072,FALSE,FALSE,"Suppressed"
"K00161",4478.28772732073,0.191851453893007,0.0487048339139683,3.93906391780109,0.0000818001375431657,0.000422437797523935,FALSE,FALSE,"Enriched"
"K05365",1486.58812493273,-0.519533089293592,0.0939533041562557,-5.52969471333914,0.0000000320788559454642,0.000000333303138690607,TRUE,TRUE,"Suppressed"
"K03047",5.42393735599002,-0.838890711886958,1.17719557048483,-0.712617965034868,0.476082191930389,0.616189232269594,FALSE,FALSE,"Suppressed"
"K01012",1943.23169910179,0.0833485010704039,0.0692409649070228,1.20374551657859,0.228687953823197,0.359013598550239,FALSE,FALSE,"Enriched"
"K00194",39.8614355249499,-0.0819959945712327,0.39440999162665,-0.207895327988674,0.835310697203071,0.901054110760795,FALSE,FALSE,"Suppressed"
"K08715",154.955341823017,-0.36168926118499,0.218272007842071,-1.65705747045076,0.0975078564912163,0.185219188903654,FALSE,FALSE,"Suppressed"
"K10559",478.50170602936,0.215747400947422,0.127196124232425,1.69617904829543,0.0898519770327379,0.173146037258347,FALSE,FALSE,"Enriched"
"K00853",897.324794324576,1.0218980474206,0.0838040327033717,12.1939006328926,0.000000000000000000000000000000000334994442210494,0.0000000000000000000000000000000287764944090395,TRUE,TRUE,"Enriched"
"K00124",1570.0111649865,-0.0650523890749903,0.0845117086027636,-0.769744099965611,0.441451704855921,0.584246799873462,FALSE,FALSE,"Suppressed"
"K05556",5.55687861851023,2.07995730421479,1.12676789096722,1.84595010284625,0.0648994507873603,0.132692507660781,FALSE,FALSE,"Enriched"
"K10238",102.620178145627,-0.0414425516631395,0.279197230345661,-0.148434680429428,0.881999732184649,0.930903308419676,FALSE,FALSE,"Suppressed"
"K00167",1304.14305274138,0.0901653957606631,0.0938508014126464,0.9607312287534,0.336687324951523,0.482711799454475,FALSE,FALSE,"Enriched"
"K03816",47.6428226060185,0.202779910057213,0.355694723565839,0.570095355996133,0.568613024776957,0.698001124082622,FALSE,FALSE,"Enriched"
"K01436",563.958795954497,0.659779643338794,0.117550657965644,5.61272607705545,0.0000000199163745363928,0.000000213479733387452,TRUE,TRUE,"Enriched"
"K13566",370.357365542448,-0.406197908296625,0.155706150979685,-2.60874670487245,0.00908744803811398,0.0257428451390883,FALSE,FALSE,"Suppressed"
"K15396",387.055515395941,-0.411111374265782,0.14922730059209,-2.75493406792599,0.00587039637944618,0.0177150107714636,FALSE,FALSE,"Suppressed"
"K07793",2357.34060665874,0.0424918745446334,0.0602646265463327,0.705088158340528,0.480755375334369,0.619768977840692,FALSE,FALSE,"Enriched"
"K02469",10502.091840785,-0.017357505670309,0.0350612735633086,-0.495062041570375,0.620556327007346,0.739502352172295,FALSE,FALSE,"Suppressed"
"K00002",34.2153162895979,-0.183078040440729,0.423096885689433,-0.432709496649698,0.665225829758759,0.775461073336902,FALSE,FALSE,"Suppressed"
"K09740",49.8177907863105,0.644924157421988,0.366971263062463,1.75742414280601,0.0788455411788511,0.155322660093609,FALSE,FALSE,"Enriched"
"K01678",47.2291275653258,-0.83760221276345,0.351140429997794,-2.38537673593643,0.0170616390102287,0.0439809536447105,TRUE,TRUE,"Suppressed"
"K00867",621.811373357119,-0.514757832687678,0.111129591590621,-4.63205007163118,0.00000362062555596961,0.000025918069560867,TRUE,TRUE,"Suppressed"
"K15972",11.4676098549099,-0.636067950193619,0.702573906918388,-0.905339557774818,0.36528552578528,0.511972905727871,FALSE,FALSE,"Suppressed"
"K00862",13.5619525226611,1.10936694858494,0.804269596687721,1.37934711588468,0.167787756182818,0.283337176055683,FALSE,FALSE,"Enriched"
"K00647",1211.40691186079,-0.204777850172514,0.0942118366083449,-2.1735894081315,0.0297359845812281,0.0701042790726364,FALSE,FALSE,"Suppressed"
"K21119",109.348879878145,-0.814881242130744,0.241820133313513,-3.3697824534497,0.000752275488841528,0.00298706263440396,TRUE,TRUE,"Suppressed"
"K21148",853.127973674203,0.180686334784803,0.114774111433908,1.5742777925042,0.115423241525029,0.21127441478426,FALSE,FALSE,"Enriched"
"K01613",1609.45199297679,0.331473249811754,0.0639125619823983,5.18635522548827,0.000000214449588183969,0.00000196385591341446,FALSE,FALSE,"Enriched"
"K07014",143.06754349061,-0.673696713671903,0.204409180114625,-3.29582415669452,0.000981334179386612,0.00374547843448448,TRUE,TRUE,"Suppressed"
"K01087",1363.66445346633,0.236496692233247,0.0703237751307685,3.36296923470728,0.000771089566609159,0.00304590367017439,FALSE,FALSE,"Enriched"
"K04754",551.037542769047,-0.249578179162325,0.12824748317166,-1.9460668778058,0.05164670665436,0.110293276743648,FALSE,FALSE,"Suppressed"
"K21394",66.9177075994093,-1.0298465345776,0.311179079980061,-3.30949797346143,0.000934634426472736,0.00359670152536372,TRUE,TRUE,"Suppressed"
"K10190",45.3245404943755,1.49846856748936,0.446142557103835,3.3587214302459,0.000783039590102002,0.00308518223359065,TRUE,TRUE,"Enriched"
"K01648",6.08024340026845,2.97586203232812,1.14690155118821,2.59469701583807,0.00946743362280304,0.0266459979997581,TRUE,TRUE,"Enriched"
"K21417",1308.59394620958,-0.399600101369525,0.0831324745814143,-4.80678703937994,0.00000153375215653286,0.0000117961593981008,FALSE,FALSE,"Suppressed"
"K09775",36.59187543497,0.477960046146819,0.392866410438261,1.21659687223866,0.223757633360059,0.353457085175602,FALSE,FALSE,"Enriched"
"K02770",184.752732149091,0.816695270647727,0.215313199397006,3.79305715086171,0.000148803891458675,0.000719140201272945,TRUE,TRUE,"Enriched"
"K03281",993.329359318063,-0.164883497723081,0.0837759165941906,-1.96814913433624,0.0490508808625113,0.105710714622069,FALSE,FALSE,"Suppressed"
"K07407",2398.81251237365,0.586978377117064,0.0634542321325985,9.25042124677314,0.000000000000000000022360965295504,0.000000000000000000847077809548316,TRUE,TRUE,"Enriched"
"K17677",124.24820012158,5.28014806022938,0.405200055961452,13.0309657724522,0.00000000000000000000000000000000000000815686169512196,0.000000000000000000000000000000000000888369633545514,TRUE,TRUE,"Enriched"
"K12343",30.6096333112418,0.397326847134202,0.441408641882406,0.900133820307151,0.368049039762339,0.513730777739512,FALSE,FALSE,"Enriched"
"K23257",60.9153420712719,1.17344353005255,0.308007827260607,3.80978477231911,0.000139087819575802,0.000679180633781279,TRUE,TRUE,"Enriched"
"K02118",746.039635336619,-0.493153920540752,0.0992144469917779,-4.97058579161985,0.000000667509167743464,0.00000549411391911928,FALSE,FALSE,"Suppressed"
"K17244",64.7775104524045,1.04522538379952,0.30333651656672,3.44576180813899,0.000569452054533863,0.00233093159771948,TRUE,TRUE,"Enriched"
"K02805",374.724946198888,-0.402305734093809,0.128909372583792,-3.1208416116703,0.00180334999698557,0.00634292481638696,FALSE,FALSE,"Suppressed"
"K01115",13.9401387834603,-0.495782218076088,0.686117728595646,-0.72259059548113,0.469931447800849,0.610421272240145,FALSE,FALSE,"Suppressed"
"K01174",310.192008326769,0.192572197607454,0.157938365227868,1.21928701319415,0.222735276000807,0.35230933361975,FALSE,FALSE,"Enriched"
"K01971",8587.85732509478,0.0285107173720622,0.0371688732590641,0.76705896284089,0.443046459450023,0.585766389808301,FALSE,FALSE,"Enriched"
"K12956",28.8960639923004,-0.274111763965349,0.501255832510302,-0.546850023854267,0.584481772550556,0.709686309135146,FALSE,FALSE,"Suppressed"
"K11924",11.3160210733417,1.15395023112818,0.894697600752297,1.28976564836867,0.197132038338888,0.32035925974657,FALSE,FALSE,"Enriched"
"K16871",221.666629976021,-0.238261217673155,0.173985669837691,-1.36943012545473,0.170864862785964,0.286916345926234,FALSE,FALSE,"Suppressed"
"K00950",1312.79379386181,-0.0475585720400053,0.0968737090241118,-0.490933737534174,0.623473314280613,0.741529591224153,FALSE,FALSE,"Suppressed"
"K14205",918.725405676119,-0.415432683767506,0.08209224206076,-5.06055960147887,0.000000418027757637523,0.00000358412568661703,FALSE,FALSE,"Suppressed"
"K07662",83.0915209524134,-0.654528694191996,0.295388126669154,-2.21582601024818,0.0267034203813795,0.0639686413613644,TRUE,FALSE,"Suppressed"
"K21003",24.4568293562758,0.721929611554802,0.541169902643556,1.33401655936196,0.18219842961361,0.30139089292471,FALSE,FALSE,"Enriched"
"K01025",16.8716117087635,0.170826740167334,0.582230910997479,0.293400327843592,0.769216174888698,0.853766960991114,FALSE,FALSE,"Enriched"
"K10564",21.9973511446053,1.7145814783906,0.592383153689522,2.89437919986706,0.00379909058553762,0.0122015026230616,TRUE,TRUE,"Enriched"
"K00412",1793.8294038608,-0.145434300174975,0.0630969046191852,-2.3049355757264,0.0211701818019913,0.0525934577638878,FALSE,FALSE,"Suppressed"
"K00529",1416.90819005628,0.252611682188785,0.0822330707999369,3.07189892985218,0.00212701731713952,0.00732092472755865,FALSE,FALSE,"Enriched"
"K21084",31.3208548579084,-0.585970615264211,0.44073986726157,-1.32951579557574,0.183677858073175,0.303098283654842,FALSE,FALSE,"Suppressed"
"K00523",344.584296558031,-0.431533235070359,0.14538068432502,-2.96829827892132,0.00299453583675249,0.0099205182337607,FALSE,FALSE,"Suppressed"
"K09614",8.24143762092968,0.961157026775114,0.820723348327756,1.17110964216322,0.241554708620328,0.375252717237743,FALSE,FALSE,"Enriched"
"K05797",478.388141322386,-0.103274197938903,0.120260275130444,-0.858755709870814,0.390475307572331,0.534569899188249,FALSE,FALSE,"Suppressed"
"K01698",2843.17986071974,-0.0231406221774331,0.0535554987899407,-0.432086764203185,0.665678354088606,0.775840298411314,FALSE,FALSE,"Suppressed"
"K01925",2682.5821767269,-0.144983369976463,0.0610391633907457,-2.37525159131595,0.0175369921569724,0.0449781813142872,FALSE,FALSE,"Suppressed"
"K02224",662.644832011138,1.04057740884038,0.106045159536863,9.81258751823233,0.0000000000000000000000993867812802945,0.00000000000000000000432971413591797,TRUE,TRUE,"Enriched"
"K17323",88.4072663030719,0.279424496043223,0.286007371723068,0.976983545423372,0.328577298602045,0.473645224337951,FALSE,FALSE,"Enriched"
"K03116",563.546934687069,-0.114208129221124,0.104068705669588,-1.09743009184459,0.272453424990795,0.41080183906523,FALSE,FALSE,"Suppressed"
"K03578",3926.95434163017,-0.0314250131132368,0.0460855691780054,-0.681884018657938,0.495312291549069,0.632651238985921,FALSE,FALSE,"Suppressed"
"K02167",55.1242139895541,0.491531865804439,0.348797360443656,1.40921899517597,0.158770422675041,0.271472051554549,FALSE,FALSE,"Enriched"
"K18359",23.6155852068313,-0.183380960238028,0.510039647413852,-0.359542559422308,0.719189245487225,0.817735870288327,FALSE,FALSE,"Suppressed"
"K02068",9.66384095877163,1.28780857901771,0.810554897280729,1.58879871472998,0.112105843545517,0.206753413905083,FALSE,FALSE,"Enriched"
"K14581",69.0317771565364,-0.904153774107235,0.30886513347305,-2.9273416650835,0.00341873085168103,0.0111323221913521,TRUE,TRUE,"Suppressed"
"K02402",21.655221973264,-0.783719711229904,0.524604750466942,-1.49392416010783,0.135195442848645,0.239279456161893,FALSE,FALSE,"Suppressed"
"K02003",11470.9837004631,0.122276402560146,0.0399876740751394,3.05785233545669,0.00222929398600376,0.00762919604349259,FALSE,FALSE,"Enriched"
"K14086",16.2062266332777,-1.21703009897265,0.640316104139171,-1.90067076418264,0.0573451502301651,0.120023360073362,FALSE,FALSE,"Suppressed"
"K01892",3471.8065388107,0.0446204547808809,0.0554660266573899,0.804464596977508,0.42112870763129,0.564249557962047,FALSE,FALSE,"Enriched"
"K18364",9.89835778932674,0.646958360879845,0.775468655837648,0.834280478017531,0.404122950031871,0.547356400676078,FALSE,FALSE,"Enriched"
"K00034",426.247545848221,-0.27929665960161,0.124052834736199,-2.25143311070271,0.0243581189851097,0.0591873178048542,FALSE,FALSE,"Suppressed"
"K17686",7848.91759968699,-0.107363040893328,0.0405224793109528,-2.64946870771326,0.00806184376598672,0.0233250403836589,FALSE,FALSE,"Suppressed"
"K02669",4893.96906301186,-0.293118684046891,0.0468439402030441,-6.25734476596917,0.000000000391587107834122,0.00000000550297182184403,FALSE,FALSE,"Suppressed"
"K00710",11.1651317325932,6.86617787308047,1.37757619182642,4.9842454550388,0.000000622040743992392,0.00000514068631112412,TRUE,TRUE,"Enriched"
"K00721",2406.70203039385,0.228525274136367,0.0562446398401832,4.06305871609653,0.0000484338400911661,0.00026234279814922,FALSE,FALSE,"Enriched"
"K13237",77.9442873137753,0.49149616801757,0.292396666072779,1.68092261317109,0.0927779469926942,0.177885161492751,FALSE,FALSE,"Enriched"
"K13018",339.882869068014,0.812748052212775,0.137843850868377,5.89615022427691,0.00000000372080253298297,0.0000000442362078921309,TRUE,TRUE,"Enriched"
"K01686",377.046597993796,-0.0554277393187336,0.131962570736245,-0.420026216596809,0.674466301913507,0.782440771270338,FALSE,FALSE,"Suppressed"
"K01847",2362.24274131433,0.0839087508458663,0.0583766065884794,1.4373694489879,0.150613044878027,0.260493689019851,FALSE,FALSE,"Enriched"
"K11434",91.1121299445834,-0.51847619454169,0.266274206423445,-1.94715140270544,0.0515165859517684,0.110168182931219,FALSE,FALSE,"Suppressed"
"K03072",3882.83526629929,-0.0218866036159576,0.0588637590516503,-0.371817973717123,0.710028380511312,0.809432353782896,FALSE,FALSE,"Suppressed"
"K03181",21.1800511851234,-1.32219084491304,0.555028626657941,-2.38220297369977,0.0172094089443655,0.0443129282917953,TRUE,TRUE,"Suppressed"
"K05844",548.517191265173,-0.402775399976017,0.12320661908424,-3.26910520692582,0.00107888178304272,0.0040768897117581,FALSE,FALSE,"Suppressed"
"K01730",175.822031875724,-0.624616907698654,0.187224576418655,-3.33619079100994,0.000849348527457065,0.00331637430791334,TRUE,TRUE,"Suppressed"
"K09938",303.512034798688,-0.349253450658977,0.163397249979212,-2.1374499919883,0.032561409005542,0.0755965106679866,FALSE,FALSE,"Suppressed"
"K00099",2810.66160713321,0.0187532339867353,0.0559394924448871,0.335241404008294,0.737442991383874,0.83120768886532,FALSE,FALSE,"Enriched"
"K03757",45.3087283040122,-0.393987140143797,0.398616928806283,-0.988385368688805,0.322963950402698,0.467320790867391,FALSE,FALSE,"Suppressed"
"K18778",185.437155915941,-0.506414421503759,0.186335658451123,-2.71775368017709,0.00657267488905761,0.0195640527810456,TRUE,TRUE,"Suppressed"
"K06900",12.5916639702103,-0.0573828986525464,0.802353098053371,-0.0715182614633955,0.942985291225957,0.966252752475576,FALSE,FALSE,"Suppressed"
"K00799",6149.06835918315,0.0722137402700258,0.0508919558550015,1.41896178004581,0.155910159080319,0.267782613413366,FALSE,FALSE,"Enriched"
"K08364",16.657997168446,0.0152705228119269,0.593198871939615,0.0257426700121597,0.979462589374367,0.987232247991119,FALSE,FALSE,"Enriched"
"K05788",460.834739478208,-0.0437542633740703,0.119599046114815,-0.365841240339544,0.714483544555391,0.813412188034668,FALSE,FALSE,"Suppressed"
"K18779",10.5938248927361,-0.54654225399912,0.829115792153179,-0.659186882184179,0.509775769474847,0.647059816446845,FALSE,FALSE,"Suppressed"
"K01923",2602.00763070712,-0.0265467586683626,0.0584388457504851,-0.454265622933564,0.649637655835555,0.762355496198403,FALSE,FALSE,"Suppressed"
"K07636",3661.79278508708,-0.0298890539218487,0.0529078952622959,-0.564926156553212,0.572123991759823,0.700820290368178,FALSE,FALSE,"Suppressed"
"K00833",1676.80539309481,-0.0533954301470758,0.0655704078476707,-0.81432206844162,0.415460470490857,0.558988177702127,FALSE,FALSE,"Suppressed"
"K00567",1463.64279203144,0.143132306850823,0.0683570780996162,2.0938915300364,0.0362696439590338,0.0827876341714622,FALSE,FALSE,"Enriched"
"K01838",101.541110167101,-0.429068460152896,0.270459373291668,-1.58644329804824,0.112638785062871,0.207534271570072,FALSE,FALSE,"Suppressed"
"K19344",26.2947576542199,-0.701642602344997,0.474167866253167,-1.47973460936802,0.138944085536189,0.244777578765228,FALSE,FALSE,"Suppressed"
"K08724",26.5557679361797,2.58299843974731,0.548857342533397,4.70613807920432,0.00000252453558775395,0.0000186632030905592,TRUE,TRUE,"Enriched"
"K05841",22.1643512519191,-0.0668114180086005,0.512396427927148,-0.130390093230899,0.896257804134401,0.938831036703553,FALSE,FALSE,"Suppressed"
"K11525",8.87125593591519,1.38290987281148,0.998301831807247,1.38526228115596,0.165972282758677,0.281028582050298,FALSE,FALSE,"Enriched"
"K08640",256.736787597736,1.95357619499212,0.164703437023001,11.8611744253965,0.0000000000000000000000000000000188315012212467,0.00000000000000000000000000000143566657435479,TRUE,TRUE,"Enriched"
"K06985",605.566394737477,0.671578893688181,0.121492517287536,5.52773873389057,0.0000000324384644517772,0.000000336466317502362,TRUE,TRUE,"Enriched"
"K17883",152.1011126043,-1.53154954071497,0.203748118762447,-7.5168769656255,0.0000000000000561001645475246,0.00000000000128629662998253,TRUE,TRUE,"Suppressed"
"K03570",1844.22963028104,-0.178679372176219,0.0616089407088074,-2.90021821703998,0.00372902953461521,0.0120244770302263,FALSE,FALSE,"Suppressed"
"K00844",16.7161195211548,-0.350793250928293,0.599196383945351,-0.585439532559474,0.558252213656718,0.688418035808654,FALSE,FALSE,"Suppressed"
"K07175",1872.37518755924,-0.120071915706289,0.0613092559181303,-1.95846310492868,0.0501756962548985,0.107665373567474,FALSE,FALSE,"Suppressed"
"K07340",323.760998540728,0.329599806280044,0.150736888209461,2.18659022482963,0.0287724515887097,0.0682282979158399,FALSE,FALSE,"Enriched"
"K04769",6.73110420451059,6.13537869099675,1.46708824265167,4.1820106743596,0.0000288942400638275,0.000165315168995576,TRUE,TRUE,"Enriched"
"K15738",2856.78484549316,0.00707124803680024,0.0570621552018327,0.123921853490965,0.90137714973284,0.941508034428288,FALSE,FALSE,"Enriched"
"K20844",373.130588986948,-0.0347833142466432,0.159725593600952,-0.217769196923717,0.82760894586745,0.896233480263775,FALSE,FALSE,"Suppressed"
"K06894",4932.63885288881,-0.0700759093012639,0.0477666767806014,-1.46704594131871,0.142363558263326,0.249559946353908,FALSE,FALSE,"Suppressed"
"K16435",140.804410596574,2.50656304258639,0.231315956695613,10.8361008829355,0.00000000000000000000000000232156035618883,0.000000000000000000000000135889888631052,TRUE,TRUE,"Enriched"
"K01400",167.286293485943,-0.58037051819821,0.260301980724879,-2.22960469444764,0.0257736979294101,0.0621319303049298,TRUE,FALSE,"Suppressed"
"K01760",818.582789390395,0.186242647700609,0.117760265066903,1.58154066309887,0.11375446905951,0.208972441805407,FALSE,FALSE,"Enriched"
"K02012",2758.36763782993,-0.1235718769275,0.0514585223931195,-2.40138797580442,0.0163330091639313,0.0422769734448546,FALSE,FALSE,"Suppressed"
"K23786",10.207520656975,6.73691226389136,1.37378698951696,4.90389872323667,0.000000939529437860227,0.00000752981608608347,TRUE,TRUE,"Enriched"
"K19969",200.612777353984,0.0725219457451582,0.235597147296162,0.307821833063169,0.758217907344838,0.845497472008015,FALSE,FALSE,"Enriched"
"K03671",1566.57487577061,0.136298723769848,0.0719265738991629,1.89497033406501,0.0580963320017199,0.121221186752819,FALSE,FALSE,"Enriched"
"K01716",281.199421470345,-0.0619910958075821,0.151404462985242,-0.409440346640408,0.682216535807007,0.788040829953004,FALSE,FALSE,"Suppressed"
"K01867",3655.47058565713,0.0899395864402062,0.0480727458859055,1.87090595269233,0.0613581177913615,0.126638238781509,FALSE,FALSE,"Enriched"
"K00074",4373.55804459146,0.171937834117865,0.0447669041579747,3.84073541273093,0.000122666273153122,0.000606765287883932,FALSE,FALSE,"Enriched"
"K00226",510.212272677791,-0.506091000835191,0.119407680007568,-4.23834547998182,0.0000225173079784892,0.000131797563685994,TRUE,TRUE,"Suppressed"
"K14268",4.77605651467667,5.64145061260482,1.57097450727682,3.59105166027417,0.000329346340789531,0.00144405703269256,TRUE,TRUE,"Enriched"
"K15531",253.400619663217,-1.44360800150983,0.194928389826053,-7.40583761451092,0.000000000000130325228158949,0.00000000000289037660560521,TRUE,TRUE,"Suppressed"
"K00368",3068.60968992988,0.0308706182540172,0.0577112100100506,0.534915456609574,0.59270831967579,0.716651921055436,FALSE,FALSE,"Enriched"
"K17229",31.3951071119938,-0.34353430165962,0.482910046584273,-0.711383629496863,0.476846540651878,0.616946765260035,FALSE,FALSE,"Suppressed"
"K12287",141.454209829695,-0.42269847994091,0.215599362005001,-1.9605738904325,0.0499287506135155,0.107337134293913,FALSE,FALSE,"Suppressed"
"K03503",36.157198258562,-0.658764494562042,0.391444920853668,-1.68290469352725,0.0923935428572959,0.177259584110301,FALSE,FALSE,"Suppressed"
"K21465",27.2897963769637,6.27550489999456,1.11545193518038,5.62597517837445,0.0000000184462871813634,0.000000199619225900276,TRUE,TRUE,"Enriched"
"K11708",58.9078006859376,-0.206239475618292,0.360157225031866,-0.572637340817042,0.56689027122095,0.696881666648541,FALSE,FALSE,"Suppressed"
"K12308",1666.48650092274,0.98439641445954,0.0655466031377211,15.0182674209861,0.00000000000000000000000000000000000000000000000000557458234827589,0.00000000000000000000000000000000000000000000000106248055444171,TRUE,TRUE,"Enriched"
"K07284",836.932811520918,0.330980634190021,0.0940036224125847,3.52093489267187,0.000430028188843953,0.00182769472038974,FALSE,FALSE,"Enriched"
"K06015",2828.54863701564,0.0108588130997906,0.0631366848842751,0.171988965206108,0.863446204220709,0.918950423857503,FALSE,FALSE,"Enriched"
"K17206",8.03788890705679,-0.611017517310375,0.836599867471316,-0.730358133043004,0.465171302670893,0.605825277597646,FALSE,FALSE,"Suppressed"
"K16011",922.323156260604,-0.223556280768179,0.0986291671640263,-2.26663457875895,0.0234125579080666,0.0572301084447588,FALSE,FALSE,"Suppressed"
"K13532",16.2866824487776,3.87070004682991,0.814995440205058,4.74935178269957,0.00000204069696056734,0.0000153089923277985,TRUE,TRUE,"Enriched"
"K03074",2334.90805013456,0.00418577117607017,0.054715117661285,0.0765011820313039,0.939020373607998,0.963831245142238,FALSE,FALSE,"Enriched"
"K16384",86.0012723626245,1.33751861366501,0.295451308020141,4.52703568187903,0.00000598168430020157,0.0000401612385668755,TRUE,TRUE,"Enriched"
"K04045",50.9227340180788,-0.253910544409374,0.373065305254467,-0.680606158849808,0.496120728835366,0.633418531540066,FALSE,FALSE,"Suppressed"
"K13612",34.373062071782,1.94822532248617,0.525418819111596,3.70794735860493,0.00020894607685923,0.000968360275656874,TRUE,TRUE,"Enriched"
"K06178",2450.30932508648,0.00857325583818301,0.0538122698301823,0.159317863105162,0.873418447782185,0.925096287682036,FALSE,FALSE,"Enriched"
"K10537",20.2570720230013,1.34882619648638,0.659397315540139,2.04554396067188,0.0408012598292863,0.0912864577031612,TRUE,FALSE,"Enriched"
"K06956",13.5585833455,1.02007672249085,0.692230384248345,1.47360870846272,0.140586975281941,0.246891776878224,FALSE,FALSE,"Enriched"
"K08676",2618.13552658579,-0.311852237965268,0.0604125015430471,-5.16204808607465,0.000000244262521344364,0.00000220490427905804,FALSE,FALSE,"Suppressed"
"K03466",11255.0406431743,0.510734330752817,0.0382126438235207,13.3655847816122,0.000000000000000000000000000000000000000096076960873411,0.0000000000000000000000000000000000000119586404972844,TRUE,TRUE,"Enriched"
"K07717",18.3218617686781,4.67540663131274,0.892706565626855,5.23733868589808,0.000000162908579791884,0.00000151691515748198,TRUE,TRUE,"Enriched"
"K01496",513.566012232556,0.76313267732606,0.118955515978974,6.41527777039734,0.000000000140566326405059,0.00000000214865670362019,TRUE,TRUE,"Enriched"
"K00940",1089.7374668303,0.0946062287111635,0.0907795503868856,1.04215352805747,0.297340504775954,0.437932803339421,FALSE,FALSE,"Enriched"
"K02494",286.469176848845,-0.341099521477664,0.172960102951574,-1.97212834437989,0.0485949570036798,0.105139029714344,FALSE,FALSE,"Suppressed"
"K01740",1600.48459962931,-0.261676963992072,0.0767490577595941,-3.40951370128528,0.00065078808853297,0.00261990531482679,FALSE,FALSE,"Suppressed"
"K02521",31.832194042088,-1.60355167144398,0.453130001898706,-3.53883359019437,0.000401899121665752,0.00171972327522558,TRUE,TRUE,"Suppressed"
"K09923",5.42185580971797,-2.97728919699304,1.29444452452764,-2.30005159786935,0.0214452969872181,0.0531079165602747,TRUE,FALSE,"Suppressed"
"K05829",120.465769997342,-0.781717675792624,0.263745260420388,-2.963911747823,0.00303755387126425,0.0100303416680242,TRUE,TRUE,"Suppressed"
"K00106",20.5936385022266,-0.880366770599694,0.599158887831443,-1.4693377474313,0.141741203222266,0.248699539255639,FALSE,FALSE,"Suppressed"
"K22130",81.7596742679438,0.702133440054038,0.266703834842838,2.63263346201148,0.00847257280226978,0.0243401891290831,TRUE,TRUE,"Enriched"
"K14645",1202.9074505426,-0.277074588340384,0.0735453380174122,-3.76739839410059,0.000164957643797948,0.0007847711930762,FALSE,FALSE,"Suppressed"
"K22213",302.313672120512,0.0811972653400863,0.155791506045314,0.52119186341564,0.602233121708618,0.724175829909476,FALSE,FALSE,"Enriched"
"K07399",1050.38812740952,0.181292049787479,0.0837336258896995,2.16510449489302,0.0303796838343927,0.0714285627239633,FALSE,FALSE,"Enriched"
"K20788",6.81139029694856,-0.832238049092368,1.10725627737313,-0.751621883839561,0.452278479179518,0.59524599695195,FALSE,FALSE,"Suppressed"
"K13051",923.652857777081,0.0830887146452534,0.100743262722692,0.824757034859646,0.409509543872822,0.553178008434185,FALSE,FALSE,"Enriched"
"K04765",951.060938369161,0.0319675685846117,0.102604398907167,0.311561384551698,0.75537388503721,0.843652667601086,FALSE,FALSE,"Enriched"
"K00432",874.284648112621,-0.256744709445565,0.094645090497124,-2.71271027474338,0.00667354260039378,0.0198352516178371,FALSE,FALSE,"Suppressed"
"K12524",921.799003135261,-0.405970301967449,0.082146736384771,-4.94201376504972,0.000000773197553269916,0.00000630445438154174,FALSE,FALSE,"Suppressed"
"K11084",18.4624443073439,0.357928201975336,0.641319507693046,0.558112138616951,0.576767812197662,0.703400697179273,FALSE,FALSE,"Enriched"
"K05774",29.7848446025314,0.645302190851369,0.492923556450374,1.30913238453909,0.190489511104179,0.311975168696129,FALSE,FALSE,"Enriched"
"K18123",80.388778436131,-0.331502214001751,0.316001542194725,-1.04905251948889,0.294153947142864,0.434603905916746,FALSE,FALSE,"Suppressed"
"K03078",15.625099017862,-0.355683288860229,0.637159970361863,-0.55823232061836,0.576685753255149,0.703400697179273,FALSE,FALSE,"Suppressed"
"K18096",26.4415818897245,0.633294810008061,0.63389196590633,0.999057953199619,0.317766618093966,0.461992515793826,FALSE,FALSE,"Enriched"
"K03881",45.0209154340763,-0.223891693800038,0.360113051411707,-0.621726129953754,0.534121966798276,0.669260723880209,FALSE,FALSE,"Suppressed"
"K11357",241.365489347096,0.243339793491405,0.158052008017357,1.53961848725568,0.123653376412822,0.22312483513071,FALSE,FALSE,"Enriched"
"K01876",5423.64609484147,-0.0400759190536027,0.0444021785591134,-0.902566503583804,0.366756010900562,0.512802592957939,FALSE,FALSE,"Suppressed"
"K10715",726.958756995075,-0.319843397680806,0.118131004713503,-2.7075313416364,0.00677856699897439,0.0201277897403821,FALSE,FALSE,"Suppressed"
"K00836",228.029961401137,0.754492799390793,0.19349129224791,3.89936307016908,0.0000964460617729292,0.000490187108960913,TRUE,TRUE,"Enriched"
"K01173",328.030149754312,-0.158312256871591,0.143219044758604,-1.10538551027502,0.26899257958118,0.407295368139428,FALSE,FALSE,"Suppressed"
"K18336",63.3320110057286,1.24763419470898,0.342436479726908,3.64340328373883,0.000269056779111691,0.00121016024764174,TRUE,TRUE,"Enriched"
"K16027",18.4170172988102,-3.06762138874551,0.750735292886289,-4.08615582324854,0.0000438579287305304,0.000239685938465506,TRUE,TRUE,"Suppressed"
"K00486",822.283275199648,0.421780664323627,0.116476537135375,3.62116418204819,0.00029328031461787,0.00130945581175285,FALSE,FALSE,"Enriched"
"K01589",2388.64895116734,0.0854281671439344,0.0602416061704104,1.41809245427947,0.156163773991317,0.267841073558223,FALSE,FALSE,"Enriched"
"K13497",26.785953117999,-0.228884086077584,0.471484011790291,-0.485454607905959,0.627353904191044,0.744547861774893,FALSE,FALSE,"Suppressed"
"K00955",2898.55129403897,0.277659988794555,0.0538566797799379,5.15553483670164,0.000000252908015469939,0.00000226503081696205,FALSE,FALSE,"Enriched"
"K21686",67.1220685390616,0.703808873261135,0.304870862246787,2.30854752098748,0.0209687029404345,0.0521566554786745,TRUE,FALSE,"Enriched"
"K02042",330.123921411467,-0.105829363764771,0.13514382880373,-0.783086913413322,0.433576075474578,0.576620253885619,FALSE,FALSE,"Suppressed"
"K00344",4201.85672833381,0.316651117484125,0.0456737739890969,6.93288707781658,0.00000000000412337347806818,0.0000000000752947749782569,FALSE,FALSE,"Enriched"
"K03791",189.153507223232,-0.615489294652697,0.185856992870703,-3.31162839313171,0.000927546658318341,0.00357366207775335,TRUE,TRUE,"Suppressed"
"K18101",14.2388874274466,-0.0388723481346017,0.62832175873784,-0.0618669457073835,0.950668790558198,0.969748946916617,FALSE,FALSE,"Suppressed"
"K09921",623.88458689746,-0.0820565054085428,0.144866444422612,-0.566428655963717,0.571102419251972,0.699990686297784,FALSE,FALSE,"Suppressed"
"K02448",309.497193478308,-0.198731557508342,0.152858777030406,-1.30009909387677,0.193567008202498,0.315912545632067,FALSE,FALSE,"Suppressed"
"K07097",13.1029786637594,1.61917980010649,0.890534870845832,1.81821044084281,0.0690319748215088,0.139366439733989,FALSE,FALSE,"Enriched"
"K23774",12.6655468285594,7.04540829376621,1.36021508097854,5.17962812814701,0.000000222328661995478,0.0000020238544918066,TRUE,TRUE,"Enriched"
"K11755",559.80875400819,-0.195011443031358,0.103958400514032,-1.87586036402163,0.0606744564901226,0.125480693255239,FALSE,FALSE,"Suppressed"
"K01552",35.8330078095375,-0.721345554435545,0.433570322721084,-1.66373369355261,0.0961656598053088,0.183457728855983,FALSE,FALSE,"Suppressed"
"K06284",8.37502265298813,2.28793171664516,1.00717557008984,2.27163146584371,0.0231087787323339,0.0565344731201381,TRUE,FALSE,"Enriched"
"K06016",1531.2766036413,0.112460574034313,0.0695015887389639,1.61810076682844,0.105640883293502,0.197578579333662,FALSE,FALSE,"Enriched"
"K03314",60.256061645895,-0.216574642261608,0.36588179120504,-0.59192517219377,0.553900696778822,0.685797878533097,FALSE,FALSE,"Suppressed"
"K10110",26.0141890669198,0.592878930361536,0.505352019984551,1.17319988229128,0.240715659245549,0.374330649091943,FALSE,FALSE,"Enriched"
"K03656",756.097359222133,-0.349354296689117,0.253445476133404,-1.37841993480772,0.168073672072178,0.283563299023019,FALSE,FALSE,"Suppressed"
"K02594",146.811493010217,0.151057960098234,0.19535778294942,0.773237481597264,0.439381847618702,0.582563019266622,FALSE,FALSE,"Enriched"
"K08256",1182.3946667874,0.185323454118317,0.0754446090682714,2.45641744860278,0.0140330039319359,0.0372280517533176,FALSE,FALSE,"Enriched"
"K06384",6.87323022403586,3.20904542148846,1.20251340158545,2.66861510005419,0.0076164676940103,0.0222795378732704,TRUE,TRUE,"Enriched"
"K00175",3498.36451724347,-0.101711866007501,0.0533492493810023,-1.90652853015999,0.0565816677577565,0.118874127335362,FALSE,FALSE,"Suppressed"
"K02170",314.949533256455,-0.233326580695106,0.171025933306597,-1.36427602635457,0.17248070817874,0.288999955819267,FALSE,FALSE,"Suppressed"
"K01881",5109.28301918432,0.0950900759849426,0.0444119525734909,2.14109199156673,0.0322666203786866,0.0750836007972565,FALSE,FALSE,"Enriched"
"K15019",12.8501218291439,1.6660730583873,0.815580940187923,2.04280528920086,0.0410717167720964,0.0918578660040395,TRUE,FALSE,"Enriched"
"K23060",33.8438076150176,0.689281384244494,0.422375726387626,1.6319152384527,0.102697343407768,0.192960904942692,FALSE,FALSE,"Enriched"
"K06936",121.147320353099,-0.517167747428266,0.259145803928377,-1.99566321193918,0.0459705939563632,0.100636989425649,FALSE,FALSE,"Suppressed"
"K02600",4245.59831147112,0.00414678185146794,0.0505560128180156,0.082023514520319,0.934628014573991,0.961102050393993,FALSE,FALSE,"Enriched"
"K01852",19.3015708724997,0.754954365185299,0.573786260257698,1.31574144847288,0.18826083738772,0.309321887722981,FALSE,FALSE,"Enriched"
"K04343",670.647739536212,0.411912717215492,0.0996902609188963,4.13192535979624,0.0000359737245221771,0.000201287840239228,FALSE,FALSE,"Enriched"
"K07663",185.670806299699,-0.517082544834066,0.200266067534199,-2.5819778218083,0.00982358976670058,0.0274835201775719,TRUE,TRUE,"Suppressed"
"K19611",29.4917855450688,0.471692875079154,0.50060166528037,0.942251909639524,0.346063682984806,0.493486650110903,FALSE,FALSE,"Enriched"
"K06443",439.798996454309,1.07963211045463,0.120728019130917,8.94268056600749,0.000000000000000000379842480440401,0.0000000000000000132380530754629,TRUE,TRUE,"Enriched"
"K19300",25.1743402303303,0.0896258901181588,0.529280197995788,0.169335430377979,0.865532808959676,0.920468108429828,FALSE,FALSE,"Enriched"
"K16428",23.5203031501184,-3.22722502389622,0.628597419028708,-5.13400934557262,0.000000283634002466292,0.00000251071666334095,TRUE,TRUE,"Suppressed"
"K03745",47.6004660652536,-0.469446671849119,0.380692827772366,-1.23313768372285,0.217524400124739,0.345669962574461,FALSE,FALSE,"Suppressed"
"K22298",53.6164953433696,1.79506502416114,0.3877088317136,4.62993070399581,0.00000365788125044161,0.000026154065353392,TRUE,TRUE,"Enriched"
"K05786",1353.03786226448,0.381286463989852,0.0729365903324022,5.2276431109841,0.000000171684499823166,0.00000158652085518407,FALSE,FALSE,"Enriched"
"K06039",49.2756345835027,0.538897354334555,0.335800737988101,1.60481289458527,0.108534987380274,0.201790886709283,FALSE,FALSE,"Enriched"
"K00166",1200.72089823538,0.0307561578144729,0.0862239690615346,0.356700789226293,0.721315814637782,0.818932455970929,FALSE,FALSE,"Enriched"
"K00448",324.413983032044,0.0253579214818866,0.159300935519531,0.15918250196828,0.873525089483661,0.925096287682036,FALSE,FALSE,"Enriched"
"K13614",70.3928456568799,-0.332738209195947,0.298236110910283,-1.11568719220606,0.264556054807289,0.402175318611579,FALSE,FALSE,"Suppressed"
"K01195",378.321705704828,0.0844582238813704,0.139043223865567,0.607424234948898,0.54356940922866,0.677683938447587,FALSE,FALSE,"Enriched"
"K02259",2389.49623303927,0.0857818970998688,0.0587356599455701,1.46047387871971,0.144159881432132,0.251496314889752,FALSE,FALSE,"Enriched"
"K13581",571.698517632046,0.437483494413158,0.125211228837668,3.49396374809435,0.000475905636894298,0.00200037800097748,FALSE,FALSE,"Enriched"
"K01703",4591.31952927524,-0.180893089289897,0.0450323644791746,-4.01695739013553,0.0000589543787059937,0.000314578089000749,FALSE,FALSE,"Suppressed"
"K01476",1346.89822422482,0.297898843998407,0.0694756850862877,4.28781441490532,0.0000180439747829021,0.000107575955230616,FALSE,FALSE,"Enriched"
"K06905",57.2181933515966,-1.181806549899,0.322209747768105,-3.66781749492428,0.000244629691090445,0.00111242284286417,TRUE,TRUE,"Suppressed"
"K00246",121.924128149218,-0.339312089797128,0.234574390402567,-1.4465009978916,0.148036732327428,0.257009971666662,FALSE,FALSE,"Suppressed"
"K05714",186.328681088273,0.756985828731273,0.184891057358095,4.09422629492107,0.0000423580457498832,0.000232530802005884,TRUE,TRUE,"Enriched"
"K01662",4842.14601057304,0.0743687649874816,0.0455281114809359,1.63346913738388,0.102370366543913,0.192524472880458,FALSE,FALSE,"Enriched"
"K03167",200.851765829743,-0.679708039875357,0.179424795662623,-3.7882614683504,0.000151705147535408,0.000731296549635647,TRUE,TRUE,"Suppressed"
"K01820",510.321757818954,0.108023383214226,0.133019785842052,0.812085078399487,0.416742814655824,0.560095730847482,FALSE,FALSE,"Enriched"
"K18288",10.9500870947797,-0.404209419666877,0.719224497354289,-0.562007302523462,0.574111043715665,0.702548807307753,FALSE,FALSE,"Suppressed"
"K06195",517.529825582429,0.0668604531469831,0.117403164342066,0.569494472501425,0.569020620813897,0.698140568566478,FALSE,FALSE,"Enriched"
"K16648",1187.02479082484,0.620478387735923,0.0809566476865955,7.66432906335202,0.0000000000000179768451424545,0.000000000000436815850692551,TRUE,TRUE,"Enriched"
"K00937",5417.49231275939,0.00527696964720702,0.0436518112496201,0.120887759205019,0.903779937800854,0.943054549298103,FALSE,FALSE,"Enriched"
"K01590",102.487208575611,3.79011186220918,0.319695596718489,11.8553771184612,0.0000000000000000000000000000000201813577247021,0.00000000000000000000000000000151958149090072,TRUE,TRUE,"Enriched"
"K13598",1541.73237879302,0.245731826375857,0.082095673691439,2.99323722343097,0.00276035100745518,0.00924512948625433,FALSE,FALSE,"Enriched"
"K16421",317.916144751712,2.35046479240178,0.153293616414755,15.3330898401034,0.0000000000000000000000000000000000000000000000000000459594407145078,0.0000000000000000000000000000000000000000000000000107810241891455,TRUE,TRUE,"Enriched"
"K01071",8.31861968604108,1.02518016719783,0.902020526450502,1.1365375145419,0.255731674364215,0.39188630199682,FALSE,FALSE,"Enriched"
"K19091",9.60787081143306,0.438895077910658,0.813148279647643,0.539747901945808,0.589370900158276,0.714342829901694,FALSE,FALSE,"Enriched"
"K06989",176.641645867358,-0.4010815918545,0.189864550355885,-2.11246170547744,0.0346468672246737,0.0798304658871496,FALSE,FALSE,"Suppressed"
"K06597",245.043953733111,-0.43484874940551,0.233032441951073,-1.86604382533489,0.0620352342263147,0.12777875499706,FALSE,FALSE,"Suppressed"
"K08603",16.9695807637543,-0.642210429835055,1.47890835914706,-0.434246264052117,0.664109620725756,0.774549243455916,FALSE,FALSE,"Suppressed"
"K12283",54.1349217155393,-1.28857394238846,0.364403406153272,-3.53611936834221,0.000406051174378646,0.00173546328839199,TRUE,TRUE,"Suppressed"
"K00340",893.79254274254,0.0297558800865232,0.0870676783771372,0.341755754157523,0.732534709805622,0.826744854756567,FALSE,FALSE,"Enriched"
"K07695",106.208572655928,0.587610282963955,0.242976006323623,2.41838810282077,0.0155894395056363,0.0407893571621089,TRUE,TRUE,"Enriched"
"K19545",57.8891538542963,2.20280607946755,0.405048829649722,5.43837166835536,0.0000000537697178652431,0.000000539590054111949,TRUE,TRUE,"Enriched"
"K03759",99.8733085245977,-0.629839997997249,0.268207470500583,-2.34833130047315,0.0188577395304589,0.047782863895417,TRUE,TRUE,"Suppressed"
"K11606",23.0025348309049,0.456296180996171,0.520344300464397,0.876912038027389,0.380534417125735,0.525718904887569,FALSE,FALSE,"Enriched"
"K17235",52.981822962908,-1.65977101570625,0.347686278171376,-4.77376048441044,0.000001808174128018,0.0000137678576863693,TRUE,TRUE,"Suppressed"
"K04091",275.278288049481,-0.553991993824848,0.156900418960703,-3.53085095307235,0.000414225090540763,0.00176792080280484,TRUE,TRUE,"Suppressed"
"K01464",1863.32580269938,-0.0781489470652005,0.0713943777327018,-1.09460926121925,0.273687856488044,0.41215363869644,FALSE,FALSE,"Suppressed"
"K17840",39.3700142712844,-1.05215102792456,0.392877610693255,-2.67806308959163,0.00740492691222249,0.0217232560065632,TRUE,TRUE,"Suppressed"
"K01431",566.995000832001,0.269178735823844,0.101504210059945,2.65189725297972,0.00800408947217399,0.0232130012795003,FALSE,FALSE,"Enriched"
"K11740",304.126546217704,0.651644255071462,0.19759556812993,3.29786877933907,0.000974216508315542,0.00372494894750339,TRUE,TRUE,"Enriched"
"K13891",51.2488462170733,-0.680870518850784,0.345720286112799,-1.9694259961032,0.0489041929616792,0.105469120535107,FALSE,FALSE,"Suppressed"
"K20247",6.80086197738635,-1.3365470611908,0.963588316605533,-1.3870519579348,0.165425919915844,0.280414865360404,FALSE,FALSE,"Suppressed"
"K11071",1197.62753547021,0.116460618811624,0.0787760949130525,1.47837512052565,0.139307400871299,0.245087192378183,FALSE,FALSE,"Enriched"
"K18917",87.3368182135075,0.0317656622248468,0.280408279218959,0.11328361028899,0.909805710684825,0.946303511726021,FALSE,FALSE,"Enriched"
"K14084",7.77005004694658,-0.462195268397215,0.964314077798344,-0.479299513549017,0.631725568176804,0.747698793366922,FALSE,FALSE,"Suppressed"
"K01611",418.609303591457,-0.185164810952199,0.132031063791976,-1.40243368215179,0.160785781184794,0.274072800292358,FALSE,FALSE,"Suppressed"
"K03200",14.2528947252154,-0.626975869672993,0.675965538158965,-0.927526381567619,0.353653300849571,0.501145790399985,FALSE,FALSE,"Suppressed"
"K15061",10.6459619344011,-0.620285290397117,0.763153367137265,-0.812792443966966,0.416337068443739,0.55979712972627,FALSE,FALSE,"Suppressed"
"K01243",298.024119954466,-0.249299489597814,0.145011457073295,-1.71917098572292,0.0855832422599375,0.166732230467365,FALSE,FALSE,"Suppressed"
"K01781",281.160634759252,-0.33994010622759,0.161964120687448,-2.09886056729561,0.0358291938138759,0.0819048924553332,FALSE,FALSE,"Suppressed"
"K10676",69.5372031583243,-0.556271214086484,0.292615594832846,-1.90103064877403,0.0572979982805298,0.119965839860265,FALSE,FALSE,"Suppressed"
"K01061",3726.2777924812,0.00545182330806172,0.0487972400772408,0.111724009379056,0.911042241779807,0.947229224789472,FALSE,FALSE,"Enriched"
"K07124",1747.2862106802,0.0918474473480215,0.0665772255051206,1.379562555381,0.167721373186911,0.283337176055683,FALSE,FALSE,"Enriched"
"K04487",4173.68819550941,0.0728775831872336,0.045586684155824,1.59865944489676,0.109896293455217,0.20360191184185,FALSE,FALSE,"Enriched"
"K00314",63.7336021939821,-0.728693200004244,0.32311915124271,-2.25518418577699,0.0241217701401913,0.058659759204556,TRUE,FALSE,"Suppressed"
"K11811",81.5115207119705,0.122056918763213,0.273187172094453,0.44678861685721,0.655027690965824,0.766650141470075,FALSE,FALSE,"Enriched"
"K12685",113.728857808568,1.85133392363159,0.294837642728465,6.27916403922889,0.000000000340398297313416,0.0000000048169123325163,TRUE,TRUE,"Enriched"
"K21323",9.68682708293489,-0.0207335032617531,0.75012373646984,-0.0276401108960064,0.977949190006886,0.986787467763616,FALSE,FALSE,"Suppressed"
"K01489",893.279802740217,0.712750456917674,0.0860838855857908,8.27971985775839,0.000000000000000123465386037386,0.00000000000000356879331489106,TRUE,TRUE,"Enriched"
"K03647",5.4309521881426,-0.086068771224374,1.0927934139712,-0.0787603312062445,0.937223257100886,0.962148568432639,FALSE,FALSE,"Suppressed"
"K13894",288.033842848375,-0.175034463452428,0.142985231171798,-1.22414365468363,0.220898040309392,0.349936921518697,FALSE,FALSE,"Suppressed"
"K07054",2253.52863473328,0.26310240087937,0.0610710293314294,4.30813765151274,0.0000164634917746599,0.0000993183346524733,FALSE,FALSE,"Enriched"
"K07391",3245.23371210102,-0.000297990706724814,0.0508779013095749,-0.00585697717583987,0.995326835056621,0.99713160489675,FALSE,FALSE,"Suppressed"
"K00227",12.2957071563032,0.254287849384493,0.761640205630356,0.333868731593596,0.738478615792698,0.831913756505295,FALSE,FALSE,"Enriched"
"K16328",83.2831891050268,-0.852230939867064,0.28086538225192,-3.03430395385168,0.00241091392515122,0.00819630101978666,TRUE,TRUE,"Suppressed"
"K07074",291.879647728632,1.54937246701575,0.168666561273581,9.18600850883909,0.0000000000000000000407688907704416,0.00000000000000000151615527322514,TRUE,TRUE,"Enriched"
"K09763",194.826026224457,-0.207055811729241,0.183719025083487,-1.1270243331367,0.259732193073889,0.397019209412945,FALSE,FALSE,"Suppressed"
"K03574",1663.94393161227,0.333476629659708,0.0687858234776898,4.84804299490387,0.00000124685381469368,0.00000972450308927975,FALSE,FALSE,"Enriched"
"K00514",4.75749464254363,-0.29823225115088,1.40273960555131,-0.21260699417813,0.831633515603468,0.898995535566386,FALSE,FALSE,"Suppressed"
"K00213",14.5995647292999,1.88324770616972,0.740457859309,2.54335568526097,0.0109793400969158,0.0303962756473396,TRUE,TRUE,"Enriched"
"K03918",215.75081418816,-0.419423974978091,0.173588061179244,-2.41620288935078,0.0156833197199663,0.0409998143900876,FALSE,FALSE,"Suppressed"
"K09709",266.511228167326,-0.115760403826756,0.152518791279772,-0.758991091231579,0.447857886021773,0.590463736888629,FALSE,FALSE,"Suppressed"
"K00832",584.4141919295,0.177819507716511,0.113217969998982,1.57059438283614,0.116276895557351,0.212518065928763,FALSE,FALSE,"Enriched"
"K00169",1155.42199469648,-0.494205899699338,0.0764881708219369,-6.46120693420477,0.000000000103871160371479,0.00000000161198525981081,FALSE,FALSE,"Suppressed"
"K13613",9.64274462180952,0.306804132254166,0.975372366395396,0.314550773452807,0.753102760174911,0.842629560503904,FALSE,FALSE,"Enriched"
"K00276",236.929226260354,-0.257154876881272,0.16410220259221,-1.56704098311401,0.117105112433079,0.213743492083999,FALSE,FALSE,"Suppressed"
"K19092",25.1417623947332,-0.464931965586933,0.526489538004983,-0.883079210555049,0.37719347576436,0.52248535287005,FALSE,FALSE,"Suppressed"
"K11206",1023.84234663825,0.222400499958339,0.0877239243331044,2.53523199798772,0.0112372876930981,0.0309418589797768,FALSE,FALSE,"Enriched"
"K06325",13.8292513101577,3.66777528403046,0.913929600581712,4.01319235277633,0.0000599030599050536,0.000319081888524823,TRUE,TRUE,"Enriched"
"K05793",72.0358071446248,3.59175091009769,0.403755703336882,8.89585182429196,0.000000000000000000579728892143803,0.0000000000000000197528855485199,TRUE,TRUE,"Enriched"
"K17736",6.37792733899406,-0.834874251153649,1.12640384674288,-0.741185546878042,0.458580945520246,0.600576591524152,FALSE,FALSE,"Suppressed"
"K17811",65.3382813912466,-0.498038257385441,0.31916520252707,-1.56044034074548,0.118655857982671,0.21596003516452,FALSE,FALSE,"Suppressed"
"K08289",688.883849553282,0.21640861592787,0.143316082356388,1.51000929113957,0.131041053412462,0.233280614349856,FALSE,FALSE,"Enriched"
"K05973",1014.52644004614,0.224627766878337,0.0926822064697257,2.42363421668981,0.0153660739772656,0.0402762769429776,FALSE,FALSE,"Enriched"
"K10192",11.5598425005857,-0.624765036676031,0.710118347492436,-0.879804104318943,0.378965440864834,0.524225498715043,FALSE,FALSE,"Suppressed"
"K01254",69.4544016032762,-0.210958332713654,0.307911529003574,-0.685126449783586,0.493264130979523,0.630827832846322,FALSE,FALSE,"Suppressed"
"K18334",507.434370954939,0.641404433219734,0.107880263988849,5.94552153938028,0.00000000275578008006274,0.0000000334145183067647,TRUE,TRUE,"Enriched"
"K02888",1090.40113769984,0.120624272269021,0.0968201439407455,1.24585925365742,0.212816071398004,0.340048524877241,FALSE,FALSE,"Enriched"
"K05845",1827.33013596396,0.0577383909446974,0.0617325301795875,0.935299278625537,0.349634086972862,0.497299043014805,FALSE,FALSE,"Enriched"
"K01879",2413.3721197858,0.0294926449914655,0.069535350705243,0.424138868824915,0.671464540173152,0.780370534481954,FALSE,FALSE,"Enriched"
"K02283",4287.64226003362,-0.0326004752555609,0.0447409342949148,-0.728649854307271,0.466215874249105,0.606926492432292,FALSE,FALSE,"Suppressed"
"K03522",2932.74002807569,-0.1013008064695,0.0517137128638444,-1.95887707262891,0.0501271846831957,0.107612002598666,FALSE,FALSE,"Suppressed"
"K03605",377.142008302032,-0.129224427551595,0.129740616276366,-0.996021379121006,0.319239757663373,0.463782795087694,FALSE,FALSE,"Suppressed"
"K16317",132.414113911622,-0.359640748248479,0.23080802869173,-1.55818127422604,0.119190282669737,0.216803320609224,FALSE,FALSE,"Suppressed"
"K08984",532.570765242559,-0.156450616547652,0.110780587899372,-1.41225660121758,0.157874419946456,0.270243078095267,FALSE,FALSE,"Suppressed"
"K07742",544.371428095834,0.322744959295002,0.117007484487049,2.75832747545927,0.00580979636839578,0.0175676490088477,FALSE,FALSE,"Enriched"
"K08969",53.5495753689402,0.542788215532707,0.354857522137323,1.52959478571419,0.126117060924538,0.226462205331335,FALSE,FALSE,"Enriched"
"K04084",2524.01750711516,-0.0532797097517562,0.0692268647107925,-0.769639214116392,0.441513936812065,0.584246799873462,FALSE,FALSE,"Suppressed"
"K05982",520.636261650475,0.450344157226923,0.11895289124878,3.78590341520213,0.000153151155524191,0.000737228806268382,FALSE,FALSE,"Enriched"
"K16434",7.95567071139896,-6.49263717748977,1.43473358889848,-4.52532597530843,0.00000603024851272155,0.0000404159183286689,TRUE,TRUE,"Suppressed"
"K17319",476.757655826461,1.70480233154965,0.13509629864367,12.6191638754385,0.00000000000000000000000000000000000165569837642857,0.000000000000000000000000000000000153001581785422,TRUE,TRUE,"Enriched"
"K03325",1887.15213198397,-0.177870624247221,0.0655123457034567,-2.71507030220468,0.00662617026533806,0.0197136646089253,FALSE,FALSE,"Suppressed"
"K09935",165.68210187197,1.57435107958724,0.206835836024011,7.61159724470798,0.0000000000000270729087571046,0.000000000000644990900428051,TRUE,TRUE,"Enriched"
"K19689",951.355927721698,0.025201326294596,0.0917578994937818,0.274650209231346,0.783584987720266,0.865149319352987,FALSE,FALSE,"Enriched"
"K00849",1297.10847627905,0.106441608268524,0.0716045236735293,1.48652072254303,0.137141439768825,0.242301750043472,FALSE,FALSE,"Enriched"
"K01631",311.925589441702,0.513007691514523,0.160532989988745,3.19565275368315,0.00139514909665624,0.00511051912342729,TRUE,TRUE,"Enriched"
"K02623",25.4701288984578,0.291638836287391,0.514045978895533,0.56733998175416,0.570483218113924,0.699512896517255,FALSE,FALSE,"Enriched"
"K13583",296.776287006487,0.547848568171201,0.14492195316801,3.78030074943907,0.00015663903226706,0.000750464617279496,TRUE,TRUE,"Enriched"
"K00571",443.889195455054,0.554896161688354,0.124959798707705,4.4405974355506,0.00000897094749466943,0.0000578690680592175,TRUE,TRUE,"Enriched"
"K07341",214.335485908993,-0.300513159645386,0.173406045148822,-1.73300278769103,0.0830951733111008,0.162487163201155,FALSE,FALSE,"Suppressed"
"K02117",884.950836925824,-0.473568176524344,0.0904602749177157,-5.23509548202357,0.000000164899596096366,0.00000153311377529228,FALSE,FALSE,"Suppressed"
"K10926",24.1509775216224,-0.254628073666765,0.560691003956398,-0.454132618269306,0.64973337747816,0.762355496198403,FALSE,FALSE,"Suppressed"
"K02045",1113.33410677642,-0.371276094175119,0.0748085012379322,-4.96302008503361,0.000000694054015908736,0.00000569722132305165,FALSE,FALSE,"Suppressed"
"K01070",613.386577409854,0.249012792185965,0.133645406626339,1.86323494740214,0.0624292180340763,0.128546860496229,FALSE,FALSE,"Enriched"
"K16147",2704.24844095637,0.141709173964059,0.0596008639698158,2.3776362375523,0.0174240051337875,0.044782556810354,FALSE,FALSE,"Enriched"
"K03437",1519.16026885268,0.166619113668909,0.0687182740162034,2.42466965380447,0.0153223222316335,0.0402458412104792,FALSE,FALSE,"Enriched"
"K08482",2581.87327335511,-0.134584713240365,0.0704605929217947,-1.91007068858677,0.0561241124017252,0.11803481432349,FALSE,FALSE,"Suppressed"
"K18335",288.820992439905,-0.235809538881276,0.153094258734736,-1.5402898895762,0.123489707139977,0.222895449495923,FALSE,FALSE,"Suppressed"
"K13775",720.663843336468,-0.297138649786065,0.105583314791267,-2.81425763505809,0.00488900283461325,0.0151460802187273,FALSE,FALSE,"Suppressed"
"K03798",9357.95560761869,-0.132185455149462,0.0346441132592076,-3.81552427566696,0.000135894094636682,0.000665717335894879,FALSE,FALSE,"Suppressed"
"K12276",159.191514847798,-0.468567268164775,0.191588636996177,-2.44569446033549,0.0144573461062366,0.0382042261273557,FALSE,FALSE,"Suppressed"
"K16137",599.372839733404,0.268875988418769,0.102729033718506,2.61733201108006,0.00886200970751316,0.0252618844437129,FALSE,FALSE,"Enriched"
"K18139",1336.53736583417,-0.0978495864462798,0.0919875560414051,-1.06372634144379,0.287452687868802,0.427082568407264,FALSE,FALSE,"Suppressed"
"K10700",14.9368736556689,-1.25300964783727,0.679644138685663,-1.84362606328131,0.0652376549669829,0.133257223941987,FALSE,FALSE,"Suppressed"
"K20754",163.779055250903,-0.554055936455723,0.2000870714112,-2.76907414631043,0.00562158402693468,0.0170747216037224,TRUE,TRUE,"Suppressed"
"K02099",19.1423173932578,-0.414608359548866,0.565522030216614,-0.73314272016964,0.463471386791246,0.604392745962478,FALSE,FALSE,"Suppressed"
"K19355",624.883986754403,0.626744207443419,0.113718823235585,5.51134974502006,0.0000000356092340621459,0.000000365009611000047,TRUE,TRUE,"Enriched"
"K15054",208.758360165538,-0.201483318860721,0.169534563414757,-1.18844980517514,0.234656244256654,0.367060383103701,FALSE,FALSE,"Suppressed"
"K03699",2527.7688115881,0.367869824511842,0.0561564534712113,6.55080229915928,0.0000000000572287815550583,0.000000000923381848424075,FALSE,FALSE,"Enriched"
"K11065",100.674151234079,-0.0457593172197674,0.234458012616621,-0.195170626540248,0.845259373478643,0.90729266435168,FALSE,FALSE,"Suppressed"
"K07164",908.992331841099,-0.186784475412723,0.0962127613582893,-1.94136903229657,0.0522135317245115,0.111151947639719,FALSE,FALSE,"Suppressed"
"K21867",12.2536936547713,-0.938373545324208,0.761846407293433,-1.23170961540386,0.218057576697153,0.346336760488525,FALSE,FALSE,"Suppressed"
"K01724",1099.21530536074,0.421617694331278,0.0836824325638377,5.03830590739154,0.000000469670365700511,0.00000398403276829961,FALSE,FALSE,"Enriched"
"K07261",372.159331467696,-0.357902297615808,0.145863979621826,-2.45367155444218,0.0141406071459145,0.0374646233635676,FALSE,FALSE,"Suppressed"
"K09141",136.318913741989,-0.684060252770419,0.217602087764615,-3.14362908829433,0.00166866798695886,0.00594462970354095,TRUE,TRUE,"Suppressed"
"K00206",188.730298910422,-0.246432945421982,0.190513817253051,-1.29351744128173,0.195832155761832,0.318586374497577,FALSE,FALSE,"Suppressed"
"K01579",527.162077102517,0.11388224342787,0.105677130060726,1.07764322670789,0.281193003614969,0.420239188690932,FALSE,FALSE,"Enriched"
"K06151",314.425206828224,-0.375059251845533,0.137899449095906,-2.71980239445836,0.00653209386974892,0.019462257211333,FALSE,FALSE,"Suppressed"
"K18214",13.5624230472159,3.5681065270687,0.86790298888171,4.11118128728442,0.0000393639966645834,0.000217786169719206,TRUE,TRUE,"Enriched"
"K15460",43.6954511387928,-0.759464121465952,0.385127722456069,-1.97197988403076,0.0486119029364196,0.105139029714344,FALSE,FALSE,"Suppressed"
"K00426",2113.29617179533,0.247191106538189,0.0631477584238468,3.91448742929314,0.0000905964572810763,0.000464325876434693,FALSE,FALSE,"Enriched"
"K01752",1593.26466663247,0.397678906666776,0.0745589116760258,5.33375417810247,0.0000000962027398797518,0.000000926920237798746,FALSE,FALSE,"Enriched"
"K03718",368.799091961341,0.105469035397642,0.136711191535908,0.771473309629807,0.440426436723059,0.583509913817837,FALSE,FALSE,"Enriched"
"K13039",31.2003616918783,0.309129321752605,0.45222171593907,0.683579118067508,0.494240974504809,0.631547392311928,FALSE,FALSE,"Enriched"
"K04021",149.299184531269,-0.0854162123697581,0.210155944829059,-0.406442046829729,0.684417830586463,0.789384332213849,FALSE,FALSE,"Suppressed"
"K12132",49455.2915983881,-0.193645945088618,0.0278082283013176,-6.96362037129289,0.00000000000331637540361108,0.0000000000616663828860486,FALSE,FALSE,"Suppressed"
"K03763",83.880994120015,0.667409244031197,0.289591121980346,2.30466058305645,0.0211855900971355,0.0526027028846277,TRUE,FALSE,"Enriched"
"K03559",1502.13093603191,-0.155908016709242,0.0745882613861079,-2.09024870417853,0.0365954645257586,0.0834064791265327,FALSE,FALSE,"Suppressed"
"K14136",215.459190143213,-0.841700745589584,0.179381233874388,-4.69224526674283,0.00000270222891293561,0.0000198326042599209,TRUE,TRUE,"Suppressed"
"K07568",2209.69035819394,-0.0535062790205773,0.0709644423653113,-0.753987169308501,0.4508569261751,0.593904188497178,FALSE,FALSE,"Suppressed"
"K16052",297.420688455392,0.0171873742731121,0.142612500808902,0.120518006315189,0.904072816628508,0.9431987869684,FALSE,FALSE,"Enriched"
"K21966",191.10193936841,1.0340818757983,0.223230188176883,4.63235678043204,0.00000361526424524968,0.0000259101017999739,TRUE,TRUE,"Enriched"
"K01664",410.593372318682,0.796356571140154,0.128538330209985,6.19547935498457,0.000000000581079090664407,0.000000007849325192925,TRUE,TRUE,"Enriched"
"K02518",628.696538075329,0.246290787953038,0.108343584766786,2.27323831386222,0.0230118225917218,0.0563877484881121,FALSE,FALSE,"Enriched"
"K16438",55.6905831015916,3.18949431634184,0.397141077209646,8.03113679086423,0.000000000000000965736025837316,0.0000000000000262947500963473,TRUE,TRUE,"Enriched"
"K03657",12278.1805730168,-0.0223908127789897,0.0326566653779196,-0.685642962007046,0.492938282822079,0.630543327796112,FALSE,FALSE,"Suppressed"
"K00384",6909.20616347312,0.067772168285693,0.0388050482710947,1.74647813377868,0.0807279034211154,0.158569881792394,FALSE,FALSE,"Enriched"
"K10353",16.0223144436242,1.33785586881392,0.614758259622498,2.1762308157282,0.0295380057783284,0.0697250905620057,TRUE,FALSE,"Enriched"
"K15342",185.283716996358,-0.143288736828213,0.17764276371516,-0.806611729245379,0.419890213988804,0.563646140804632,FALSE,FALSE,"Suppressed"
"K01178",595.724062152509,-0.592753889849738,0.105362539607078,-5.62585044039616,0.0000000184596234477383,0.000000199619225900276,TRUE,TRUE,"Suppressed"
"K03742",1167.66034953402,-0.272960624371087,0.0765270635616411,-3.56685088473599,0.000361296930893324,0.00156948004381651,FALSE,FALSE,"Suppressed"
"K03905",7.53926840490573,-1.22320388020999,0.885981241854205,-1.38062051703266,0.167395671552283,0.28304580005472,FALSE,FALSE,"Suppressed"
"K11783",203.313841338422,1.12471157881672,0.199086694765527,5.64935582531689,0.0000000161050190530517,0.000000176981101269482,TRUE,TRUE,"Enriched"
"K05895",132.603430076945,0.52310004712682,0.23288041033237,2.24621747436912,0.024690081490738,0.0599223267059335,TRUE,FALSE,"Enriched"
"K06377",499.295497203285,2.19351489365509,0.138267570864275,15.8642759104249,0.0000000000000000000000000000000000000000000000000000000112001752563044,0.00000000000000000000000000000000000000000000000000000296999429948698,TRUE,TRUE,"Enriched"
"K10944",10.4240711124394,-0.205935629832919,0.739250199675607,-0.278573654661557,0.780572033160528,0.862566314221867,FALSE,FALSE,"Suppressed"
"K00773",2550.87879445044,-0.111545296028219,0.05908097533056,-1.88800701755717,0.0590250083578961,0.122697179950514,FALSE,FALSE,"Suppressed"
"K00019",1451.72243852553,0.333823007086626,0.081634103479679,4.08925918038316,0.0000432753096053936,0.000236904779878724,FALSE,FALSE,"Enriched"
"K21271",33.3615802145302,-0.549281884060364,0.412057248537933,-1.33302322919772,0.18252418088716,0.301684276214306,FALSE,FALSE,"Suppressed"
"K17810",10.8183285896097,-1.02142119189213,0.787086440120277,-1.2977242902775,0.194382093718161,0.316818917580723,FALSE,FALSE,"Suppressed"
"K13479",93.6296014524915,-0.222007963536408,0.26217178083772,-0.846803431044424,0.397104695509752,0.540586643822946,FALSE,FALSE,"Suppressed"
"K02121",47.6212918943967,-1.07831407417961,0.350864524654704,-3.07330607231041,0.00211701234102641,0.00729472218526557,TRUE,TRUE,"Suppressed"
"K02612",576.139194566646,0.296211166882837,0.113796956371623,2.6029796958322,0.00924174267844125,0.0261313808974563,FALSE,FALSE,"Enriched"
"K15329",64.4732649290047,2.88365378511635,0.384750845831014,7.49486015784582,0.000000000000066369084929793,0.00000000000150477713377995,TRUE,TRUE,"Enriched"
"K09704",82.1556263864794,0.253117707485814,0.271936677397287,0.930796499789617,0.351958840634695,0.499772741882333,FALSE,FALSE,"Enriched"
"K00013",2769.45193487485,0.0362607677636905,0.0502658174083671,0.721380246721196,0.470675596569272,0.610906674500104,FALSE,FALSE,"Enriched"
"K07738",1104.20018570903,0.0167504679715205,0.0869882597253798,0.192560099769801,0.847303495797197,0.908520462268841,FALSE,FALSE,"Enriched"
"K00185",2395.26703325932,-0.358547459090339,0.0569128639977744,-6.29993702485891,0.000000000297766598668933,0.0000000042933297524393,FALSE,FALSE,"Suppressed"
"K02935",1016.02671962533,-0.0517164156900139,0.093057698219554,-0.555745700565231,0.578384710148631,0.704527331175654,FALSE,FALSE,"Suppressed"
"K17876",67.784967936367,3.40289442334907,0.372147665182028,9.14393597413709,0.0000000000000000000602197394014118,0.00000000000000000222594054914673,TRUE,TRUE,"Enriched"
"K13896",466.590546986486,-0.0441504883241461,0.138616208525223,-0.318508843907041,0.75009898722762,0.840347855088401,FALSE,FALSE,"Suppressed"
"K16881",769.697393001459,-0.126268665007043,0.0938918658116193,-1.34483071473287,0.178679908950062,0.297182646492072,FALSE,FALSE,"Suppressed"
"K02081",545.963350891251,1.00064558298056,0.112848566924821,8.86715365776142,0.000000000000000000750393303387513,0.0000000000000000254258264297802,TRUE,TRUE,"Enriched"
"K18545",182.753565318278,1.85208400071161,0.201274412272179,9.20178566069831,0.0000000000000000000352050008865581,0.00000000000000000132540308893283,TRUE,TRUE,"Enriched"
"K03091",242.293860285742,0.101238648429009,0.174577820798979,0.579905557107295,0.561978308039908,0.692014059110854,FALSE,FALSE,"Enriched"
"K05881",55.7473133247014,0.0756927269043882,0.352741710004079,0.214583999446828,0.830091669937855,0.897965430108368,FALSE,FALSE,"Enriched"
"K09772",502.728562273571,0.480327878174469,0.11858096353527,4.05063227565698,0.0000510794250250442,0.000275449525400305,FALSE,FALSE,"Enriched"
"K16049",136.604729389051,-1.50083509953182,0.217968603979623,-6.88555632384617,0.00000000000575621335078797,0.000000000103560900373026,TRUE,TRUE,"Suppressed"
"K18827",181.492917945084,-0.649462594496463,0.205692021849725,-3.15745155624437,0.00159154678761017,0.00570990815154965,TRUE,TRUE,"Suppressed"
"K03666",296.992780535866,0.347301696207603,0.170902545999729,2.03216221371069,0.0421372368266836,0.0939996369443831,FALSE,FALSE,"Enriched"
"K05825",1068.36845747562,0.630594854081484,0.082713049521095,7.6238859252875,0.0000000000000246150913853017,0.000000000000591052922673051,TRUE,TRUE,"Enriched"
"K02452",262.339591583572,-0.0897548048951205,0.163868003464244,-0.547726236956961,0.58387989392556,0.70923789544951,FALSE,FALSE,"Suppressed"
"K23549",12.5841198382909,-4.23734019962168,1.01021690224518,-4.19448555078052,0.0000273491583602998,0.000157360864942895,TRUE,TRUE,"Suppressed"
"K01280",16.7321984183699,-1.0653485114708,0.652124149820853,-1.63365903833413,0.102330463785405,0.192524472880458,FALSE,FALSE,"Suppressed"
"K05831",128.098984479679,-0.248091135255695,0.240470660106509,-1.03168983337015,0.302217441592851,0.443402496096896,FALSE,FALSE,"Suppressed"
"K03687",1660.08141069259,0.0682953072027062,0.0631973812852815,1.08066672722422,0.279845388768596,0.419046655069892,FALSE,FALSE,"Enriched"
"K00600",4988.98304101417,0.0543321645800206,0.0431816948281548,1.2582221424203,0.208311429262805,0.333900501202063,FALSE,FALSE,"Enriched"
"K11075",255.605584762038,0.0852277756115008,0.154115422249133,0.553012634087504,0.580254758958252,0.706168006314553,FALSE,FALSE,"Enriched"
"K18554",126.393543869768,0.623012061515684,0.230221941047844,2.70613677688613,0.00680710028927889,0.0201634311142846,TRUE,TRUE,"Enriched"
"K09157",145.450790760899,-0.554895141952993,0.226636311805142,-2.4483946880943,0.0143494371372254,0.0379619049850489,TRUE,TRUE,"Suppressed"
"K00001",183.322427391236,0.191670107745204,0.194531023249645,0.985293268617782,0.324480038218019,0.468847134113172,FALSE,FALSE,"Enriched"
"K15016",269.496797580474,0.0039867856351679,0.147364290631411,0.027053946502818,0.978416706668423,0.986787467763616,FALSE,FALSE,"Enriched"
"K10235",15.1935976746832,-0.395498296866829,0.694062792146915,-0.569830714658325,0.568792521182265,0.698001124082622,FALSE,FALSE,"Suppressed"
"K01147",671.9092306638,-0.374262169067043,0.0991249975332017,-3.77565879829338,0.000159585317225829,0.000763381058635555,FALSE,FALSE,"Suppressed"
"K18237",7.35058971964106,0.969365270223994,0.948245417916974,1.02227255930581,0.306651917025969,0.448957569912684,FALSE,FALSE,"Enriched"
"K02548",1094.50571855973,-0.308940227525513,0.0857002030672837,-3.60489492986338,0.000312279242149205,0.00137814117067149,FALSE,FALSE,"Suppressed"
"K12941",898.767609556502,-0.173551974978318,0.0881186438721029,-1.96952616781319,0.0488927006709049,0.105469120535107,FALSE,FALSE,"Suppressed"
"K03739",23.5536238551991,1.83108118323266,0.53213161678651,3.4410306124834,0.000579502965498245,0.00236889315454008,TRUE,TRUE,"Enriched"
"K02872",6.22513352535201,-0.821525136460346,1.30535421075711,-0.629350355398064,0.529119711538012,0.664970352497493,FALSE,FALSE,"Suppressed"
"K08992",84.4767899313058,-0.903364919071426,0.264659580128963,-3.41330897083429,0.000641791350286415,0.00259052643639765,TRUE,TRUE,"Suppressed"
"K03342",559.609979599542,0.208181460270506,0.121108889580753,1.71896101922143,0.0856214700481696,0.166732230467365,FALSE,FALSE,"Enriched"
"K00931",1635.28077359894,0.00202669644613299,0.0654259517570266,0.0309769501506002,0.975287921964654,0.985802079636088,FALSE,FALSE,"Enriched"
"K00337",4743.1898531354,0.0127576062454116,0.0452964696113443,0.281646811658288,0.778214342080351,0.861090216318589,FALSE,FALSE,"Enriched"
"K11784",998.347559817992,0.301034771236157,0.0812915532724862,3.70314945548033,0.000212939347531274,0.000984390383732889,FALSE,FALSE,"Enriched"
"K01707",261.239140494437,1.31453207502737,0.152367695018891,8.62736733573601,0.00000000000000000627802905255262,0.000000000000000195355608119992,TRUE,TRUE,"Enriched"
"K06328",4.63337783585915,5.59222874607372,1.65570373704267,3.37755397959195,0.000731335974883691,0.00291340177061765,TRUE,TRUE,"Enriched"
"K19046",41.0268520652713,0.670966191045041,0.420211339045368,1.5967350918453,0.110324769880344,0.204147685527979,FALSE,FALSE,"Enriched"
"K03553",3785.76769205038,-0.0567209987370609,0.0483711624410089,-1.17262012890914,0.240948173730023,0.374501251676711,FALSE,FALSE,"Suppressed"
"K02800",39.227103072212,0.1858794238906,0.418145963582502,0.444532388398686,0.656657717724679,0.767821207899313,FALSE,FALSE,"Enriched"
"K11333",9.41911537108734,-0.291264447170656,0.861536799892234,-0.338075456796609,0.735306325386279,0.829412479846664,FALSE,FALSE,"Suppressed"
"K00564",339.526027845914,0.15194074736791,0.161606288838455,0.940190808538358,0.347119695629004,0.494363699942847,FALSE,FALSE,"Enriched"
"K05540",972.619061501583,0.0584565563548112,0.09826610752409,0.594880145633941,0.551923589677147,0.684044294541947,FALSE,FALSE,"Enriched"
"K10810",27.7995347132208,-0.449600829428515,0.455524210948787,-0.986996560494702,0.323644324757626,0.467798750021285,FALSE,FALSE,"Suppressed"
"K09723",7.46550272632167,-2.2646996610277,0.941869061692848,-2.40447399021398,0.0161957586823108,0.0419617384041689,TRUE,TRUE,"Suppressed"
"K00477",37.6816370177035,-1.13608776121512,0.406398798831622,-2.7954998008885,0.00518195337148246,0.0159137631483744,TRUE,TRUE,"Suppressed"
"K00563",223.458947422779,1.21731815365595,0.170099028879345,7.15652618169516,0.000000000000827470826115678,0.0000000000168787443761857,TRUE,TRUE,"Enriched"
"K00980",49.4798540304293,-0.42016089457563,0.339078038543522,-1.23912741851519,0.215298314471202,0.343026233009369,FALSE,FALSE,"Suppressed"
"K02103",5.54856620864286,0.372577493591928,1.27309546389802,0.292654796248471,0.769786025114498,0.853933242483326,FALSE,FALSE,"Enriched"
"K01622",132.125816626044,-0.284547738176509,0.217425346825987,-1.30871465691736,0.190631024991865,0.312041301575041,FALSE,FALSE,"Suppressed"
"K22336",185.128238289425,-0.574686083643509,0.191105757686051,-3.00716258160889,0.00263698688184274,0.00889053786200047,TRUE,TRUE,"Suppressed"
"K19243",24.231285128338,-0.364089790310934,0.488266455345144,-0.745678484207087,0.455861659450032,0.598668476801494,FALSE,FALSE,"Suppressed"
"K15518",9.93648859635266,3.74904956356658,1.00821754368266,3.71849268747361,0.000200415092885389,0.000933974349966617,TRUE,TRUE,"Enriched"
"K05777",26.8138610164218,-0.28018102384677,0.475943904906907,-0.58868497097693,0.556072621527567,0.687510017980262,FALSE,FALSE,"Suppressed"
"K04708",8.28392166868836,-0.708179977692637,0.831906071264304,-0.851273962475557,0.394617185160443,0.537882300257921,FALSE,FALSE,"Suppressed"
"K10947",287.221446395342,0.338418795749225,0.150785664740384,2.24436982343049,0.0248086164326601,0.0601621278818265,FALSE,FALSE,"Enriched"
"K03339",5.73854282382166,5.906104566906,1.51102423077279,3.90867627839787,0.0000928032195135985,0.000474042576058155,TRUE,TRUE,"Enriched"
"K00129",14.8304992569889,-0.121668543571173,0.632444516161712,-0.192378209411279,0.847445959968427,0.908520462268841,FALSE,FALSE,"Suppressed"
"K03439",1231.77554867557,0.221922663170354,0.0829819532700729,2.6743485110321,0.00748745956077078,0.0219337251974741,FALSE,FALSE,"Enriched"
"K03826",6.02275248919991,2.91360241155455,1.23313771824268,2.36275508278723,0.0181396531381946,0.0462709094478666,TRUE,TRUE,"Enriched"
"K02574",15.5896523574322,0.093674096644418,0.633498533706009,0.147867898125065,0.882447023242607,0.931149549265858,FALSE,FALSE,"Enriched"
"K23842",820.049731452931,0.355483490827042,0.107096768545314,3.31927373398416,0.000902519118586257,0.00349301407342892,FALSE,FALSE,"Enriched"
"K02011",3555.53944245977,-0.13855981232141,0.0501306118899023,-2.76397608362965,0.00571017244495189,0.0173093149809948,FALSE,FALSE,"Suppressed"
"K03586",102.877579410622,-0.261599594396423,0.246072151425979,-1.06310117939175,0.287736069677573,0.427399485865446,FALSE,FALSE,"Suppressed"
"K09472",93.6145555406531,-0.45419617271728,0.25220282451141,-1.80091628076406,0.0717160764693573,0.14390798077358,FALSE,FALSE,"Suppressed"
"K00209",43.2885342212655,0.0732775822504724,0.38138991613802,0.192132982939051,0.847638039535462,0.908566678932651,FALSE,FALSE,"Enriched"
"K04525",16.9558008550428,-1.24676234524972,0.645969132299736,-1.93006489460429,0.0535987975014705,0.11374358592953,FALSE,FALSE,"Suppressed"
"K00123",7262.29426157372,0.0142948216394357,0.0375275582617999,0.380915314013028,0.703266088701287,0.80442983401897,FALSE,FALSE,"Enriched"
"K13014",32.6759603284636,-1.01617181651749,0.421107867173967,-2.41309150393452,0.0158178478646263,0.0412807249150004,TRUE,TRUE,"Suppressed"
"K14728",35.0146674881247,-0.301436685726098,0.471620236096938,-0.639151297282629,0.522724511650612,0.658869075419958,FALSE,FALSE,"Suppressed"
"K02357",2520.88020100035,0.00383901989003841,0.0525786732323531,0.0730147729873899,0.941794361744991,0.965703398164542,FALSE,FALSE,"Enriched"
"K09902",65.6831905505186,-0.455636775773112,0.340752316631441,-1.33714945881331,0.181173855631631,0.299940104640966,FALSE,FALSE,"Suppressed"
"K07787",3500.96823602253,-0.413088516645659,0.0476517926198873,-8.66889772522972,0.00000000000000000436323658006124,0.000000000000000137172061349451,FALSE,FALSE,"Suppressed"
"K05685",441.286612532653,-0.0394535890227242,0.12502429425692,-0.315567380381678,0.752330900073114,0.841920396246959,FALSE,FALSE,"Suppressed"
"K13049",312.949491014345,0.582066424307241,0.183717753263804,3.16826443806679,0.00153351966006048,0.0055212139354834,TRUE,TRUE,"Enriched"
"K10804",899.624348000336,-0.206109537402459,0.0913026056353534,-2.25743324594289,0.0239810162785494,0.0583873126877736,FALSE,FALSE,"Suppressed"
"K16639",8.54020818744032,-0.128025601966838,1.02875629466194,-0.124446968277272,0.900961387046745,0.941402004385489,FALSE,FALSE,"Suppressed"
"K11645",876.982503825483,-0.474146265875118,0.09673436668331,-4.90152861006867,0.000000950937971644027,0.00000761124762343428,FALSE,FALSE,"Suppressed"
"K00014",1782.23995484264,-0.0915677243528461,0.066014228654154,-1.38709072603977,0.165414099560609,0.280414865360404,FALSE,FALSE,"Suppressed"
"K11081",10.5973311649856,0.19491267729545,0.847143602875021,0.23008221585332,0.818027883901729,0.889807751724032,FALSE,FALSE,"Enriched"
"K22025",426.691689788969,-0.140593585796863,0.137980845390053,-1.01893552977897,0.308233574619369,0.450819321727465,FALSE,FALSE,"Suppressed"
"K12543",269.167324863211,0.720186398809599,0.149515863434272,4.8167892173274,0.00000145886653398952,0.0000113057522119467,TRUE,TRUE,"Enriched"
"K08324",18.2665984826164,-0.168438909435612,0.615703042520988,-0.273571669787339,0.784413807914745,0.86559432141705,FALSE,FALSE,"Suppressed"
"K22349",176.205605353058,-0.631583966513633,0.216345724962303,-2.91932723248255,0.00350787778663136,0.011374027974835,TRUE,TRUE,"Suppressed"
"K23989",9.44683496656926,-0.330762308565719,0.785709324159121,-0.420972869221968,0.673774893363507,0.782338289594196,FALSE,FALSE,"Suppressed"
"K09165",187.138901683472,-0.368445692328299,0.175109339772646,-2.1040893238857,0.0353706559599779,0.0810693839533653,FALSE,FALSE,"Suppressed"
"K02429",1025.12676742851,0.31806040926246,0.104782409227006,3.03543707010397,0.00240187340749284,0.00817012041957547,FALSE,FALSE,"Enriched"
"K02000",364.139081457456,0.906040287656682,0.133826343328412,6.77026858182355,0.0000000000128543540849489,0.000000000221465269955095,TRUE,TRUE,"Enriched"
"K07056",2276.77770571101,0.0835050672858892,0.0580192486356022,1.43926488621654,0.150075487508425,0.25980993423613,FALSE,FALSE,"Enriched"
"K03196",258.487850696193,0.362110563454663,0.172420398308945,2.10016081047342,0.0357146974682143,0.0817764256673323,FALSE,FALSE,"Enriched"
"K12507",137.217005079826,0.274009730296262,0.215310423569194,1.27262640495528,0.203150644150425,0.327955473444532,FALSE,FALSE,"Enriched"
"K03761",386.318781936549,0.677161090439784,0.148342571900204,4.56484663684634,0.00000499859626222005,0.0000342159804750619,TRUE,TRUE,"Enriched"
"K07400",205.169046975516,-0.340964117661413,0.215737687650098,-1.58045690289598,0.114002269088778,0.209364600774603,FALSE,FALSE,"Suppressed"
"K01725",75.5761409950014,-0.639364692797663,0.298559419122707,-2.14149898427719,0.032233820304943,0.0750645551889451,TRUE,FALSE,"Suppressed"
"K18677",30.5634941617254,-0.686806533879992,0.465579981753927,-1.47516336783352,0.140168627367598,0.24636554994668,FALSE,FALSE,"Suppressed"
"K02294",45.7356208647841,-0.0521415782930706,0.356261954788666,-0.14635741367332,0.883639244197045,0.93192387175476,FALSE,FALSE,"Suppressed"
"K07544",89.9436310462531,-0.425648934549026,0.279373859502421,-1.5235818243952,0.127613206349855,0.228579425999343,FALSE,FALSE,"Suppressed"
"K12600",488.276661879792,-0.159676634117561,0.115263302659314,-1.38532065656248,0.165954440190005,0.281028582050298,FALSE,FALSE,"Suppressed"
"K00284",600.958624075535,-0.288667345863707,0.101602450267226,-2.84114551474377,0.00449517959986236,0.0141174564261383,FALSE,FALSE,"Suppressed"
"K06287",1925.62020270008,-0.0184179539597027,0.0603487560375023,-0.305191940464478,0.760219970364575,0.847018925694837,FALSE,FALSE,"Suppressed"
"K21224",27.1975097150083,2.44872070321021,0.528166258487497,4.6362687200477,0.00000354754717829768,0.0000255147290571198,TRUE,TRUE,"Enriched"
"K02424",69.8668429304109,1.1700980078912,0.350102908314458,3.34215449258773,0.000831307772546551,0.00325844865344564,TRUE,TRUE,"Enriched"
"K00101",1217.97713477268,-0.241398665803192,0.0784434641580193,-3.07735855873104,0.00208843923541901,0.00721665206618726,FALSE,FALSE,"Suppressed"
"K06320",67.6379523491736,0.515220641242483,0.311319183156645,1.65495950496324,0.097932712475017,0.185782772437054,FALSE,FALSE,"Enriched"
"K03283",14.801722137031,-1.31407124950981,0.881073734019061,-1.49144299594043,0.135845226836757,0.240220364881815,FALSE,FALSE,"Suppressed"
"K01938",1968.35928199514,-0.342495140191702,0.0649348174237519,-5.27444526341926,0.000000133158253051814,0.00000125911966722948,FALSE,FALSE,"Suppressed"
"K02614",466.346829041793,0.173807820828454,0.121293051766049,1.43295776879038,0.151869906488738,0.262246477824127,FALSE,FALSE,"Enriched"
"K13488",8.16981191323648,-1.3664326777382,0.879944673885425,-1.5528620358649,0.120456098246645,0.218519257348688,FALSE,FALSE,"Suppressed"
"K04564",1881.3737654383,-0.0157837226975322,0.0610821922851773,-0.258401378651277,0.796097152710921,0.874216156712982,FALSE,FALSE,"Suppressed"
"K01782",2856.39010196111,-0.234859841540056,0.0518709195892457,-4.52777478016313,0.00000596080629514129,0.0000400826434333702,FALSE,FALSE,"Suppressed"
"K01912",3707.85715336361,-0.161661958718511,0.0490759829250164,-3.2941155547616,0.000987319006208582,0.00376118589560659,FALSE,FALSE,"Suppressed"
"K04100",193.856856603858,-0.416728753859955,0.183014187504731,-2.27702977316544,0.0227844477467118,0.0559204614918291,FALSE,FALSE,"Suppressed"
"K02039",2164.51611552211,-0.109373421248999,0.0604395928230066,-1.80963200015745,0.0703528740409703,0.141564559147436,FALSE,FALSE,"Suppressed"
"K01304",140.160468677786,-0.347672118390121,0.234099361381894,-1.4851476584037,0.137504713721736,0.242732633571308,FALSE,FALSE,"Suppressed"
"K02280",1678.67294610979,0.340179300332759,0.0764248474009296,4.45116100197304,0.00000854072762941297,0.0000553558956554619,FALSE,FALSE,"Enriched"
"K09788",78.6225701735413,-0.270620651097576,0.340145493687943,-0.795602635106049,0.426263034492458,0.569128337865477,FALSE,FALSE,"Suppressed"
"K16423",375.085045920409,2.32635174129943,0.155973019827375,14.9150907244993,0.0000000000000000000000000000000000000000000000000262919673604741,0.00000000000000000000000000000000000000000000000445429747032033,TRUE,TRUE,"Enriched"
"K12373",2151.20589208087,0.499975720407071,0.0605486600905248,8.25742005949545,0.000000000000000148854831712186,0.0000000000000042423627037973,FALSE,FALSE,"Enriched"
"K21400",11.9761637354712,0.360459268595516,0.685875689930286,0.525546063065967,0.599203640598235,0.722241700396963,FALSE,FALSE,"Enriched"
"K01198",1861.68809769403,0.0589382635076419,0.0663392641985015,0.888437100105388,0.374305676269185,0.519428969184473,FALSE,FALSE,"Enriched"
"K16710",69.2549273295353,-0.0118605454609531,0.316818700185915,-0.037436380661852,0.970137065417627,0.982814888828422,FALSE,FALSE,"Suppressed"
"K12982",548.225734128329,-0.338435852961423,0.115517802056265,-2.9297289849454,0.00339257749641915,0.0110589685465849,FALSE,FALSE,"Suppressed"
"K03312",234.618078187896,-0.0217122872967709,0.156788835250701,-0.13848108037829,0.889860221217456,0.93621830070817,FALSE,FALSE,"Suppressed"
"K06286",11.4843577868331,4.99334842049899,1.22114456856557,4.0890722925333,0.0000433101868445282,0.000236904779878724,TRUE,TRUE,"Enriched"
"K22969",936.518206111486,1.01086170207095,0.0877451934546248,11.5204225128717,0.00000000000000000000000000000104099286414547,0.0000000000000000000000000000738257613770139,TRUE,TRUE,"Enriched"
"K05807",1368.90526470434,-0.0904154410782016,0.0720879545973911,-1.2542378485167,0.209755566733095,0.335509887622645,FALSE,FALSE,"Suppressed"
"K15868",83.1627906037171,-1.06280828035824,0.29419240273422,-3.61262993360983,0.000303107137973204,0.00134681086266582,TRUE,TRUE,"Suppressed"
"K02015",2809.2955772845,0.961677023122725,0.0536938074945187,17.9103898195504,0.00000000000000000000000000000000000000000000000000000000000000000000000978479026073539,0.00000000000000000000000000000000000000000000000000000000000000000000542522143638411,TRUE,TRUE,"Enriched"
"K21133",8.45439606541702,1.57636130965292,0.990403706542941,1.59163510721834,0.111466716968424,0.205885980251488,FALSE,FALSE,"Enriched"
"K02067",7835.19546742911,-0.0234496453312469,0.0448550819057788,-0.522786813331531,0.601122617148619,0.723341689666863,FALSE,FALSE,"Suppressed"
"K02650",559.372779040148,-0.546036995034737,0.113502826366024,-4.81077883711789,0.00000150343302517689,0.0000116068835703214,TRUE,TRUE,"Suppressed"
"K01905",395.46456815934,-0.19681367883334,0.136698071888708,-1.43976923824921,0.149932697015111,0.259710172989254,FALSE,FALSE,"Suppressed"
"K19312",25.5618518776315,-0.815576876316965,0.466279428397431,-1.749116145055,0.0802709449880185,0.15777392635576,FALSE,FALSE,"Suppressed"
"K04767",429.324392063438,-0.554214746787226,0.119960132915585,-4.61999110302107,0.00000383756499603933,0.0000271838663308291,TRUE,TRUE,"Suppressed"
"K07156",342.444853231295,0.538022539581516,0.135630523651252,3.96682490856511,0.0000728364600674338,0.000380008186442497,TRUE,TRUE,"Enriched"
"K10927",26.7104097409128,-0.565869856538175,0.467937545082077,-1.20928500498698,0.226553369686061,0.356580387539429,FALSE,FALSE,"Suppressed"
"K03436",199.476784068138,0.029492743303407,0.171279548276963,0.17219068826429,0.863287618234002,0.918950423857503,FALSE,FALSE,"Enriched"
"K00365",393.808286144763,-0.53849751230191,0.12329552810443,-4.36753482126138,0.000012565676760794,0.0000776629636419934,TRUE,TRUE,"Suppressed"
"K21302",289.020783870483,-0.352116177708691,0.183566825484685,-1.91819070128261,0.0550868348679783,0.116238643837167,FALSE,FALSE,"Suppressed"
"K15864",329.064106533375,-0.413415389075848,0.157591655024562,-2.62333299952597,0.00870741209301367,0.024897565098589,FALSE,FALSE,"Suppressed"
"K20454",275.514438681843,-0.436573344355637,0.161826666812747,-2.69778370248955,0.0069802778338477,0.0206463212941984,FALSE,FALSE,"Suppressed"
"K06865",16.952653843064,-3.64490071722613,0.778985846842834,-4.67903329951195,0.00000288230633691591,0.0000211288297462141,TRUE,TRUE,"Suppressed"
"K01277",494.530745454915,-0.472191459067445,0.122740588674539,-3.84706855463692,0.000119539529231482,0.000594675031633614,FALSE,FALSE,"Suppressed"
"K20616",11.3057965457185,-1.12073794984737,0.801588507371034,-1.39814623031841,0.162069159590996,0.275874910506695,FALSE,FALSE,"Suppressed"
"K19341",403.344639994844,-0.333763033861681,0.146657283249826,-2.27580264999949,0.0228578240723788,0.0560618883313513,FALSE,FALSE,"Suppressed"
"K21929",3883.57310433543,0.164207320897305,0.0468657585817676,3.50378028365442,0.000458703654392695,0.00194010651050003,FALSE,FALSE,"Enriched"
"K13731",8.2699481196765,6.43370127737936,1.42912164225787,4.50185700582825,0.00000673622983068984,0.0000444154224187863,TRUE,TRUE,"Enriched"
"K16937",591.177049450975,0.7495531722168,0.111624099128675,6.71497622885852,0.0000000000188096881349334,0.000000000319555119595986,TRUE,TRUE,"Enriched"
"K15654",7.44574812834084,-0.2537490859947,0.938655359630088,-0.270332538339417,0.786904434927945,0.867714725840813,FALSE,FALSE,"Suppressed"
"K22477",9.26840730675942,-0.165951013443395,0.846617116076069,-0.196016605726743,0.844597168631799,0.906901079486856,FALSE,FALSE,"Suppressed"
"K00035",220.803416146924,0.490429482093382,0.184206511011058,2.66238950730651,0.00775880379625401,0.0226307720484712,FALSE,FALSE,"Enriched"
"K23258",496.087565181528,0.289434203766168,0.116302864664681,2.48862488985676,0.0128238188008198,0.0345614100159965,FALSE,FALSE,"Enriched"
"K06202",99.3446014257477,-0.788666792890833,0.243755746369602,-3.23547979744853,0.00121438478806709,0.00450793233257528,TRUE,TRUE,"Suppressed"
"K11444",135.974657164763,-0.430432452532945,0.208338652385522,-2.06602302359357,0.0388263056790552,0.0873806783529733,FALSE,FALSE,"Suppressed"
"K01501",371.931512834982,-0.446298451246845,0.135030974843953,-3.30515610779383,0.000949235131091262,0.0036389143632585,FALSE,FALSE,"Suppressed"
"K11779",2131.72445075269,0.30589382572285,0.0695022854206675,4.40120528226382,0.0000107651215417942,0.00006775694146894,FALSE,FALSE,"Enriched"
"K06929",982.626566390503,-0.171637247422813,0.0867245759300521,-1.97910737045572,0.04780391882336,0.103756619538674,FALSE,FALSE,"Suppressed"
"K03856",1723.72671235568,-0.436722015128485,0.0636877888219749,-6.85723312437875,0.00000000000702070127144924,0.000000000125569668781727,FALSE,FALSE,"Suppressed"
"K02106",415.344595339695,-0.286952017903718,0.172178371158696,-1.66659735466562,0.0955944952612509,0.18253939467701,FALSE,FALSE,"Suppressed"
"K02323",8.98400669858733,-1.40460565211077,0.927732348465062,-1.51402034696181,0.130020679024449,0.231745378751487,FALSE,FALSE,"Suppressed"
"K08226",76.0637945724605,0.322952127934538,0.292850431009782,1.10278863794382,0.270118963406449,0.408392552755561,FALSE,FALSE,"Enriched"
"K20609",16.1273582402969,-0.717377016695909,0.631490793770699,-1.13600550280769,0.255954261295112,0.392128872051969,FALSE,FALSE,"Suppressed"
"K03523",416.424719523802,0.00254332181679203,0.117627754293924,0.0216217833287615,0.982749657009006,0.988747964054426,FALSE,FALSE,"Enriched"
"K14335",598.235607157299,0.11470331675341,0.110665639540267,1.03648537368885,0.299975759510527,0.441068504641925,FALSE,FALSE,"Enriched"
"K09474",81.6837186425024,-0.280689178545175,0.327648137009288,-0.856678695344508,0.391622480668413,0.535352615798798,FALSE,FALSE,"Suppressed"
"K06890",672.568368549107,0.354781944366393,0.103688314860345,3.4216193487592,0.000622493974819167,0.00253106050161473,FALSE,FALSE,"Enriched"
"K00556",116.994572510884,-0.517966456673097,0.240164119296948,-2.15671873962431,0.0310275859536158,0.0725324824573026,TRUE,FALSE,"Suppressed"
"K02193",935.887009041728,0.0617665733704172,0.0844208690351495,0.731650527604733,0.464381899661457,0.605055587702462,FALSE,FALSE,"Enriched"
"K16117",48.5877496980103,3.54520810645461,0.477637524819428,7.42238187377527,0.000000000000115032572372167,0.00000000000256990351244633,TRUE,TRUE,"Enriched"
"K04479",24.541169823408,-0.477511806952984,0.533992314209019,-0.894229737482837,0.371198984495184,0.516645962217282,FALSE,FALSE,"Suppressed"
"K06995",80.88442046187,-0.64949948295594,0.266941752542209,-2.43311312962644,0.0149696229378224,0.0393703019826557,TRUE,TRUE,"Suppressed"
"K19343",54.0319324466226,-0.0537954613263502,0.367107883264588,-0.146538562037846,0.88349625036047,0.93192387175476,FALSE,FALSE,"Suppressed"
"K01593",1019.36693542346,-0.101343124164813,0.0906186102489554,-1.11834780831878,0.26341847572789,0.400545819861481,FALSE,FALSE,"Suppressed"
"K02502",720.045579947313,-0.0152955631860192,0.0948035322694359,-0.161339591678383,0.871825942053394,0.92458118945986,FALSE,FALSE,"Suppressed"
"K09190",84.4002175338185,-0.085697389278511,0.288928336643075,-0.296604307746999,0.76676862169289,0.851842383004189,FALSE,FALSE,"Suppressed"
"K18939",42.4279645687939,0.35437873444381,0.409147477489029,0.86613936035647,0.386413742634298,0.530916291130116,FALSE,FALSE,"Enriched"
"K02673",60.9682788921197,-0.1552478315011,0.363087170429479,-0.427577298634552,0.668958896625403,0.778082606961566,FALSE,FALSE,"Suppressed"
"K17763",720.07989980456,0.547808357462772,0.0990660072948184,5.5297308574525,0.0000000320722473472659,0.000000333303138690607,TRUE,TRUE,"Enriched"
"K00192",6.91763297205871,0.859540662031652,0.991670662010667,0.866760200698976,0.386073412890023,0.530681767550948,FALSE,FALSE,"Enriched"
"K00963",2296.32563671477,0.00232099053637996,0.0625292544834174,0.037118474473344,0.970390541678814,0.982814888828422,FALSE,FALSE,"Enriched"
"K07141",744.831323608592,-0.0527929567638142,0.0981158434196698,-0.538067603801799,0.590530377139477,0.71489574636238,FALSE,FALSE,"Suppressed"
"K06928",19.8372271702551,-0.281563739539897,0.589815894060572,-0.477375639373633,0.633094657871534,0.748303162472575,FALSE,FALSE,"Suppressed"
"K03271",1149.70725126404,0.623922227719423,0.0879360681231953,7.09517995329664,0.00000000000129183279235899,0.0000000000255808058460958,TRUE,TRUE,"Enriched"
"K16020",31.3838970854041,0.101439372891906,0.463296200253387,0.218951445827585,0.826687870623255,0.895395013839679,FALSE,FALSE,"Enriched"
"K01775",2996.22824640808,-0.00309149868831323,0.0499344089424248,-0.0619111901750509,0.95063355612367,0.969748946916617,FALSE,FALSE,"Suppressed"
"K13950",336.83914237202,-0.30274269551266,0.135464084055812,-2.23485581158124,0.0254268163706665,0.0614657760779607,FALSE,FALSE,"Suppressed"
"K23247",23.9608206931527,0.377769167495047,0.51079493002,0.739571098484191,0.459560283873058,0.601268219730932,FALSE,FALSE,"Enriched"
"K19158",29.3319885027078,0.0282343324252327,0.444237870858598,0.0635567885526349,0.949323139877776,0.969368297671603,FALSE,FALSE,"Enriched"
"K00038",251.140585129489,-0.676738987834343,0.161597483069471,-4.18780648671003,0.0000281663514360708,0.0001613019506184,TRUE,TRUE,"Suppressed"
"K04744",2591.91784216401,-0.0644644901217196,0.0807958437904949,-0.797868889009652,0.42494657907161,0.567494895064102,FALSE,FALSE,"Suppressed"
"K05799",530.114465160109,0.274013464760133,0.111051845948188,2.46743728049307,0.0136084059022216,0.0362857154032926,FALSE,FALSE,"Enriched"
"K06726",29.2561420724569,1.89565325822641,0.510077311123019,3.71640380171551,0.000202078530519716,0.000940104468069984,TRUE,TRUE,"Enriched"
"K10126",126.00942907568,0.22942672999623,0.219080339014997,1.04722646964922,0.294995139885376,0.435530224681894,FALSE,FALSE,"Enriched"
"K12141",1195.82484722414,-0.348497068006104,0.0911132480602824,-3.82487810966338,0.000130836802345781,0.000644046535518092,FALSE,FALSE,"Suppressed"
"K07022",9.26810656292013,-0.31274459290648,0.775422914239688,-0.403321319454597,0.68671185996915,0.791132533802766,FALSE,FALSE,"Suppressed"
"K18068",701.033782648583,-0.16073781747849,0.118934504813422,-1.35148179017222,0.176541149263064,0.294187013485089,FALSE,FALSE,"Suppressed"
"K07160",778.975020235264,0.164416954405755,0.0893199948692078,1.84076314207712,0.0656562762995302,0.133970434643973,FALSE,FALSE,"Enriched"
"K13482",812.381571031963,-0.478880775048464,0.0902588430603104,-5.30563830436514,0.000000112279398510467,0.00000107334177353501,FALSE,FALSE,"Suppressed"
"K03412",1856.85713897088,-0.287633655139286,0.061516010690263,-4.67575273350444,0.00000292877331087298,0.000021417971730233,FALSE,FALSE,"Suppressed"
"K18954",157.892692299209,-0.125698993491403,0.210063946480249,-0.598384423398527,0.549583456790292,0.682114265967438,FALSE,FALSE,"Suppressed"
"K07130",433.664868074198,0.343767327939982,0.126946302953495,2.70797431624233,0.00676952610144899,0.020110735359346,FALSE,FALSE,"Enriched"
"K04040",40.5101413921563,-0.0876772484625189,0.416216574626108,-0.21065294802659,0.833158092681016,0.900005527322266,FALSE,FALSE,"Suppressed"
"K14340",238.435983086075,2.75162352055877,0.180666465967547,15.2304054093417,0.000000000000000000000000000000000000000000000000000222209344133623,0.0000000000000000000000000000000000000000000000000501946218470728,TRUE,TRUE,"Enriched"
"K14743",63.0145249517584,-2.52553302129791,0.353053361725049,-7.15340312568597,0.000000000000846525312438603,0.0000000000172098596018768,TRUE,TRUE,"Suppressed"
"K07640",99.8076408339054,-1.09322274620317,0.244261302462079,-4.47562808837838,0.00000761870064593933,0.0000498032746404973,TRUE,TRUE,"Suppressed"
"K02358",5689.14717239095,-0.10904172267364,0.0411465762274849,-2.65008009586963,0.00804726904499849,0.0232973472333868,FALSE,FALSE,"Suppressed"
"K11358",181.169573253282,-0.0888714564683938,0.17541259872711,-0.506642379813615,0.612405766703146,0.731812570284133,FALSE,FALSE,"Suppressed"
"K01940",4023.30524873119,-0.0165184457983232,0.0472159682787083,-0.349848714333622,0.726452237626142,0.822620162881887,FALSE,FALSE,"Suppressed"
"K09251",235.156787851831,0.497167369260404,0.156691366308,3.17290850781879,0.00150920075938231,0.00545297122717578,FALSE,FALSE,"Enriched"
"K07338",85.0163078859435,0.162800192268436,0.296754139097053,0.548602936976029,0.583277969861393,0.708647876132397,FALSE,FALSE,"Enriched"
"K13688",4373.85816221879,-0.216985000149995,0.0470849291359915,-4.60837478428173,0.00000405828657067772,0.0000283689747895274,FALSE,FALSE,"Suppressed"
"K15538",71.3322889661222,-0.497157215483192,0.321775698436131,-1.54504276705617,0.122335919113027,0.221271284303189,FALSE,FALSE,"Suppressed"
"K02796",133.8919851498,0.0891868400670933,0.22138309234116,0.402862021322083,0.687049731831459,0.791286659868505,FALSE,FALSE,"Enriched"
"K09811",2121.52201909298,0.199337241561498,0.0676236224120091,2.94774569080314,0.00320100274823096,0.0105131479598603,FALSE,FALSE,"Enriched"
"K11937",14.2492737244139,-0.521543031792742,0.661635924787451,-0.788262868223618,0.430542962338713,0.573837746351357,FALSE,FALSE,"Suppressed"
"K22348",1270.68397348796,-0.16825694123797,0.074959329167851,-2.2446431032114,0.0247910533321917,0.0601434503870474,FALSE,FALSE,"Suppressed"
"K11923",5.42658890877152,5.82513740776909,1.60744198812395,3.62385544909625,0.000290243858735542,0.00129779860295313,TRUE,TRUE,"Enriched"
"K06199",1135.0329583861,0.203414733316817,0.0760441706532257,2.67495498431329,0.00747392849203246,0.0219046083002912,FALSE,FALSE,"Enriched"
"K20862",511.053839559769,0.365108406521399,0.106994261672721,3.41241110330021,0.000643909249655824,0.00259441278449268,FALSE,FALSE,"Enriched"
"K19707",98.0294975255287,-0.105506152705441,0.258004828298888,-0.408930923506656,0.682590354600871,0.788040829953004,FALSE,FALSE,"Suppressed"
"K21000",6.94132967401556,-0.040095251057273,0.980568696807838,-0.040889793022967,0.967383754631131,0.981192767573237,FALSE,FALSE,"Suppressed"
"K00150",63.6430104687135,-0.0257083804881118,0.339337062168793,-0.0757606031118521,0.939609560167068,0.964273718233038,FALSE,FALSE,"Suppressed"
"K10529",15.4390983832105,-0.540495751428285,0.837424556217256,-0.64542620277314,0.518651027507839,0.655053347850551,FALSE,FALSE,"Suppressed"
"K01497",786.898228572959,0.550414015748488,0.0951021555881373,5.78760820240698,0.00000000713956978393962,0.0000000816965030248551,TRUE,TRUE,"Enriched"
"K07218",763.336715434102,-0.242988099703085,0.0897836236559937,-2.70637438999004,0.0068022310254661,0.0201587983597268,FALSE,FALSE,"Suppressed"
"K18814",24.4860669838222,-0.398693333842413,0.517880228433269,-0.769856256240116,0.441385164694476,0.584246799873462,FALSE,FALSE,"Suppressed"
"K01001",7.41809498891495,-2.75785799373796,1.0426322370426,-2.64509181258443,0.00816687543691074,0.0235953449974982,TRUE,TRUE,"Suppressed"
"K16319",121.122875422716,-0.191255033672963,0.227943671668656,-0.839045156519966,0.401443970118087,0.544938075617675,FALSE,FALSE,"Suppressed"
"K00301",201.06152088004,-0.724149437368452,0.175694324808493,-4.12164387300372,0.0000376178420374686,0.000209144228428916,TRUE,TRUE,"Suppressed"
"K00540",379.140951130015,-0.250059088484651,0.133288266084363,-1.87607728595088,0.0606446681617366,0.125465342984543,FALSE,FALSE,"Suppressed"
"K14161",2218.159099452,0.0898826269710955,0.0686881878743193,1.30856017246453,0.190683379401571,0.312041301575041,FALSE,FALSE,"Enriched"
"K03746",120.795281736265,-0.577858207456685,0.239711038342697,-2.41064496425301,0.0159243415392007,0.0414168695298871,TRUE,TRUE,"Suppressed"
"K07336",402.877754680123,-0.0805962943486801,0.125682312186222,-0.641269984190467,0.521347287183151,0.657913739815857,FALSE,FALSE,"Suppressed"
"K21624",95.4878578253656,-0.0158951847378129,0.247650028805113,-0.0641840617362559,0.948823668117392,0.969368297671603,FALSE,FALSE,"Suppressed"
"K16091",438.758869464467,-0.267466811066617,0.122798613213937,-2.17809309133354,0.0293991068458081,0.0695250688842899,FALSE,FALSE,"Suppressed"
"K09815",587.645485885112,0.679800965952123,0.110699897532268,6.14093581933052,0.000000000820367275532519,0.0000000108190676161043,TRUE,TRUE,"Enriched"
"K07776",740.117517947138,0.327368727648103,0.103291165864875,3.16937779631962,0.00152765683454195,0.00550660699401381,FALSE,FALSE,"Enriched"
"K00479",517.36784274636,-0.536202016428137,0.116327763491485,-4.60940707819405,0.00000403818966772303,0.0000283002683377523,TRUE,TRUE,"Suppressed"
"K01423",763.322602096012,-0.364194823990109,0.107602357949861,-3.384636089107,0.000712726781457858,0.0028448433508583,FALSE,FALSE,"Suppressed"
"K02474",1102.61670230159,-0.114903181835241,0.105142664821241,-1.092831174011,0.274467931574217,0.412920551226233,FALSE,FALSE,"Suppressed"
"K00692",70.3769469951868,0.0273774850836763,0.309623684505676,0.0884218050934487,0.929541431212662,0.958133038527299,FALSE,FALSE,"Enriched"
"K10380",12.9954210637173,-0.342700416030976,0.656758271373818,-0.521806014432235,0.601805401648034,0.723946971331629,FALSE,FALSE,"Suppressed"
"K18119",33.969203590676,-0.324246131656204,0.438841143257423,-0.738869034132476,0.459986527276958,0.601384315082995,FALSE,FALSE,"Suppressed"
"K19290",10.4870095511978,-0.115551819472115,0.751322998835993,-0.153797793560342,0.877769173622162,0.928301402795486,FALSE,FALSE,"Suppressed"
"K02864",1813.06082591757,0.0444915703730396,0.0624449875389701,0.712492261212699,0.476160001916149,0.616189232269594,FALSE,FALSE,"Enriched"
"K00569",209.291574580557,-0.138751645724411,0.213171257101275,-0.650892843674943,0.515115661350413,0.651667790619408,FALSE,FALSE,"Suppressed"
"K07262",378.735658997027,-0.364921112254728,0.137132117446653,-2.6610915010241,0.00778877876193774,0.0227073430540432,FALSE,FALSE,"Suppressed"
"K18441",12.6394842597029,0.0109031607222212,0.682376523336676,0.0159782178157406,0.987251769142525,0.992295408701427,FALSE,FALSE,"Enriched"
"K03519",2440.19018508835,-0.342202843173244,0.062927970443762,-5.43800857965167,0.0000000538793807106373,0.000000539590054111949,FALSE,FALSE,"Suppressed"
"K15980",185.825781532941,-0.17410829985943,0.217146988420283,-0.801799284098049,0.422669072843704,0.565443885780599,FALSE,FALSE,"Suppressed"
"K22952",7.30259892496851,-6.36811669104999,1.44861608212887,-4.39600027199164,0.0000110263795345048,0.0000691160213576,TRUE,TRUE,"Suppressed"
"K22553",195.381567721064,1.05924939470849,0.183489520853159,5.77280593345805,0.00000000779622162714394,0.0000000890433627414811,TRUE,TRUE,"Enriched"
"K07133",394.608647920571,0.366282040907094,0.131865314228865,2.77769816156034,0.00547454470222231,0.0167002796491804,FALSE,FALSE,"Enriched"
"K13662",7.86186555169531,-0.528677155042852,1.06059993621349,-0.498469910275795,0.618152872337116,0.737082096579389,FALSE,FALSE,"Suppressed"
"K03324",399.163658468505,-0.316134393088669,0.138613311432755,-2.28069288455052,0.0225666265159132,0.0554751532126379,FALSE,FALSE,"Suppressed"
"K11529",987.205735843098,-0.249234781580441,0.0790703300335494,-3.15206451616797,0.00162120448502639,0.00580606350803049,FALSE,FALSE,"Suppressed"
"K00632",3913.57897447812,0.203832419735219,0.0513012291945108,3.97324631272245,0.0000708996647240489,0.00037117343789869,FALSE,FALSE,"Enriched"
"K17243",36.6091509007378,0.461997225008714,0.437694307464977,1.05552486548088,0.291185343386277,0.43130659437744,FALSE,FALSE,"Enriched"
"K20907",25.5270520906705,-0.64608858466571,0.521063774898184,-1.23994147317563,0.214997042518223,0.342635736168968,FALSE,FALSE,"Suppressed"
"K01902",2838.19497456567,-0.00611290594112463,0.0553451122935054,-0.110450691810087,0.912051952762734,0.947769282302434,FALSE,FALSE,"Suppressed"
"K09692",386.652702717719,1.70518884394423,0.133025627589768,12.8184987723027,0.000000000000000000000000000000000000129177388005138,0.0000000000000000000000000000000000133534388041244,TRUE,TRUE,"Enriched"
"K17987",9.58309886551789,0.174456975408933,0.790023394256207,0.220825075152592,0.825228638360427,0.894927003086814,FALSE,FALSE,"Enriched"
"K18916",16.9601521603213,-0.850197618031452,0.713391986651061,-1.19176782742207,0.23335229410215,0.365489378975093,FALSE,FALSE,"Suppressed"
"K03733",2171.17360046222,0.00287448303940912,0.0605860017081204,0.0474446729998334,0.962158825181865,0.977057388408957,FALSE,FALSE,"Enriched"
"K03313",2724.21864247103,0.0890876244483744,0.0552202091351697,1.61331559303412,0.106675960549552,0.199148051237135,FALSE,FALSE,"Enriched"
"K07281",119.101588558548,0.092659653831509,0.226090463474075,0.409834419407672,0.681927415516998,0.788040829953004,FALSE,FALSE,"Enriched"
"K11068",1169.8198657214,-0.136458733403866,0.0786589035481104,-1.73481611424196,0.0827733810321179,0.162013751898231,FALSE,FALSE,"Suppressed"
"K01737",714.31699529778,-0.239101521463996,0.0922183439606775,-2.59277613536359,0.00952047189428859,0.0267335902777468,FALSE,FALSE,"Suppressed"
"K01580",548.980331897806,-0.179319597458839,0.129335435758668,-1.38646919467174,0.165603680435549,0.280564331496804,FALSE,FALSE,"Suppressed"
"K00856",1277.79497535777,-0.150210401228741,0.0827326923919801,-1.81561117964175,0.0694300374612376,0.140123692414324,FALSE,FALSE,"Suppressed"
"K18900",51.4895114018394,-0.102177283034847,0.412638224011326,-0.24761952986702,0.804428798587351,0.880227224723898,FALSE,FALSE,"Suppressed"
"K17316",250.80740857133,0.428560653100061,0.154480262955905,2.77420975922593,0.0055335986254165,0.0168494348559237,FALSE,FALSE,"Enriched"
"K05341",251.841229202694,-1.30208937793677,0.162713985152852,-8.00232000164954,0.00000000000000122096578848798,0.0000000000000329498687787089,TRUE,TRUE,"Suppressed"
"K21574",86.6745611357646,-0.521329616631012,0.27867193848005,-1.87076466857223,0.0613777068106476,0.126638238781509,FALSE,FALSE,"Suppressed"
"K21592",11.1417023979838,0.162359130402788,0.735170709957555,0.220845482829643,0.825212747634037,0.894927003086814,FALSE,FALSE,"Enriched"
"K03648",937.081526393015,0.430428296224013,0.0974213022030291,4.41821538503958,0.00000995192209097601,0.0000632258050342319,FALSE,FALSE,"Enriched"
"K03883",41.3764298741827,-0.193899786007647,0.433150613352892,-0.447649801316741,0.654405955421557,0.766069466816906,FALSE,FALSE,"Suppressed"
"K03562",1214.75298792237,-0.306117626817358,0.0852542286183283,-3.59064449680034,0.00032986129799825,0.00144527590265182,FALSE,FALSE,"Suppressed"
"K21214",139.123923249961,2.61933663461366,0.634522697690295,4.12804245482191,0.000036586457555824,0.000204341396184039,TRUE,TRUE,"Enriched"
"K07719",10.2487709215501,6.74215782028075,1.41854817800106,4.75285783369122,0.00000200561376925126,0.0000150643329786496,TRUE,TRUE,"Enriched"
"K07539",168.369605103609,-0.429642605750922,0.200169116241816,-2.14639807487529,0.0318412327940966,0.0741786397292571,FALSE,FALSE,"Suppressed"
"K09822",367.472013585141,1.32984294437837,0.148611609667662,8.9484458674008,0.000000000000000000360522176480795,0.0000000000000000126369238756113,TRUE,TRUE,"Enriched"
"K00812",2598.66355508677,-0.174739013408131,0.056918664300707,-3.06997740644382,0.00214074964732583,0.0073598828066743,FALSE,FALSE,"Suppressed"
"K09779",73.6559864482904,0.137227675325244,0.290732657778942,0.472006400566064,0.636922220013315,0.751807358208091,FALSE,FALSE,"Enriched"
"K01712",3954.54191518183,0.0150683561348856,0.051694753043505,0.291487148070994,0.770678771706547,0.854612696116041,FALSE,FALSE,"Enriched"
"K17850",26.2480961587522,0.46149561593162,0.475185694929092,0.971190043926903,0.331453650795358,0.477227529792467,FALSE,FALSE,"Enriched"
"K21687",236.959999173746,1.0383320751657,0.172912783688994,6.00494684669048,0.0000000019139459550075,0.0000000238714854388359,TRUE,TRUE,"Enriched"
"K22737",90.5478549510047,-0.225266268499751,0.257468919654774,-0.874926064092702,0.381614136272587,0.526456597404775,FALSE,FALSE,"Suppressed"
"K00015",920.969236184816,-0.0695408594148727,0.0862401198503906,-0.806363204683762,0.420033456533385,0.563646140804632,FALSE,FALSE,"Suppressed"
"K01301",1072.96075520961,-0.124049148156777,0.0793457398608046,-1.56340023263247,0.117958485480873,0.215011596816452,FALSE,FALSE,"Suppressed"
"K02221",542.652110151829,0.0676502525365696,0.110622722829739,0.611540294851456,0.540841950629673,0.674973410454343,FALSE,FALSE,"Enriched"
"K19430",28.3158132792639,-0.0335083699409469,0.46774234488668,-0.071638521308275,0.942889583245108,0.966252752475576,FALSE,FALSE,"Suppressed"
"K01996",7507.67975402397,-0.0973131560032049,0.044848342870184,-2.16982723943409,0.0300199360016221,0.0707190381127436,FALSE,FALSE,"Suppressed"
"K02892",741.329445643208,0.126720524864012,0.109580150139932,1.15641860959482,0.247509973260224,0.381982520453993,FALSE,FALSE,"Enriched"
"K05898",332.57733079781,-1.08025228214108,0.144596037563166,-7.47082907904151,0.0000000000000796911112172111,0.00000000000180013365671767,TRUE,TRUE,"Suppressed"
"K01939",3932.59053611825,0.0265687038613023,0.0508298218132099,0.522699134357333,0.601183640747882,0.723341689666863,FALSE,FALSE,"Enriched"
"K02281",300.535868691119,1.00440669432221,0.162285583673338,6.18913073846388,0.000000000604968929650357,0.00000000814504525814024,TRUE,TRUE,"Enriched"
"K15546",250.267175363531,-0.499698303639117,0.162398031356495,-3.07699729772083,0.00209097196449994,0.00722131257728491,FALSE,FALSE,"Suppressed"
"K08300",3617.20014843598,0.229125322656785,0.054153078225496,4.23106737723562,0.000023258498366114,0.000135745054100411,FALSE,FALSE,"Enriched"
"K13932",53.0747960490857,0.0386679175404061,0.361352361015831,0.10700889688863,0.914781921589375,0.948530251576606,FALSE,FALSE,"Enriched"
"K04028",114.630751362854,-0.370351998067014,0.232545000040709,-1.59260357351128,0.111249151373867,0.205608658857338,FALSE,FALSE,"Suppressed"
"K05792",76.5647154470283,2.80310733106343,0.351690314211704,7.97038535834133,0.00000000000000158180342509868,0.0000000000000419453003898994,TRUE,TRUE,"Enriched"
"K09871",3.88594842067881,0.00384433282730625,3.0772333948061,0.00124928217462962,0.999003217300058,0.999330920504027,FALSE,FALSE,"Enriched"
"K01560",1058.22772237868,-0.335495240285865,0.0897746102049204,-3.73708378705361,0.0001861669009354,0.00087340917600385,FALSE,FALSE,"Suppressed"
"K14669",5.74484278332594,5.90747500447556,1.51723964762955,3.89356751499677,0.0000987806935017353,0.000500800872541217,TRUE,TRUE,"Enriched"
"K18851",120.761182515345,0.816593280729475,0.245899134838551,3.32084649775455,0.000897448819496645,0.00347747163285263,TRUE,TRUE,"Enriched"
"K05595",827.731389063216,0.139633622950069,0.0966787187537044,1.44430568329929,0.148653007822029,0.257859697015516,FALSE,FALSE,"Enriched"
"K07464",31.450130866548,-0.79468424072783,0.424651090841085,-1.87138160684773,0.0612922064731846,0.126547449993214,FALSE,FALSE,"Suppressed"
"K02664",715.824389100146,-0.351856165407467,0.118627455043968,-2.96606013571694,0.0030164150260915,0.00997133617568133,FALSE,FALSE,"Suppressed"
"K15383",144.969393439783,-0.156388584360872,0.219205976743029,-0.713432118432623,0.47557840416635,0.615828595968273,FALSE,FALSE,"Suppressed"
"K13491",14.5684387157882,-0.43205992419813,0.694833536595056,-0.62181789082229,0.534061620816171,0.669260723880209,FALSE,FALSE,"Suppressed"
"K09933",588.233670869661,-0.438552081862713,0.103865531636619,-4.22230623530641,0.0000241815255787413,0.000140460118575946,FALSE,FALSE,"Suppressed"
"K03769",1325.79987841977,-0.0795686519805678,0.081283514773662,-0.97890269880837,0.327628058579593,0.472578969914673,FALSE,FALSE,"Suppressed"
"K01883",4458.19092749035,-0.0229831151085266,0.0455508136350471,-0.504559924937174,0.613867963085936,0.732820651176576,FALSE,FALSE,"Suppressed"
"K02959",1143.86146025932,0.120475602068505,0.0753263942238722,1.59938097807321,0.109735976276085,0.203428486111806,FALSE,FALSE,"Enriched"
"K14059",23.2262420493041,-0.546793353264235,0.593768697457105,-0.920886122164997,0.357109884824176,0.504053040394041,FALSE,FALSE,"Suppressed"
"K14585",22.0208302717381,0.915067652263769,0.563666827724681,1.62341938048327,0.104499784519711,0.195744528803967,FALSE,FALSE,"Enriched"
"K00208",2369.60465539688,-0.00555957997090248,0.0550145161711939,-0.101056600290771,0.919505529562225,0.951971520081482,FALSE,FALSE,"Suppressed"
"K02041",259.100001150758,0.0483672298305445,0.16295811208504,0.296807745326013,0.766613291887442,0.851842383004189,FALSE,FALSE,"Enriched"
"K02527",1447.03873714512,-0.212931119606199,0.0819657583954583,-2.59780576394932,0.00938215483834807,0.0264548138507096,FALSE,FALSE,"Suppressed"
"K01537",5829.22967580117,-0.182597609194527,0.0406080513742691,-4.4965863422402,0.00000690531455481473,0.0000453830964114386,FALSE,FALSE,"Suppressed"
"K21165",120.400806241865,-0.889155191880355,0.235103226375656,-3.78197783836294,0.00015558721666924,0.000746011347850387,TRUE,TRUE,"Suppressed"
"K02411",228.540911880472,-0.479947185660917,0.183384895889141,-2.61715766357909,0.00886653767800992,0.0252618844437129,FALSE,FALSE,"Suppressed"
"K00131",64.6016702888522,0.822936679401432,0.31851279197584,2.58368486331894,0.00977510655903792,0.027374011037847,TRUE,TRUE,"Enriched"
"K18955",823.803889225746,0.884851373271087,0.0887152481285398,9.97406186576881,0.0000000000000000000000197963336002654,0.000000000000000000000921662890290219,TRUE,TRUE,"Enriched"
"K02379",1477.79665607352,0.0756511713674091,0.0692992956115344,1.09165859046362,0.274983192781437,0.413389818282964,FALSE,FALSE,"Enriched"
"K07308",60.5020572863143,0.194704569804291,0.394425643309728,0.493640748533675,0.621559917416843,0.740000207145597,FALSE,FALSE,"Enriched"
"K00079",24.7676001617765,-0.659574686047983,0.478297503289598,-1.37900507845349,0.167893188107106,0.283337176055683,FALSE,FALSE,"Suppressed"
"K11003",61.914752297634,-0.0347393957640712,0.308996044171271,-0.11242666830005,0.910485111123475,0.946811371311521,FALSE,FALSE,"Suppressed"
"K00288",155.407259597259,0.101158455779751,0.199583570372327,0.506847610707824,0.612261747152393,0.731812570284133,FALSE,FALSE,"Enriched"
"K03569",3996.03800430422,-0.0339193267000559,0.0459477842696799,-0.738214632961934,0.460384032150025,0.60164607072702,FALSE,FALSE,"Suppressed"
"K00860",390.030854001464,-0.185106107746786,0.123264094534479,-1.50170338285339,0.133173729863066,0.236387246343086,FALSE,FALSE,"Suppressed"
"K02197",857.943803101459,-0.005490023274037,0.100208808078474,-0.0547858354900074,0.956309085095461,0.972736676116948,FALSE,FALSE,"Suppressed"
"K13507",27.3360730665383,1.02053129488611,0.464455222401501,2.19726519514491,0.0280015118380843,0.0666160517117702,TRUE,FALSE,"Enriched"
"K18581",55.8481936205833,-0.0957480992562186,0.341453121566874,-0.280413600604516,0.779160203682181,0.861511617523137,FALSE,FALSE,"Suppressed"
"K15257",145.879700669963,0.110597866982048,0.227739956751201,0.485632247233948,0.627227928660791,0.744543234118755,FALSE,FALSE,"Enriched"
"K23874",7.11956372950672,3.18588100763572,1.09514805431771,2.90908703629169,0.00362485928989231,0.0117159601531813,TRUE,TRUE,"Enriched"
"K08968",562.566184955174,0.16400012637393,0.103105315014113,1.59060787847341,0.111697850321158,0.206250435697469,FALSE,FALSE,"Enriched"
"K01076",14.2382090568927,-0.702561399414983,0.671633687254607,-1.0460484825989,0.29553864875228,0.436110121196956,FALSE,FALSE,"Suppressed"
"K16701",7.01174891423996,0.577396537971692,0.942042778511161,0.612919658366503,0.539929464142801,0.674110501905208,FALSE,FALSE,"Enriched"
"K00449",654.922135235587,-0.0911350369693323,0.110717211129422,-0.823133422885814,0.410432124065434,0.553810956786522,FALSE,FALSE,"Suppressed"
"K21467",20.5439870888665,3.42734804293638,0.674756696525453,5.07938351791829,0.00000037866160727265,0.00000327582573440552,TRUE,TRUE,"Enriched"
"K18940",4.91231777377237,0.855009728855961,1.23851514168726,0.690350646574382,0.48997370525978,0.627409117862565,FALSE,FALSE,"Enriched"
"K06349",5.03416024614318,5.71929341223484,1.56733106014466,3.64906531725784,0.00026319618390665,0.0011864253700271,TRUE,TRUE,"Enriched"
"K13019",165.236121123789,0.224196876620718,0.188704448308052,1.1880847464429,0.234800023248414,0.367157851883376,FALSE,FALSE,"Enriched"
"K01569",49.2797180774217,0.77572676699439,0.373845438527154,2.07499326473137,0.0379871589997409,0.0857135341248315,TRUE,FALSE,"Enriched"
"K03536",988.498127374793,0.0634084663073632,0.0895951340570604,0.707722210304192,0.479117781989385,0.618096562161441,FALSE,FALSE,"Enriched"
"K16331",24.6751396412937,3.4435334507018,0.610588250524714,5.63969818898836,0.0000000170348481268817,0.000000185197038727008,TRUE,TRUE,"Enriched"
"K16557",15.0353532294206,-0.638755375322613,0.659665081343989,-0.96830254228589,0.332893295477057,0.479024491889644,FALSE,FALSE,"Suppressed"
"K05795",158.779870405668,2.37245992586956,0.26775249881515,8.86064532121305,0.00000000000000000079552586812164,0.0000000000000000266588586245818,TRUE,TRUE,"Enriched"
"K20973",10.9394462425065,-1.46436085442892,0.756284054667719,-1.93625773992062,0.0528361418617357,0.11228140390757,FALSE,FALSE,"Suppressed"
"K07693",722.477900255071,0.961410498307611,0.108959842373229,8.82353055371003,0.00000000000000000110906414885775,0.0000000000000000367618600211057,TRUE,TRUE,"Enriched"
"K03753",306.408120918649,-0.165286410701871,0.139945626544877,-1.18107592772017,0.237572561838086,0.370671541225501,FALSE,FALSE,"Suppressed"
"K07486",1324.33392891751,0.0809218000149054,0.0837092324902163,0.966701015020814,0.33369351955693,0.479659857595503,FALSE,FALSE,"Enriched"
"K09920",202.02640711254,-0.452758030801654,0.206060062187454,-2.19721388994718,0.0280051740595145,0.0666160517117702,FALSE,FALSE,"Suppressed"
"K03343",37.8156629709484,0.674036744790692,0.424495825410526,1.58785246978303,0.112319703434306,0.207022626547547,FALSE,FALSE,"Enriched"
"K01372",41.7599553888339,-0.406955055002273,0.3882579975059,-1.04815627138779,0.294566613879784,0.435108204905013,FALSE,FALSE,"Suppressed"
"K23725",110.398758239827,2.46381721763664,0.260309933728762,9.46493736272042,0.00000000000000000000293737055736002,0.000000000000000000117091653786528,TRUE,TRUE,"Enriched"
"K01728",729.57863326554,0.424613719192524,0.107248985262581,3.95913973594184,0.0000752202187256023,0.000391774649024294,FALSE,FALSE,"Enriched"
"K14448",439.205431290086,-0.0234143217202624,0.120221702268215,-0.1947595257637,0.8455812092321,0.907318753537399,FALSE,FALSE,"Suppressed"
"K02377",626.707569619793,-0.215954362223823,0.105156204214275,-2.05365307579738,0.0400092812013946,0.0898772029640168,FALSE,FALSE,"Suppressed"
"K17215",49.2274559299012,0.631075643647342,0.360429798660777,1.75089752842907,0.0799635626192014,0.157271128156888,FALSE,FALSE,"Enriched"
"K11731",372.47696275289,-0.0118269550827597,0.142851367656825,-0.0827920325633273,0.934016904471593,0.960771453691994,FALSE,FALSE,"Suppressed"
"K00646",38.8711488792428,3.3594192060979,0.495175652643068,6.78429803276179,0.0000000000116652297480161,0.000000000202119989298722,TRUE,TRUE,"Enriched"
"K01200",33.8827443131252,0.922049192763151,0.417811645483676,2.20685374074662,0.0273242791349463,0.0652253535984491,TRUE,FALSE,"Enriched"
"K01658",1093.24406309292,-0.204243916492151,0.0864022397856685,-2.36387293892847,0.0180850140078262,0.0462475892803909,FALSE,FALSE,"Suppressed"
"K06605",49.7927585765118,-0.545898752594832,0.374544510145861,-1.45750034457117,0.144978316317932,0.252707273856263,FALSE,FALSE,"Suppressed"
"K00872",1184.43212312836,0.0135385015116837,0.0782724404622421,0.17296639061886,0.862677845799239,0.918713494242982,FALSE,FALSE,"Enriched"
"K06207",5647.74966804869,-0.0143405289397367,0.0399849225290861,-0.358648411268147,0.719858125918439,0.81813452905519,FALSE,FALSE,"Suppressed"
"K04751",790.049805957585,-0.117596559550774,0.104473479700705,-1.12561158954084,0.260329960345365,0.397633966477931,FALSE,FALSE,"Suppressed"
"K09964",117.459008032584,0.439044763788541,0.238413994874885,1.8415226170718,0.0655450093181094,0.133832946712805,FALSE,FALSE,"Enriched"
"K11261",53.1756177094777,-0.0804920346163576,0.348581724577623,-0.230912950797664,0.817382429326558,0.889264259090738,FALSE,FALSE,"Suppressed"
"K13919",8.5897150987888,-0.543988673709864,0.884325186174812,-0.61514551684648,0.538458624851489,0.672962941182219,FALSE,FALSE,"Suppressed"
"K10554",156.127184088418,0.235334350088399,0.203905134555248,1.15413645959286,0.2484442277648,0.383125498138437,FALSE,FALSE,"Enriched"
"K03404",319.352408162182,1.24007599305165,0.143662575218055,8.6318652660195,0.00000000000000000603594600046187,0.000000000000000188785818752907,TRUE,TRUE,"Enriched"
"K07026",59.9007108704846,-0.272498643286516,0.352722634981847,-0.772557857820892,0.439784093123516,0.582969611814893,FALSE,FALSE,"Suppressed"
"K07386",5850.5430447275,0.00106859642722828,0.142062073978614,0.00752203876306312,0.993998338001985,0.996532104489002,FALSE,FALSE,"Enriched"
"K07775",34.5328490971767,0.275256008090078,0.493066821145468,0.558252951294953,0.576671667410745,0.703400697179273,FALSE,FALSE,"Enriched"
"K18688",670.216111489815,-0.922921258373497,0.108341838950987,-8.51860432968115,0.0000000000000000161487525919794,0.000000000000000485178532307795,TRUE,TRUE,"Suppressed"
"K02858",12.7940530041998,0.360922091053271,0.724208090629569,0.498367935574311,0.618224732546361,0.737082096579389,FALSE,FALSE,"Enriched"
"K09131",388.366134058476,0.102551788183692,0.121990478758428,0.840654034867509,0.400541778007297,0.544319140834782,FALSE,FALSE,"Enriched"
"K19701",51.1252043623908,0.681669072512574,0.366060626096097,1.86217534451145,0.0625783785505718,0.128810506506898,FALSE,FALSE,"Enriched"
"K06350",146.197408038773,-0.257406891283677,0.217327963558041,-1.18441680062461,0.236248112905013,0.369171724470323,FALSE,FALSE,"Suppressed"
"K20327",62.3636143452487,-0.221885374682134,0.320615558386872,-0.69206053442483,0.488899314481132,0.626296349300656,FALSE,FALSE,"Suppressed"
"K18121",20.1681654563499,1.04671961818266,0.581262695459856,1.80076861350025,0.0717393578380768,0.14390798077358,FALSE,FALSE,"Enriched"
"K15052",30.539034575011,-0.0760313220086592,0.571180398146986,-0.133112624759741,0.894104310886335,0.937719770335443,FALSE,FALSE,"Suppressed"
"K22227",142.2558128775,-0.190895239971424,0.210341532797155,-0.907548963026315,0.36411656939714,0.511221675127338,FALSE,FALSE,"Suppressed"
"K03564",1725.28310756443,-0.014300945909604,0.0651950605916389,-0.2193562791387,0.826372524815832,0.89537147430303,FALSE,FALSE,"Suppressed"
"K19742",19.4997154036722,1.60316846936557,0.577180062670793,2.77758809260875,0.00547639929469761,0.0167002796491804,TRUE,TRUE,"Enriched"
"K09477",18.9762311544953,0.243050761548268,0.575522423126928,0.422313278825393,0.672796367062577,0.781597150993268,FALSE,FALSE,"Enriched"
"K19787",29.2140811077928,-0.739164326848755,0.539364764924524,-1.37043495407452,0.170551167094395,0.28657028144732,FALSE,FALSE,"Suppressed"
"K00372",2857.78668292212,0.0270519922192376,0.0608434763599783,0.444616150122414,0.656597174252683,0.767821207899313,FALSE,FALSE,"Enriched"
"K06149",14.2103776531642,-0.507609246719505,0.68945417608207,-0.736247983301912,0.461579795762672,0.602810896020181,FALSE,FALSE,"Suppressed"
"K13671",884.564989558953,1.30331575960101,0.0922667559207023,14.1255184122993,0.00000000000000000000000000000000000000000000264446604148388,0.000000000000000000000000000000000000000000393380448463662,TRUE,TRUE,"Enriched"
"K09005",783.5033569784,0.0322080163021125,0.0927219809130863,0.347361175688243,0.728319996862011,0.823817444521774,FALSE,FALSE,"Enriched"
"K00641",2511.9077999312,-0.222925217333648,0.0593279776114273,-3.7575057554416,0.000171615420996708,0.000812011212303277,FALSE,FALSE,"Suppressed"
"K07101",333.264287021131,-0.0442454075134887,0.134293989687556,-0.32946677372851,0.741802904042557,0.834117977831039,FALSE,FALSE,"Suppressed"
"K14080",50.136405055453,-0.252242221560714,0.345043221851811,-0.731045288201739,0.464751490978353,0.605407805099738,FALSE,FALSE,"Suppressed"
"K04568",614.171999598478,-0.338950112855987,0.122785600003046,-2.76050377933226,0.00577122902485801,0.0174683502841732,FALSE,FALSE,"Suppressed"
"K18612",18.6982511059574,-0.715479081141506,0.709598375932583,-1.00828737129111,0.313316523877552,0.456502025592258,FALSE,FALSE,"Suppressed"
"K01090",168.445026309238,0.220786420114484,0.192742654872442,1.14549848999746,0.252002720586992,0.387339867152234,FALSE,FALSE,"Enriched"
"K03465",951.704678158163,0.649522561015716,0.0866193135813339,7.49858818040421,0.0000000000000645088495216843,0.00000000000146805773594311,TRUE,TRUE,"Enriched"
"K15642",17.1541310493032,-1.33922052923925,0.667727606376036,-2.00563900077101,0.0448947776658352,0.0987426069181135,TRUE,FALSE,"Suppressed"
"K18903",76.8300209497409,-0.411643578034096,0.28871298541338,-1.42578823548482,0.153929477788893,0.265127332684116,FALSE,FALSE,"Suppressed"
"K02914",158.30884993477,-0.165673519454371,0.202573096136335,-0.817845620244012,0.413445344802683,0.556522436096129,FALSE,FALSE,"Suppressed"
"K15512",889.516232762558,-0.188937976893448,0.100523682968145,-1.87953695402626,0.0601712126041999,0.124696109067513,FALSE,FALSE,"Suppressed"
"K23227",97.6510363234908,1.04258795846166,0.288601117097,3.61255690535406,0.000303192542128245,0.00134681086266582,TRUE,TRUE,"Enriched"
"K04772",336.583471519018,-0.644503691459381,0.14514512344165,-4.44040885547544,0.00000897881273096483,0.0000578690680592175,TRUE,TRUE,"Suppressed"
"K10202",463.179570424015,2.41246248364474,0.138032364448404,17.4775132867228,0.0000000000000000000000000000000000000000000000000000000000000000000212569154804004,0.00000000000000000000000000000000000000000000000000000000000000000997276365499708,TRUE,TRUE,"Enriched"
"K02234",72.287755121671,0.329174962565633,0.299193616538036,1.10020717144473,0.271241866677361,0.409481223976541,FALSE,FALSE,"Enriched"
"K09705",266.991842131606,-0.271948539570576,0.159494874300485,-1.70506131161451,0.0881829901725768,0.170576611818124,FALSE,FALSE,"Suppressed"
"K15539",433.338696998344,-0.366771006314591,0.152130240474746,-2.41090137746463,0.0159131508146402,0.0414054209976495,FALSE,FALSE,"Suppressed"
"K02519",6881.22385973991,-0.0574657918144967,0.0395019430584558,-1.45475861097409,0.145736100154703,0.25359328811513,FALSE,FALSE,"Suppressed"
"K16363",328.022128607142,-0.256594373747307,0.134335975064099,-1.91009425155749,0.0561210790215451,0.11803481432349,FALSE,FALSE,"Suppressed"
"K05988",64.025127075015,0.025258343642597,0.364522065560158,0.0692916726557629,0.944757454065299,0.967278111859033,FALSE,FALSE,"Enriched"
"K10215",245.780450335975,1.8229238507733,0.167000546314181,10.9156759723636,0.000000000000000000000000000970049514555837,0.0000000000000000000000000603707345844495,TRUE,TRUE,"Enriched"
"K02314",5342.80332784494,0.157451069320617,0.0424205255062779,3.71167182493568,0.000205894827068842,0.000956399505173549,FALSE,FALSE,"Enriched"
"K02634",6.21280753613344,-2.44153630291153,1.09085065259736,-2.23819484096943,0.0252083519470386,0.0610102137003923,TRUE,FALSE,"Suppressed"
"K03717",335.983421963441,-0.465095538982324,0.131100068603869,-3.54763764760226,0.000388702582620604,0.0016730395563889,FALSE,FALSE,"Suppressed"
"K09940",540.607488829152,0.0569012013087844,0.137345568393238,0.414292226348862,0.678660106234506,0.785417075507448,FALSE,FALSE,"Enriched"
"K09882",605.171172762423,0.442317315572346,0.117188024592252,3.77442419659654,0.000160377664123916,0.000765969752147035,FALSE,FALSE,"Enriched"
"K07454",289.362421498973,0.753521284362082,0.155338476393139,4.85083478258812,0.00000122942926894021,0.00000960088234477127,TRUE,TRUE,"Enriched"
"K07313",406.93365951827,0.298312712014154,0.126955159669433,2.3497486261362,0.0187860932177848,0.0476211066231377,FALSE,FALSE,"Enriched"
"K14441",3054.06268204284,-0.00818358646808246,0.0503201038147119,-0.162630556133508,0.870809326956484,0.923892508014877,FALSE,FALSE,"Suppressed"
"K15921",141.111495570858,1.86141428628689,0.234460708750482,7.93913102202487,0.00000000000000203602614001723,0.0000000000000535246699481254,TRUE,TRUE,"Enriched"
"K02533",506.282768250532,0.287490990929485,0.122290962304894,2.35087683922805,0.01872923195913,0.0474967092385589,FALSE,FALSE,"Enriched"
"K01531",2245.21115175247,-0.28816699192794,0.067051574937635,-4.29769162314181,0.0000172586041810614,0.000103704657044624,FALSE,FALSE,"Suppressed"
"K02511",14.3847669876203,-1.32464883843375,0.670031800374851,-1.97699398400595,0.0480423102186521,0.10416283328246,FALSE,FALSE,"Suppressed"
"K14436",4.00174532027715,5.3847777284014,3.76285999188563,1.43103324067686,0.152420688621453,0.262899824632987,FALSE,FALSE,"Enriched"
"K21034",13.4665078938611,0.400251618287677,0.676010104535326,0.592079342605095,0.553797459102405,0.685797878533097,FALSE,FALSE,"Enriched"
"K02037",2837.23666943647,0.0489947808214777,0.0508314310021833,0.963867824601934,0.33511219698956,0.481018896078918,FALSE,FALSE,"Enriched"
"K03006",14.1698492160109,-3.30187947082173,0.826773703964833,-3.99369193164636,0.0000650523743177458,0.000342029681865458,TRUE,TRUE,"Suppressed"
"K09951",19.3942336979311,0.0131863432622439,0.550480019892157,0.0239542631625889,0.98088909093599,0.988016938995641,FALSE,FALSE,"Enriched"
"K00031",4861.23684852703,-0.157195661393239,0.0480825371860424,-3.26928799087729,0.00107818501984988,0.00407678266340014,FALSE,FALSE,"Suppressed"
"K21021",10.9402345059185,-1.22236085877748,0.78494011434751,-1.55726639068967,0.119407251499704,0.217133222092039,FALSE,FALSE,"Suppressed"
"K02315",485.440078400389,0.914910764502244,0.113126948235064,8.0874696858362,0.000000000000000609169856415763,0.0000000000000166606589878015,TRUE,TRUE,"Enriched"
"K02653",2317.87675980552,-0.385743890212782,0.0616630402648181,-6.2556742021828,0.000000000395802255497582,0.00000000553669256027466,FALSE,FALSE,"Suppressed"
"K02568",94.8908405112783,-0.832961656940605,0.25667212142157,-3.24523618820492,0.00117353244508342,0.00437492321672603,TRUE,TRUE,"Suppressed"
"K09962",130.937305107977,2.52155228287812,0.247716498971437,10.1791858570101,0.00000000000000000000000245607593553903,0.00000000000000000000012178542382807,TRUE,TRUE,"Enriched"
"K09928",303.407265973135,0.305510158625704,0.154006002171135,1.98375488174944,0.0472831721058939,0.102809292931853,FALSE,FALSE,"Enriched"
"K20509",174.574215325677,-0.468631109827254,0.187563636887504,-2.49851793025493,0.0124713833327826,0.0337607487557217,FALSE,FALSE,"Suppressed"
"K06903",263.955274559932,0.654089360389876,0.178677941182686,3.66071690808836,0.000251510528792682,0.00113879934306352,TRUE,TRUE,"Enriched"
"K10220",538.542987979977,-0.202294227500583,0.11808652316715,-1.71310173316084,0.0866938252478325,0.168551367608075,FALSE,FALSE,"Suppressed"
"K09919",1407.40595658682,-0.00689329513979675,0.0864557923886167,-0.0797320219888976,0.936450390655688,0.961519896850467,FALSE,FALSE,"Suppressed"
"K10021",37.9958344527091,0.569672709355027,0.399660338252097,1.42539215136152,0.154043875557729,0.265174596959241,FALSE,FALSE,"Enriched"
"K23463",8.44059159432815,0.373419093825544,0.896576608149818,0.416494352441487,0.677048299109928,0.784444828319045,FALSE,FALSE,"Enriched"
"K03272",1151.78078531555,1.19062132480379,0.0783578457046604,15.1946663936037,0.000000000000000000000000000000000000000000000000000383611539808017,0.0000000000000000000000000000000000000000000000000835588136174678,TRUE,TRUE,"Enriched"
"K14152",17.2484972519356,-0.246694420849618,0.616465204962751,-0.400175742059154,0.689027080223997,0.792751586924383,FALSE,FALSE,"Suppressed"
"K06175",285.268365129778,-0.387369481640022,0.174347050748856,-2.22182985015342,0.0262948066141559,0.06316346023621,FALSE,FALSE,"Suppressed"
"K03560",979.560509487968,-0.249759604387772,0.0866197621757822,-2.88340210263937,0.00393404907435414,0.0125885442311049,FALSE,FALSE,"Suppressed"
"K06078",52.0400294779346,0.153300760236823,0.409128700039193,0.374700577647419,0.70788316260757,0.80760270872499,FALSE,FALSE,"Enriched"
"K09607",2668.40139291832,0.98919256495027,0.0596190834611111,16.5918780954677,0.0000000000000000000000000000000000000000000000000000000000000797858937422296,0.0000000000000000000000000000000000000000000000000000000000286243627019917,TRUE,TRUE,"Enriched"
"K07157",1272.90393017551,0.147701322974881,0.0731681695126069,2.01865543389645,0.0435230450784097,0.0961764680917467,FALSE,FALSE,"Enriched"
"K16301",480.970259066322,0.991020687213463,0.123925673983319,7.99689568238183,0.00000000000000127595251759739,0.0000000000000342820898891035,TRUE,TRUE,"Enriched"
"K17640",15.5262432822405,1.33561628307882,0.741729094207059,1.80067937675635,0.0717534299938442,0.14390798077358,FALSE,FALSE,"Enriched"
"K00992",893.900975767562,0.0636143195908158,0.101678180067239,0.625643766919784,0.531548624764387,0.667472732641135,FALSE,FALSE,"Enriched"
"K07259",3047.77683783128,0.106309387451204,0.0665465270065075,1.59751969386483,0.110149911334016,0.203885981555739,FALSE,FALSE,"Enriched"
"K07005",704.976356426034,0.0369634545865931,0.105389346311101,0.350732364137452,0.725789142987858,0.822174588239775,FALSE,FALSE,"Enriched"
"K07504",27.4078435919016,-2.94972710345271,0.578386999453565,-5.09991944189528,0.000000339798071603785,0.00000297335500532494,TRUE,TRUE,"Suppressed"
"K20988",14.7773205092515,-0.364351957766728,0.61823655012218,-0.589340694423069,0.555632751319751,0.687384208985631,FALSE,FALSE,"Suppressed"
"K21472",888.193038765204,-0.0550239944313372,0.0991957450226585,-0.554701155969629,0.579099085383976,0.705251759567881,FALSE,FALSE,"Suppressed"
"K07144",26.9381150100073,-0.383101925667857,0.487059929145198,-0.786560139201371,0.431539401129414,0.574788994865319,FALSE,FALSE,"Suppressed"
"K02335",9088.42148779142,0.0754518288538544,0.0372457965573502,2.02578104988775,0.0427872266920686,0.0950325184249551,FALSE,FALSE,"Enriched"
"K09984",99.9781805818226,-0.22967505350884,0.250723142148411,-0.916050475200602,0.359640421526707,0.506452766310642,FALSE,FALSE,"Suppressed"
"K02064",369.840689983997,-0.482190919428367,0.139570191936744,-3.45482737207172,0.000550645265193409,0.00226458899016494,FALSE,FALSE,"Suppressed"
"K07241",207.587613572503,-0.862875854465608,0.21936015424352,-3.9336034269364,0.0000836818066987698,0.000431067862662605,TRUE,TRUE,"Suppressed"
"K01419",904.455558639412,0.0927423584332174,0.0878563282465018,1.05561386736999,0.291144662722044,0.43130659437744,FALSE,FALSE,"Enriched"
"K09925",61.8712695506863,1.78280702998037,0.359330959856921,4.96146235406559,0.000000699644315545844,0.00000573539069961573,TRUE,TRUE,"Enriched"
"K00367",147.684197074855,0.0223351976771368,0.196694747453231,0.113552588293938,0.909592473215954,0.946303511726021,FALSE,FALSE,"Enriched"
"K02456",840.153134943213,-0.413851767386384,0.0985468679220713,-4.19954257413487,0.0000267454740298906,0.000154366551138108,FALSE,FALSE,"Suppressed"
"K03183",2618.35122395539,-0.135108161893857,0.0544932425246108,-2.47935625839916,0.0131619769165161,0.0353322610976373,FALSE,FALSE,"Suppressed"
"K09794",29.1345975421191,-1.12832270632148,0.468582203428755,-2.40795040457192,0.0160423601724873,0.0416527691323969,TRUE,TRUE,"Suppressed"
"K07071",1582.2056715275,-0.124673213685108,0.0727145766520876,-1.71455599998366,0.0864266616285869,0.168139141713796,FALSE,FALSE,"Suppressed"
"K07740",7.02580853250674,0.404263001547836,1.22032971774581,0.33127358587529,0.740437841364031,0.833197489756315,FALSE,FALSE,"Enriched"
"K02703",13.0946811498962,-1.84888614401015,0.741392754187388,-2.49380120532287,0.0126383304618165,0.0341369253705133,TRUE,TRUE,"Suppressed"
"K22579",2541.95271439788,0.373920539129749,0.0657656527698715,5.68565084327802,0.000000013031540068438,0.000000143984353038775,FALSE,FALSE,"Enriched"
"K06938",54.9552196378849,-0.19932404047191,0.323735440427338,-0.615700400947137,0.538092272640961,0.672760821148185,FALSE,FALSE,"Suppressed"
"K09667",158.663938573981,-0.523072926683273,0.198862835255032,-2.63032017024427,0.00853044873612975,0.0244718752782951,TRUE,TRUE,"Suppressed"
"K03589",1584.19034384343,0.221003886536254,0.0715068918523946,3.09066554021748,0.00199708447603012,0.0069442521204719,FALSE,FALSE,"Enriched"
"K19125",54.915961830071,0.773989664028125,0.370391441189106,2.08965320997512,0.0366489629847928,0.0834972077864218,TRUE,FALSE,"Enriched"
"K01599",2815.50088042127,0.00819706035837868,0.0552522636827293,0.148357004980792,0.882061029571619,0.930903308419676,FALSE,FALSE,"Enriched"
"K01918",1899.024417616,0.0106207664258536,0.063015298131041,0.168542667270535,0.866156380107027,0.920810138098789,FALSE,FALSE,"Enriched"
"K00435",57.420351510589,0.845159622279257,0.323371653745862,2.6135859853179,0.00895975352385543,0.0254520431960849,TRUE,TRUE,"Enriched"
"K00760",1369.23041012328,-0.11157840075491,0.0719420367118283,-1.55094859493414,0.120914003477368,0.219235576771499,FALSE,FALSE,"Suppressed"
"K19302",3195.14855639738,0.366904686338627,0.0537000650690358,6.83248122450022,0.00000000000834583321684497,0.000000000146689443197514,FALSE,FALSE,"Enriched"
"K11603",14.2032353004838,0.659299320251808,0.674224316252026,0.977863456359472,0.328141861225513,0.473129364447849,FALSE,FALSE,"Enriched"
"K00674",2064.63884150537,0.014808454908707,0.0605379855451187,0.244614266156418,0.806755116799873,0.882108185256799,FALSE,FALSE,"Enriched"
"K06909",37.4287911097502,1.05647430622864,0.417574013382642,2.53002886283668,0.0114053144010613,0.0313479101090911,TRUE,TRUE,"Enriched"
"K22216",19.2294693388739,-0.264331803565361,0.54846594493441,-0.4819475229168,0.629843225482097,0.746485392968385,FALSE,FALSE,"Suppressed"
"K23470",37.8362636986878,0.111980155915855,0.45085415546238,0.248373347698242,0.80384555305907,0.880031238217064,FALSE,FALSE,"Enriched"
"K19714",34.6976340975387,-0.933896464297233,0.423036988129866,-2.20760002198801,0.0272721676162455,0.0651264488220364,TRUE,FALSE,"Suppressed"
"K11179",65.6923129762312,-0.304075427388581,0.311894538561207,-0.974930272236585,0.329594848718235,0.474775385529644,FALSE,FALSE,"Suppressed"
"K04093",135.287615809508,1.43157527898901,0.230141711870528,6.22040771033448,0.000000000495864667207266,0.00000000685777461518621,TRUE,TRUE,"Enriched"
"K06950",162.398014757858,0.835685253988755,0.200866561124594,4.1604000651477,0.0000317690606002917,0.000180073885317081,TRUE,TRUE,"Enriched"
"K20333",54.6221252603713,0.577433275591967,0.337747490137996,1.7096597086659,0.087328817442393,0.169300209021346,FALSE,FALSE,"Enriched"
"K00782",492.731181410783,0.201085680278643,0.118857717647746,1.69181845536183,0.0906805936334317,0.174412154074519,FALSE,FALSE,"Enriched"
"K20483",508.195721002612,0.782370981422006,0.119907009466721,6.52481439493449,0.0000000000680857925974985,0.00000000108705562579095,TRUE,TRUE,"Enriched"
"K01066",1236.3122630527,0.546752424682637,0.0926753395071384,5.89965386250916,0.00000000364264945579885,0.0000000433916387322601,TRUE,TRUE,"Enriched"
"K04099",259.459126853427,-0.296318060231877,0.150399907642187,-1.97020107842645,0.048815330012953,0.105351980802902,FALSE,FALSE,"Suppressed"
"K03169",757.047895748538,-0.152288394764651,0.101172016683001,-1.5052422572717,0.132261804599042,0.23504217548064,FALSE,FALSE,"Suppressed"
"K01082",1343.54598166507,0.565249812494419,0.0712978484051031,7.92800659681564,0.00000000000000222691484205397,0.0000000000000582916464450092,TRUE,TRUE,"Enriched"
"K05559",933.549569319199,-0.0463379977034624,0.0896482515876728,-0.516886797933203,0.605235184106166,0.726514951528227,FALSE,FALSE,"Suppressed"
"K03407",3084.87105085969,-0.152316133673553,0.057344361910991,-2.65616581295256,0.00790347427080756,0.0229539474179311,FALSE,FALSE,"Suppressed"
"K16839",56.2591960376246,-0.288633735500214,0.324065002945002,-0.890666171531022,0.373108288116277,0.518475153616125,FALSE,FALSE,"Suppressed"
"K23393",522.611706676133,1.77019488423112,0.12534241995743,14.1228714495246,0.00000000000000000000000000000000000000000000274571348079619,0.000000000000000000000000000000000000000000398716821889903,TRUE,TRUE,"Enriched"
"K10231",49.2350607957649,-0.319044208212808,0.34962229482682,-0.912539654746105,0.361484704534059,0.50836706790683,FALSE,FALSE,"Suppressed"
"K10200",618.574095408761,2.26984402834674,0.110876890200037,20.4717504635243,0.00000000000000000000000000000000000000000000000000000000000000000000000000000000000000000000384556611849157,0.00000000000000000000000000000000000000000000000000000000000000000000000000000000000000000293176346958501,TRUE,TRUE,"Enriched"
"K22446",7.85169055685708,6.35448548462145,1.45605551255747,4.36417803429773,0.000012760162874653,0.0000786103367399075,TRUE,TRUE,"Enriched"
"K14392",18.9095263831127,1.67519773797067,0.62536522663367,2.67875101880581,0.00738973197125482,0.0216891122678937,TRUE,TRUE,"Enriched"
"K13634",255.299486731301,-0.52939564527759,0.149601284708046,-3.53871055526515,0.00040208647163005,0.00171972327522558,TRUE,TRUE,"Suppressed"
"K22473",14.8390128385344,0.338566070640019,0.61314130095694,0.552182784150429,0.580823128267117,0.706368945025153,FALSE,FALSE,"Enriched"
"K00887",6.43623094805764,2.38183566515191,1.06931253611983,2.22744575107553,0.025917497618736,0.0624538988449904,TRUE,FALSE,"Enriched"
"K05907",15.1706726149917,0.00154163254056301,0.707374068522142,0.00217937384075135,0.998261112636771,0.999080165075757,FALSE,FALSE,"Enriched"
"K22614",44.3734878201755,3.92227391314291,0.506823292182781,7.73893775925433,0.0000000000000100250839988062,0.000000000000248548728897233,TRUE,TRUE,"Enriched"
"K06298",12.3921665988478,2.9598884110732,0.850952008590983,3.47832589992263,0.000504556077988024,0.00210340910433969,TRUE,TRUE,"Enriched"
"K09941",199.743551069448,-0.110021910521026,0.178397340106648,-0.616723940251876,0.537416827658242,0.672211901535607,FALSE,FALSE,"Suppressed"
"K06213",2982.59363673015,-0.178072124321895,0.0625629333811993,-2.84628796474251,0.00442321754917019,0.0139345061117712,FALSE,FALSE,"Suppressed"
"K19294",326.110622559866,-0.483919511042297,0.143200915465625,-3.37930459081779,0.000726694472806398,0.00289869822736836,FALSE,FALSE,"Suppressed"
"K11962",353.595758855043,-0.741287672128377,0.135310352419718,-5.47842540405913,0.0000000429127428517709,0.000000434037841878857,TRUE,TRUE,"Suppressed"
"K02009",140.617824151501,1.21833413782722,0.221373698814048,5.50351800757783,0.0000000372286484525977,0.000000380969004886566,TRUE,TRUE,"Enriched"
"K09888",405.903340887995,-0.144505288965793,0.139248630637812,-1.03775016173519,0.299386384980977,0.440308068965272,FALSE,FALSE,"Suppressed"
"K08305",742.465992582692,-0.358870938453269,0.0946741901202972,-3.79058894506804,0.00015029050062007,0.000725175445634339,FALSE,FALSE,"Suppressed"
"K05814",692.868674401051,0.431884506079331,0.101400989113192,4.25917448987826,0.0000205183257499351,0.000121135235475738,FALSE,FALSE,"Enriched"
"K06034",105.897904294425,-0.0689869707349118,0.231381990363718,-0.298151859729743,0.7655872620552,0.851004738810416,FALSE,FALSE,"Suppressed"
"K06606",56.2716198897777,-0.352074425081288,0.338159218550991,-1.04114986600076,0.297805999223469,0.438512503443732,FALSE,FALSE,"Suppressed"
"K03194",47.9367943418841,-0.059484268556503,0.348768659440271,-0.170555085574396,0.864573616863461,0.919608386684731,FALSE,FALSE,"Suppressed"
"K18208",189.656726974408,2.54503923254073,0.209208902670071,12.1650618117066,0.000000000000000000000000000000000477084080554688,0.0000000000000000000000000000000404129973236533,TRUE,TRUE,"Enriched"
"K00847",1254.02359429297,0.157866694571736,0.0779837746790019,2.02435308141405,0.0429338356168478,0.0952194412462381,FALSE,FALSE,"Enriched"
"K04750",939.865415774024,-0.0103028306235167,0.090222693614474,-0.114193338846003,0.909084532199554,0.946303511726021,FALSE,FALSE,"Suppressed"
"K02676",187.495412955818,-0.230034847753203,0.205273713685242,-1.12062496275548,0.262447534725535,0.399767111461299,FALSE,FALSE,"Suppressed"
"K00869",171.766323090634,-0.514353112697495,0.196572771764273,-2.61660406006942,0.00888092899076365,0.0252634262661695,TRUE,TRUE,"Suppressed"
"K01885",4799.41463171649,0.0924020057134189,0.0435204933208246,2.12318378452765,0.0337384542355351,0.0779730323541223,FALSE,FALSE,"Enriched"
"K16844",193.07439043386,-0.321664557220972,0.178818794716254,-1.79882969086881,0.0720456251402641,0.144399036388587,FALSE,FALSE,"Suppressed"
"K07059",6.95433139393509,0.271984735424387,0.945051697709303,0.287798790355751,0.773500763368115,0.856651744285842,FALSE,FALSE,"Enriched"
"K02911",229.710790328853,-0.20802795563403,0.18145423615362,-1.146448603481,0.251609581913634,0.387028206832599,FALSE,FALSE,"Suppressed"
"K15526",655.467512798001,0.0317516482371108,0.106317266848503,0.298649967011994,0.765207136135516,0.850865692486876,FALSE,FALSE,"Enriched"
"K22250",32.539665320611,-1.45327632879616,0.439925287717915,-3.30346167717464,0.000954990212863133,0.00365859629915342,TRUE,TRUE,"Suppressed"
"K09482",39.6906607365813,0.0912895343228881,0.441022156774037,0.206995346879276,0.836013492457979,0.901493332832605,FALSE,FALSE,"Enriched"
"K03758",90.3320390247314,-0.382800435553482,0.256226320972607,-1.4939934121538,0.135177341165784,0.239279456161893,FALSE,FALSE,"Suppressed"
"K04116",283.78840448113,-0.937455728562515,0.151867333304904,-6.17285961478223,0.000000000670657579636769,0.00000000895041702014147,TRUE,TRUE,"Suppressed"
"K01515",1019.12577022606,-0.0768763481916497,0.0844931516603154,-0.909853007977649,0.362900035045356,0.509983252014199,FALSE,FALSE,"Suppressed"
"K02784",30.5132649789432,-0.741029076789869,0.433144034013357,-1.71081446031649,0.0871153693042638,0.169057617028293,FALSE,FALSE,"Suppressed"
"K23482",8.00451814092798,-0.323197830735869,0.912335130758081,-0.354253409563781,0.723148980354096,0.820250256868074,FALSE,FALSE,"Suppressed"
"K15670",27.536475809331,-0.558876981994255,0.508900882812406,-1.0982039938812,0.272115422650107,0.410393660421118,FALSE,FALSE,"Suppressed"
"K01034",73.7188161827329,0.223288222481277,0.289551562573999,0.771151847692801,0.440616931779423,0.583566268604278,FALSE,FALSE,"Enriched"
"K07075",102.947441626559,-0.754096263274162,0.255076128853834,-2.95635764374596,0.00311295895347785,0.0102405267838519,TRUE,TRUE,"Suppressed"
"K10713",98.2169463358896,-0.235045522344407,0.266007288615896,-0.883605571739817,0.376909170255621,0.522210138434582,FALSE,FALSE,"Suppressed"
"K03636",791.306000146917,-0.147688271126737,0.0870789160093914,-1.69602790083892,0.0898805963249822,0.173146480412529,FALSE,FALSE,"Suppressed"
"K17476",35.9153678592161,-0.380450448399557,0.437313517293793,-0.869971847094691,0.384315789644985,0.52868131476605,FALSE,FALSE,"Suppressed"
"K11904",628.215028839679,-0.0620130115392161,0.1034051198425,-0.599709295184514,0.548699992388143,0.681156371580559,FALSE,FALSE,"Suppressed"
"K13449",8.10577104259919,-1.09965774478033,0.857112837044308,-1.28297896992468,0.199499443965902,0.323259061835291,FALSE,FALSE,"Suppressed"
"K12972",203.239126841593,-0.254399514516876,0.193379910642778,-1.31554262110927,0.188327603028948,0.30934824962929,FALSE,FALSE,"Suppressed"
"K03218",1732.39984172834,0.00961951148721191,0.0625386689262912,0.153817016773247,0.877754016070873,0.928301402795486,FALSE,FALSE,"Enriched"
"K00331",2183.57771887361,-0.0580248446210353,0.0629752049095755,-0.92139191455354,0.356845848579032,0.503954831012119,FALSE,FALSE,"Suppressed"
"K06297",82.2148079654011,6.87494623566187,0.766153010251376,8.97333319020203,0.000000000000000000287674264981412,0.000000000000000010141764983362,TRUE,TRUE,"Enriched"
"K00332",2332.22338367545,0.107821833846803,0.059529176591056,1.8112434947236,0.0701031681461894,0.141248504302481,FALSE,FALSE,"Enriched"
"K22818",386.528008294473,-0.997552706624746,0.143049235276602,-6.97349206163784,0.00000000000309168890285895,0.0000000000576642526560757,TRUE,TRUE,"Suppressed"
"K05637",13.8720868672024,-1.62520124543808,0.75081868968884,-2.16457217668837,0.03042046366537,0.0714968816551414,TRUE,FALSE,"Suppressed"
"K01208",310.882682225035,0.160255090704132,0.150970807911428,1.06149720546074,0.288464002239957,0.428376418227781,FALSE,FALSE,"Enriched"
"K07148",1510.56566084893,0.182977092973197,0.0819252166415733,2.2334648655704,0.0255183047660529,0.0616624963423758,FALSE,FALSE,"Enriched"
"K21162",320.056953502193,0.985273165647511,0.14178751896607,6.94894143597566,0.00000000000368037278591152,0.000000000068226728332141,TRUE,TRUE,"Enriched"
"K10678",24.6002206401538,-0.377579199827823,0.493660466693606,-0.764856060597151,0.44435726097546,0.587244839585988,FALSE,FALSE,"Suppressed"
"K04098",190.603655445004,-0.560472746837673,0.176448404388181,-3.17641153390456,0.00149109259993297,0.0054035494753364,TRUE,TRUE,"Suppressed"
"K07118",288.444937489135,1.41472132446882,0.182583451879878,7.74835457377359,0.00000000000000930908999739356,0.000000000000232689097926653,TRUE,TRUE,"Enriched"
"K19804",646.151587795604,-0.31955783060616,0.0995224206281665,-3.21091296402531,0.00132314002856313,0.00486720810265775,FALSE,FALSE,"Suppressed"
"K06609",9.46328453411946,6.62438889548293,1.42409389236849,4.65165178432551,0.00000329286771494848,0.0000239085716588938,TRUE,TRUE,"Enriched"
"K14446",463.605537308715,0.101172856370064,0.128604019576623,0.786700576724854,0.431457166400627,0.574788994865319,FALSE,FALSE,"Enriched"
"K17236",13.670193350623,-0.104669419129361,0.864812094865906,-0.12103140063691,0.903666163897579,0.943054549298103,FALSE,FALSE,"Suppressed"
"K02902",462.434074846491,-0.083858319190618,0.132523510063956,-0.632780697931619,0.526876863232569,0.662971320168236,FALSE,FALSE,"Suppressed"
"K07015",15.615023763759,3.85235753683016,0.867635956443143,4.44006211155982,0.00000899329181253867,0.0000578690680592175,TRUE,TRUE,"Enriched"
"K03150",70.4876726057265,-0.133532545419269,0.294721298161893,-0.453080745273856,0.650490599694569,0.762803723810263,FALSE,FALSE,"Suppressed"
"K08301",2545.24690881879,-0.247858187070078,0.0563473109960428,-4.39875803634151,0.0000108872126756507,0.0000683842534591077,FALSE,FALSE,"Suppressed"
"K13490",59.2544186642864,0.29578932701536,0.305499842870952,0.968214334369743,0.332937337452075,0.479024491889644,FALSE,FALSE,"Enriched"
"K11646",8.08723799171654,-0.6483766735351,0.899720378590683,-0.72064242287222,0.471129545667402,0.611105720762544,FALSE,FALSE,"Suppressed"
"K03892",924.275313429128,0.289322306243929,0.0842448294471224,3.43430342423005,0.000594078790330917,0.00242360303827978,FALSE,FALSE,"Enriched"
"K20832",20.9280295986645,0.88699547100298,0.551946762953793,1.60703084162709,0.108047602685537,0.201215978253157,FALSE,FALSE,"Enriched"
"K13678",10.606379087289,-0.129361659034242,0.742865895273634,-0.174138643135033,0.86175650430105,0.918697561175518,FALSE,FALSE,"Suppressed"
"K01426",6260.47871373081,-0.0806712423793342,0.0435513332195493,-1.8523254379529,0.0639791050214302,0.131162541689312,FALSE,FALSE,"Suppressed"
"K00984",42.5319873214132,0.185842563897823,0.408504129529825,0.454934357975087,0.649156464014464,0.762118435808319,FALSE,FALSE,"Enriched"
"K05551",166.174797580934,3.00467852296492,0.254394404008031,11.8111030574009,0.0000000000000000000000000000000342044162047565,0.00000000000000000000000000000254405773698549,TRUE,TRUE,"Enriched"
"K03543",1393.37407113897,-0.138041027452062,0.0709335577057999,-1.94606096066115,0.0516474173438035,0.110293276743648,FALSE,FALSE,"Suppressed"
"K00457",2823.87591886762,-0.0691703848695836,0.054828678556736,-1.2615730798255,0.207102448021016,0.332486925633109,FALSE,FALSE,"Suppressed"
"K12261",37.5722676682779,-0.573939854635631,0.401870476461929,-1.4281712348929,0.153242577914103,0.264168027896583,FALSE,FALSE,"Suppressed"
"K16074",87.0914196953224,0.802682251374669,0.278431496300332,2.88287159333745,0.00394068041626232,0.0126031514728809,TRUE,TRUE,"Enriched"
"K13735",124.331731870761,-0.102382082917542,0.226923185717811,-0.451175064344717,0.651863379986647,0.763972858289501,FALSE,FALSE,"Suppressed"
"K08369",868.048297376025,0.365768589242115,0.0896678461763035,4.07914993879687,0.0000452006778945453,0.000246141905784671,FALSE,FALSE,"Enriched"
"K02396",604.842286057647,-0.152686537053935,0.125984882518885,-1.21194332209698,0.225534077230964,0.355434712411278,FALSE,FALSE,"Suppressed"
"K00820",7266.63460345955,-0.0312570744488655,0.0372267989958196,-0.839639058205769,0.401110792795017,0.544650962878908,FALSE,FALSE,"Suppressed"
"K02028",815.240303327446,0.151568061314298,0.10564788948931,1.43465299730039,0.151386004366034,0.261509180314888,FALSE,FALSE,"Enriched"
"K23675",6.20994776508774,-1.11444809213013,0.991126667355567,-1.12442549356845,0.260832561941503,0.398102551371679,FALSE,FALSE,"Suppressed"
"K19997",12.5329973283119,0.694114585723973,0.707271485365622,0.981397667071439,0.326396676161376,0.471058525297736,FALSE,FALSE,"Enriched"
"K07220",1486.76704803464,0.0396495505192151,0.0710281798965437,0.558222814902012,0.576692243452749,0.703400697179273,FALSE,FALSE,"Enriched"
"K02013",2484.04428712899,0.618849300454317,0.0554086434175725,11.1688224487022,0.0000000000000000000000000000579439372594897,0.00000000000000000000000000384130514506117,TRUE,TRUE,"Enriched"
"K06386",5.93338463388897,4.05096005881179,1.40847858290267,2.8761247121439,0.00402590613938395,0.0128554981906297,TRUE,TRUE,"Enriched"
"K22684",15.278956399762,-1.30626813979364,0.701728858457264,-1.86149981442326,0.0626736268163321,0.128872096699078,FALSE,FALSE,"Suppressed"
"K01865",91.676313283555,2.4467335047767,0.281233989391832,8.69999216690614,0.00000000000000000331907083382813,0.000000000000000105432359455822,TRUE,TRUE,"Enriched"
"K01069",3289.62020055488,0.169681611218073,0.0544339623837905,3.11720116977193,0.00182576939581254,0.00641068943296526,FALSE,FALSE,"Enriched"
"K13574",234.609986085476,-0.453509406208542,0.15483622220634,-2.92896196862888,0.00340096031703034,0.0110803723149402,FALSE,FALSE,"Suppressed"
"K00207",108.065712157308,0.365470945577213,0.23776091137867,1.53713637560527,0.124259916842136,0.224020464918766,FALSE,FALSE,"Enriched"
"K00231",1517.67584735946,0.0128595062528173,0.0790117882841139,0.162754274166996,0.870711912045551,0.923892508014877,FALSE,FALSE,"Enriched"
"K13889",106.844762435603,-0.5540148414872,0.236340070949641,-2.34414265537412,0.0190708755513157,0.0482320281372337,TRUE,TRUE,"Suppressed"
"K04565",784.005838446229,0.143518073330795,0.115240743281944,1.24537615120781,0.212993515504183,0.34022720183882,FALSE,FALSE,"Enriched"
"K03413",807.115882714426,-0.231497638746102,0.0990259196269667,-2.33774793123013,0.0194003281299442,0.0489340782731719,FALSE,FALSE,"Suppressed"
"K01273",2940.64544048648,0.0352198551878957,0.0627908698201134,0.560907267072353,0.574860755734609,0.702873659750409,FALSE,FALSE,"Enriched"
"K13599",1212.62876898967,0.00822194140209412,0.0764585849782008,0.107534574494653,0.914364897857205,0.948259056628311,FALSE,FALSE,"Enriched"
"K11780",7.52433264470594,-1.89200887456049,0.900975776187216,-2.09995532018316,0.0357327716680506,0.0817764256673323,TRUE,FALSE,"Suppressed"
"K03561",1891.25573359393,-0.167440207536774,0.0639513047096223,-2.61824537117819,0.00883832261571511,0.0252245810169614,FALSE,FALSE,"Suppressed"
"K00865",924.392798365623,0.137478965653791,0.0912870615575527,1.5060071307818,0.13206534313654,0.234761447913074,FALSE,FALSE,"Enriched"
"K00097",1447.61327616054,-0.00114969316387674,0.0913279309163226,-0.0125886259804805,0.989955994973932,0.994051952350517,FALSE,FALSE,"Suppressed"
"K01666",542.840874358199,1.07194375109361,0.118892727756432,9.01605818389189,0.00000000000000000019497887735663,0.00000000000000000691381495929119,TRUE,TRUE,"Enriched"
"K03616",301.800707565083,-0.193551484263947,0.17986505022981,-1.0760927929948,0.281885758540404,0.420758992006345,FALSE,FALSE,"Suppressed"
"K03593",3584.62586465902,-0.101114255350032,0.0570599759123299,-1.77206971670282,0.0763829851492744,0.151302314525958,FALSE,FALSE,"Suppressed"
"K13992",67.9978148420902,-0.0278970077780519,0.294817537199482,-0.0946246551105814,0.924612965754864,0.955637091702918,FALSE,FALSE,"Suppressed"
"K00661",454.416379908188,0.98880820235607,0.13275901177622,7.44814373899391,0.0000000000000946626551983051,0.00000000000213043370499802,TRUE,TRUE,"Enriched"
"K02982",2189.3683618663,0.015709778118758,0.0643790188924102,0.244020154221549,0.80721521085124,0.882294905193855,FALSE,FALSE,"Enriched"
"K01851",70.2608388424123,0.361066460356358,0.370017410289449,0.975809381709662,0.329158934738898,0.474259471526704,FALSE,FALSE,"Enriched"
"K18324",7.50217621355559,-0.136127449025615,0.955101073980549,-0.142526746890023,0.886663954061519,0.933822043830289,FALSE,FALSE,"Suppressed"
"K17992",14.6987114305091,0.397650549602079,0.701535920945717,0.566828494064879,0.570830709504974,0.699798290908711,FALSE,FALSE,"Enriched"
"K11517",49.0141487495311,-0.035725675078301,0.439016002114773,-0.0813767035966975,0.935142375491098,0.961186562302594,FALSE,FALSE,"Suppressed"
"K19966",25.2074603637428,-0.0971559623522136,0.51082084821345,-0.190195765681859,0.849155729058118,0.909554055413674,FALSE,FALSE,"Suppressed"
"K06211",214.769058098172,2.92957760056715,0.195892210432512,14.9550489736111,0.0000000000000000000000000000000000000000000000000144375468016866,0.00000000000000000000000000000000000000000000000258984111598491,TRUE,TRUE,"Enriched"
"K03827",102.396016061289,0.416782273487134,0.248920485079891,1.67435907636677,0.0940600505164338,0.180052352633847,FALSE,FALSE,"Enriched"
"K16876",58.6137985081955,-0.328550594903283,0.335337773926005,-0.979760171533138,0.327204516450793,0.472112691230988,FALSE,FALSE,"Suppressed"
"K04496",6.9160123757809,-1.70812428919611,0.971921354180629,-1.75747171501971,0.0788374388957926,0.155322660093609,FALSE,FALSE,"Suppressed"
"K19271",40.0478330689876,-0.559707800315774,0.392602878526928,-1.42563346049788,0.153974172505697,0.265129440460826,FALSE,FALSE,"Suppressed"
"K06143",688.734024637124,0.0609251104030489,0.127158393630243,0.479127713583814,0.631847775211201,0.747698793366922,FALSE,FALSE,"Enriched"
"K03773",115.804832731194,-0.218291253194526,0.237659857582676,-0.918502836006236,0.358355674887612,0.505196095921958,FALSE,FALSE,"Suppressed"
"K01520",1015.65690998768,-0.0538281718802837,0.083101125517385,-0.647742994395698,0.517151191156732,0.653565088036657,FALSE,FALSE,"Suppressed"
"K07401",47.5132960614899,-0.382780835582132,0.359337317019117,-1.06524097958289,0.286766893543337,0.426230203793416,FALSE,FALSE,"Suppressed"
"K03641",4210.26186945195,-0.0220430602841183,0.0558714845886437,-0.394531493952797,0.693188680046271,0.796110413967008,FALSE,FALSE,"Suppressed"
"K00336",5505.12267868248,-0.00673920376056164,0.0421225403542147,-0.159990439890155,0.872888605072496,0.925096287682036,FALSE,FALSE,"Suppressed"
"K07346",258.05862303497,-0.228646209179658,0.199114409053718,-1.14831573599464,0.250838245286451,0.38642648598183,FALSE,FALSE,"Suppressed"
"K01715",1291.75419789778,-0.0274511344729963,0.0843825475557811,-0.325317678455367,0.744940652453413,0.836258612058415,FALSE,FALSE,"Suppressed"
"K08966",14.8690955692505,2.17351125501661,0.768390507617305,2.82865448423671,0.00467441347089523,0.0146126333977396,TRUE,TRUE,"Enriched"
"K21962",119.886472856684,0.975245002318931,0.232229921510163,4.19948039415865,0.0000267528192413478,0.000154366551138108,TRUE,TRUE,"Enriched"
"K07317",13.4196652338512,1.32607196214366,0.682521631289093,1.94290100320935,0.0520281207085726,0.11098968457558,FALSE,FALSE,"Enriched"
"K01519",19.9165653273446,0.884249482088666,0.557990864891645,1.58470243461849,0.113033958470192,0.207962024950136,FALSE,FALSE,"Enriched"
"K10002",155.858232836252,-0.761834138385862,0.204829931692962,-3.71934966774213,0.000199736384301786,0.000932052186577349,TRUE,TRUE,"Suppressed"
"K05791",102.342524142423,2.25868524042997,0.259992955539359,8.68748630417427,0.00000000000000000370547074982216,0.000000000000000117096715560442,TRUE,TRUE,"Enriched"
"K04782",50.471648640312,1.00542630783115,0.351383281515058,2.86133791993762,0.00421857143645047,0.013414529296617,TRUE,TRUE,"Enriched"
"K10780",188.495650580919,-0.327107801935894,0.178110126270065,-1.83654803231067,0.0662766450980677,0.135010440365102,FALSE,FALSE,"Suppressed"
"K19709",4.20196364673691,1.55766484436824,1.42717897410665,1.09142922690776,0.2750840577745,0.413439543707904,FALSE,FALSE,"Enriched"
"K20978",14.519921611795,-1.31877586714899,0.660648375481061,-1.99618422763653,0.0459138736034595,0.100548910271993,FALSE,FALSE,"Suppressed"
"K12252",26.6137627900325,0.878148375382424,0.464135006692199,1.89201064931693,0.0584895619329471,0.121750115436534,FALSE,FALSE,"Enriched"
"K19548",20.8124843541324,-0.58923718558683,0.535463693042575,-1.10042416179276,0.271147355865605,0.409439891909959,FALSE,FALSE,"Suppressed"
"K03474",1226.56796961944,0.00994985989733845,0.0769583139258514,0.129288953847469,0.897129011627591,0.939353987180506,FALSE,FALSE,"Enriched"
"K05833",54.8649110639917,0.481779616153579,0.329742286137457,1.46107926222342,0.143993690600225,0.251278260077475,FALSE,FALSE,"Enriched"
"K11893",277.628355391829,-0.664800112069365,0.147718701117336,-4.50044650434139,0.00000678108696051722,0.0000446629042896269,TRUE,TRUE,"Suppressed"
"K13694",23.5625670039141,-0.711745299719055,0.495206401110106,-1.43726999110579,0.150641292207413,0.260493689019851,FALSE,FALSE,"Suppressed"
"K11070",1112.83386383344,0.150111785491333,0.0820999746144106,1.82840233747143,0.0674891908319971,0.136931661638174,FALSE,FALSE,"Enriched"
"K14273",7.03552402627964,0.584180270457736,0.942586648415296,0.619762937911201,0.535413872481511,0.670256405637262,FALSE,FALSE,"Enriched"
"K00549",4996.90942512097,-0.317286665122955,0.0562340640700346,-5.64225030450942,0.0000000167841849147768,0.000000183124765286625,FALSE,FALSE,"Suppressed"
"K20541",15.9046419283644,-0.870391581833408,0.648944569162703,-1.34124179967547,0.179841959115381,0.298220801697854,FALSE,FALSE,"Suppressed"
"K01201",1152.39366880635,0.0156143844050833,0.0836238630022275,0.186721634764318,0.851878892333675,0.911830355272567,FALSE,FALSE,"Enriched"
"K01130",3752.05598896712,-0.379994921912433,0.0569081224856407,-6.67734069083575,0.0000000000243316871341927,0.000000000409941877987407,FALSE,FALSE,"Suppressed"
"K01016",15.650159289512,-0.697483841073368,0.609361851758388,-1.14461356427334,0.25236927087332,0.38741509767339,FALSE,FALSE,"Suppressed"
"K05874",276.412227586913,-0.344771474552936,0.159954909718587,-2.15542914662328,0.0311282675897102,0.0727399632297481,FALSE,FALSE,"Suppressed"
"K10237",115.896065508428,0.175016318608516,0.237814540804648,0.735936154350976,0.461769553403227,0.602810896020181,FALSE,FALSE,"Enriched"
"K03789",1247.95855583879,0.116870248515674,0.076219030411345,1.53334735281909,0.125190293109644,0.225165319279185,FALSE,FALSE,"Enriched"
"K23271",10.7960499393094,0.360424295955672,0.794501303633658,0.453648463894608,0.650081865597861,0.762617676145673,FALSE,FALSE,"Enriched"
"K02192",80.4948947951714,0.314388982082575,0.303561124521174,1.03566944739212,0.300356380642964,0.441415316997936,FALSE,FALSE,"Enriched"
"K03531",4041.07410130968,0.0161536953444974,0.0481611852623209,0.335409007409444,0.73731657417348,0.83120768886532,FALSE,FALSE,"Enriched"
"K00574",4224.10942129771,0.00384367997326213,0.0456320993440966,0.0842319338472292,0.932872028860743,0.960105721232142,FALSE,FALSE,"Enriched"
"K02926",2020.64201077759,0.0489916925631463,0.0601770722750758,0.814125558305663,0.415573025542528,0.559016295276551,FALSE,FALSE,"Enriched"
"K11735",276.68827213139,0.591980606973716,0.154377300054195,3.83463505817175,0.000125750861227994,0.000620513351642017,TRUE,TRUE,"Enriched"
"K23464",20.384863417806,-0.254511584647431,0.565714925640181,-0.449893706374137,0.652787085844857,0.764908441223398,FALSE,FALSE,"Suppressed"
"K01179",5055.84612006981,0.335822693912117,0.0540462904364433,6.21361227940397,0.000000000517802019172383,0.00000000711278043903686,FALSE,FALSE,"Enriched"
"K02500",1867.98454014902,-0.11727463263289,0.0636116947169721,-1.84360176465476,0.0652411986704008,0.133257223941987,FALSE,FALSE,"Suppressed"
"K09859",121.026337997626,-1.1681919314109,0.252445846288573,-4.62749515821121,0.00000370114882189493,0.0000263399144279313,TRUE,TRUE,"Suppressed"
"K22797",18.3934753196114,-3.08653856046752,0.681223067159814,-4.5308779300972,0.00000587390733005344,0.000039599161306426,TRUE,TRUE,"Suppressed"
"K15231",7.15432245913185,-0.231553666390767,1.0181650315818,-0.227422528969621,0.82009520362182,0.891738393098498,FALSE,FALSE,"Suppressed"
"K21801",83.5663166066081,0.259048670120771,0.28423969256581,0.911374016001632,0.362098339661975,0.509091234116733,FALSE,FALSE,"Enriched"
"K07225",29.7808968873642,1.13148847507408,0.468599242716474,2.41461865903757,0.015751691386743,0.0411256702772883,TRUE,TRUE,"Enriched"
"K09023",56.4818116806664,-0.168901880924719,0.347588640820408,-0.485924627818855,0.627020606352744,0.744442024166904,FALSE,FALSE,"Suppressed"
"K20974",99.0580918556383,-0.0125056665148712,0.241480486912615,-0.0517874826026696,0.958698029603956,0.974460035717889,FALSE,FALSE,"Suppressed"
"K03429",200.111567180072,-0.472901287226329,0.196602475227616,-2.40536792163389,0.0161561908898664,0.041905970385887,FALSE,FALSE,"Suppressed"
"K22769",669.00109713444,-0.0776482963660255,0.108323744673994,-0.716816950888396,0.473487051065572,0.613380952516763,FALSE,FALSE,"Suppressed"
"K15582",1048.31419038587,0.944579974659929,0.0945057507559964,9.99494704929367,0.0000000000000000000000160372923761185,0.000000000000000000000752395740014975,TRUE,TRUE,"Enriched"
"K06295",80.800679965132,5.49279211413195,0.808148714302839,6.79675908272697,0.0000000000106998801247409,0.000000000185921848663232,TRUE,TRUE,"Enriched"
"K00335",5028.30454577986,-0.0396735361938781,0.0448270464862592,-0.885035693931769,0.376137380399038,0.521614798329635,FALSE,FALSE,"Suppressed"
"K09706",3.63451649566594,5.24185831490917,1.73445858110177,3.02218708017773,0.00250955398352344,0.00848435130017154,TRUE,TRUE,"Enriched"
"K03572",3081.97286557364,-0.0248067753888642,0.065563384311772,-0.378363253350394,0.705160762257908,0.805237874744613,FALSE,FALSE,"Suppressed"
"K16238",367.025367785309,-0.00133476920886761,0.156011448900169,-0.00855558497967492,0.993173714114634,0.995949766916335,FALSE,FALSE,"Suppressed"
"K02072",76.6220576492532,2.07882344066615,0.334757175112377,6.20994438720632,0.000000000530033557029521,0.00000000721579166143537,TRUE,TRUE,"Enriched"
"K05020",21.4586308218673,0.528355207628619,0.592771410770802,0.891330448851405,0.372751918171273,0.518334233681394,FALSE,FALSE,"Enriched"
"K03978",1109.75311573853,0.0208883619989367,0.0951467965753999,0.219538258257424,0.826230780896809,0.89537147430303,FALSE,FALSE,"Enriched"
"K13746",16.4800838422582,0.703853875468478,0.592004865098697,1.18893258647652,0.234466195808338,0.366857190414329,FALSE,FALSE,"Enriched"
"K03076",4293.60655958598,-0.029502932183508,0.0515446548033558,-0.572376171613962,0.567067155395522,0.696881666648541,FALSE,FALSE,"Suppressed"
"K16431",154.340147334203,1.57438883344688,0.203388121111122,7.74081015570573,0.00000000000000987853082211113,0.000000000000245914936669616,TRUE,TRUE,"Enriched"
"K06878",182.603533748021,-0.0269196904586481,0.188343135999072,-0.142928970125998,0.886346278610349,0.933822043830289,FALSE,FALSE,"Suppressed"
"K07649",383.042132921441,-0.292928631367011,0.122819162929053,-2.38504012225048,0.0170772587421961,0.0440026198008677,FALSE,FALSE,"Suppressed"
"K06908",6.25290233740124,-0.208560557465038,1.01970632213485,-0.204530022946605,0.837939332918439,0.902612502908788,FALSE,FALSE,"Suppressed"
"K06920",1113.13166751798,-0.06604369450426,0.0758682003612974,-0.870505616183705,0.384024151370795,0.52868131476605,FALSE,FALSE,"Suppressed"
"K07344",69.1777004464518,0.385076473530771,0.311234409738776,1.23725546238275,0.215992256848227,0.343862379148352,FALSE,FALSE,"Enriched"
"K07335",2510.77155232672,0.119483823844684,0.0680619668855431,1.75551529454937,0.079171206867348,0.155913849106863,FALSE,FALSE,"Enriched"
"K15313",47.2777504642996,4.43322023117341,0.531726058820729,8.33741389505243,0.0000000000000000759329043756077,0.00000000000000222651338359053,TRUE,TRUE,"Enriched"
"K19176",21.1003424979803,0.593038685633049,0.548914748530125,1.08038395255562,0.279971238866473,0.41913220074782,FALSE,FALSE,"Enriched"
"K08299",97.8158679973944,0.150367122821483,0.243604353179562,0.617259588586441,0.537063517228522,0.672045628144595,FALSE,FALSE,"Enriched"
"K02262",18.4723488645038,-0.235122472614396,0.63833350341795,-0.36833797905865,0.71262123688868,0.811781270785219,FALSE,FALSE,"Suppressed"
"K02704",16.9738388189933,-3.60920216920482,0.739063043945836,-4.88348348462318,0.00000104227883481464,0.00000825566053705776,TRUE,TRUE,"Suppressed"
"K03242",9.09749771095605,-1.59018674462638,0.983001474287802,-1.61768500477427,0.105730499221812,0.19762498153657,FALSE,FALSE,"Suppressed"
"K00036",4466.0078711825,-0.0965261091336749,0.0465354892861948,-2.07424721678623,0.0380563571422604,0.0858061819632703,FALSE,FALSE,"Suppressed"
"K05941",14.8391961221562,-0.260057127178952,0.625358012016894,-0.415853194780731,0.677517430892639,0.784779862010667,FALSE,FALSE,"Suppressed"
"K19686",44.7199781945039,-0.806854155574234,0.419167231061218,-1.92489797814466,0.0542421229158933,0.114908894638428,FALSE,FALSE,"Suppressed"
"K02768",479.263610901201,-0.627904078167409,0.131378374576887,-4.77935642140206,0.00000175857202960497,0.0000134405147976951,TRUE,TRUE,"Suppressed"
"K17204",23.3671930624639,0.140514727469411,0.590077550034557,0.238129255148212,0.811780844950142,0.884708110489236,FALSE,FALSE,"Enriched"
"K04775",14.3400232210996,0.675344338105036,0.669007471777018,1.0094720411884,0.312748303708811,0.456306137066025,FALSE,FALSE,"Enriched"
"K10119",1150.95818626054,0.664287528635351,0.100861353677473,6.58614528176532,0.000000000045139215304419,0.000000000740064715434547,TRUE,TRUE,"Enriched"
"K13853",10.0745110230103,3.7272982234832,1.06138108599914,3.51174358828381,0.000445177286419907,0.00188682159129605,TRUE,TRUE,"Enriched"
"K14260",1045.8124256819,-0.299220130379948,0.0891229543305431,-3.35738567720934,0.000786832744851668,0.00309605994248408,FALSE,FALSE,"Suppressed"
"K03649",439.791732376765,0.305241286467903,0.127526116731645,2.39355901591693,0.0166857967491891,0.0430849595145234,FALSE,FALSE,"Enriched"
"K00767",1731.68732557706,0.0150576390448104,0.0670014863744409,0.224735895568945,0.822184738182127,0.892996967072974,FALSE,FALSE,"Enriched"
"K03089",1366.70925119991,-0.0657538706315911,0.0874991047272475,-0.751480496132609,0.452363534328953,0.59524599695195,FALSE,FALSE,"Suppressed"
"K05776",133.621929901048,-0.651811168176385,0.211551717470405,-3.08109608359748,0.00206240084490403,0.00713880973499982,TRUE,TRUE,"Suppressed"
"K00046",506.411502202618,-0.548740238681552,0.116918329410325,-4.69336366204607,0.00000268749122049918,0.0000197720252760247,TRUE,TRUE,"Suppressed"
"K16704",16.62106674644,-1.53499606111048,0.675719647222093,-2.27164633649607,0.0231078798232418,0.0565344731201381,TRUE,FALSE,"Suppressed"
"K02567",625.487802638763,-0.373628729116506,0.109273772643541,-3.41919858789273,0.000628058711584854,0.00254351267062153,FALSE,FALSE,"Suppressed"
"K12368",253.318574230095,-0.161188050779816,0.152023763093611,-1.06028194211034,0.289016351957963,0.428878348727399,FALSE,FALSE,"Suppressed"
"K12549",15.1290082216076,-0.178190646550972,0.665621538223391,-0.267705650010336,0.788925900431164,0.868687320225613,FALSE,FALSE,"Suppressed"
"K02001",439.235875324239,0.77170739185851,0.133186895765979,5.79416906911374,0.00000000686602647680438,0.0000000788623267081542,TRUE,TRUE,"Enriched"
"K18382",327.427410006303,-1.00486510531974,0.144008233254522,-6.97783093792789,0.00000000000299772075584253,0.0000000000562556888919495,TRUE,TRUE,"Suppressed"
"K10255",638.555149678457,-0.0171691160702232,0.102414892039807,-0.167642768822623,0.86686432266312,0.921402144287621,FALSE,FALSE,"Suppressed"
"K11437",6.69908012654152,-0.130078898005123,0.998465223778986,-0.130278846881418,0.896345815170485,0.938831036703553,FALSE,FALSE,"Suppressed"
"K18989",373.535963965599,0.473556234652305,0.155856123053124,3.03841918671936,0.00237822882386282,0.00809420624818043,FALSE,FALSE,"Enriched"
"K13288",850.667076305987,-0.0681000956988502,0.084365027356543,-0.807207652657375,0.419546857520752,0.563513211162113,FALSE,FALSE,"Suppressed"
"K04024",46.3911122038664,-0.252168338524837,0.376624280494778,-0.669548809209961,0.50314545618172,0.640911473945762,FALSE,FALSE,"Suppressed"
"K21727",11.7911764296536,1.73497760732831,0.877788497859717,1.9765326289404,0.0480944839972012,0.104238897618667,FALSE,FALSE,"Enriched"
"K00197",58.4813345652155,-0.25370932663702,0.34902617169352,-0.72690631022307,0.467283351324626,0.607945407615701,FALSE,FALSE,"Suppressed"
"K11947",34.309504172656,4.58158823206468,0.66996892974514,6.83850851681666,0.00000000000800219074714077,0.000000000141464815555976,TRUE,TRUE,"Enriched"
"K03215",2376.74985259954,-0.0202376025305467,0.0616417606757377,-0.328309936456961,0.742677331985432,0.834793410943449,FALSE,FALSE,"Suppressed"
"K05516",930.152357399179,-0.457076106128256,0.0810071499986881,-5.64241682537478,0.000000016767954680261,0.000000183124765286625,FALSE,FALSE,"Suppressed"
"K07235",38.8009521423068,-0.554936593804117,0.410506751485994,-1.35183304974961,0.176428728881912,0.294080026633173,FALSE,FALSE,"Suppressed"
"K22618",22.1351132721734,-0.0278779596356967,0.503122321709038,-0.0554099041779721,0.9558119055682,0.972530340087317,FALSE,FALSE,"Suppressed"
"K02798",97.9512259459266,-0.324976743344012,0.279701790382537,-1.16186865625548,0.245288820634393,0.379487264367064,FALSE,FALSE,"Suppressed"
"K03653",32.2162495825766,-0.668347715815595,0.415766521543305,-1.60750729360007,0.107943130730631,0.201082820502785,FALSE,FALSE,"Suppressed"
"K09966",162.019899361853,-0.724377247412697,0.200839097912544,-3.60675413772337,0.000310051182964009,0.00137128510870014,TRUE,TRUE,"Suppressed"
"K15555",133.521813363638,-0.385544539674393,0.224274107217458,-1.71907735787157,0.0856002870158515,0.166732230467365,FALSE,FALSE,"Suppressed"
"K07217",98.3540404279105,-0.522406163812711,0.247392331776215,-2.11165059184319,0.0347164297724046,0.0799354901931635,TRUE,FALSE,"Suppressed"
"K06310",18.6880222840387,7.61053173185009,1.29225289489451,5.88935166012635,0.00000000387713642194688,0.0000000460051654425176,TRUE,TRUE,"Enriched"
"K14623",37.5628811972384,0.780138216744873,0.502287475316313,1.55317075396631,0.120382346309676,0.218450440387598,FALSE,FALSE,"Enriched"
"K17872",17.6685863609626,0.402819431049765,0.581840059299214,0.692319864560259,0.488736477934882,0.626296349300656,FALSE,FALSE,"Enriched"
"K16264",1559.38814523707,0.034463335554538,0.0680846228728409,0.506183835649702,0.612727601426629,0.731889079729927,FALSE,FALSE,"Enriched"
"K13795",180.571791814773,-0.435132253959916,0.185607053446078,-2.34437348086197,0.0190590755732398,0.0482320281372337,FALSE,FALSE,"Suppressed"
"K21178",18.9194505968153,-1.93563394854834,0.672577025073395,-2.87793646881874,0.00400285744037873,0.0127952974469968,TRUE,TRUE,"Suppressed"
"K01480",1172.55846042738,-0.119065203707751,0.081398541628477,-1.46274369694722,0.143537524484934,0.250769224243372,FALSE,FALSE,"Suppressed"
"K12452",155.523508575859,0.309337344405898,0.207817122836435,1.48850749247148,0.1366171077097,0.241445302788022,FALSE,FALSE,"Enriched"
"K07151",26.2992426886633,-1.02223827830796,0.485798363322062,-2.10424397339985,0.0353571705094489,0.0810693839533653,TRUE,FALSE,"Suppressed"
"K07180",940.198028225722,-0.348079735353952,0.0935654846088735,-3.72017242051394,0.00019908681538855,0.000929732379061842,FALSE,FALSE,"Suppressed"
"K16850",73.4803981219124,0.26368931977059,0.285376468820692,0.924005125090648,0.355483647431735,0.5027464982002,FALSE,FALSE,"Enriched"
"K08744",1167.69848066816,0.209802715155322,0.0750253322207513,2.79642500666318,0.0051671401195537,0.0158842679380837,FALSE,FALSE,"Enriched"
"K06179",1079.76527469484,0.150416498190562,0.08886227135682,1.69269247672699,0.0905140180358134,0.174146686435466,FALSE,FALSE,"Enriched"
"K07233",535.044692981108,0.326557321667921,0.160955006140409,2.02887334478462,0.0424711923505834,0.0945371540679592,FALSE,FALSE,"Enriched"
"K15599",13.5091141607698,-0.841706837165502,0.641154736553878,-1.31279828281323,0.189250928831204,0.310363381269564,FALSE,FALSE,"Suppressed"
"K11703",15.3053689490909,-1.38681541976265,0.658276143386038,-2.10673808202916,0.0351402892559559,0.0807842533630136,TRUE,FALSE,"Suppressed"
"K20534",1789.8933552615,0.287343939668294,0.0675145957421897,4.25602695994124,0.00002080916255633,0.00012262326804933,FALSE,FALSE,"Enriched"
"K01465",4501.55036615442,-0.036760262182589,0.0427208270524878,-0.860476369931333,0.389526503804461,0.533624396721122,FALSE,FALSE,"Suppressed"
"K07089",500.970721140191,-0.246889760412736,0.133427346346858,-1.85036851269545,0.0642604540512103,0.131562440167282,FALSE,FALSE,"Suppressed"
"K11689",104.756550207027,-0.742208433977244,0.260120410830311,-2.85332639452666,0.00432641597574099,0.0136861053091516,TRUE,TRUE,"Suppressed"
"K01846",42.9552931383378,-1.44676548106409,0.37429348931055,-3.86532366280011,0.000110941979609786,0.00055507394063994,TRUE,TRUE,"Suppressed"
"K16370",228.505691666186,0.0646241579036335,0.168259818425648,0.384073622022777,0.700923881512762,0.802202055422468,FALSE,FALSE,"Enriched"
"K03621",1916.83600827706,0.346380319007083,0.0641390544090018,5.40045877194083,0.000000066470686800891,0.000000652825634136287,FALSE,FALSE,"Enriched"
"K03631",3675.84793054825,0.0838437372196848,0.0539120750427008,1.5551940294132,0.119899865850422,0.217834161996343,FALSE,FALSE,"Enriched"
"K11617",49.7396966129963,1.47763636305061,0.363986937361512,4.05958624164311,0.000049159748820736,0.00026580257806531,TRUE,TRUE,"Enriched"
"K02611",975.906316693424,0.252929323609077,0.0854800902461081,2.95892672645597,0.00308712495687078,0.010172001681229,FALSE,FALSE,"Enriched"
"K01414",763.915986452533,-0.654587271895668,0.0901523516483156,-7.26090068564393,0.000000000000384521204850322,0.00000000000808687871855901,TRUE,TRUE,"Suppressed"
"K02671",176.140880283095,-0.58686175459876,0.210081059762656,-2.79350149538365,0.00521407879404864,0.015980234454725,TRUE,TRUE,"Suppressed"
"K17837",1219.50940964822,-0.209918265157413,0.0858522418960486,-2.44511104802115,0.0144807547552025,0.0382495120190473,FALSE,FALSE,"Suppressed"
"K05358",30.8232119069614,0.329893830695492,0.469321349818452,0.702916734606481,0.482107641568534,0.620725038194319,FALSE,FALSE,"Enriched"
"K14165",17.8799650061213,-0.678026990881229,0.686632319302129,-0.98746734143006,0.323413585558397,0.467749456561694,FALSE,FALSE,"Suppressed"
"K04065",201.278059358199,-0.735622917504595,0.179448503323608,-4.09935387523413,0.0000414305150720482,0.000227643884166146,TRUE,TRUE,"Suppressed"
"K20218",9.99404094415806,0.278593548862787,0.806168460478977,0.345577335904785,0.729660381050536,0.824488241032427,FALSE,FALSE,"Enriched"
"K08164",5.43146414229835,5.8264348647894,1.53312230693232,3.80037185451155,0.000144479117622947,0.000702133974806656,TRUE,TRUE,"Enriched"
"K11605",23.2446444397467,0.98119729747947,0.53934158485605,1.81925022106603,0.0688732640674121,0.139184240406609,FALSE,FALSE,"Enriched"
"K00084",6.4752037960603,-2.04147535508678,0.980995254280064,-2.08102470035391,0.0374316452546253,0.0848367166138833,TRUE,FALSE,"Suppressed"
"K16697",7.12353286713893,6.21544285926729,1.46214378296612,4.25091084179051,0.000021290291341275,0.000125095844788474,TRUE,TRUE,"Enriched"
"K21744",295.572183527043,1.60897588405052,0.151146378948924,10.6451500541354,0.0000000000000000000000000183688078917393,0.00000000000000000000000101846690301562,TRUE,TRUE,"Enriched"
"K08974",12.47291364128,-0.488068232120916,0.729326861991396,-0.669203696663889,0.503365548468762,0.641057941138229,FALSE,FALSE,"Suppressed"
"K06217",2829.37400045088,0.0133316777514953,0.0508116568464516,0.262374395540426,0.793032810797551,0.872264583057577,FALSE,FALSE,"Enriched"
"K07455",300.508379922925,4.48375211304574,0.223037831531863,20.1031012642588,0.00000000000000000000000000000000000000000000000000000000000000000000000000000000000000000693231215632298,0.00000000000000000000000000000000000000000000000000000000000000000000000000000000000000469779687126821,TRUE,TRUE,"Enriched"
"K22320",413.63983637887,-0.346014485119928,0.128813223418176,-2.68617208651503,0.00722758533378939,0.0212643719010041,FALSE,FALSE,"Suppressed"
"K08177",521.189102469766,-0.146721023462982,0.113894947309425,-1.28821362956845,0.197671608801421,0.320979537294959,FALSE,FALSE,"Suppressed"
"K21990",270.543606490367,-0.293832455491308,0.156016028272356,-1.88334787614493,0.0596532392151907,0.123876440576591,FALSE,FALSE,"Suppressed"
"K05541",16.4260968239729,1.72703030971568,0.63497390286195,2.71984455098331,0.00653126120296665,0.019462257211333,TRUE,TRUE,"Enriched"
"K17880",46.8251203455663,-0.43880424335376,0.398387020429832,-1.10145215795515,0.270699915640466,0.408986825565597,FALSE,FALSE,"Suppressed"
"K14941",414.013051569339,-0.0526581406775156,0.130183813813906,-0.404490690008427,0.685851922682413,0.790440452842032,FALSE,FALSE,"Suppressed"
"K07050",597.09278961609,0.352638361996222,0.115004175548184,3.06630920412516,0.00216719072261405,0.00743820833833602,FALSE,FALSE,"Enriched"
"K03223",44.9145396983458,-1.2090495746114,0.372056100759042,-3.24964319129504,0.00115549888864466,0.00432886223700477,TRUE,TRUE,"Suppressed"
"K07739",122.108367989438,-0.302252190722364,0.275613452814101,-1.09665253142136,0.272793314362925,0.411206162086094,FALSE,FALSE,"Suppressed"
"K02228",97.7567815665781,0.842172912409802,0.240730893697883,3.49839980848792,0.000468058911487325,0.00197190593008334,TRUE,TRUE,"Enriched"
"K00561",144.716120201281,0.947355487979899,0.211169171586861,4.48623954368367,0.00000724912372601069,0.0000474891574703966,TRUE,TRUE,"Enriched"
"K20423",46.9146989955847,2.8006067745053,0.406164482702183,6.89525277019071,0.00000000000537691090929218,0.0000000000970230166738847,TRUE,TRUE,"Enriched"
"K02406",634.481448628631,-0.307563355033651,0.102407974578344,-3.00331450065305,0.00267056296853844,0.00897892146919291,FALSE,FALSE,"Suppressed"
"K22847",46.7645595441091,0.685028860987038,0.357139570634091,1.91809846153645,0.0550985275181587,0.116238643837167,FALSE,FALSE,"Enriched"
"K01997",9540.25928373248,-0.0317622843952089,0.0428318881241091,-0.741556951754611,0.458355813776372,0.600539658049859,FALSE,FALSE,"Suppressed"
"K16593",29.3494662950961,0.527973554223152,0.446975249248748,1.18121429566971,0.237517603621496,0.370671541225501,FALSE,FALSE,"Enriched"
"K03610",388.092647177376,-0.12794551531048,0.121483315812013,-1.05319413168197,0.292252027470172,0.432616639842196,FALSE,FALSE,"Suppressed"
"K16424",138.38313606854,1.94864072566492,0.252027096306131,7.73186992281954,0.0000000000000105978204260374,0.000000000000261684642827538,TRUE,TRUE,"Enriched"
"K01008",1526.43335854407,-0.0775371803800515,0.0765856710273622,-1.01242411720006,0.311335311907227,0.454592786047923,FALSE,FALSE,"Suppressed"
"K03810",51.5606840790971,1.34448393433403,0.341794847649319,3.93359918553679,0.0000836832840453394,0.000431067862662605,TRUE,TRUE,"Enriched"
"K08978",47.0660350670948,0.38975813599679,0.359796790393293,1.08327296519445,0.278687281378493,0.417722715440508,FALSE,FALSE,"Enriched"
"K22552",516.026842349241,1.22813056135871,0.111996758952788,10.965768767259,0.000000000000000000000000000558240946017002,0.0000000000000000000000000351001188634814,TRUE,TRUE,"Enriched"
"K00285",1492.2114363443,0.120706988589375,0.0666680637440745,1.81056688630925,0.0702079219193536,0.141319510160441,FALSE,FALSE,"Enriched"
"K03976",303.795361621215,0.0158651737020464,0.139733298917569,0.113538961900595,0.909603275643967,0.946303511726021,FALSE,FALSE,"Enriched"
"K15899",11.5367161774034,-0.458306562451969,0.721922217738507,-0.634842024792726,0.525531451612684,0.661687928031742,FALSE,FALSE,"Suppressed"
"K04110",332.808007382288,-0.370617910027526,0.142786473770378,-2.59560937560189,0.00944233449286305,0.0265999067307029,FALSE,FALSE,"Suppressed"
"K08191",896.516986817612,-0.463625807486568,0.089353259579326,-5.18868376676254,0.000000211785697261988,0.00000194237739488852,FALSE,FALSE,"Suppressed"
"K07665",215.74514301635,-1.09461623320384,0.178681922278083,-6.12606031571724,0.000000000900816692658681,0.000000011764627427249,TRUE,TRUE,"Suppressed"
"K00375",2510.58998994735,0.333168343026803,0.0571461561828079,5.83010941210136,0.00000000553910454084975,0.0000000643485687517002,FALSE,FALSE,"Enriched"
"K06862",98.6208505424982,-0.526049723909403,0.253093798861117,-2.07847733242199,0.0376654165630153,0.0852398425298071,TRUE,FALSE,"Suppressed"
"K06378",67.7079950753288,0.687838105182028,0.296598299759856,2.31908984555523,0.0203901652455213,0.0509670564887027,TRUE,FALSE,"Enriched"
"K15633",1949.32677015501,-0.185577354260592,0.0654693670669497,-2.83456771578101,0.00458877317534428,0.0143743850007318,FALSE,FALSE,"Suppressed"
"K03230",285.134967718853,-0.695098795503277,0.144534936424987,-4.80920954266326,0.00000151528299771056,0.0000116835790177456,TRUE,TRUE,"Suppressed"
"K18703",35.7299561038926,0.2068658273657,0.441193712693007,0.468877550640986,0.639157163639302,0.753279316918531,FALSE,FALSE,"Enriched"
"K09769",653.675855871473,-0.0395850584000108,0.115157724089643,-0.343746446128064,0.731036978282483,0.825665653804604,FALSE,FALSE,"Suppressed"
"K01192",1183.64502578981,0.887632899948559,0.0866427823630003,10.2447414053454,0.00000000000000000000000124958581016161,0.0000000000000000000000624690480014398,TRUE,TRUE,"Enriched"
"K18845",14.1712132297159,-0.0861480509417166,0.72275224261064,-0.119194442940146,0.905121309155591,0.944131155214631,FALSE,FALSE,"Suppressed"
"K09123",31.0723309547653,1.29864675475302,0.488668018066858,2.65752352668872,0.00787170959652403,0.0228834875258341,TRUE,TRUE,"Enriched"
"K23176",288.610302956985,1.71272474698231,0.163751085209603,10.4593184514778,0.000000000000000000000000132807495516299,0.00000000000000000000000704341665351227,TRUE,TRUE,"Enriched"
"K06963",9.23648199820843,-1.06487440380651,0.920848265993492,-1.15640593910184,0.247515153440593,0.381982520453993,FALSE,FALSE,"Suppressed"
"K11477",257.211939740226,-0.437542234285458,0.176043855804885,-2.48541610432801,0.012940008384606,0.0348591480290246,FALSE,FALSE,"Suppressed"
"K16046",105.576091271415,-1.40957470252285,0.272102581854632,-5.18030623934283,0.000000221521922372537,0.00000201952496943214,TRUE,TRUE,"Suppressed"
"K17247",469.004248358794,-0.328256845614741,0.111742801540504,-2.93761066564772,0.00330752102030586,0.0108048048756537,FALSE,FALSE,"Suppressed"
"K10844",44.309677689561,-0.582893008661051,0.459052140480012,-1.2697751677,0.204164728575508,0.329156933540053,FALSE,FALSE,"Suppressed"
"K20977",48.3065127455934,-0.742503649844716,0.390817109300033,-1.89987498544924,0.0574495274437514,0.120200572171334,FALSE,FALSE,"Suppressed"
"K06318",9.01836433009403,4.63483430005279,1.26474360428892,3.66464339834209,0.000247683438074308,0.0011239741732256,TRUE,TRUE,"Enriched"
"K14667",257.105103222407,2.64306961147627,0.189428105647411,13.9528904775931,0.0000000000000000000000000000000000000000000302108943396346,0.0000000000000000000000000000000000000000042850289436612,TRUE,TRUE,"Enriched"
"K07483",836.858706540696,0.162483395660709,0.107461449222862,1.51201567479086,0.130529874984746,0.232506339816579,FALSE,FALSE,"Enriched"
"K03385",705.578986494026,-0.416479047928821,0.0955134824927445,-4.36042155577835,0.0000129812113470852,0.0000798914308838269,FALSE,FALSE,"Suppressed"
"K05785",108.821716704255,-0.0361717782592503,0.264186763358938,-0.1369174511219,0.891096044741819,0.93687130201502,FALSE,FALSE,"Suppressed"
"K03623",28.2044568364577,3.93310179009961,0.62269468248519,6.31626044147752,0.000000000267968309347504,0.00000000388203971190125,TRUE,TRUE,"Enriched"
"K14052",70.3370497085192,4.59595726464745,0.463505808181646,9.91564114951999,0.0000000000000000000000355963597974031,0.0000000000000000000016081644326249,TRUE,TRUE,"Enriched"
"K05554",93.2090515544657,1.8733938362229,0.301535743640853,6.21284168040199,0.000000000520348706738113,0.00000000713170058965337,TRUE,TRUE,"Enriched"
"K03388",507.842319721957,-0.236931154993266,0.119605424060782,-1.98093988507461,0.0475980155145197,0.103456983828602,FALSE,FALSE,"Suppressed"
"K17104",8.46844802451171,-1.46690293614287,0.824868803301096,-1.77834696896327,0.0753468866706845,0.149508944370627,FALSE,FALSE,"Suppressed"
"K01442",199.776616246948,0.867899643177993,0.183912079516239,4.71910080871747,0.0000023688941388763,0.0000175765028625384,TRUE,TRUE,"Enriched"
"K07161",1831.20124905222,-0.345014123837174,0.0844979367542017,-4.08310708036334,0.0000444375341541324,0.00024263609740918,FALSE,FALSE,"Suppressed"
"K12960",1567.56519041982,-0.275290526836887,0.076391213776635,-3.6036935823775,0.000313726889810851,0.00138252911918814,FALSE,FALSE,"Suppressed"
"K01133",233.500875465533,-0.323429285540571,0.183038226135055,-1.76700404265243,0.0772275512706942,0.152628268049243,FALSE,FALSE,"Suppressed"
"K20885",132.984166882881,0.329933563534028,0.226660393751056,1.45562953489086,0.145495058825519,0.253246108383801,FALSE,FALSE,"Enriched"
"K11082",6.52046654325701,-0.767645225382724,1.09658582950834,-0.700032049225825,0.48390728967701,0.622143070030513,FALSE,FALSE,"Suppressed"
"K18979",2152.40532445351,-0.0534291184930362,0.0707126630461108,-0.755580629995448,0.449900673008212,0.592772565279128,FALSE,FALSE,"Suppressed"
"K20529",7.98683743004711,-0.619490567854032,0.829909229282679,-0.74645581226935,0.455392114976643,0.598327554770044,FALSE,FALSE,"Suppressed"
"K03855",7.94975025801613,1.45872016285061,0.909564380727918,1.60375691238394,0.10876764555242,0.201878840603838,FALSE,FALSE,"Enriched"
"K16211",680.380019067383,0.0634924728614681,0.128428273041852,0.494380803834193,0.621037268359458,0.739755720520954,FALSE,FALSE,"Enriched"
"K14668",72.3015307999125,2.74620560856638,0.335089673960396,8.19543489988579,0.000000000000000249688731773316,0.00000000000000701774919394219,TRUE,TRUE,"Enriched"
"K18314",30.9755204886843,-0.0866328176017364,0.416209242560489,-0.208147270033643,0.835113979190469,0.901054110760795,FALSE,FALSE,"Suppressed"
"K10671",73.0312784909578,-0.07864030180136,0.311541417706572,-0.25242326487526,0.800713919470481,0.877863418092839,FALSE,FALSE,"Suppressed"
"K00684",1183.9687023161,-0.357278196197865,0.0771760181939979,-4.62939400812014,0.00000366737381677031,0.0000261857494819274,FALSE,FALSE,"Suppressed"
"K19585",717.729298632811,-0.297235785368533,0.133606408895977,-2.22471203159089,0.0261005760547784,0.0628206051136911,FALSE,FALSE,"Suppressed"
"K03551",2906.00200469703,-0.00508175953574403,0.0513212911600932,-0.0990185441728625,0.921123546340403,0.953161267242978,FALSE,FALSE,"Suppressed"
"K01153",1361.20445014186,0.519506650784111,0.072116019099418,7.20376217755348,0.000000000000585734929349309,0.0000000000121510113404811,TRUE,TRUE,"Enriched"
"K03520",8610.50470608073,-0.322979725671873,0.044409910160749,-7.27269486704194,0.000000000000352385704246943,0.00000000000746250142431287,FALSE,FALSE,"Suppressed"
"K05822",8.99212120928131,2.0770420065654,0.864549549743059,2.40245571486641,0.0162854062839102,0.0421760904142542,TRUE,TRUE,"Enriched"
"K05352",7.92161917357813,6.37223064350616,1.43070564148779,4.45390753955487,0.0000084321423919478,0.0000547169960827231,TRUE,TRUE,"Enriched"
"K12436",373.152477111313,1.66804434855384,0.153197964997356,10.8881625717589,0.00000000000000000000000000131261803995177,0.0000000000000000000000000784868375065278,TRUE,TRUE,"Enriched"
"K08714",222.868556265845,0.985923001478131,0.179845088995455,5.48206796741082,0.0000000420382655678235,0.000000426607956236532,TRUE,TRUE,"Enriched"
"K22468",727.626382376406,-0.232164876705581,0.100342597235137,-2.31372201938864,0.0206829752534391,0.0516104537196743,FALSE,FALSE,"Suppressed"
"K00395",113.464085468396,-0.283913796050257,0.244385245973,-1.16174687600259,0.245338298639012,0.379487264367064,FALSE,FALSE,"Suppressed"
"K11935",47.3629918269459,-1.13358383702772,0.40764847779405,-2.78078761182183,0.00542272013771821,0.0165536910078816,TRUE,TRUE,"Suppressed"
"K09797",467.503250705909,-0.0697046518590473,0.150918762406851,-0.461868695100585,0.644175484554869,0.757291110312287,FALSE,FALSE,"Suppressed"
"K21636",315.668591800699,-0.120606447176066,0.143969006648858,-0.837725076969005,0.402185126098805,0.545458546603649,FALSE,FALSE,"Suppressed"
"K01733",5458.35526884576,0.121479011994929,0.0516155159390845,2.35353671826697,0.0185957711933631,0.0472368215361605,FALSE,FALSE,"Enriched"
"K16210",62.4894211756053,-1.00771730698614,0.360681935195419,-2.79392231396385,0.00520729865636323,0.015980234454725,TRUE,TRUE,"Suppressed"
"K00788",1709.74773392926,0.241074549159019,0.0809554599658635,2.97786646213452,0.00290262418726306,0.0096527289629866,FALSE,FALSE,"Enriched"
"K04755",290.918394853052,-0.336772982245116,0.142974156666121,-2.35548150867266,0.0184987177033082,0.0470359409572201,FALSE,FALSE,"Suppressed"
"K05342",939.80996362934,1.3938030717499,0.102971353651968,13.5358332421345,0.00000000000000000000000000000000000000000960867058951973,0.00000000000000000000000000000000000000124687833884002,TRUE,TRUE,"Enriched"
"K02621",2376.82107250156,0.11189524362859,0.0781733851418451,1.43137262670098,0.152323449228424,0.262806426264259,FALSE,FALSE,"Enriched"
"K13274",8.68062514029473,0.408546098592652,0.853858293372535,0.478470610127815,0.632315287571795,0.747816742078802,FALSE,FALSE,"Enriched"
"K00362",2739.95597463795,0.0414508379448596,0.0566282255051299,0.73198193259834,0.464179595498721,0.604921229262115,FALSE,FALSE,"Enriched"
"K07106",1164.92606504556,0.373094489758756,0.0794156254812723,4.69799850467385,0.00000262723355014066,0.0000193520500269419,FALSE,FALSE,"Enriched"
"K03188",250.937696694873,0.315021246433849,0.213506755711835,1.47546266338769,0.14008819907877,0.246295164653047,FALSE,FALSE,"Enriched"
"K01487",355.964137343079,-0.105905763065963,0.137211875900522,-0.771841084242189,0.440208555184396,0.583405471114652,FALSE,FALSE,"Suppressed"
"K13787",1521.31063025187,0.918778338364543,0.0980319842407398,9.37223035400644,0.00000000000000000000710157262751017,0.000000000000000000277644175994773,TRUE,TRUE,"Enriched"
"K12428",110.834815219941,1.65491464579089,0.285505401673824,5.79643900286535,0.00000000677378059021476,0.0000000779495996598487,TRUE,TRUE,"Enriched"
"K01628",623.201549320948,-0.279961978285794,0.0968072744329883,-2.89195186958381,0.0038285659359441,0.0122832317955408,FALSE,FALSE,"Suppressed"
"K02372",797.094302249241,-0.00521440465773995,0.0943944078786019,-0.0552406098510206,0.955946776327835,0.972530340087317,FALSE,FALSE,"Suppressed"
"K02930",15.4844548661964,-1.60980216498457,0.731614471883668,-2.20034215676442,0.0277826284180847,0.0661899416882416,TRUE,FALSE,"Suppressed"
"K09812",2025.07973815836,0.0530566745742219,0.066325147928085,0.799948077488649,0.423740880817456,0.566380809139966,FALSE,FALSE,"Enriched"
"K08351",122.700604086151,-0.254617184852289,0.245068001756289,-1.03896544235708,0.298820808527165,0.439794428380111,FALSE,FALSE,"Suppressed"
"K22106",56.1371906192954,0.629170279289314,0.342790745844752,1.83543542792798,0.066441198440852,0.13525529682602,FALSE,FALSE,"Enriched"
"K00220",353.562999677195,0.0880624935318874,0.185729553260959,0.474143678190813,0.635397453359606,0.75072177347908,FALSE,FALSE,"Enriched"
"K16235",5.44725224249991,3.91853512502765,1.4552352915709,2.69271584308381,0.00708726442194145,0.0209120588821582,TRUE,TRUE,"Enriched"
"K16090",1673.21985898515,-0.12619236036003,0.0862416893279382,-1.46324082173503,0.143401494333846,0.250728426565076,FALSE,FALSE,"Suppressed"
"K02825",1041.22431600155,-0.142500568158945,0.0882961535976201,-1.61389327114229,0.106550578453251,0.198974886095032,FALSE,FALSE,"Suppressed"
"K01421",938.21457206217,0.611108588905252,0.0981045769535686,6.22915472327535,0.000000000468958474189212,0.00000000650040394109091,TRUE,TRUE,"Enriched"
"K01635",113.439672317067,-0.29694366275896,0.228112134404584,-1.30174426509155,0.193003822252904,0.31522080029033,FALSE,FALSE,"Suppressed"
"K10915",43.669151269077,0.903032041105095,0.393868987652199,2.29272186796922,0.0218640227265565,0.0539654692874415,TRUE,FALSE,"Enriched"
"K15532",237.842263436024,-0.838212494985866,0.174225559528161,-4.81107649908496,0.00000150119541144848,0.0000116042976101702,TRUE,TRUE,"Suppressed"
"K03822",174.334520347195,0.666675672301042,0.190366351283487,3.50206676655924,0.000461663913298919,0.00194857315377862,TRUE,TRUE,"Enriched"
"K19005",23.1472216435589,7.91684481708614,1.2728612184231,6.21972348791804,0.000000000498031778213039,0.00000000687216247810254,TRUE,TRUE,"Enriched"
"K23163",942.231567798435,-0.280635769436757,0.0878129936116495,-3.19583421421504,0.0013942720028877,0.00511037556827649,FALSE,FALSE,"Suppressed"
"K00146",351.967508715424,-0.125141776120244,0.149259010392818,-0.838420245390197,0.401794722958816,0.545171527324987,FALSE,FALSE,"Suppressed"
"K03475",100.121281751414,0.592786737692963,0.266766854415873,2.22211540856888,0.02627550721249,0.0631419694598016,TRUE,FALSE,"Enriched"
"K15849",9.30458910736022,-0.353342144159408,0.83394798273484,-0.423698062078958,0.671786028672009,0.780572106852845,FALSE,FALSE,"Suppressed"
"K00138",834.39735378752,0.634849921460068,0.0896958870461754,7.07780414873703,0.00000000000146456504841349,0.00000000002881413622669,TRUE,TRUE,"Enriched"
"K01776",1407.61803539143,-0.139179500848813,0.0772235866885501,-1.80229262608764,0.0714993780812354,0.14363462019679,FALSE,FALSE,"Suppressed"
"K07094",81.2999927732259,0.024716362042826,0.273372644282407,0.0904127115853365,0.927959255680484,0.957473101065009,FALSE,FALSE,"Enriched"
"K14578",31.1966845340459,2.46186706496905,0.539411614930863,4.56398601147028,0.00000501914245494177,0.0000343181051935985,TRUE,TRUE,"Enriched"
"K00254",1776.40588303372,0.14551184715408,0.0684495225998746,2.12582705659874,0.0335176622803768,0.0775215101433515,FALSE,FALSE,"Enriched"
"K01577",473.670637612038,-0.549622726218169,0.118729654882433,-4.62919501250474,0.00000367089946008328,0.0000261857494819274,TRUE,TRUE,"Suppressed"
"K07093",2006.32356970327,0.255170496233612,0.06949018095392,3.67203672131491,0.000240625095990832,0.0010960212550023,FALSE,FALSE,"Enriched"
"K00170",811.136376589531,-0.484725991155227,0.0953451374182043,-5.08390888388062,0.000000369745363283299,0.00000320779085443078,FALSE,FALSE,"Suppressed"
"K00370",6523.53878314644,0.180474184374486,0.0420366952607646,4.29325338861576,0.0000176073865600864,0.000105696309675165,FALSE,FALSE,"Enriched"
"K00033",2875.61269228246,0.126340797188184,0.0584940604416761,2.15989104251288,0.0307811053640298,0.0722609552021624,FALSE,FALSE,"Enriched"
"K00252",2844.32411770407,0.145086465656623,0.0524581588807884,2.76575596155277,0.00567910167446893,0.017232259259993,FALSE,FALSE,"Enriched"
"K23545",23.3832028637701,-0.342618415790738,0.550144407003504,-0.622779058423755,0.53342972171904,0.668952041015749,FALSE,FALSE,"Suppressed"
"K21424",16.9377748308094,-0.197937414878322,0.590873087780926,-0.334991420275533,0.737631558309501,0.83126660645411,FALSE,FALSE,"Suppressed"
"K18678",46.6669447501356,-0.421798473824028,0.346507119457155,-1.21728660145519,0.22349519030059,0.353225489930888,FALSE,FALSE,"Suppressed"
"K14266",2169.2202641771,-0.0689501325345502,0.0808314268359668,-0.853011449055235,0.393652955145466,0.537129920076618,FALSE,FALSE,"Suppressed"
"K07823",119.358276229732,0.156907077249478,0.224904803283507,0.697659965277337,0.485389870737194,0.623240594026557,FALSE,FALSE,"Enriched"
"K01965",2145.03430289048,0.485296459933569,0.0567872853823306,8.5458647418383,0.000000000000000012757736536459,0.00000000000000038711161759136,FALSE,FALSE,"Enriched"
"K13593",196.488034384619,0.241595156564592,0.176294818620655,1.37040418121674,0.170560767610063,0.28657028144732,FALSE,FALSE,"Enriched"
"K02395",123.393812800669,-0.176115052933859,0.268545929850786,-0.655809801443334,0.511946509192135,0.649004730734323,FALSE,FALSE,"Suppressed"
"K17241",52.1062012233787,0.148877525542863,0.492191172174571,0.302479064963925,0.762286890217429,0.848391923984689,FALSE,FALSE,"Enriched"
"K00640",990.891324158829,-0.00809557700358344,0.0835348455882166,-0.0969125751843779,0.922795822264094,0.954349224519988,FALSE,FALSE,"Suppressed"
"K22539",195.598010655558,1.92237277345538,0.207419043884461,9.26806303536044,0.0000000000000000000189556864954394,0.00000000000000000072256707459803,TRUE,TRUE,"Enriched"
"K08093",75.3919446625895,0.464303464681908,0.279257687049282,1.6626344992966,0.0963856209163681,0.183778212855194,FALSE,FALSE,"Enriched"
"K11955",13.0734962657796,-1.38031864494177,0.771071683356379,-1.79013011985269,0.0734329957374875,0.146601584616346,FALSE,FALSE,"Suppressed"
"K13831",4.67946261689668,-0.643781803850296,1.39227733198499,-0.462394803866012,0.643798224884531,0.756993517171921,FALSE,FALSE,"Suppressed"
"K03124",24.1866457913442,-1.20645065459363,0.519831293249443,-2.32085038023041,0.020294920353494,0.0508122821165681,TRUE,FALSE,"Suppressed"
"K10457",13.8808948280797,-0.438136054955401,0.711611506487536,-0.615695574004992,0.538095459002914,0.672760821148185,FALSE,FALSE,"Suppressed"
"K07088",868.186073977909,0.242740798421752,0.0927586405464144,2.61690767557433,0.00887303371048128,0.0252618844437129,FALSE,FALSE,"Enriched"
"K16558",15.939283810358,0.344651782664202,0.731803292676158,0.470962328420023,0.637667636966486,0.752541586272949,FALSE,FALSE,"Enriched"
"K01596",3417.52851330605,-0.214084394774606,0.050652190636695,-4.22655747132707,0.0000237293685997124,0.00013830471579905,FALSE,FALSE,"Suppressed"
"K17675",1410.07936002546,0.614528485228284,0.104646457222928,5.87242513063923,0.00000000429465681952399,0.0000000504684237808802,TRUE,TRUE,"Enriched"
"K18014",166.466034228314,-0.13122493724824,0.200397019606885,-0.654824794828095,0.512580564762364,0.649538513294341,FALSE,FALSE,"Suppressed"
"K07002",296.358462172023,0.849311096634827,0.142677398367611,5.9526673905741,0.00000000263807088723832,0.0000000320509847435588,TRUE,TRUE,"Enriched"
"K05555",162.540606253767,0.862276677233614,0.202096993953201,4.26664771388578,0.0000198432127159137,0.000117727387504239,TRUE,TRUE,"Enriched"
"K18540",7.394236517614,6.27047381535194,1.48150672210538,4.23249771451656,0.0000231110262424081,0.000135013552732229,TRUE,TRUE,"Enriched"
"K00130",2287.23485037723,0.0619374642802743,0.0678593256343988,0.91273327138514,0.361382840787033,0.50836706790683,FALSE,FALSE,"Enriched"
"K09145",10.824016262351,-1.88686068027301,0.956255312143874,-1.97317667814338,0.0484754365992157,0.104952675831955,FALSE,FALSE,"Suppressed"
"K21902",26.2331527393803,-0.543226766105178,0.499699683838104,-1.08710648350375,0.276989752848547,0.41571939764443,FALSE,FALSE,"Suppressed"
"K06442",1297.15036363765,0.238315139466185,0.0734260552746656,3.2456481364104,0.00117183578964015,0.00437394521481962,FALSE,FALSE,"Enriched"
"K15521",850.988271988609,0.195051007557351,0.0903397657127862,2.15908250390497,0.0308437667632546,0.0723245419027643,FALSE,FALSE,"Enriched"
"K19033",37.4809457655508,-0.029660568827267,0.432536976929492,-0.068573487145128,0.945329123368374,0.967376228762368,FALSE,FALSE,"Suppressed"
"K04117",168.38760580031,-0.615778101565107,0.215125758969548,-2.86240989695833,0.00420432783530845,0.0133831917889072,TRUE,TRUE,"Suppressed"
"K09989",657.629188566617,0.0802877959521412,0.0998655100436466,0.803959203903842,0.421420536260406,0.564392589076025,FALSE,FALSE,"Enriched"
"K09720",8.56000923434125,-0.966371090579905,0.870636430261878,-1.10995940095136,0.267016521672475,0.404805808023969,FALSE,FALSE,"Suppressed"
"K06403",5.35871408020188,5.80921476978762,1.53829084493247,3.77640859589373,0.000159105909086491,0.000761685195854402,TRUE,TRUE,"Enriched"
"K06145",148.974962698462,0.35922708960565,0.197420990227103,1.81959926952253,0.0688200530103857,0.139122805207273,FALSE,FALSE,"Enriched"
"K03415",56.5306555262712,-0.0447151228180706,0.333502243488186,-0.134077427337171,0.893341348837072,0.937551090306633,FALSE,FALSE,"Suppressed"
"K01089",416.20272633991,-0.418903543363878,0.155995150204426,-2.68536260784339,0.00724511555154264,0.0213056700814168,FALSE,FALSE,"Suppressed"
"K02662",1669.1654310845,-0.389706215536264,0.0663716322668907,-5.87157799538806,0.00000000431666423344359,0.0000000506294906918701,FALSE,FALSE,"Suppressed"
"K06351",65.2556743536216,-0.682529959469099,0.314784619413552,-2.16824430857092,0.0301401032277854,0.0708925914331905,TRUE,FALSE,"Suppressed"
"K13727",12.8034828337628,-1.55661821394526,0.739330504543698,-2.10544297087535,0.0352527666250906,0.0810004088526081,TRUE,FALSE,"Suppressed"
"K06160",67.7207822630005,0.55512909828497,0.310997410517237,1.78499588585546,0.074261984212206,0.147868327348151,FALSE,FALSE,"Enriched"
"K06945",740.226608196273,0.576836062734367,0.134390908995931,4.29222532271012,0.0000176891306620954,0.000105978396766326,TRUE,TRUE,"Enriched"
"K13315",158.259975453304,2.40740707439138,0.248606146985828,9.6836184606836,0.00000000000000000000035396154389997,0.0000000000000000000150965836101113,TRUE,TRUE,"Enriched"
"K04078",1042.32109166666,0.0194598421332688,0.0870245824761278,0.223613162850933,0.823058320537337,0.893406414999328,FALSE,FALSE,"Enriched"
"K02667",1520.71913492016,-0.455521188914389,0.0734663535428594,-6.2004055863293,0.000000000563178366937566,0.00000000764994400880226,FALSE,FALSE,"Suppressed"
"K01151",1615.42722124064,0.210699528458356,0.0715314294647448,2.94555176703413,0.00322379197051511,0.0105766042109584,FALSE,FALSE,"Enriched"
"K18223",65.1610806701193,-0.75670395319276,0.315843374167049,-2.39582025486006,0.0165832202782754,0.0428382297658626,TRUE,TRUE,"Suppressed"
"K14188",6.12448560347104,2.36780029094144,1.18861886864373,1.99206015772173,0.0463644577728928,0.101373251990933,FALSE,FALSE,"Enriched"
"K03030",26.8260207170365,-0.339690310281228,0.456757778652145,-0.743699015446714,0.457058585222607,0.599363378903236,FALSE,FALSE,"Suppressed"
"K07668",111.451864547091,0.146282673614141,0.261932142004826,0.558475460455122,0.576519756896897,0.703400697179273,FALSE,FALSE,"Enriched"
"K12405",31.6620687453693,0.58284835254761,0.444376062676715,1.3116105962972,0.189651555916951,0.310936784821904,FALSE,FALSE,"Enriched"
"K00831",2771.04608609161,0.0277788864219956,0.0548373412335514,0.506568805071817,0.612457400984478,0.731812570284133,FALSE,FALSE,"Enriched"
"K10823",2337.30742918643,0.166811700314829,0.0673860197802194,2.47546450820049,0.013306298646567,0.0356170107319518,FALSE,FALSE,"Enriched"
"K07689",80.1131367784307,-0.435392688627049,0.300170906829435,-1.4504826374611,0.146923977478625,0.255368862536943,FALSE,FALSE,"Suppressed"
"K10709",13.3803897266207,4.19642538952044,0.9688312236318,4.33143078707719,0.0000148143516884113,0.0000902120481659417,TRUE,TRUE,"Enriched"
"K06162",69.7247063866798,0.0282811560479531,0.316688960149635,0.0893026268885102,0.928841406457951,0.957735205069661,FALSE,FALSE,"Enriched"
"K15984",10.2734487667731,-0.219870898551476,0.731631452668442,-0.300521386484345,0.763779485837321,0.849588014612771,FALSE,FALSE,"Suppressed"
"K03149",1705.31156272926,0.103135203348409,0.0915778651800604,1.12620231041229,0.260079895809417,0.397451086079087,FALSE,FALSE,"Enriched"
"K02024",18.4047433904169,0.633052800124983,0.605169633031046,1.04607496075816,0.295526424690344,0.436110121196956,FALSE,FALSE,"Enriched"
"K10041",7.30408004669175,-0.693157933143754,0.915523909504229,-0.757116145136078,0.44898028220693,0.591815591350782,FALSE,FALSE,"Suppressed"
"K03716",94.1162828276352,3.2442757694123,0.311253112390981,10.4232717369168,0.000000000000000000000000194156935226003,0.0000000000000000000000100352809147745,TRUE,TRUE,"Enriched"
"K06858",26.0742814061128,0.451763696065497,0.488347788063255,0.92508598811751,0.354921180976522,0.502310192107961,FALSE,FALSE,"Enriched"
"K08651",87.4688822230554,-0.0744780049914896,0.296586575752533,-0.251117248993875,0.801723460337873,0.87865433685547,FALSE,FALSE,"Suppressed"
"K01607",1090.86725472213,-0.0882843052992533,0.0788677991752578,-1.11939608081456,0.262971202216026,0.40016501055777,FALSE,FALSE,"Suppressed"
"K02196",18.1065057157353,-0.529913008898122,0.592168513765176,-0.89486860003546,0.370857333795248,0.516288262683683,FALSE,FALSE,"Suppressed"
"K02624",462.205622228297,0.0713474839577188,0.114470747173871,0.623281368552163,0.533099639084082,0.668952041015749,FALSE,FALSE,"Enriched"
"K21023",159.275702895741,-0.548996376483122,0.194976006307663,-2.81571249139667,0.00486691998562677,0.0150983443501209,TRUE,TRUE,"Suppressed"
"K03783",1102.20629869038,-0.243565436624385,0.0750508485924381,-3.24533887614064,0.00117310930089741,0.00437492321672603,FALSE,FALSE,"Suppressed"
"K09164",905.051264709432,-0.0919013632414738,0.0857484403106182,-1.07175550842169,0.28382986157251,0.422936312174624,FALSE,FALSE,"Suppressed"
"K01665",864.44421325882,0.116295665965925,0.0922784041184272,1.26026958395027,0.207572128417305,0.332978014523184,FALSE,FALSE,"Enriched"
"K20140",13.8257317267652,-0.62105081222052,0.666344070236431,-0.932027221312497,0.3513224576926,0.499118488112548,FALSE,FALSE,"Suppressed"
"K05708",12.5216158524708,-0.276050644141321,0.780623940278284,-0.353628206743073,0.723617532638718,0.8206291059062,FALSE,FALSE,"Suppressed"
"K22305",218.096626761486,-0.408054735598759,0.201609088495702,-2.02398978460467,0.0429712028359746,0.0952676721543472,FALSE,FALSE,"Suppressed"
"K03111",2020.21172220041,0.229461628507619,0.0609335601632861,3.76576763105128,0.000166038160793254,0.000788681263767957,FALSE,FALSE,"Enriched"
"K07683",9.10317268353419,-0.486552254869764,0.831046875487593,-0.585469086306706,0.558232347039055,0.688418035808654,FALSE,FALSE,"Suppressed"
"K00936",911.931387089104,0.328976109642411,0.0958759174024823,3.43126948409146,0.000600763473351834,0.00244923557752195,FALSE,FALSE,"Enriched"
"K01817",1033.32197410963,-0.298005973192681,0.0775024186947838,-3.84511836161234,0.000120494262786252,0.000597961357797684,FALSE,FALSE,"Suppressed"
"K01690",939.794828424718,0.194071963963032,0.0801407201891967,2.4216398792632,0.015450653439872,0.040460942606174,FALSE,FALSE,"Enriched"
"K08723",8.59210971679818,0.587494595836097,0.892829359624156,0.658014422916612,0.510528863407858,0.647611384759676,FALSE,FALSE,"Enriched"
"K11623",10.0887438862605,-0.0969049783990448,0.753385061565541,-0.128626094865321,0.89765351710913,0.939716580990145,FALSE,FALSE,"Suppressed"
"K17328",53.8813488690325,0.490230301752152,0.341375795551558,1.43604294194347,0.150990122425848,0.261022890214073,FALSE,FALSE,"Enriched"
"K00929",16.4752039400054,2.49108434971365,1.9732614505035,1.2624198121734,0.20679776383185,0.332260158485368,FALSE,FALSE,"Enriched"
"K03727",1473.65938396738,0.105329497930323,0.0748592825361516,1.40703322770234,0.159417536083382,0.272273187502814,FALSE,FALSE,"Enriched"
"K09816",654.728190608324,0.336910658870364,0.099320088522888,3.39217034419703,0.000693413162270212,0.00277319795192526,FALSE,FALSE,"Enriched"
"K19003",23.7467683139076,-0.0766662669175839,0.480235822869788,-0.159642957202656,0.873162337968137,0.925096287682036,FALSE,FALSE,"Suppressed"
"K07178",779.151359641839,0.030828466354162,0.0892168949028231,0.345545161460069,0.729684564653841,0.824488241032427,FALSE,FALSE,"Enriched"
"K02316",4440.50603192454,0.0147982759011583,0.050020547699686,0.295843939774598,0.767349265064376,0.852160081505395,FALSE,FALSE,"Enriched"
"K13920",30.6311391299589,-0.0332731332929018,0.491996343176242,-0.0676288223568823,0.946081110994984,0.967983341043182,FALSE,FALSE,"Suppressed"
"K13622",129.76141800635,-0.0155191713311144,0.246459469943597,-0.0629684521137129,0.949791626015559,0.969665069814009,FALSE,FALSE,"Suppressed"
"K13486",19.3937024611039,0.716539256506022,0.586473425490252,1.22177617154101,0.221792281917012,0.351071752892232,FALSE,FALSE,"Enriched"
"K02881",983.314008247729,0.0118639235530812,0.0830997866760527,0.142767196254428,0.886474045236225,0.933822043830289,FALSE,FALSE,"Enriched"
"K00624",78.0840774002967,0.328690011775052,0.279024163638264,1.17799837651759,0.238797253455995,0.371916355676228,FALSE,FALSE,"Enriched"
"K03592",1653.38298937566,-0.109479260035822,0.0827733433644249,-1.32263909594444,0.185955426234554,0.306359304323216,FALSE,FALSE,"Suppressed"
"K06113",806.60443372615,0.201011560931243,0.0931232124006448,2.15855484093943,0.0308847194499237,0.0723649265943467,FALSE,FALSE,"Enriched"
"K03320",4752.90829945623,-0.168865183363011,0.0474767507033366,-3.55679739791341,0.000375403450260704,0.00162497206752309,FALSE,FALSE,"Suppressed"
"K07006",1223.16655651364,0.367552784702744,0.0785834736925447,4.6772275063938,0.00000290779592110006,0.0000212900928244769,FALSE,FALSE,"Enriched"
"K20525",25.9147709920988,-0.826242714348117,0.525113146014429,-1.57345654097453,0.11561314372298,0.211558524922429,FALSE,FALSE,"Suppressed"
"K23352",18.5411495156515,-0.356797145000341,0.566402161509444,-0.629936058240822,0.528736419990033,0.664625602951198,FALSE,FALSE,"Suppressed"
"K11988",20.4231648299624,-1.35490897963458,0.547778052851608,-2.47346342662185,0.0133810499494345,0.0357943086147374,TRUE,TRUE,"Suppressed"
"K09478",26.79506254718,0.740432456969482,0.486567683776704,1.52174606258742,0.128072721043398,0.228864789230497,FALSE,FALSE,"Enriched"
"K03774",8.23605608521808,0.485642235088188,0.849291176190644,0.57182065315509,0.567443483800546,0.697046889768284,FALSE,FALSE,"Enriched"
"K01756",3974.81792648358,-0.0396195612634744,0.0567834571317388,-0.697730699480945,0.485345625466009,0.623240594026557,FALSE,FALSE,"Suppressed"
"K19810",48.2330561960913,-0.222259888058315,0.417834606813462,-0.531932694022974,0.594772612425438,0.718178214845129,FALSE,FALSE,"Suppressed"
"K08175",23.0437493977348,0.0886296363539723,0.510181811249902,0.173721670196037,0.862084206123108,0.918697561175518,FALSE,FALSE,"Enriched"
"K00650",21.3378666055728,0.345933786434441,0.54243313998675,0.637744564137234,0.523639971123503,0.659851277661621,FALSE,FALSE,"Enriched"
"K12262",943.671531055193,0.0647505743662804,0.107657592650041,0.601449212939055,0.54754082881069,0.680409844114996,FALSE,FALSE,"Enriched"
"K13522",11.3646161434058,-0.0950470025860184,0.816539894627423,-0.116402154029947,0.907333828331283,0.945468822653767,FALSE,FALSE,"Suppressed"
"K03300",152.703982483711,1.08769833756206,0.224812002271995,4.83825741761813,0.00000130982431935154,0.0000101895644435268,TRUE,TRUE,"Enriched"
"K06391",3.81987016503597,5.31913504581509,1.67262152456742,3.18011873438659,0.00147214719323792,0.00534760317543662,TRUE,TRUE,"Enriched"
"K21480",114.066069050143,1.30572672548052,0.253404486222355,5.15273721055903,0.000000256711584022192,0.00000229572426825711,TRUE,TRUE,"Enriched"
"K01928",3725.71796227865,0.0190767327817323,0.0512192741547805,0.372452228121858,0.709556173954843,0.809045261721927,FALSE,FALSE,"Enriched"
"K03760",276.78223526034,-0.598921767028715,0.156745466546467,-3.82098302569513,0.000132920801477724,0.000652199491723764,TRUE,TRUE,"Suppressed"
"K17513",23.1648970045932,-0.489558375488324,0.507138898129805,-0.965333910085948,0.334377592374121,0.480303564740877,FALSE,FALSE,"Suppressed"
"K11928",451.17872068319,0.32459287175263,0.138601807302889,2.34190937383156,0.0191853728756416,0.0484720750491046,FALSE,FALSE,"Enriched"
"K19220",20.3226112908322,0.0197734949684962,0.638535743160665,0.0309669351798852,0.975295908923455,0.985802079636088,FALSE,FALSE,"Enriched"
"K03777",308.926323104075,-0.108812505783585,0.171131417598396,-0.635841783528854,0.52487955046208,0.661003588327116,FALSE,FALSE,"Suppressed"
"K02340",2244.70083062976,0.176874746969324,0.0601986583272716,2.93818420350401,0.00330140805468241,0.0107906150726195,FALSE,FALSE,"Enriched"
"K10851",5.98235958394577,4.06097772143446,1.39155256400346,2.91830709560201,0.0035193755697989,0.0114052452710964,TRUE,TRUE,"Enriched"
"K02476",120.87297094416,2.51841028166405,0.251104052979419,10.0293493943344,0.0000000000000000000000113260423699768,0.000000000000000000000539668221988191,TRUE,TRUE,"Enriched"
"K17242",45.5727839994806,-0.295912688976505,0.400192322984829,-0.739426200806264,0.459648237292023,0.601268219730932,FALSE,FALSE,"Suppressed"
"K20497",279.911861149009,0.0623056877113897,0.148336677906013,0.420028873444685,0.674464361041249,0.782440771270338,FALSE,FALSE,"Enriched"
"K10542",10.0855820550391,2.61661265023378,0.953908290718135,2.74304424827244,0.00608724822809747,0.0182682580005565,TRUE,TRUE,"Enriched"
"K04756",453.583764129597,0.839775171864895,0.139888528021163,6.00317398248588,0.00000000193497079880978,0.0000000240844630651854,TRUE,TRUE,"Enriched"
"K01784",6757.64943934046,0.0187565317547655,0.0448372178509728,0.41832505792637,0.67570947124369,0.783340061797238,FALSE,FALSE,"Enriched"
"K03823",937.822837601566,0.0124483590348014,0.0872276333192105,0.142711186365065,0.886518281711436,0.933822043830289,FALSE,FALSE,"Enriched"
"K15312",11.3992621006473,3.29666240235703,0.994588590716648,3.31459905445087,0.00091774657472268,0.00354261794888204,TRUE,TRUE,"Enriched"
"K21184",19.1031333349387,0.0681870515060777,0.621592854803214,0.109697289759974,0.912649449903623,0.947769282302434,FALSE,FALSE,"Enriched"
"K02026",6837.64856513175,0.663165654355356,0.0613947992907847,10.8016584794813,0.00000000000000000000000000338041703491816,0.000000000000000000000000194501542414772,TRUE,TRUE,"Enriched"
"K09143",38.2281676151846,0.00271750313451544,0.416691197868835,0.00652162356299846,0.994796534133007,0.997085301836846,FALSE,FALSE,"Enriched"
"K21182",22.492510599861,-6.1070980980629,1.14010648255218,-5.35660325726055,0.0000000848010459714079,0.000000823569393916587,TRUE,TRUE,"Suppressed"
"K02609",1388.8998009051,0.245390042433394,0.071199748587518,3.44650152987216,0.000567895349803945,0.00232612071084906,FALSE,FALSE,"Enriched"
"K11782",583.009420077385,0.531676210508428,0.106384235155785,4.99769735365267,0.000000580189482147806,0.00000482752476346449,TRUE,TRUE,"Enriched"
"K20051",6.16384024524874,1.81123038248091,1.05327395557629,1.71961945217748,0.085501637908398,0.166711793351445,FALSE,FALSE,"Enriched"
"K07499",29.2051493221904,-1.47203445404761,0.483995612548089,-3.04142107052954,0.00235464290549185,0.00802001232021573,TRUE,TRUE,"Suppressed"
"K09140",4.8756197241611,-2.02785445314401,1.24635774666388,-1.62702439052668,0.103731917717664,0.194605034192566,FALSE,FALSE,"Suppressed"
"K05802",191.077963663301,0.235047511475171,0.18582673435915,1.26487457407981,0.205916293155867,0.331192898723005,FALSE,FALSE,"Enriched"
"K09153",55.0661786783753,-1.01407314404832,0.376804300175444,-2.69124620811428,0.00711856378091664,0.0209942555608368,TRUE,TRUE,"Suppressed"
"K03806",142.926513186257,-0.819581490106309,0.218591590611724,-3.74937337622517,0.000177276979639323,0.000836204407440243,TRUE,TRUE,"Suppressed"
"K08316",1053.57428754603,0.223677292541444,0.0779692438273164,2.86878878852328,0.00412046850944054,0.0131436911292248,FALSE,FALSE,"Enriched"
"K03301",1514.96759407874,-0.342365512246753,0.0718836451275501,-4.7627733907937,0.00000190950235451177,0.00001443129474618,FALSE,FALSE,"Suppressed"
"K00453",1714.29187837302,0.187480042635373,0.0781578287749558,2.39873657666713,0.0164517452579182,0.0425526693503152,FALSE,FALSE,"Enriched"
"K03749",82.3638272694864,-0.85041802096205,0.299050171786678,-2.84373025396113,0.00445887792231317,0.0140178847671072,TRUE,TRUE,"Suppressed"
"K09021",15.585168886178,-0.796343419860656,0.641352738040123,-1.24166215037011,0.214361240415351,0.341801099423066,FALSE,FALSE,"Suppressed"
"K06402",29.4709580625301,2.12616940873824,0.523148991257785,4.06417568277515,0.0000482025103072371,0.000261554368651102,TRUE,TRUE,"Enriched"
"K03530",874.837370634174,0.15304769219277,0.0833630940912989,1.8359166470615,0.0663699852434291,0.135155439065,FALSE,FALSE,"Enriched"
"K16150",742.612707905152,1.75387283815126,0.114164873899595,15.362631063682,0.0000000000000000000000000000000000000000000000000000291500297770571,0.00000000000000000000000000000000000000000000000000711144126441086,TRUE,TRUE,"Enriched"
"K03315",198.419299781628,0.224321062061094,0.16742905771215,1.33979767387066,0.180311132116324,0.298836302928657,FALSE,FALSE,"Enriched"
"K16862",12.0366368971222,1.53021740129423,0.703162611877094,2.17619278307377,0.0295408483377968,0.0697250905620057,TRUE,FALSE,"Enriched"
"K01048",279.538136411567,0.146272249705104,0.167295422917558,0.874335036513137,0.381935824238715,0.526781228410656,FALSE,FALSE,"Enriched"
"K02115",2731.26618965238,-0.0309437420049345,0.0559802180690977,-0.552762084040829,0.580426334752395,0.706168006314553,FALSE,FALSE,"Suppressed"
"K21401",1399.92987782663,0.128887213311969,0.0758101040711612,1.70013238856638,0.089106026274137,0.171925863412199,FALSE,FALSE,"Enriched"
"K01058",292.247794823148,-0.302734940923012,0.169366958913271,-1.78744982413032,0.0738648149173361,0.147319001367179,FALSE,FALSE,"Suppressed"
"K03709",1264.16309290535,0.0744924553788876,0.080370000779009,0.92686891448113,0.353994598717781,0.501396436966964,FALSE,FALSE,"Enriched"
"K18996",21.4813688949543,-0.533399823260814,0.554448341225177,-0.962037007960288,0.336031014343038,0.482211378686976,FALSE,FALSE,"Suppressed"
"K08691",481.908383127505,-0.544026230976826,0.126816291592285,-4.28987651465059,0.0000178772491850625,0.000106686245381307,TRUE,TRUE,"Suppressed"
"K18587",216.563252315842,1.08732141408838,0.204159396983161,5.32584554106053,0.000000100484494211109,0.000000965125874320559,TRUE,TRUE,"Enriched"
"K16014",635.448986727099,-0.726067036377454,0.129548678234033,-5.60458853208674,0.0000000208750270547625,0.00000022297161122066,TRUE,TRUE,"Suppressed"
"K00351",102.723621242797,-0.644358124760145,0.257599881184469,-2.50139138961293,0.0123706380139343,0.0335297206178024,TRUE,TRUE,"Suppressed"
"K22306",352.569668767564,0.194733364612516,0.162869625272202,1.19563954474053,0.231837252607445,0.363676801351031,FALSE,FALSE,"Enriched"
"K05919",14.3848641803152,-0.632256565526504,0.660715243646624,-0.956927468536899,0.338603865660551,0.485069847357561,FALSE,FALSE,"Suppressed"
"K00919",1848.26610733552,0.0117766685586655,0.0678211322175145,0.173643054511322,0.862145993377045,0.918697561175518,FALSE,FALSE,"Enriched"
"K12503",547.180907346235,0.26649712559883,0.121179763344132,2.19918836482638,0.0278645313176108,0.0663332460991835,FALSE,FALSE,"Enriched"
"K08981",1504.80332358496,0.202856709375046,0.0875865109385218,2.31607250022134,0.0205543105033665,0.0513563046948105,FALSE,FALSE,"Enriched"
"K01625",859.917656501209,0.532459430924895,0.0872576998517517,6.10214837005247,0.00000000104652158384092,0.0000000135514546493541,TRUE,TRUE,"Enriched"
"K00946",1901.65710815165,0.0587729771390532,0.0619017157827731,0.949456350213306,0.342388562253372,0.489275501683064,FALSE,FALSE,"Enriched"
"K08990",109.306672278406,0.424498367424491,0.235645311647604,1.80142929412195,0.0716352423738638,0.143860172287848,FALSE,FALSE,"Enriched"
"K11717",3319.45834650794,0.0987065952469008,0.0613349745984242,1.60930359706119,0.10754997294478,0.200508556645662,FALSE,FALSE,"Enriched"
"K20542",17.0419812536252,-0.623330117516764,0.630008766478667,-0.989399117413505,0.322467906190796,0.466824533552733,FALSE,FALSE,"Suppressed"
"K11921",53.7038681020664,0.309171965047684,0.342964620133686,0.90146897638354,0.367339021615332,0.513304281019793,FALSE,FALSE,"Enriched"
"K12144",9.41729615117169,-0.953441568800741,0.788865810214377,-1.20862326197359,0.226807615327157,0.356704395533866,FALSE,FALSE,"Suppressed"
"K01669",1706.31853441184,-0.0619379452489552,0.0689582244482785,-0.89819518620888,0.36908149931143,0.514638332030273,FALSE,FALSE,"Suppressed"
"K03878",32.1850347600065,-0.906498500061189,0.502579073188973,-1.80369328613159,0.0712794026429591,0.143287105049244,FALSE,FALSE,"Suppressed"
"K09698",266.699914705976,0.00956816017383489,0.172663300633454,0.055415135345681,0.955807738103364,0.972530340087317,FALSE,FALSE,"Enriched"
"K01623",1268.6543586533,-0.239955059584905,0.0853221611444713,-2.81234155776484,0.00491822471316504,0.0152187988460647,FALSE,FALSE,"Suppressed"
"K11145",5.11321026774393,5.73922711229673,1.54997613464112,3.70278418101294,0.000213246281121268,0.000984548878545507,TRUE,TRUE,"Enriched"
"K23541",663.16806569063,-0.036580246026709,0.0934216592443632,-0.391560654377011,0.695382864272506,0.797956743028788,FALSE,FALSE,"Suppressed"
"K23117",204.824232045231,1.26603502383084,0.192763287403068,6.56782233218278,0.0000000000510564064933851,0.000000000830381395208416,TRUE,TRUE,"Enriched"
"K21561",12.3944950412536,3.47101276641861,0.880926646233931,3.9401836478186,0.0000814192554771052,0.000420827151826157,TRUE,TRUE,"Enriched"
"K16257",9.2559595624686,-2.23868452572263,0.841617685543399,-2.65997799734591,0.00781457563216453,0.0227716659247833,TRUE,TRUE,"Suppressed"
"K14371",10.5847389051491,3.17453403972593,0.919152720991499,3.45376123817762,0.000552826582128256,0.00227202784663088,TRUE,TRUE,"Enriched"
"K01284",2162.45321040305,0.155588773591926,0.0812868645890462,1.91407030371415,0.0556111733431674,0.117239041209809,FALSE,FALSE,"Enriched"
"K14555",33.8531382110847,-0.0273813193726756,0.43026343134821,-0.0636384999926151,0.949258075296599,0.969368297671603,FALSE,FALSE,"Suppressed"
"K02569",121.001262730797,-0.244690194776919,0.231368111895076,-1.05757959803849,0.290247147900056,0.430500329533668,FALSE,FALSE,"Suppressed"
"K13021",92.6541189227398,-0.0814677015798878,0.25433824600257,-0.320312429846137,0.748731501498271,0.839432615374623,FALSE,FALSE,"Suppressed"
"K10232",971.15039004868,0.695908218850504,0.0986623023823439,7.05343583158709,0.00000000000174553024020433,0.000000000033796790269861,TRUE,TRUE,"Enriched"
"K11381",4230.25028273245,0.115220804249757,0.0558780293762327,2.06200550620644,0.0392072117540689,0.0881728556371926,FALSE,FALSE,"Enriched"
"K13895",249.394131503096,-0.0699122998750393,0.161096063796296,-0.433978945403922,0.664303730365724,0.774549243455916,FALSE,FALSE,"Suppressed"
"K07390",679.592882421623,-0.0313701529606505,0.10324181848894,-0.303851224433937,0.76124123909194,0.847692225163729,FALSE,FALSE,"Suppressed"
"K00854",2515.49766548002,-0.026721866810853,0.0680789860419071,-0.392512702736259,0.694679427450158,0.797449619427538,FALSE,FALSE,"Suppressed"
"K00830",1229.03070919086,-0.454512919910209,0.0746438333490645,-6.08908866971936,0.00000000113555217427023,0.0000000146731625230384,FALSE,FALSE,"Suppressed"
"K15578",494.697820550522,-0.699139347560946,0.116726751645162,-5.98953828241759,0.00000000210437595243666,0.0000000260336489531667,TRUE,TRUE,"Suppressed"
"K08685",117.145394669506,-0.619504263290088,0.227602879071763,-2.72186479282082,0.00649146954990582,0.0193790860425235,TRUE,TRUE,"Suppressed"
"K00450",781.517311849887,0.0997647189258919,0.0914323976127717,1.09113095063315,0.275215265621611,0.413534837404829,FALSE,FALSE,"Enriched"
"K16514",234.784143341125,0.370831709533187,0.168298065439245,2.20342229463746,0.0275649982512766,0.0657228007562689,FALSE,FALSE,"Enriched"
"K21567",574.334238641272,0.65600166788534,0.108774714737457,6.03082866701784,0.00000000163121056940429,0.0000000207265692974933,TRUE,TRUE,"Enriched"
"K11066",7.5136717852968,-0.401932339601946,0.934177238337106,-0.430252764793767,0.667011783198335,0.776796737287014,FALSE,FALSE,"Suppressed"
"K19311",73.8401384499039,0.212756383866186,0.298396884848663,0.712998005907764,0.475846991078144,0.616045595114753,FALSE,FALSE,"Enriched"
"K03628",4635.58580563039,0.105434258304348,0.0455560942828614,2.31438317889367,0.0206467127541338,0.0515660528613687,FALSE,FALSE,"Enriched"
"K18399",7.37542273002799,0.480902569233018,0.984800127017307,0.488325047935912,0.625319622311796,0.743290660003829,FALSE,FALSE,"Enriched"
"K07651",93.6524277145613,0.816978349405298,0.247740799578905,3.29771418673852,0.000974752995608364,0.00372494894750339,TRUE,TRUE,"Enriched"
"K00467",521.19626692643,-0.354708976890754,0.11575701465654,-3.0642547058008,0.00218213039670586,0.00747266327316623,FALSE,FALSE,"Suppressed"
"K23462",44.9795372967741,-0.357855501521869,0.360095591510214,-0.993779179636859,0.320330384552919,0.46468562375885,FALSE,FALSE,"Suppressed"
"K03498",698.97647771963,-0.0809023251169852,0.104246202103761,-0.776069760665804,0.437707797167964,0.580722178578945,FALSE,FALSE,"Suppressed"
"K19286",72.1634160661295,-0.236648726583014,0.29988866310444,-0.789121949903783,0.430040734046018,0.573293647420035,FALSE,FALSE,"Suppressed"
"K08310",184.380877618513,-0.29714032620561,0.188182827057079,-1.57899809909585,0.114336493064813,0.209725795850315,FALSE,FALSE,"Suppressed"
"K03306",2922.99597697564,0.0126766146243911,0.0519168580607679,0.244171452162095,0.807098035882753,0.882294905193855,FALSE,FALSE,"Enriched"
"K10942",31.0758485118488,-0.236765218498967,0.463019541963003,-0.511350379500581,0.609105733834131,0.729230263304726,FALSE,FALSE,"Suppressed"
"K16087",583.377112730268,-0.281357854268168,0.112308112006959,-2.50523180596906,0.0122371163859898,0.0332742634142451,FALSE,FALSE,"Suppressed"
"K15320",360.970251444232,-0.227997587278789,0.155789401326385,-1.46349870618685,0.143330967395508,0.250695603712419,FALSE,FALSE,"Suppressed"
"K15230",8.37529959489617,0.798235323191981,0.844064455422775,0.945704226808321,0.344299466021047,0.491315499125495,FALSE,FALSE,"Enriched"
"K12371",126.029600336976,0.0291803700161606,0.22754606686947,0.128239395290887,0.897959524499846,0.939875603213414,FALSE,FALSE,"Enriched"
"K11208",76.7957779349078,-0.510184068129187,0.298369009995504,-1.70990971259674,0.087282570127075,0.169264354596194,FALSE,FALSE,"Suppressed"
"K00343",5756.02263787428,0.0446121444063669,0.0389681342548908,1.14483655066877,0.25227687136273,0.387370754894584,FALSE,FALSE,"Enriched"
"K06940",315.831632036086,-0.541618329779438,0.140962141668761,-3.84229640219398,0.000121888512945837,0.000604388650777772,TRUE,TRUE,"Suppressed"
"K11746",34.5866555716437,-1.48345607387512,0.482448208100378,-3.07485041703477,0.00210608152528538,0.00726526652868524,TRUE,TRUE,"Suppressed"
"K01512",427.835842833854,-0.202579534142301,0.123770778168299,-1.63673152209515,0.101686579480181,0.191533801188889,FALSE,FALSE,"Suppressed"
"K00455",37.8748509028484,-0.219216995415627,0.39125370183623,-0.56029372856231,0.575279104399245,0.703131714976152,FALSE,FALSE,"Suppressed"
"K01321",6.45514581438725,-3.19697942787829,1.13820557239838,-2.80878911982634,0.00497282083782762,0.0153643537436224,TRUE,TRUE,"Suppressed"
"K01652",11507.9665409894,-0.048685812726327,0.0357265141330509,-1.36273616130064,0.172965676883475,0.289573885070632,FALSE,FALSE,"Suppressed"
"K03366",102.097439507255,-0.312333166134552,0.273514408823844,-1.14192582203488,0.253484854242078,0.388931855603128,FALSE,FALSE,"Suppressed"
"K00330",1410.56416955589,0.067673914272253,0.0746785359097318,0.906203013327073,0.364828408384112,0.511514589134413,FALSE,FALSE,"Enriched"
"K05558",88.2248148974782,0.302873824774143,0.250170770412017,1.21066831378952,0.226022550993577,0.35592861825712,FALSE,FALSE,"Enriched"
"K17324",93.3188409460159,0.535465943667824,0.244194922201803,2.19278082787206,0.0283231739086833,0.0672675380331229,TRUE,FALSE,"Enriched"
"K01003",37.9624760345441,-0.494106556904465,0.384042188729929,-1.28659447166086,0.198235671609617,0.321752912971201,FALSE,FALSE,"Suppressed"
"K05834",63.8312349335765,-1.36012206393631,0.318557747266973,-4.26962481875047,0.0000195802050246901,0.000116280107541952,TRUE,TRUE,"Suppressed"
"K11535",8.63327389044642,4.56233895406086,1.28756237856267,3.54339256102983,0.000395014226424633,0.00169780956093294,TRUE,TRUE,"Enriched"
"K02535",1000.5041622129,-0.222275159723686,0.0990681469303882,-2.24365920440473,0.0248543368341498,0.0602490462446262,FALSE,FALSE,"Suppressed"
"K09861",428.84129898443,0.575085110400959,0.124236735486601,4.62894576349345,0.00000367532003647429,0.0000261866552598793,TRUE,TRUE,"Enriched"
"K07052",1971.08261172741,-0.137424085797965,0.0587739358355663,-2.33818075723975,0.0193778732970061,0.048912287719951,FALSE,FALSE,"Suppressed"
"K16436",48.1464000824968,1.36810911662553,0.355618320704856,3.84712776865338,0.000119510652386157,0.000594675031633614,TRUE,TRUE,"Enriched"
"K02355",13038.5911136681,-0.016429047851267,0.0329869291689583,-0.498047204306826,0.618450771388487,0.737137239534568,FALSE,FALSE,"Suppressed"
"K00273",390.042113586767,0.669655388118804,0.135768126865775,4.93234607840506,0.000000812477985894746,0.00000659827328358463,TRUE,TRUE,"Enriched"
"K03292",387.952914509039,-0.0387979741706807,0.129586245950851,-0.299398858929796,0.764635732702759,0.850385363558375,FALSE,FALSE,"Suppressed"
"K12251",1239.97177468805,0.00478065389629571,0.0958907892075147,0.0498551939743662,0.960237782899873,0.975431418705251,FALSE,FALSE,"Enriched"
"K21187",14.3644784912873,5.33224756614814,1.1825492724018,4.50911238169229,0.00000650994193462824,0.00004315666941228,TRUE,TRUE,"Enriched"
"K16878",15.5218850422544,0.054373205456934,0.619718281831888,0.0877385855008291,0.930084451069181,0.958368823630839,FALSE,FALSE,"Enriched"
"K18009",49.190411398461,-0.0796067824922882,0.334501450953284,-0.237986359298053,0.811891674000922,0.884708110489236,FALSE,FALSE,"Suppressed"
"K02337",10867.2193814521,-0.0219625466334489,0.0375014597735975,-0.585645112644693,0.558114025749215,0.688418035808654,FALSE,FALSE,"Suppressed"
"K10236",97.438342162486,0.111212107602807,0.247768241207561,0.448855378158181,0.653535987060112,0.765491835045059,FALSE,FALSE,"Enriched"
"K07576",2569.1665728853,-0.195872626181655,0.0678220697319313,-2.88803669595823,0.00387654644283917,0.0124240970861146,FALSE,FALSE,"Suppressed"
"K18910",192.768681255102,0.239919068663251,0.192070277331186,1.2491212695526,0.211620722276516,0.338404505811345,FALSE,FALSE,"Enriched"
"K11173",47.0509510965045,-0.968113628529365,0.426007206115804,-2.27252876155855,0.0230545928584988,0.0564471946382914,TRUE,FALSE,"Suppressed"
"K09695",985.014048552998,-0.264146971727308,0.0817470299347013,-3.23127301307834,0.00123240164754599,0.00457203019974635,FALSE,FALSE,"Suppressed"
"K09950",34.2056895266047,-0.318532310159134,0.425876266778024,-0.747945671095967,0.454492928194432,0.597274804795915,FALSE,FALSE,"Suppressed"
"K10856",9.44639904303011,-0.70835096128108,0.811691157714156,-0.872685324398386,0.382834618970194,0.527658298815238,FALSE,FALSE,"Suppressed"
"K21685",135.31253470769,2.60951710143768,0.231832017642241,11.2560686309716,0.0000000000000000000000000000216189616418146,0.00000000000000000000000000148150614666772,TRUE,TRUE,"Enriched"
"K19577",802.138893616166,0.469708321804246,0.0909505865895869,5.16443422101055,0.000000241167265510859,0.00000218231328241948,FALSE,FALSE,"Enriched"
"K00184",3658.64403959478,-0.353959097262533,0.0484145207233505,-7.31101107630747,0.000000000000265139674329736,0.00000000000569396786527134,FALSE,FALSE,"Suppressed"
"K00380",905.707999960034,-0.107827547404096,0.0889196748906046,-1.21263991953134,0.225267519500509,0.355290044332456,FALSE,FALSE,"Suppressed"
"K22317",331.019835299606,0.0301932503040992,0.14410225261297,0.209526567118921,0.834037198063095,0.9007956208583,FALSE,FALSE,"Enriched"
"K12686",601.320766876786,-0.290819992767469,0.29271708287945,-0.993519031778676,0.320457080427894,0.46468562375885,FALSE,FALSE,"Suppressed"
"K06999",1289.89693803119,-0.170836189188839,0.0764988181324962,-2.23318730091948,0.0255365954132201,0.0616822556139523,FALSE,FALSE,"Suppressed"
"K09120",12.2883204772013,-1.01956491149567,0.841811540616893,-1.21115577810743,0.225835707421434,0.355726234391356,FALSE,FALSE,"Suppressed"
"K17735",35.3058011085505,0.407792533401352,0.455316766270429,0.895623802175448,0.370453718893109,0.515899556995096,FALSE,FALSE,"Enriched"
"K00873",4140.02911910912,0.02788110404401,0.0442371667230887,0.630264235016164,0.528521718647126,0.664492674093758,FALSE,FALSE,"Enriched"
"K00325",3822.48272190058,-0.189377700402053,0.0513630509205694,-3.68704150177755,0.000226876367293354,0.00103882805114277,FALSE,FALSE,"Suppressed"
"K03707",189.297932322116,-0.069105896552552,0.184436667693515,-0.374686321417322,0.707893766329529,0.80760270872499,FALSE,FALSE,"Suppressed"
"K22424",21.8396745861244,-2.73339303466036,0.593022530750346,-4.60925663515993,0.00000404111257383362,0.0000283002683377523,TRUE,TRUE,"Suppressed"
"K22297",429.345953147623,0.534481100392497,0.125495286932563,4.25897349180699,0.0000205367820104793,0.000121135235475738,TRUE,TRUE,"Enriched"
"K18702",96.7132518294259,-0.285360407636523,0.24255393392182,-1.17648229003163,0.239402205323202,0.372668210889793,FALSE,FALSE,"Suppressed"
"K02426",535.823604863161,0.453057704878623,0.116224854958571,3.89811374718529,0.0000969448797884028,0.00049231209144835,FALSE,FALSE,"Enriched"
"K22463",44.3880073334446,0.466979571035828,0.36605425831468,1.27571134723527,0.202057575868264,0.326536607106661,FALSE,FALSE,"Enriched"
"K00823",1627.68397539307,0.345185949954332,0.0665825548972555,5.18433019710634,0.000000216792554605529,0.00000198233551804965,FALSE,FALSE,"Enriched"
"K10549",6.52157590984352,0.772700073713141,0.934541309640646,0.826822812156119,0.408337498197798,0.551961525156997,FALSE,FALSE,"Enriched"
"K15371",7189.48645355064,0.250605752441406,0.0490258694544802,5.11170439667755,0.000000319265134286854,0.000002809809601754,FALSE,FALSE,"Enriched"
"K02160",1055.76879544538,0.177658281988857,0.0826893339253956,2.14850299978404,0.0316738183429065,0.0738168200509694,FALSE,FALSE,"Enriched"
"K09819",100.99682350262,-0.07419420235013,0.264438441475688,-0.280572680492641,0.779038172456217,0.861511617523137,FALSE,FALSE,"Suppressed"
"K01796",1072.3299401899,0.635400661216612,0.090303609130093,7.03627094572979,0.00000000000197452813870977,0.0000000000377512448839839,TRUE,TRUE,"Enriched"
"K05772",442.003065034088,-0.378668844250377,0.119279246059699,-3.17464149681877,0.00150021726584205,0.00543016326668881,FALSE,FALSE,"Suppressed"
"K21064",14.5349215187253,2.53647672690846,0.796212824005405,3.18567680704832,0.00144415829403739,0.00526474682327199,TRUE,TRUE,"Enriched"
"K17762",279.766354478849,0.358167373636633,0.145871285487701,2.45536585517258,0.0140741269831752,0.0373091183684474,FALSE,FALSE,"Enriched"
"K07669",510.658071366315,-0.312120244112411,0.130725998338504,-2.38759120664125,0.0169591940758542,0.0437538598429081,FALSE,FALSE,"Suppressed"
"K07032",902.069298262267,0.306079717399261,0.0882934892088507,3.46661707609329,0.000527052149762097,0.00218524205397623,FALSE,FALSE,"Enriched"
"K15024",31.2981553404202,0.659558669301982,0.50193431537634,1.31403382693104,0.188834820948472,0.31001442071729,FALSE,FALSE,"Enriched"
"K21167",36.2158349248269,0.633779405362339,0.388555176695435,1.63111816126727,0.102865389254509,0.193157638258389,FALSE,FALSE,"Enriched"
"K09986",348.927548932971,0.573197491318642,0.134887487079781,4.24944895726034,0.0000214297031928402,0.000125793801514083,TRUE,TRUE,"Enriched"
"K00410",210.201239577232,0.0699553006634661,0.168457743131311,0.415269131374607,0.677944895991321,0.784867883651663,FALSE,FALSE,"Enriched"
"K00602",4614.15506160512,-0.00447157598381058,0.0428461566138984,-0.104363526094196,0.916880866539535,0.950263954722206,FALSE,FALSE,"Suppressed"
"K16783",70.1685471878243,-1.35143688708281,0.312014010903092,-4.33133397814801,0.0000148208677262295,0.0000902120481659417,TRUE,TRUE,"Suppressed"
"K10716",1962.29336444793,0.111978215035648,0.0639379165877399,1.75135852107385,0.0798841731226649,0.157165668346817,FALSE,FALSE,"Enriched"
"K23139",94.6383213801424,-0.25643066222145,0.313303553875619,-0.818473518890414,0.413086856918483,0.556183122405817,FALSE,FALSE,"Suppressed"
"K01693",1218.9756035145,-0.178235143779994,0.0837260348389664,-2.12878997701014,0.0332716405515784,0.0770694020980162,FALSE,FALSE,"Suppressed"
"K07496",2128.77544002469,2.44020429788412,0.0629351146579896,38.7733352222364,0,0,TRUE,TRUE,"Enriched"
"K07273",452.470641681755,0.315492585541645,0.128493300676578,2.45532322603924,0.0140757962560744,0.0373091183684474,FALSE,FALSE,"Enriched"
"K04108",594.351780770427,-0.234583204356087,0.105593333753946,-2.22157210134792,0.026312237026806,0.0631804463096416,FALSE,FALSE,"Suppressed"
"K15311",95.0781041284022,3.24690733617061,0.320981025109105,10.1155740750312,0.00000000000000000000000471246167506263,0.000000000000000000000229930430049656,TRUE,TRUE,"Enriched"
"K01849",569.51615448469,-0.112128946727749,0.105768573916193,-1.06013480730672,0.289083274572608,0.428878348727399,FALSE,FALSE,"Suppressed"
"K13877",559.998762143533,-0.702623851798749,0.108871666516605,-6.45368877210659,0.000000000109159877196528,0.00000000168976165233915,TRUE,TRUE,"Suppressed"
"K14339",56.7980669800291,-1.08711560259583,0.33107457522038,-3.28359736434666,0.0010249123478194,0.00389466692171371,TRUE,TRUE,"Suppressed"
"K00186",123.666650312518,-0.850133433883895,0.225360260657503,-3.77233071795167,0.000161729690832115,0.000770616706550836,TRUE,TRUE,"Suppressed"
"K13995",82.4563759692077,0.606284014618511,0.267971746750101,2.26249230365284,0.0236670038151538,0.057784249907375,TRUE,FALSE,"Enriched"
"K23156",12.7155088543059,0.136856316464231,0.766226403133006,0.178610807334023,0.858243307929027,0.916544927821065,FALSE,FALSE,"Enriched"
"K10674",330.32779079699,0.220175894594462,0.138237974883704,1.59273090321014,0.111220571751511,0.205608658857338,FALSE,FALSE,"Enriched"
"K03483",41.5621841199399,0.419215995392479,0.427035564920603,0.98168871595138,0.326253226188377,0.470962941188855,FALSE,FALSE,"Enriched"
"K01093",15.9994970451845,-2.59257553232437,0.71385615094142,-3.63178986257291,0.000281462276062999,0.00126223413360899,TRUE,TRUE,"Suppressed"
"K06979",12.0962727065881,0.62702975778342,0.708008390554488,0.885624755509397,0.375819767111742,0.521292872325339,FALSE,FALSE,"Enriched"
"K00619",504.006537126989,0.0529062460581641,0.107640258366493,0.491509838986352,0.623065894933592,0.741334157861876,FALSE,FALSE,"Enriched"
"K18017",11.7005187676784,0.12305869808453,0.703798422733366,0.174849351901931,0.861198008396966,0.918697561175518,FALSE,FALSE,"Enriched"
"K15059",12.167866953178,-0.624494465841099,0.899431692375236,-0.694321170951762,0.487480817027253,0.625267193070288,FALSE,FALSE,"Suppressed"
"K00851",1170.50240033227,0.979045847675805,0.0837762203149054,11.6864409016745,0.000000000000000000000000000000149522114009149,0.00000000000000000000000000001072865145108,TRUE,TRUE,"Enriched"
"K06221",307.358058577882,1.5767972021562,0.155190080985848,10.1604251517853,0.00000000000000000000000297775105467465,0.000000000000000000000146462126471457,TRUE,TRUE,"Enriched"
"K03113",100.732989649585,-0.119825616571139,0.257242361534003,-0.465808259015304,0.641352752840659,0.755220024016851,FALSE,FALSE,"Suppressed"
"K22303",99.5083817186692,0.89111112197261,0.269425047615102,3.30745463296955,0.000941479600598481,0.00361820043103348,TRUE,TRUE,"Enriched"
"K23183",12.3075440987416,0.842156552344508,0.744906056209975,1.13055404144428,0.258242840501839,0.39503964991741,FALSE,FALSE,"Enriched"
"K01802",514.985649427051,0.289661513004329,0.112150690127408,2.58278850246273,0.00980053824894607,0.0274316121066187,FALSE,FALSE,"Enriched"
"K03660",36.0613268926024,-0.386844613223289,0.388562059236333,-0.99557999559602,0.319454258429809,0.463782795087694,FALSE,FALSE,"Suppressed"
"K03337",622.717058644929,0.488564317345599,0.114006904386906,4.28539236262002,0.0000182416952752512,0.00010850966099234,FALSE,FALSE,"Enriched"
"K01488",2227.32654117434,-0.167143163684376,0.0723705698443537,-2.30954604950393,0.0209132994270172,0.0520769052984622,FALSE,FALSE,"Suppressed"
"K04691",92.2153748735593,-0.631227376997393,0.284565040232955,-2.21821829020405,0.026539952239527,0.0636520521859516,TRUE,FALSE,"Suppressed"
"K07115",460.806823135731,-0.246512435080308,0.128143268692243,-1.9237251991156,0.0543890376982879,0.115020367864722,FALSE,FALSE,"Suppressed"
"K01392",676.99352784235,-0.531508554706817,0.10100708080855,-5.26209202812469,0.000000142425441611631,0.00000133844802525321,TRUE,TRUE,"Suppressed"
"K16509",10.1940583593264,2.27021638626575,0.857275767010943,2.64817515393127,0.00809275837437691,0.0234033823259008,TRUE,TRUE,"Enriched"
"K22443",42.3954989560946,0.250513143313423,0.380409729716368,0.658535057713179,0.51019437753209,0.647456410438663,FALSE,FALSE,"Enriched"
"K01709",320.890025902993,-0.077353904389233,0.133988657554433,-0.577316810251705,0.563725459858355,0.693737203324476,FALSE,FALSE,"Suppressed"
"K00942",1615.77907893679,-0.0738040502096857,0.0671904650466806,-1.09843041208913,0.272016588610544,0.410346073197059,FALSE,FALSE,"Suppressed"
"K01255",5539.070105384,0.100318726037356,0.0434207594427663,2.31038626050722,0.020866779069589,0.0520091890255102,FALSE,FALSE,"Enriched"
"K13686",24.3230771833548,0.254941318481808,0.498196114554404,0.511728837367252,0.608840800822549,0.729230263304726,FALSE,FALSE,"Enriched"
"K00040",643.298390542923,0.832238424723316,0.104334210535765,7.97665905027409,0.00000000000000150347390855359,0.0000000000000400423029182025,TRUE,TRUE,"Enriched"
"K07494",147.464044556424,-0.626747586082571,0.227242591645312,-2.7580550879336,0.00581463980675648,0.0175735818540177,TRUE,TRUE,"Suppressed"
"K18366",21.7232127890685,1.1627593706579,0.651301451964458,1.78528601026572,0.0742149368695778,0.147868327348151,FALSE,FALSE,"Enriched"
"K02338",3099.27288109814,0.249856947901484,0.0486607362044003,5.1346725797973,0.00000028263563709037,0.00000250551562589269,FALSE,FALSE,"Enriched"
"K01281",552.8698532375,1.01877775997337,0.118877766555241,8.56996046859573,0.0000000000000000103520570846711,0.000000000000000315685980797044,TRUE,TRUE,"Enriched"
"K04085",103.961939758588,0.480080061399333,0.26259316822589,1.82822753784042,0.0675154097509342,0.136939302983355,FALSE,FALSE,"Enriched"
"K06861",1347.44052243815,-0.0558067423464288,0.0752007998142757,-0.742103042577411,0.458024906543306,0.600235046198458,FALSE,FALSE,"Suppressed"
"K06883",668.016469223818,-0.283496195561737,0.0991517646722931,-2.85921482586539,0.00424691072991013,0.0134905773654801,FALSE,FALSE,"Suppressed"
"K01468",2164.5272197559,0.0275059028359072,0.0638378630811892,0.430871296567761,0.666561955162825,0.776573326559326,FALSE,FALSE,"Enriched"
"K15886",15.4767908512494,2.91888227633039,1.76204054541464,1.65653525052316,0.0976134725459856,0.18535011489974,FALSE,FALSE,"Enriched"
"K02348",172.740143124457,0.31708674296209,0.193004580201294,1.64289750342393,0.100404141669509,0.189469325508148,FALSE,FALSE,"Enriched"
"K23265",1476.81788854538,0.199417204900726,0.0698154928910327,2.85634601494506,0.00428547821432609,0.0135909462993449,FALSE,FALSE,"Enriched"
"K14054",147.427859616127,-1.14643105447974,0.2307200682117,-4.96892647165751,0.000000673245911601673,0.00000553386363188491,TRUE,TRUE,"Suppressed"
"K21297",53.7999364366621,0.240636946407685,0.34218857919852,0.703229041048972,0.481913023737298,0.620605475458991,FALSE,FALSE,"Enriched"
"K09523",21.4478040461194,-0.219532866754569,0.525804144127084,-0.41751832732134,0.676299321760918,0.783874869521064,FALSE,FALSE,"Suppressed"
"K09965",85.410499915098,-0.311723525668933,0.276998901230472,-1.12536015227573,0.260436449478195,0.39769702187469,FALSE,FALSE,"Suppressed"
"K06222",15.0600367049427,1.23261231949103,0.625330569810442,1.97113715368925,0.0487081900277491,0.105232465809154,FALSE,FALSE,"Enriched"
"K03762",360.044462500383,0.584443535084723,0.13333090696988,4.38340628116144,0.0000116837924403246,0.0000726396025418348,TRUE,TRUE,"Enriched"
"K08246",13.0096445911217,0.77755471961533,0.736697554010088,1.05545989040257,0.29121504437552,0.43130659437744,FALSE,FALSE,"Enriched"
"K03809",640.789746185687,0.303759899080958,0.101321972197296,2.997966704492,0.0027178736453052,0.00912290113523194,FALSE,FALSE,"Enriched"
"K16164",59.2717866556293,0.761571086822407,0.331114574146956,2.30002285095553,0.0214469254776122,0.0531079165602747,TRUE,FALSE,"Enriched"
"K02477",1893.01384155798,-0.261041866569513,0.0660042839596661,-3.95492308846242,0.0000765592767008122,0.000398408727472913,FALSE,FALSE,"Suppressed"
"K02874",861.683376884163,-0.160566036718409,0.0894946019860986,-1.79414213991756,0.0727904844870711,0.145557103241524,FALSE,FALSE,"Suppressed"
"K15792",93.2915672208988,0.697395410658375,0.246442477722537,2.82985066983279,0.00465697345908309,0.0145655800651014,TRUE,TRUE,"Enriched"
"K18930",864.155198322461,1.13377554628258,0.0886464187404393,12.7898629453077,0.00000000000000000000000000000000000018680304506567,0.0000000000000000000000000000000000183759963202503,TRUE,TRUE,"Enriched"
"K03599",343.269888017988,-0.548269975061965,0.14174980737039,-3.86787104147059,0.000109789696813987,0.000550733699403333,TRUE,TRUE,"Suppressed"
"K01005",915.505454346473,-0.0647146587203284,0.0860247325157981,-0.752279685478171,0.451882881761474,0.594998639003288,FALSE,FALSE,"Suppressed"
"K07543",31.2621955229827,-0.404986339109094,0.425258518992029,-0.952329750075353,0.340929774525297,0.487491250161322,FALSE,FALSE,"Suppressed"
"K07571",20.8921047545077,-0.78991580451868,0.538482476277763,-1.46692945326455,0.142395247304738,0.249559946353908,FALSE,FALSE,"Suppressed"
"K06307",13.6206751880403,5.27901571100016,1.20152196774046,4.3936073186641,0.0000111485114432976,0.0000698098267891909,TRUE,TRUE,"Enriched"
"K22934",586.571078681976,0.0204692700862607,0.106184890961326,0.192770081514854,0.847139035477142,0.908510810159151,FALSE,FALSE,"Enriched"
"K05501",113.343342772911,-0.731647816470932,0.258506973163151,-2.8302827096628,0.00465068894986768,0.0145533873295243,TRUE,TRUE,"Suppressed"
"K10191",67.5655253072463,0.648956975248489,0.313175224793377,2.07218491078485,0.0382482000526572,0.0861750174071504,TRUE,FALSE,"Enriched"
"K02472",671.847305301585,0.383478644364121,0.100305127356969,3.8231210554111,0.000131773043644107,0.000648132091278555,FALSE,FALSE,"Enriched"
"K07234",1253.67293008745,-0.0435275460070921,0.0982760158267135,-0.44291117869331,0.657829981407392,0.768749771336211,FALSE,FALSE,"Suppressed"
"K14519",197.200594197679,1.49981255204035,0.199091241128922,7.5332924921049,0.0000000000000494766125268557,0.00000000000113870890491054,TRUE,TRUE,"Enriched"
"K03296",3203.31869341757,0.0437010144761637,0.0583553054479685,0.748878172099175,0.453930637674016,0.596793050048249,FALSE,FALSE,"Enriched"
"K05299",163.712919751821,0.0705495302931776,0.186061401245291,0.379173379438166,0.704559118320244,0.805237874744613,FALSE,FALSE,"Enriched"
"K17330",441.255338791178,0.777952925301437,0.136481167918436,5.70007523504166,0.0000000119754564845455,0.000000132796925634988,TRUE,TRUE,"Enriched"
"K02777",47.0112084991774,0.666416978918206,0.368774165573268,1.80711405822651,0.0707444971393235,0.142305635901298,FALSE,FALSE,"Enriched"
"K06311",22.479186338808,3.94155489322903,0.725338505438677,5.4340902401772,0.000000055076704435519,0.000000550676754675787,TRUE,TRUE,"Enriched"
"K22874",6.84158028066974,-0.707393395427987,0.929742541529135,-0.760848690718773,0.446747448032798,0.589509451655568,FALSE,FALSE,"Suppressed"
"K15034",816.093499897954,-0.0882637006798161,0.0932816819234948,-0.946206145298771,0.344043452367781,0.4910650634194,FALSE,FALSE,"Suppressed"
"K10188",77.7189759589399,1.5093660702751,0.306886499285458,4.91832020564424,0.000000872900406916734,0.00000703788633087858,TRUE,TRUE,"Enriched"
"K23087",12.8384039453181,-1.75619062402791,0.74951627037185,-2.3430987337428,0.0191243214322827,0.0483378518091556,TRUE,TRUE,"Suppressed"
"K13934",8.25247296714111,6.43099943779116,1.4185382738141,4.53353959953424,0.00000580033857856318,0.0000392633351727601,TRUE,TRUE,"Enriched"
"K18069",89.1715077349032,-0.0312026621697942,0.249457368118931,-0.125082142913165,0.900458520152216,0.941199059881468,FALSE,FALSE,"Suppressed"
"K03409",37.3047325657312,-0.660895596714777,0.411513861858832,-1.60601053322839,0.108271595633399,0.20144858504213,FALSE,FALSE,"Suppressed"
"K02291",1495.75305318674,0.40361938078814,0.0669407057895472,6.02950590418133,0.000000001644617086289,0.0000000208534711211573,FALSE,FALSE,"Enriched"
"K05888",916.38406042318,0.633705601377595,0.0880678269603009,7.19565388689851,0.000000000000621621323015989,0.0000000000128083393549815,TRUE,TRUE,"Enriched"
"K04072",728.660191627534,-0.0271458933537601,0.119720269074729,-0.226744339647414,0.820622546875285,0.891993746817388,FALSE,FALSE,"Suppressed"
"K07082",2479.77497264399,0.207051556793464,0.0594731553364506,3.48142881644894,0.000498746327333795,0.00208203548967065,FALSE,FALSE,"Enriched"
"K01250",285.590803758417,-0.263995535208943,0.160149611620889,-1.64843069263185,0.099264322046686,0.187724992298523,FALSE,FALSE,"Suppressed"
"K03168",8538.64817312443,0.0160545617590484,0.0367126695530338,0.437303033380793,0.661891595764021,0.772755904013163,FALSE,FALSE,"Enriched"
"K13280",107.237553314102,-0.686365080896079,0.360230794094338,-1.90534816053603,0.0567348289975146,0.119055991391326,FALSE,FALSE,"Suppressed"
"K07485",79.612597560299,3.41553647304842,0.38542690245275,8.86169712418331,0.000000000000000000788054545944697,0.000000000000000026554390473573,TRUE,TRUE,"Enriched"
"K08161",42.3917050825748,0.483429706088421,0.383143326117261,1.26174638349427,0.207040060743075,0.332474283957876,FALSE,FALSE,"Enriched"
"K15771",720.955374624773,0.601196315790434,0.0941666779820289,6.38438488724396,0.000000000172087773161845,0.00000000257877967693881,TRUE,TRUE,"Enriched"
"K10621",42.901600590239,2.66186707391812,0.417228771755586,6.37987419400082,0.000000000177233518805045,0.00000000264290276575053,TRUE,TRUE,"Enriched"
"K07444",543.088196670096,-0.31859871862881,0.104614845890625,-3.04544461081466,0.00232336568806293,0.00792517188562404,FALSE,FALSE,"Suppressed"
"K07065",46.2939936517675,-0.625895428694463,0.345154816789935,-1.81337590625424,0.0697738630558821,0.14067794736457,FALSE,FALSE,"Suppressed"
"K09007",632.452773003958,-0.385289983273567,0.108119013257841,-3.56357287829415,0.000365841062914389,0.00158808871367606,FALSE,FALSE,"Suppressed"
"K19789",35.5016111421139,0.396712469475258,0.440313712005324,0.900976868670538,0.367600618546581,0.513439673362109,FALSE,FALSE,"Enriched"
"K21681",415.569578749449,1.68150088149037,0.131946995104728,12.7437603270597,0.000000000000000000000000000000000000337716367592002,0.0000000000000000000000000000000000326941607292638,TRUE,TRUE,"Enriched"
"K00088",5917.50556333984,0.221438728080313,0.0414132852941741,5.34704567646228,0.0000000894014608500657,0.000000865491285277064,FALSE,FALSE,"Enriched"
"K00338",1875.64082389585,0.0223441333744261,0.072518292691512,0.308117201124364,0.757993152939087,0.845464564699249,FALSE,FALSE,"Enriched"
"K03973",116.616635677894,0.705222048280369,0.246526707363881,2.86063143349186,0.00422798259583267,0.0134374496362603,TRUE,TRUE,"Enriched"
"K15519",28.6072437074053,-0.509891798809418,0.460060624846721,-1.10831436395866,0.267726074188493,0.40578064773251,FALSE,FALSE,"Suppressed"
"K11930",16.850971022024,-0.0369582400809388,0.590968316673661,-0.0625384458662063,0.950134046469571,0.969748946916617,FALSE,FALSE,"Suppressed"
"K13988",3.42114154290336,5.16001673102975,3.64510526463746,1.41560156879117,0.156892191747691,0.268939144876101,FALSE,FALSE,"Enriched"
"K22133",48.7515179845959,-0.225434834174425,0.379423643917185,-0.594150727790778,0.552411304605352,0.684393247074886,FALSE,FALSE,"Suppressed"
"K00947",45.768095481844,0.221351322025592,0.362246593161946,0.611051494214149,0.541165490391404,0.675239019209733,FALSE,FALSE,"Enriched"
"K10535",17.2035494902586,-0.0301433354723588,0.602896186701192,-0.049997555362377,0.96012433642534,0.975431418705251,FALSE,FALSE,"Suppressed"
"K15862",873.249286628843,-0.399965642724683,0.0849594170070502,-4.70772583916733,0.00000250495690444939,0.0000185634655652938,FALSE,FALSE,"Suppressed"
"K00316",117.142575736189,-0.351918600893902,0.250290456732737,-1.40604082747623,0.159712001616849,0.272623425094083,FALSE,FALSE,"Suppressed"
"K23676",35.1203060357033,-0.469482018283741,0.431507602523661,-1.08800404798893,0.276593320504725,0.415298538099045,FALSE,FALSE,"Suppressed"
"K22278",831.818313139065,0.204820351065161,0.0997901978693419,2.05250971977566,0.0401201514188211,0.0900599203177731,FALSE,FALSE,"Enriched"
"K02523",1857.55137217752,-0.0935242382707068,0.0630605259982138,-1.48308687233843,0.138051331394727,0.243556572223442,FALSE,FALSE,"Suppressed"
"K08973",457.348490558146,0.208811732816291,0.156758792915054,1.33205754480033,0.182841279816795,0.302112198833104,FALSE,FALSE,"Enriched"
"K01361",12.6205160097455,0.794256416017573,0.742012041857567,1.07040906509983,0.284435220677798,0.423527932352023,FALSE,FALSE,"Enriched"
"K03471",27.8935257747272,0.752625334200764,0.449535200483618,1.67423003446911,0.094085398892289,0.180052352633847,FALSE,FALSE,"Enriched"
"K16026",36.441970002753,0.368101022891209,0.449122282621659,0.819600890747383,0.412443665696057,0.555787431966472,FALSE,FALSE,"Enriched"
"K00162",3724.46476716882,0.267837527015535,0.0486888568714333,5.50100257483516,0.0000000377637694580318,0.000000385797705066225,FALSE,FALSE,"Enriched"
"K16012",582.575350151835,1.16663222350036,0.109958615219541,10.6097391384121,0.0000000000000000000000000268497638624633,0.00000000000000000000000147528567384832,TRUE,TRUE,"Enriched"
"K01911",566.31139897396,-0.361144353398709,0.105269397611475,-3.43066799652078,0.00060209701918228,0.00245139500667071,FALSE,FALSE,"Suppressed"
"K11637",8.93795566630674,6.54518988540685,1.40938413326497,4.64400707438384,0.00000341715852575356,0.000024664201004226,TRUE,TRUE,"Enriched"
"K07023",273.208161520861,0.018922634025674,0.148562576515873,0.12737147180301,0.898646394513199,0.940110524894683,FALSE,FALSE,"Enriched"
"K08084",425.227739464584,-0.4035729454494,0.126080724970964,-3.20090914406101,0.00136994721682232,0.00502423816921187,FALSE,FALSE,"Suppressed"
"K00658",4240.76808778025,0.131717347826347,0.051468108098329,2.55920321715931,0.010491239304599,0.0292040477036739,FALSE,FALSE,"Enriched"
"K02250",5.3349389681622,5.80322970397679,1.57130332763213,3.69325871200307,0.000221398577864006,0.00101450783350306,TRUE,TRUE,"Enriched"
"K01176",1125.82332086132,0.65569288160205,0.0831323715856156,7.88733521125126,0.00000000000000308707385106767,0.0000000000000797799297358548,TRUE,TRUE,"Enriched"
"K07085",509.733289362089,-0.543185211709462,0.107980734771794,-5.03039003075344,0.00000048948307215846,0.00000414057871996456,TRUE,TRUE,"Suppressed"
"K16417",52.7911241464363,-0.937182096707181,0.346271553844315,-2.70649461759871,0.00679976846542805,0.0201587983597268,TRUE,TRUE,"Suppressed"
"K07167",41.7208426940115,0.565220626749924,0.390886635076351,1.44599629669999,0.148178240523534,0.257168686655092,FALSE,FALSE,"Enriched"
"K09697",400.327445030615,-0.433010524979786,0.137366926786469,-3.15221818751818,0.00162035146534821,0.00580606350803049,FALSE,FALSE,"Suppressed"
"K16651",8.35523201699062,4.51846922025868,1.33178880760971,3.39278209460885,0.000691866520876573,0.00277064603468563,TRUE,TRUE,"Enriched"
"K21011",68.4695615964593,0.275989330398965,0.298853071049409,0.923495045340644,0.355749281219331,0.502947349595897,FALSE,FALSE,"Enriched"
"K09022",637.03827410241,-0.0871974218477765,0.0996004310187402,-0.875472334365401,0.38131695696571,0.526165638129833,FALSE,FALSE,"Suppressed"
"K09948",141.245626105012,-0.370442931485585,0.20988587706836,-1.76497312091624,0.0775682832562716,0.153202383283679,FALSE,FALSE,"Suppressed"
"K00806",2040.48356888195,-0.170273277572544,0.060628182688391,-2.80848394298231,0.00497753645836396,0.0153711366377528,FALSE,FALSE,"Suppressed"
"K14731",326.115542468718,0.281852826734591,0.148845254019299,1.89359632990412,0.058278611038323,0.121484662529548,FALSE,FALSE,"Enriched"
"K13818",13.1757723512978,-0.000977195709475372,0.676589407409475,-0.00144429649470401,0.998847618526297,0.999330920504027,FALSE,FALSE,"Suppressed"
"K00200",322.08317641251,-0.120870967883624,0.146959260877713,-0.822479421587475,0.410804093904812,0.554067706485061,FALSE,FALSE,"Suppressed"
"K21495",29.4407654590218,-0.153565030194155,0.443306453463567,-0.346408289332011,0.729035896332923,0.824474305902929,FALSE,FALSE,"Suppressed"
"K02821",196.510885927486,-0.313697255957355,0.189805908382065,-1.65272650694259,0.0983865371881772,0.186469698667089,FALSE,FALSE,"Suppressed"
"K05311",15.4365227131855,5.46321355914651,1.1838382913014,4.61483092690028,0.00000393415451351428,0.0000276752115085624,TRUE,TRUE,"Enriched"
"K07102",1400.73605382707,-0.228230396473521,0.0843252750874341,-2.70654790318652,0.00679867730048728,0.0201587983597268,FALSE,FALSE,"Suppressed"
"K06330",31.1346951839722,1.13190635334985,0.44331799595271,2.55326055717033,0.0106719627943306,0.0296529845478917,TRUE,TRUE,"Enriched"
"K01056",1575.42486761371,0.14593007209417,0.0739297237492557,1.97390257522286,0.0483928218998728,0.104811015897487,FALSE,FALSE,"Enriched"
"K17870",39.7023218724619,0.0230203253458783,0.389093707451936,0.0591639620610467,0.952821513447628,0.970970494656154,FALSE,FALSE,"Enriched"
"K06379",17.709831325766,1.25160593565715,0.594811188308548,2.10420711691102,0.0353603840000657,0.0810693839533653,TRUE,FALSE,"Enriched"
"K07264",273.487581178623,-0.126285996039918,0.18132459512591,-0.696463686860717,0.48613849089261,0.623991512512178,FALSE,FALSE,"Suppressed"
"K11917",40.7717887702912,-1.28278031099128,0.408600418951483,-3.13944932871837,0.00169265685306433,0.0060034467165541,TRUE,TRUE,"Suppressed"
"K16873",66.3750341601758,0.116982665074424,0.307631842560964,0.380268388670593,0.703746198320538,0.80482806367091,FALSE,FALSE,"Enriched"
"K18977",10.200150972891,-0.348422555245369,0.847035225497271,-0.411343642811101,0.68082057219661,0.787319808461723,FALSE,FALSE,"Suppressed"
"K07533",171.553962318007,0.254719499703237,0.189651461656224,1.34309273168144,0.17924194879515,0.29766092242901,FALSE,FALSE,"Enriched"
"K05587",42.0887430462816,0.62929545601845,0.412281438989044,1.5263734830303,0.12691687763056,0.227599540331897,FALSE,FALSE,"Enriched"
"K22087",31.4985725509046,0.828783597609904,0.449075090382759,1.84553455615521,0.0649598165000075,0.132771421190866,FALSE,FALSE,"Enriched"
"K00469",78.4584150055434,-0.867347419359819,0.315310790525919,-2.75076986078763,0.00594553972812192,0.0178982462003038,TRUE,TRUE,"Suppressed"
"K02195",1566.85226861585,0.0674179858587423,0.0717255099501695,0.939944322537131,0.347246120766545,0.494363699942847,FALSE,FALSE,"Enriched"
"K11748",28.4011656398352,-0.261278052970696,0.489194759679348,-0.534098225299788,0.59327357753876,0.716651921055436,FALSE,FALSE,"Suppressed"
"K09761",1512.18534678769,0.0556673124457274,0.068394037167991,0.813920551421699,0.415690466467238,0.559050971330471,FALSE,FALSE,"Enriched"
"K01932",179.756434660459,1.03726194421338,0.194966537144899,5.3202049921135,0.000000103650395678219,0.000000993968181197259,TRUE,TRUE,"Enriched"
"K00702",627.546183727343,-0.684522910135293,0.100412930669376,-6.81707929020801,0.00000000000929099918305038,0.000000000162832770165012,TRUE,TRUE,"Suppressed"
"K20370",220.517060198676,-0.587212379854878,0.164131959051691,-3.57768458530336,0.000346651406965822,0.00151542697355655,TRUE,TRUE,"Suppressed"
"K18704",16.0662312487975,0.79576741790685,0.619099128887637,1.2853634915246,0.198665292731284,0.32224989903407,FALSE,FALSE,"Enriched"
"K16051",238.07975955954,-1.0985170787327,0.184994685773512,-5.93810073051293,0.00000000288342871857448,0.0000000348929201479876,TRUE,TRUE,"Suppressed"
"K07715",557.718010752854,-0.474803321455274,0.112449844991072,-4.22235638913485,0.0000241761438054697,0.000140460118575946,FALSE,FALSE,"Suppressed"
"K06879",299.137614957463,-0.0865258001440734,0.179978779150998,-0.480755567696569,0.630690232708847,0.747344031336945,FALSE,FALSE,"Suppressed"
"K00789",4459.49414911595,-0.0232464593594122,0.0446584097433612,-0.520539345064072,0.602687712388496,0.724579609276056,FALSE,FALSE,"Suppressed"
"K18299",359.379713598045,-0.442002369351228,0.156517124910559,-2.82398727681593,0.00474302676579116,0.0147892230289163,FALSE,FALSE,"Suppressed"
"K07058",5488.33351584901,0.118759483054319,0.0421623744886695,2.81671714400795,0.00485172336479494,0.0150588604589742,FALSE,FALSE,"Enriched"
"K07304",2575.26427852726,0.182402385754101,0.0583857107115533,3.12409292498356,0.00178354120516508,0.00628049527153685,FALSE,FALSE,"Enriched"
"K19715",61.0109455924545,-0.668316916546432,0.359008058048428,-1.86156522552561,0.0626643987549588,0.128872096699078,FALSE,FALSE,"Suppressed"
"K00541",14.7008809830964,0.0405573733437748,0.637772248692296,0.0635922516649708,0.949294901531405,0.969368297671603,FALSE,FALSE,"Enriched"
"K00525",11168.9423681255,-0.0216668838079436,0.0356905071834202,-0.607076937758084,0.543799854379761,0.677832681762142,FALSE,FALSE,"Suppressed"
"K00990",4508.17351759111,-0.00120391144879583,0.0551650967215647,-0.0218237893223018,0.982588517569525,0.988747964054426,FALSE,FALSE,"Suppressed"
"K20810",299.948094314816,-0.268008323334704,0.147078177786007,-1.82221677864846,0.0684220996865611,0.138547936915118,FALSE,FALSE,"Suppressed"
"K10227",221.308762627119,0.190486076015381,0.180217334369575,1.05697976657866,0.290520821786284,0.43080148117543,FALSE,FALSE,"Enriched"
"K11528",14.6567632883036,-1.15885073269929,0.721646204559506,-1.60584331404702,0.108308341047164,0.201455496202089,FALSE,FALSE,"Suppressed"
"K12710",15.9099554448308,1.84550663925221,0.664985656584262,2.77525781342678,0.00551579635958008,0.0168036173811583,TRUE,TRUE,"Enriched"
"K00970",3113.65028299157,0.0300442324383931,0.0495742881203159,0.606044656969683,0.544485099497013,0.678409524378403,FALSE,FALSE,"Enriched"
"K00091",908.154451313345,-0.412146111336756,0.0955076772813548,-4.31531917714448,0.0000159372462444429,0.0000965255857446447,FALSE,FALSE,"Suppressed"
"K18642",6.28985778586236,1.87156317917477,1.16628442859545,1.60472277026684,0.108554828544541,0.201790886709283,FALSE,FALSE,"Enriched"
"K19181",41.8841907890063,1.01233070435158,0.401933041479903,2.51865509892946,0.0117803987594771,0.0321758405884689,TRUE,TRUE,"Enriched"
"K09700",102.2926363595,-0.334118188756136,0.239670812717942,-1.39407124700389,0.163296090862912,0.277421408961811,FALSE,FALSE,"Suppressed"
"K02019",97.8195667956927,-0.286732550787298,0.265525119993146,-1.0798697720001,0.280200175695329,0.419370413213967,FALSE,FALSE,"Suppressed"
"K00446",452.042826742607,0.288479039936349,0.124385416447975,2.31923523009635,0.0203822852017975,0.0509670564887027,FALSE,FALSE,"Enriched"
"K16200",5.87104351574867,0.52638928720701,1.00240944817263,0.525124028077155,0.599496973576811,0.722452488015209,FALSE,FALSE,"Enriched"
"K03575",2259.05236947034,0.203624874881619,0.0559091533658518,3.64206686424247,0.000270457797580515,0.00121556529656858,FALSE,FALSE,"Enriched"
"K01821",145.915864293087,0.721949955927262,0.217181014126338,3.32418539821023,0.000886772223826842,0.00344047315083964,TRUE,TRUE,"Enriched"
"K01408",9.73568950028068,-0.787855550199361,0.876926175715085,-0.898428592984932,0.368957098429124,0.514582516194655,FALSE,FALSE,"Suppressed"
"K18231",7.95799420462636,6.37809132846242,1.42533332991566,4.4748068361243,0.00000764804232821453,0.0000498881392083213,TRUE,TRUE,"Enriched"
"K08223",651.06081901381,-0.0497690988976863,0.101134930238542,-0.492105929971952,0.6226444603972,0.740977280773175,FALSE,FALSE,"Suppressed"
"K19670",224.021343830117,-0.599136660792527,0.167735534359806,-3.57191255317035,0.000354383751195879,0.00154274553786129,TRUE,TRUE,"Suppressed"
"K19127",7.33080867987605,-0.860023772023796,0.969163231728777,-0.887387948560223,0.374870069584762,0.520093847679132,FALSE,FALSE,"Suppressed"
"K13653",286.250031185384,1.20891142594543,0.17150882161918,7.04868364514632,0.00000000000180618260969555,0.0000000000348604675206746,TRUE,TRUE,"Enriched"
"K20274",169.365263941802,1.98688822318977,0.205636447589783,9.6621403767553,0.000000000000000000000436644134298327,0.0000000000000000000184936984380937,TRUE,TRUE,"Enriched"
"K07357",33.4543928135411,0.148734689604731,0.42651946902075,0.34871723428291,0.727301604431097,0.823123489594592,FALSE,FALSE,"Enriched"
"K09914",187.085691087009,-0.110029853533382,0.197946965572125,-0.555855217155583,0.578309834582321,0.704527331175654,FALSE,FALSE,"Suppressed"
"K10040",7.69882074858007,-1.52888397356866,1.06969633579842,-1.42926915088244,0.152926889053005,0.26369835915586,FALSE,FALSE,"Suppressed"
"K03842",15.5796893973254,-0.895037065345035,0.639817531207309,-1.39889424982797,0.16184469717107,0.275569739823104,FALSE,FALSE,"Suppressed"
"K18672",105.87260162367,-0.00113443558778943,0.282553093677479,-0.0040149466177296,0.996796544687776,0.997941911695789,FALSE,FALSE,"Suppressed"
"K16025",8.64321422523627,-0.359503908453344,0.854106538044658,-0.420912254431832,0.673819156458159,0.782338289594196,FALSE,FALSE,"Suppressed"
"K00309",495.787087220942,-0.377067016097149,0.141849595737878,-2.65821706530575,0.00785552793759175,0.0228473366196338,FALSE,FALSE,"Suppressed"
"K03430",204.717219802764,-0.682966909744793,0.181455662890215,-3.76382251656707,0.000167335669265006,0.000792991644791977,TRUE,TRUE,"Suppressed"
"K01843",1521.89608618109,-0.00367831229867422,0.0801005581223683,-0.0459211818855859,0.963373071281364,0.977964773925605,FALSE,FALSE,"Suppressed"
"K22704",141.909132157047,0.968626882842272,0.221271520908557,4.37754880910575,0.0000120021488582442,0.0000744670456626971,TRUE,TRUE,"Enriched"
"K00848",459.579042253837,0.391935630700506,0.127238813917996,3.08031502834587,0.00206781751576211,0.00714944389378295,FALSE,FALSE,"Enriched"
"K01077",525.003583141529,0.153357339089622,0.120582588958119,1.27180333756879,0.203443002829629,0.328166853810608,FALSE,FALSE,"Enriched"
"K20881",70.4829998602143,-0.399020693672773,0.318021397765012,-1.25469762876651,0.209588546884987,0.335330678764831,FALSE,FALSE,"Suppressed"
"K07276",705.815378310346,0.522356884543375,0.266758349560419,1.95816507863445,0.0502106453764903,0.107677470517305,FALSE,FALSE,"Enriched"
"K12528",172.430034843569,-0.161844277512466,0.222407584566583,-0.727692258462591,0.466801990353697,0.607559824832949,FALSE,FALSE,"Suppressed"
"K06998",1025.78751773328,0.462137680141138,0.0818985471104788,5.64280681948762,0.0000000167300028794404,0.000000183124765286625,FALSE,FALSE,"Enriched"
"K07270",33.6044985379318,0.216696884393496,0.452793595111455,0.478577627274423,0.632239137573939,0.747816742078802,FALSE,FALSE,"Enriched"
"K00945",1775.28128346977,0.324348726921364,0.0640371554770135,5.0650083456282,0.000000408382459289395,0.00000351301074641187,FALSE,FALSE,"Enriched"
"K03491",13.2532290706637,0.21515857311538,0.681404749203301,0.315757372350197,0.752186675866603,0.841913476988513,FALSE,FALSE,"Enriched"
"K15577",380.238434468719,-0.478529122304882,0.128119419375638,-3.73502412543615,0.00018769719258936,0.000879911742968873,FALSE,FALSE,"Suppressed"
"K00882",572.335570715105,-0.0589272611814199,0.115030593509303,-0.512274686096044,0.608458779043557,0.729074674535689,FALSE,FALSE,"Suppressed"
"K02551",806.361588538359,-0.566834380997499,0.0917543643581401,-6.17773753829304,0.000000000650266966301961,0.00000000869732067428873,TRUE,TRUE,"Suppressed"
"K16906",8.87574636354893,-1.00917963786479,0.853493100167194,-1.18241100914243,0.237042657008477,0.370034083720169,FALSE,FALSE,"Suppressed"
"K07795",741.971933565106,0.174050089908545,0.094686747045753,1.8381673818031,0.0660377446249308,0.13465161365675,FALSE,FALSE,"Enriched"
"K11175",1633.79020164275,0.121630199084001,0.0677466202185162,1.79536925519951,0.0725948875351265,0.145213584479087,FALSE,FALSE,"Enriched"
"K09942",30.8980004388651,-1.17021584927009,0.472572883892161,-2.47626533209453,0.0132764870847623,0.035561394259976,TRUE,TRUE,"Suppressed"
"K09803",98.562205673658,0.050602382288646,0.245558189741397,0.206070839428881,0.836735576665935,0.901634325456809,FALSE,FALSE,"Enriched"
"K03477",31.6621729862564,-0.0420561143291522,0.495824500446629,-0.0848205651218703,0.932404043854281,0.959948052577188,FALSE,FALSE,"Suppressed"
"K02172",36.1225489577172,-0.0308072770086982,0.46927425648346,-0.0656487684612293,0.94765746121025,0.969108460080704,FALSE,FALSE,"Suppressed"
"K22099",9.47248496980593,1.01438223583688,0.838702489708351,1.20946610780853,0.226483824341845,0.356562943898016,FALSE,FALSE,"Enriched"
"K01247",1306.63753619731,0.0213301641734368,0.0725468352145405,0.29401922372434,0.768743213871258,0.853429908080938,FALSE,FALSE,"Enriched"
"K18846",37.1978925700029,-0.66231741944903,0.412215363199146,-1.60672667391355,0.108114339598722,0.201278802567951,FALSE,FALSE,"Suppressed"
"K00066",608.548011063096,-0.500327516893669,0.121354007578423,-4.12287593032591,0.000037417125779227,0.000208218111430206,TRUE,TRUE,"Suppressed"
"K00868",376.307682839459,0.450449395572431,0.146183251150943,3.08140222649251,0.00206028127652535,0.00713552271750604,FALSE,FALSE,"Enriched"
"K01455",258.311559739839,0.085197953085831,0.174804557882178,0.487389768997078,0.625982142486106,0.743403393147883,FALSE,FALSE,"Enriched"
"K01283",1746.02717379533,0.000855621036937525,0.171331263795441,0.00499395742483453,0.996015415035758,0.997358855388357,FALSE,FALSE,"Enriched"
"K05794",2683.16485748477,-0.119683298125939,0.060692470238311,-1.97196287539456,0.0486138446955161,0.105139029714344,FALSE,FALSE,"Suppressed"
"K11778",12.1789123596996,-2.09682790312986,0.844033247725798,-2.48429538620624,0.0129808082923297,0.034930769763883,TRUE,TRUE,"Suppressed"
"K01805",1442.72657148498,0.0528430278994155,0.0815641044875425,0.647871122124394,0.517068309870185,0.653565088036657,FALSE,FALSE,"Enriched"
"K11178",849.301899153576,-0.0523100459104561,0.0940836524472144,-0.555995059182089,0.578214232397787,0.704527331175654,FALSE,FALSE,"Suppressed"
"K02385",19.1090495852795,-1.44030258191918,0.558625680004336,-2.57829640396768,0.00992887901631685,0.0277526274612816,TRUE,TRUE,"Suppressed"
"K02189",22.5300808630596,0.358790642141367,0.568929840627134,0.630641278625621,0.528275102230547,0.664319556392599,FALSE,FALSE,"Enriched"
"K03781",2289.02816717914,0.0337467861128896,0.0577454917032531,0.584405554745472,0.558947490446788,0.68896943092865,FALSE,FALSE,"Enriched"
"K01483",45.1908164399123,0.311760655493974,0.366043701115178,0.851703374608476,0.394378747162585,0.537882300257921,FALSE,FALSE,"Enriched"
"K06880",275.348118016041,0.375013785500086,0.164543238834171,2.27911999397331,0.0226599332919652,0.0556596589398695,FALSE,FALSE,"Enriched"
"K06375",5.34611416119332,5.80603618111618,1.56792045224906,3.70301705854265,0.000213050550340615,0.000984390383732889,TRUE,TRUE,"Enriched"
"K03406",4775.67063944916,0.029973034817347,0.0442133682892481,0.677917923404082,0.497823735023193,0.634928264304988,FALSE,FALSE,"Enriched"
"K00125",19.0578198439672,-0.461152336279847,0.534702344441779,-0.862446819381881,0.388441685805189,0.532742487458028,FALSE,FALSE,"Suppressed"
"K05596",106.867950132112,0.494696905555804,0.24761781641418,1.9978243598124,0.0457357054083824,0.100256007916836,FALSE,FALSE,"Enriched"
"K03710",1825.41260081737,0.946266620455332,0.0773150785540482,12.2390953763803,0.000000000000000000000000000000000192162420127944,0.0000000000000000000000000000000167428371480047,TRUE,TRUE,"Enriched"
"K07774",37.4204192202721,-0.876268735691649,0.393804061718588,-2.22513889741906,0.0260719152139458,0.0627763959296706,TRUE,FALSE,"Suppressed"
"K03231",14.8468062677258,-1.54789916985239,0.650852750014373,-2.37826323975463,0.0173944033004368,0.0447441863050882,TRUE,TRUE,"Suppressed"
"K00029",4414.62714885789,-0.0576596468520179,0.0567411620374689,-1.01618727536709,0.309540214682814,0.452296542728914,FALSE,FALSE,"Suppressed"
"K02044",816.772076632245,-0.0857949386041236,0.0961696238452272,-0.892120975144913,0.372328093360686,0.518099256538176,FALSE,FALSE,"Suppressed"
"K00043",58.5517085233901,0.493605427240474,0.321486937570676,1.53538252897743,0.124689892671804,0.224453007635385,FALSE,FALSE,"Enriched"
"K05351",14.9848356290911,-0.561363910704443,0.631290016586096,-0.889232992690425,0.373877874896531,0.51908750731632,FALSE,FALSE,"Suppressed"
"K14597",105.839137037861,0.343095927507369,0.233771007444793,1.46765816367709,0.142197100235986,0.249427700413943,FALSE,FALSE,"Enriched"
"K14974",55.3924101387155,-0.348516769751933,0.325650421164789,-1.07021746971908,0.284521432658803,0.423552896701499,FALSE,FALSE,"Suppressed"
"K06974",119.876530899266,-0.740185295286797,0.228329529741719,-3.24174142575459,0.00118801760042569,0.00442081717205387,TRUE,TRUE,"Suppressed"
"K16886",193.349693551827,-0.262142227877938,0.196337723526919,-1.33515976027907,0.181824063833717,0.300934861688423,FALSE,FALSE,"Suppressed"
"K09969",532.778240107895,-0.156126377707263,0.115410896400263,-1.35278715075388,0.176123638851263,0.29373204084054,FALSE,FALSE,"Suppressed"
"K21310",842.24963974858,-0.190936838912145,0.0872214791321759,-2.18910342741148,0.0285893234856853,0.0678204138231018,FALSE,FALSE,"Suppressed"
"K15725",628.568082802652,-0.390680239281535,0.114208968315151,-3.42074922000417,0.000624488885396979,0.00253563494619806,FALSE,FALSE,"Suppressed"
"K07770",5.7259429048131,5.90333345213485,1.51734754641157,3.89056117439665,0.000100012658450941,0.000506205148458329,TRUE,TRUE,"Enriched"
"K07574",157.886885602972,-0.181935393942192,0.202139233463567,-0.900049885540816,0.368093703676286,0.513730777739512,FALSE,FALSE,"Suppressed"
"K05946",321.180478946987,-0.0728878825317877,0.150743160786834,-0.483523644796453,0.628723975201031,0.745870735275118,FALSE,FALSE,"Suppressed"
"K04068",84.0500041704314,0.602593011586853,0.262852929089761,2.29251016404339,0.0218762217179927,0.0539737363503389,TRUE,FALSE,"Enriched"
"K14673",79.6103415645855,3.30816204225268,0.337709689671289,9.79587540254674,0.000000000000000000000117277087150245,0.00000000000000000000507285783354144,TRUE,TRUE,"Enriched"
"K01673",2448.8193224771,0.167073422258851,0.0538612009213005,3.10192530803334,0.00192266463304676,0.00671251025254074,FALSE,FALSE,"Enriched"
"K22820",258.005027709487,-1.80638344890856,0.165807794019589,-10.8944423245577,0.00000000000000000000000000122514807080073,0.0000000000000000000000000747217808381368,TRUE,TRUE,"Suppressed"
"K20074",4126.82977925073,-0.043549020050023,0.0461222393744547,-0.944208708004387,0.345063006183532,0.492174760222957,FALSE,FALSE,"Suppressed"
"K01591",1882.3430943254,-0.0416528848011757,0.0600977080454,-0.693086078585719,0.488255533632211,0.625997582430703,FALSE,FALSE,"Suppressed"
"K06327",7.23895791978792,6.23653788719428,1.48879406266026,4.18898626990121,0.0000280203350660107,0.00016073932787224,TRUE,TRUE,"Enriched"
"K03726",12.4122956134902,-0.853416594678173,0.726599186239762,-1.17453557730323,0.240180570295159,0.373681709648465,FALSE,FALSE,"Suppressed"
"K10778",1509.58551213279,0.00202821650862699,0.0661238719299963,0.0306729846487848,0.975530336148887,0.985875645430333,FALSE,FALSE,"Enriched"
"K02236",26.4314571028365,0.389233498905987,0.500699591173102,0.77737930241573,0.436935020055686,0.580201760792429,FALSE,FALSE,"Enriched"
"K01960",150.6497194189,-0.0339706513649894,0.194686133130047,-0.174489321960582,0.861480921884144,0.918697561175518,FALSE,FALSE,"Suppressed"
"K05710",464.868924066227,-0.131352616143669,0.131921451052229,-0.995688078746692,0.319401724149021,0.463782795087694,FALSE,FALSE,"Suppressed"
"K01812",936.656728002594,0.382797651216645,0.098893421649341,3.87081005826636,0.000108474290092533,0.000545411949937639,FALSE,FALSE,"Enriched"
"K07305",1695.40098730142,0.136123720283374,0.073162671100578,1.86056247312571,0.0628059884385913,0.129061227589949,FALSE,FALSE,"Enriched"
"K09765",12.934631818211,-1.41130922934077,0.747662483788167,-1.88762878965134,0.0590758023145232,0.122760926172496,FALSE,FALSE,"Suppressed"
"K12279",61.2279268386543,-0.576431691193571,0.314621301264251,-1.8321445143011,0.066929892861672,0.136083961698337,FALSE,FALSE,"Suppressed"
"K02062",208.659877693153,-0.431894628829393,0.168799680491556,-2.55862231238642,0.0105087844675719,0.0292395421841794,FALSE,FALSE,"Suppressed"
"K07315",2220.36231937044,-0.25273923398648,0.0610105344799669,-4.14255072735789,0.0000343464366724071,0.00019342466968145,FALSE,FALSE,"Suppressed"
"K02886",2783.56093448517,-0.0409008319638305,0.0510088364204318,-0.801838168326606,0.422646576771048,0.565443885780599,FALSE,FALSE,"Suppressed"
"K00371",2669.89393053663,0.209159498534726,0.054227291592218,3.8570891592296,0.000114745316564503,0.000572693687174224,FALSE,FALSE,"Enriched"
"K01210",14.8921528883364,2.60111959430588,0.754117958002395,3.44922112874233,0.000562206103362114,0.00230436493575641,TRUE,TRUE,"Enriched"
"K11180",196.860050347969,-0.345245277057044,0.177763062698261,-1.94216544098968,0.0521170753134392,0.111101727485727,FALSE,FALSE,"Suppressed"
"K10831",63.1005033206478,-0.698308478149493,0.369412446046361,-1.89032201167866,0.0587149066397972,0.122135817051884,FALSE,FALSE,"Suppressed"
"K13670",16.0089355970494,-1.52586042425868,0.618676147449917,-2.46633142484647,0.0136504964988139,0.0363488354301809,TRUE,TRUE,"Suppressed"
"K07466",10.5837129896365,-1.91089187913234,0.776907148440539,-2.45961423185256,0.0139086427352913,0.0369624453344407,TRUE,TRUE,"Suppressed"
"K01235",1410.90884403845,0.201243585633913,0.0771219655225384,2.60941982313846,0.00906958967247785,0.0257041948942576,FALSE,FALSE,"Enriched"
"K02655",249.560923731498,-0.212064582356263,0.196614610796599,-1.07857997682404,0.280775011360649,0.419848259742796,FALSE,FALSE,"Suppressed"
"K11891",489.884463881638,-0.473292237831842,0.124173368109707,-3.81154385225089,0.000138101549128329,0.000675446149265177,FALSE,FALSE,"Suppressed"
"K05340",34.8776684067082,-0.625517621705927,0.449634026853135,-1.3911705617205,0.164173711810396,0.278679506911105,FALSE,FALSE,"Suppressed"
"K03192",116.537583798558,0.0710040979273527,0.236029352837063,0.300827405887812,0.763546108968996,0.849483348887615,FALSE,FALSE,"Enriched"
"K01595",3329.85070830957,0.147326800793698,0.0492372362328465,2.99218258508618,0.00276990544696437,0.00926187133828712,FALSE,FALSE,"Enriched"
"K20023",436.387776703146,0.31021887897153,0.129411588633843,2.39714914441908,0.0165231966377725,0.0427193625662461,FALSE,FALSE,"Enriched"
"K00313",59.7159497067529,0.835655782254718,0.334719308152017,2.49658672775218,0.0125395001267041,0.0339150382584338,TRUE,TRUE,"Enriched"
"K00179",1009.02620583724,-0.286283673964931,0.0782897791487395,-3.65671837470677,0.000255464784634792,0.00115498867419392,FALSE,FALSE,"Suppressed"
"K07152",2481.49177412973,-0.333078561438793,0.0526736930993336,-6.32343285310682,0.000000000255815394135789,0.00000000371480497341471,FALSE,FALSE,"Suppressed"
"K02046",744.653258094042,-0.35638634439497,0.0916137879257222,-3.89009506608238,0.000100204958258888,0.000506757910796815,FALSE,FALSE,"Suppressed"
"K02010",1997.37599180247,-0.154077416911171,0.0594023237313524,-2.59379443821067,0.0094923221787182,0.0266914121567553,FALSE,FALSE,"Suppressed"
"K01653",980.640964259585,-0.117697207499953,0.0959669644735868,-1.22643461888749,0.220035165099489,0.348932520005664,FALSE,FALSE,"Suppressed"
"K03311",21.8766266693102,5.97394373660118,1.15518081808375,5.17143605839208,0.000000232301763981186,0.00000210521316273589,TRUE,TRUE,"Enriched"
"K21350",33.1274200594824,0.488189459745836,0.414414788010403,1.17802133000519,0.238788102805852,0.371916355676228,FALSE,FALSE,"Enriched"
"K22319",578.100832145238,-0.0792708913694487,0.133984941386742,-0.591640303372876,0.554091479279167,0.685894851253022,FALSE,FALSE,"Suppressed"
"K00111",3692.19381080163,0.0648809483548872,0.0503486812303091,1.28863252759498,0.197525869538559,0.320828303146651,FALSE,FALSE,"Enriched"
"K10533",43.7693642114902,0.386333216979602,0.370036563812716,1.04404065641236,0.296466579869853,0.437067843999573,FALSE,FALSE,"Enriched"
"K00691",52.7602216134856,0.0797775166515919,0.337804887624178,0.236164483032429,0.813305038489877,0.885934529335553,FALSE,FALSE,"Enriched"
"K13798",21.0058276968654,-2.38502128332132,0.697255395324355,-3.42058490951058,0.000624866260720723,0.00253563494619806,TRUE,TRUE,"Suppressed"
"K09527",11.184024324199,-0.594043120372098,0.756545769296544,-0.785204470741347,0.432333694644695,0.575469926590571,FALSE,FALSE,"Suppressed"
"K02100",35.2642133649008,0.110208210153048,0.500503985864474,0.220194470504957,0.825719702853145,0.895141213597819,FALSE,FALSE,"Enriched"
"K02444",112.103741399993,0.514800614498224,0.271571599511237,1.89563494645516,0.0580083328966528,0.121078994639523,FALSE,FALSE,"Enriched"
"K14682",326.850952525636,-0.576697882534224,0.157990281478271,-3.65021112145775,0.000262024851649141,0.00118201891287582,TRUE,TRUE,"Suppressed"
"K18303",846.570301493844,-0.138594907992132,0.261634123047872,-0.529727951299275,0.596300565392662,0.719453441806101,FALSE,FALSE,"Suppressed"
"K03222",83.8155387188669,-0.745043708312732,0.281517477945528,-2.64652736217285,0.00813229258258356,0.0235065651474773,TRUE,TRUE,"Suppressed"
"K06212",138.995271318373,-0.343042686170478,0.209333879488457,-1.63873467118061,0.101268529980974,0.19086426586958,FALSE,FALSE,"Suppressed"
"K08745",34.8503955978187,-1.91289143004825,0.430829103020108,-4.44002370461722,0.00000899489695362161,0.0000578690680592175,TRUE,TRUE,"Suppressed"
"K17624",47.1599013814767,0.0469104248957571,0.34367476614488,0.13649656453387,0.891428740238549,0.936898825902966,FALSE,FALSE,"Enriched"
"K23248",8.40324977517865,-0.413757360744095,0.892554479763822,-0.463565384662659,0.642959159503578,0.756444427818734,FALSE,FALSE,"Suppressed"
"K03815",28.1688040067025,0.922739713403317,0.467015858018281,1.97582094389437,0.0481750604796215,0.10437644542281,FALSE,FALSE,"Enriched"
"K05998",27.1908936933206,0.295116046885707,0.460496506281544,0.640864898777918,0.521610463141368,0.658109684464047,FALSE,FALSE,"Enriched"
"K03738",1233.01929238733,-0.193500114777802,0.0805823667341114,-2.40127117904432,0.016338223710366,0.0422769734448546,FALSE,FALSE,"Suppressed"
"K21071",3523.16660575901,-0.161479283219592,0.0472159439603364,-3.42001598771894,0.000626174554968934,0.00253918537201182,FALSE,FALSE,"Suppressed"
"K06983",62.8515968410524,-0.671667767641685,0.314524329891047,-2.13550337385459,0.0327199148961501,0.075935601579764,TRUE,FALSE,"Suppressed"
"K07266",157.985171179116,1.18687347427719,0.198425881100399,5.98144489869577,0.00000000221166876315548,0.0000000271407802544975,TRUE,TRUE,"Enriched"
"K04019",296.876088635449,-0.374678771752966,0.178929921882049,-2.09399729129684,0.0362602215447853,0.0827876341714622,FALSE,FALSE,"Suppressed"
"K16645",23.2088207661461,-3.01511151082518,0.592358715571241,-5.09000953572121,0.000000358045508773799,0.00000311071162109886,TRUE,TRUE,"Suppressed"
"K18331",81.107951387186,-0.337281722154297,0.27465239174666,-1.22803125801798,0.219435234180215,0.348095867112451,FALSE,FALSE,"Suppressed"
"K09166",491.799747569164,0.530834321926992,0.118946267567629,4.46280772639778,0.00000808926347018926,0.0000525974604527551,TRUE,TRUE,"Enriched"
"K21191",72.5505525574357,-2.30755632228956,0.336933784012037,-6.84869381399616,0.00000000000745273147777442,0.00000000013251956059168,TRUE,TRUE,"Suppressed"
"K00845",4162.54883093225,0.166042790879759,0.0447573865939914,3.70984106793336,0.000207389397085319,0.000961876754998755,FALSE,FALSE,"Enriched"
"K07226",199.517069826093,-0.551903670144489,0.193813549564845,-2.84760106495979,0.00440501050027883,0.0138913128806574,TRUE,TRUE,"Suppressed"
"K05947",9.5910570561056,-1.7346600825771,0.881050208786435,-1.96885497021382,0.0489697477407161,0.105573167716729,FALSE,FALSE,"Suppressed"
"K02108",2469.87468561814,0.0230175213833463,0.057450737080678,0.400647973428485,0.688679320126727,0.79250097612319,FALSE,FALSE,"Enriched"
"K09795",357.129793982905,0.380503493569502,0.167406926636611,2.27292562628222,0.0230306622171664,0.0564112485391557,FALSE,FALSE,"Enriched"
"K03782",3655.04472067573,0.03137175691546,0.0496859225350288,0.631401316808453,0.527778155237604,0.663968434157208,FALSE,FALSE,"Enriched"
"K19342",180.974400639291,-0.207287809791109,0.19009313899562,-1.09045392635599,0.275513238273833,0.413880601042391,FALSE,FALSE,"Suppressed"
"K02617",142.798338399282,-0.441283108596185,0.210213650180602,-2.09921243561996,0.0357981782674998,0.0818821299838711,FALSE,FALSE,"Suppressed"
"K00176",56.0318921987822,-0.105363142825858,0.327629961983355,-0.321591902608746,0.747761879010854,0.838509145402048,FALSE,FALSE,"Suppressed"
"K16242",80.9169985170739,-0.61031029200919,0.29060920120245,-2.10010656745869,0.0357194677344379,0.0817764256673323,TRUE,FALSE,"Suppressed"
"K17938",70.2444526460954,0.808967355333465,0.325516728983229,2.48517905012232,0.0129486289051151,0.034866970283575,TRUE,TRUE,"Enriched"
"K01561",734.766011206187,0.299214481826129,0.108832000340941,2.74932447155958,0.00597182380822907,0.0179596417191268,FALSE,FALSE,"Enriched"
"K07755",1617.4310023932,-0.424325209302979,0.0833252573306544,-5.09239602608313,0.000000353566615137297,0.00000308095272402952,FALSE,FALSE,"Suppressed"
"K13663",7.22217263351152,-0.865019425491959,1.0543743537268,-0.820410153599104,0.411982329116579,0.555288447576136,FALSE,FALSE,"Suppressed"
"K13693",599.050228527042,0.31540569089613,0.110147979238943,2.86347233127103,0.00419025408826689,0.0133453575375142,FALSE,FALSE,"Enriched"
"K00965",1067.89060145695,0.237097653949591,0.0898296132212215,2.63941528241579,0.00830491774421646,0.0239487911687831,FALSE,FALSE,"Enriched"
"K03891",1539.34043284748,0.589781281309693,0.07851266014397,7.51192585027944,0.0000000000000582637894903987,0.00000000000133090206779753,TRUE,TRUE,"Enriched"
"K01995",8404.67892446885,-0.0414230255882266,0.0455499354553007,-0.909398118222934,0.363140014761956,0.510202937118906,FALSE,FALSE,"Suppressed"
"K02483",2962.38708229336,0.136829812746402,0.0658396354158862,2.07822859106214,0.0376883099199958,0.0852532686772411,FALSE,FALSE,"Enriched"
"K07153",168.949828707003,-0.522629181557337,0.22728518593039,-2.29944234780616,0.0214798335806251,0.0531678185910035,TRUE,FALSE,"Suppressed"
"K22270",392.95660036337,0.380188303869249,0.123665391380506,3.07433065650072,0.00210975457922503,0.00727382316489171,FALSE,FALSE,"Enriched"
"K09952",22.5815656237555,-0.128708702625114,0.511415394542931,-0.251671545281004,0.801294952760227,0.878342544371787,FALSE,FALSE,"Suppressed"
"K21181",19.8303682859437,4.19387917841232,0.79398270671018,5.28207874424546,0.000000127726274337713,0.00000121151251506332,TRUE,TRUE,"Enriched"
"K17321",227.255677159843,0.234747086014005,0.181222714861799,1.29535133712693,0.195199057014961,0.31789560713865,FALSE,FALSE,"Enriched"
"K11386",16.4179439876086,0.196384138981411,0.619285658491942,0.317113978482301,0.75115711857102,0.841224250122044,FALSE,FALSE,"Enriched"
"K17216",11.2743966725576,1.59720318315229,0.765672079984572,2.0860146594146,0.0369772951893277,0.0840314970001761,TRUE,FALSE,"Enriched"
"K03651",797.85286763549,0.741611616251853,0.0975445342468327,7.60280032067438,0.000000000000028979045575157,0.000000000000685051158770864,TRUE,TRUE,"Enriched"
"K07126",1240.38359569707,0.0283878619454376,0.071116520794413,0.399173941980409,0.689765042245629,0.793450960516049,FALSE,FALSE,"Enriched"
"K01800",263.364866549846,-0.214454872982561,0.197781987478745,-1.0842993121687,0.27823211018032,0.41724554708379,FALSE,FALSE,"Suppressed"
"K17224",474.126446259867,-0.325011755571659,0.116039186659165,-2.80087929714896,0.00509635771639926,0.015682485223168,FALSE,FALSE,"Suppressed"
"K18365",18.6689201005772,-0.393293343773407,0.591439093772511,-0.664976914638453,0.506065258710359,0.644043064405668,FALSE,FALSE,"Suppressed"
"K02851",1281.21763193869,-0.296427301555723,0.0785324790641316,-3.77458225040436,0.000160276021580803,0.000765969752147035,FALSE,FALSE,"Suppressed"
"K01449",40.4351338772795,1.16711078635564,0.378381155915546,3.08448443615447,0.00203905278406928,0.00707332933972864,TRUE,TRUE,"Enriched"
"K18075",9.9531874611748,-0.308919653438195,0.757033579807303,-0.408065985021203,0.683225231751841,0.788306978519576,FALSE,FALSE,"Suppressed"
"K19058",25.9363751161563,-0.395240942138181,0.480073529447682,-0.823292512280151,0.410341670636143,0.553810956786522,FALSE,FALSE,"Suppressed"
"K10254",9.26836158230376,0.301999937410212,0.922187654894787,0.327482086544161,0.743303289560854,0.83518916047009,FALSE,FALSE,"Enriched"
"K07451",83.6212461946787,1.44839369865536,0.298551972228936,4.85139551362503,0.00000122595790880524,0.00000959835338357275,TRUE,TRUE,"Enriched"
"K01638",3363.24906206315,0.102131080756235,0.0493097760373219,2.07121364085964,0.038338835396763,0.0863473253636844,FALSE,FALSE,"Enriched"
"K03683",228.582620061938,-0.422759457349995,0.202608224229426,-2.08658586766586,0.0369255858632028,0.0839705996195653,FALSE,FALSE,"Suppressed"
"K01286",1514.86340595003,0.520942646875227,0.0768289433715102,6.78055201613515,0.000000000011971756339911,0.000000000206843461521578,TRUE,TRUE,"Enriched"
"K07046",589.817315610585,-0.213595745998493,0.10506989982204,-2.03289187826644,0.0420634477626838,0.0938693625702922,FALSE,FALSE,"Suppressed"
"K07077",709.628584198018,0.508176037332518,0.0917849380208721,5.53659509163647,0.0000000308408426163007,0.000000322086128624688,TRUE,TRUE,"Enriched"
"K07010",1039.63413831553,-0.0355761033810499,0.0764195013775291,-0.465536973413319,0.641546965802805,0.755220024016851,FALSE,FALSE,"Suppressed"
"K03438",2713.23688309546,-0.000140826873555648,0.0524484971103215,-0.00268505069381549,0.997857642080653,0.9988402690054,FALSE,FALSE,"Suppressed"
"K03974",335.878959581897,0.755590723209443,0.164303501574425,4.59874997166253,0.00000425033513386082,0.0000295429720512825,TRUE,TRUE,"Enriched"
"K08295",1249.8053743711,0.0408495018223741,0.0846331761326185,0.482665352867813,0.629333367824081,0.746171113988933,FALSE,FALSE,"Enriched"
"K22081",112.222978769461,-0.613579012132069,0.233997231749837,-2.62216355101174,0.00873734900656712,0.0249597618693456,TRUE,TRUE,"Suppressed"
"K02455",1264.26077904402,-0.335695666739659,0.0849482124725971,-3.95176845949464,0.0000775757808904324,0.000403354379923911,FALSE,FALSE,"Suppressed"
"K16017",8.77110738151134,2.89690660676808,0.970520198557834,2.98490089240059,0.0028367021640434,0.00945929278212177,TRUE,TRUE,"Enriched"
"K06133",898.261343758717,0.29247227301579,0.0979646628977948,2.98548746419841,0.00283126742395439,0.00944633480235109,FALSE,FALSE,"Enriched"
"K14631",46.5980880337696,0.861174656344336,0.35560574077392,2.42171190619736,0.0154475916743475,0.040460942606174,TRUE,TRUE,"Enriched"
"K22397",16.6635358063819,-0.548385138777415,0.616346925525823,-0.889734524609777,0.373608451200176,0.519051923432773,FALSE,FALSE,"Suppressed"
"K18997",42.5599393252715,-0.0581378115982097,0.368131153436011,-0.157926899300891,0.874514401467917,0.92598321780431,FALSE,FALSE,"Suppressed"
"K01914",112.144416618026,-0.33497161388156,0.239925434553298,-1.39614882642694,0.162669683081906,0.276511258951099,FALSE,FALSE,"Suppressed"
"K00803",1283.79928876355,-0.197296820993972,0.0896885513818932,-2.1997993941711,0.0278211309882751,0.0662557898857827,FALSE,FALSE,"Suppressed"
"K12454",562.953132676321,0.651011110266098,0.108712416326189,5.98837862560936,0.00000000211943213732003,0.0000000261668352338357,TRUE,TRUE,"Enriched"
"K07814",676.820161404016,-0.299607331111805,0.107160041282728,-2.79588667123905,0.00517575461949045,0.0159027342187769,FALSE,FALSE,"Suppressed"
"K10546",485.062312629007,1.03439950221268,0.136390667956028,7.58409294209311,0.0000000000000334821092451687,0.000000000000779417497275892,TRUE,TRUE,"Enriched"
"K04940",149.518257801084,-0.145003119047862,0.206552269067808,-0.702016587386215,0.48266881906775,0.621316405127523,FALSE,FALSE,"Suppressed"
"K03328",123.406009469837,-0.353242799851824,0.229866595882684,-1.53672959089761,0.124359541652231,0.224067605476205,FALSE,FALSE,"Suppressed"
"K01295",1491.21015674529,0.443036975653201,0.0842839744478462,5.25647940258615,0.000000146839213823785,0.0000013756871967915,FALSE,FALSE,"Enriched"
"K22902",268.425288456571,-1.94901085309269,0.182665862634831,-10.6698144085574,0.0000000000000000000000000140907544819353,0.000000000000000000000000795736218382621,TRUE,TRUE,"Suppressed"
"K23948",42.783705502508,-0.139187389301652,0.378682554016176,-0.367556909674023,0.713203649966172,0.812141348234444,FALSE,FALSE,"Suppressed"
"K02549",983.80212577238,-0.488771236298305,0.0795929389946169,-6.14088689866525,0.000000000820619994542327,0.0000000108190676161043,FALSE,FALSE,"Suppressed"
"K04652",441.625628497778,-0.344925534564865,0.123880725815294,-2.78433575759921,0.00536374783728844,0.0163895280859831,FALSE,FALSE,"Suppressed"
"K07979",738.193780341951,0.269486001383843,0.109095436890691,2.47018582137268,0.0135042883599873,0.0360607069647823,FALSE,FALSE,"Enriched"
"K22252",49.917134415376,-0.252376087906575,0.339724397660576,-0.742884790272636,0.457551434875066,0.599872356256024,FALSE,FALSE,"Suppressed"
"K02110",516.458431105837,-0.147589744357642,0.107961940301652,-1.36705346296359,0.171608548498911,0.287854933249411,FALSE,FALSE,"Suppressed"
"K01438",2013.56295246366,-0.21640088769769,0.0719779994629711,-3.00648655578454,0.00264285740106832,0.0089047704125618,FALSE,FALSE,"Suppressed"
"K19345",154.088722816512,-0.316525847728399,0.19566287375023,-1.6177103078454,0.105725043518338,0.19762498153657,FALSE,FALSE,"Suppressed"
"K02564",987.125393536263,0.0827101072525882,0.0968014291120547,0.854430642308444,0.392866423725905,0.536638817089428,FALSE,FALSE,"Enriched"
"K09461",2174.08055983434,0.0623636723463922,0.07225257986914,0.863134194783659,0.388063689095103,0.53254694251294,FALSE,FALSE,"Enriched"
"K23181",10.6430134325756,0.241502468015717,0.727914585612606,0.331773085454072,0.740060608930564,0.833197489756315,FALSE,FALSE,"Enriched"
"K07110",443.320806893667,0.703294522240021,0.155622452498098,4.5192355662729,0.00000620633104652106,0.0000412785311371122,TRUE,TRUE,"Enriched"
"K06201",459.477266655842,-0.102640376823133,0.117634981127095,-0.872532777577773,0.382917794811649,0.527658298815238,FALSE,FALSE,"Suppressed"
"K01040",547.945563249042,-0.109029724335909,0.105354210601683,-1.03488720301956,0.300721591629718,0.441739158802902,FALSE,FALSE,"Suppressed"
"K03629",2315.81826729965,0.231042230688698,0.0565891489101391,4.08280094573577,0.0000444961340087557,0.000242738748944008,FALSE,FALSE,"Enriched"
"K01951",5481.70346927391,-0.144798627002738,0.0404986520297171,-3.5753937414136,0.000349701190365903,0.00152453721232426,FALSE,FALSE,"Suppressed"
"K19163",11.3885674924812,1.419159909522,0.719776894765472,1.97166638696343,0.0486477032060793,0.105139029714344,FALSE,FALSE,"Enriched"
"K15764",26.329323061585,-1.84526719443725,0.493172307017676,-3.74162776007435,0.000182832189868259,0.00085908592142258,TRUE,TRUE,"Suppressed"
"K05346",27.1270666728527,1.57421302749706,0.498293028723829,3.15921142129714,0.0015819668285394,0.00568222360851698,TRUE,TRUE,"Enriched"
"K14471",10.1710181270709,0.337863060596109,0.783313769013259,0.43132531810556,0.66623184368729,0.776337029929076,FALSE,FALSE,"Enriched"
"K18682",1900.47927511707,0.19171112265483,0.0680387227320554,2.81767668405257,0.00483724922294508,0.0150292323029761,FALSE,FALSE,"Enriched"
"K16649",67.8824878195259,-1.93288892090428,0.349999429751285,-5.52254877180177,0.0000000334117011030077,0.000000344219535518993,TRUE,TRUE,"Suppressed"
"K06959",1554.24661425345,0.538998002644415,0.0901090852141552,5.98161663014801,0.00000000220933776623796,0.0000000271407802544975,TRUE,TRUE,"Enriched"
"K07084",9.11213414264566,6.57530647087215,1.42655107838047,4.60923311511349,0.00000404156971998397,0.0000283002683377523,TRUE,TRUE,"Enriched"
"K08195",776.187987099823,0.0412866882926213,0.0973486961444832,0.424111363868134,0.671484598288456,0.780370534481954,FALSE,FALSE,"Enriched"
"K08998",549.220217259167,0.204858485051272,0.123914461854361,1.65322499073632,0.098285082190149,0.186335317462766,FALSE,FALSE,"Enriched"
"K08094",29.5024755779277,1.89668552968598,0.481591016453369,3.93837398308204,0.0000820356603403134,0.000423295678862582,TRUE,TRUE,"Enriched"
"K01697",2744.3574421633,0.00683583128990368,0.0536552681591792,0.127402797981063,0.89862160181918,0.940110524894683,FALSE,FALSE,"Enriched"
"K07172",32.5204616501591,-0.696267370319808,0.52157949757858,-1.33492089614759,0.181902237841653,0.300982568799849,FALSE,FALSE,"Suppressed"
"K15878",16.5920587596229,-0.294003119551392,0.601591860512387,-0.48870860603231,0.625048010089204,0.743112634217164,FALSE,FALSE,"Suppressed"
"K02619",577.052274671481,0.414115726801167,0.119854627023938,3.45515010211877,0.000549986539900469,0.00226458899016494,FALSE,FALSE,"Enriched"
"K03573",43.2572011422666,-1.87703935354088,0.421439036408804,-4.45388108689608,0.00000843318188518769,0.0000547169960827231,TRUE,TRUE,"Suppressed"
"K01738",4298.82475996302,0.0132858039160635,0.0530675283006792,0.250356561564099,0.802311618952475,0.878825173130594,FALSE,FALSE,"Enriched"
"K23624",4.9103077028755,-2.69408719765945,1.25296184415173,-2.15017497159571,0.0315413771174281,0.073616932582173,TRUE,FALSE,"Suppressed"
"K03723",9408.60381707921,-0.0257822140633168,0.0378230494985309,-0.681653499787695,0.495458077149365,0.632704943997901,FALSE,FALSE,"Suppressed"
"K08218",1643.3018309645,-0.0358477434303687,0.0762575816404376,-0.470087598625859,0.638292433958303,0.75284191736834,FALSE,FALSE,"Suppressed"
"K09696",563.242225405573,-0.417400432927748,0.143095642331429,-2.91693322121573,0.00353491445477485,0.0114434412206326,FALSE,FALSE,"Suppressed"
"K00059",10419.2995331767,0.100368732508707,0.0358804105280302,2.7973128242303,0.00515296146992622,0.0158486696949471,FALSE,FALSE,"Enriched"
"K18011",340.462435337143,0.124716548825883,0.135481007708047,0.920546362443942,0.357287316943992,0.504070170261718,FALSE,FALSE,"Enriched"
"K07334",115.78822559496,-0.242351972977274,0.23484658629429,-1.03195867907392,0.302091475140193,0.443374862258774,FALSE,FALSE,"Suppressed"
"K02199",890.871418553167,0.173090654822072,0.112374963174991,1.54029554209984,0.123488329929681,0.222895449495923,FALSE,FALSE,"Enriched"
"K02431",72.9704332786665,0.0393502988635994,0.278836693571391,0.141123100979263,0.887772694339187,0.934666953698378,FALSE,FALSE,"Enriched"
"K22225",7.13458056131418,-0.783800532565894,0.915077646701906,-0.856539918105139,0.391699202702864,0.535352615798798,FALSE,FALSE,"Suppressed"
"K03888",247.606809527293,0.359990235903027,0.165161744948567,2.17962238177571,0.0292854643364959,0.0693230750116964,FALSE,FALSE,"Enriched"
"K18444",6.25366365896964,1.37926056740381,1.04495463624334,1.31992386996082,0.186860437111159,0.307359512658603,FALSE,FALSE,"Enriched"
"K14652",3485.079225211,-0.039099412476283,0.0484576708300269,-0.8068776688304,0.419736965716566,0.563623019353882,FALSE,FALSE,"Suppressed"
"K02963",502.072912185202,-0.0943351253781118,0.111002981426259,-0.849843167868243,0.395412285981656,0.538668646906884,FALSE,FALSE,"Suppressed"
"K13628",562.09207941081,-0.173175245655597,0.118967050036136,-1.45565722276039,0.145487400799746,0.253246108383801,FALSE,FALSE,"Suppressed"
"K02415",165.415355250637,-0.148708903160123,0.201231754825694,-0.738993223454886,0.459911112273854,0.601384315082995,FALSE,FALSE,"Suppressed"
"K18074",27.6916174038814,-0.606618300742117,0.459466934410277,-1.32026541043853,0.186746419841795,0.307359512658603,FALSE,FALSE,"Suppressed"
"K06044",2645.87303041787,-0.0432972132262113,0.0532822614621008,-0.812600892644323,0.416446919617683,0.559821415637701,FALSE,FALSE,"Suppressed"
"K23262",239.805208406221,0.569203802129947,0.195105121672524,2.91742111765438,0.00352938908280308,0.0114316218884843,TRUE,TRUE,"Enriched"
"K19340",436.706757685119,-0.266530468913174,0.127771955724685,-2.08598567190658,0.0369799209622024,0.0840314970001761,FALSE,FALSE,"Suppressed"
"K12146",6.80735287968446,0.766482545752509,1.09596323553793,0.699368848240876,0.484321550742472,0.622392991567286,FALSE,FALSE,"Enriched"
"K01915",9816.28263545849,-0.0197176968383387,0.044767050542924,-0.440451104086761,0.659610418704035,0.770387580175394,FALSE,FALSE,"Suppressed"
"K21420",860.650187747743,0.0152901815012304,0.0870545361578148,0.175639112860379,0.860577472368164,0.91840105056403,FALSE,FALSE,"Enriched"
"K19978",176.082076062233,1.95438129850895,0.20653514699584,9.46270563115494,0.00000000000000000000300076226683106,0.000000000000000000118841877048069,TRUE,TRUE,"Enriched"
"K13626",61.4623991692775,-0.988709397230218,0.328347450370312,-3.0111681881956,0.0026024466017815,0.00878379735709206,TRUE,TRUE,"Suppressed"
"K12976",14.009197804775,-0.295730469487717,0.723218422350286,-0.408908927577735,0.682606497145041,0.788040829953004,FALSE,FALSE,"Suppressed"
"K16141",57.2518949232548,-0.849650876700502,0.375511362591606,-2.26265024535238,0.0236572581728665,0.057783587343337,TRUE,FALSE,"Suppressed"
"K06142",609.604429558317,-0.482097971195646,0.110383271010104,-4.36749125826789,0.0000125681825077304,0.0000776629636419934,FALSE,FALSE,"Suppressed"
"K12240",90.188036557551,2.14992876073591,0.284672196505133,7.5522962450502,0.0000000000000427650370848984,0.000000000000991726088139907,TRUE,TRUE,"Enriched"
"K03411",273.284223661581,-0.241215239749136,0.15976802318105,-1.50978421680657,0.131098493661638,0.233314768848068,FALSE,FALSE,"Suppressed"
"K00657",249.884143320654,1.14297272092482,0.163899119469248,6.97363551815342,0.0000000000030885363564149,0.0000000000576642526560757,TRUE,TRUE,"Enriched"
"K09122",305.399235862915,-0.213900258489728,0.152655193567344,-1.4011986981325,0.161154663514073,0.27447145846756,FALSE,FALSE,"Suppressed"
"K13990",477.844607972091,-0.124902666387973,0.116855620183394,-1.06886315088611,0.285131338338212,0.424253728354417,FALSE,FALSE,"Suppressed"
"K02826",25.1092791462263,5.14075655282848,0.850234048886052,6.04628403151312,0.00000000148224693788039,0.0000000189522517277412,TRUE,TRUE,"Enriched"
"K01002",64.530647561886,-0.568680199905646,0.357968387692888,-1.58863245877883,0.112143395616021,0.206760148084072,FALSE,FALSE,"Suppressed"
"K16856",64.7366032335942,0.229527087964674,0.290313490925077,0.790618056478505,0.429166906800007,0.572253818227643,FALSE,FALSE,"Enriched"
"K10023",11.8499195662464,0.909902812621702,0.762353586204575,1.19354434620254,0.232656255292886,0.364492807868306,FALSE,FALSE,"Enriched"
"K02445",161.271019348712,0.477883987729517,0.188169734031544,2.53964321195994,0.0110965604648893,0.0306096437247218,FALSE,FALSE,"Enriched"
"K01813",64.912408943991,-0.719524157504933,0.314021083142005,-2.29132436047153,0.0219446606929366,0.0541148933664509,TRUE,FALSE,"Suppressed"
"K02478",848.494532027299,0.0676858200588651,0.0995330494284585,0.680033621470783,0.496483172512107,0.633748612212503,FALSE,FALSE,"Enriched"
"K03577",51.3279622306524,-0.737625003020237,0.363182668903333,-2.03100276025717,0.0422547145978499,0.0941928012910404,TRUE,FALSE,"Suppressed"
"K01222",500.05235853975,0.593341283511554,0.118971042628884,4.98727480570555,0.000000612369329411831,0.00000508141570079287,TRUE,TRUE,"Enriched"
"K12980",32.2159054019352,-0.959812477060247,0.480067874994601,-1.9993266099529,0.0455730268366695,0.0999819750636142,TRUE,FALSE,"Suppressed"
"K13625",6.18954173839658,-1.99600243499599,1.11538449665561,-1.7895196149676,0.0735311714098329,0.146701542174868,FALSE,FALSE,"Suppressed"
"K00041",129.942328528551,-0.438973609801775,0.207088118967569,-2.11974309289332,0.0340277167411716,0.0785278282654813,FALSE,FALSE,"Suppressed"
"K00054",318.681481248201,-0.234917176112481,0.143830060704976,-1.63329678761899,0.102406592092327,0.192533232173583,FALSE,FALSE,"Suppressed"
"K15011",461.707036385625,0.0801974760897116,0.134553913209997,0.596024851128247,0.551158625163094,0.683235051802787,FALSE,FALSE,"Enriched"
"K06930",39.7369891531757,-0.213951966875373,0.407825058277514,-0.524617020295462,0.599849452369548,0.722591706498494,FALSE,FALSE,"Suppressed"
"K01958",1625.30680367451,-0.229126100103848,0.0720215381026788,-3.18135527426796,0.0014658774360823,0.0053280014795387,FALSE,FALSE,"Suppressed"
"K03779",54.8097798672332,-0.0341321101916952,0.363610698778447,-0.09386992821268,0.925212482140951,0.956094701555009,FALSE,FALSE,"Suppressed"
"K16905",57.3434952950975,-1.46072234033142,0.324674547563433,-4.49903557668325,0.00000682624342681138,0.0000449118216398302,TRUE,TRUE,"Suppressed"
"K18243",9.77932434422682,-1.50328937624254,0.774315715516285,-1.94144241956939,0.0522046372425736,0.111151947639719,FALSE,FALSE,"Suppressed"
"K00941",1526.37673981784,0.0937804572843657,0.0818610263350689,1.14560568664884,0.251958343252041,0.387339867152234,FALSE,FALSE,"Enriched"
"K13888",207.034303062639,0.134102566283518,0.175328135338889,0.764866209432461,0.444351217004011,0.587244839585988,FALSE,FALSE,"Enriched"
"K14160",400.445338402949,0.439772218484316,0.130934646671109,3.35871543296685,0.000783056582652619,0.00308518223359065,FALSE,FALSE,"Enriched"
"K01271",1588.58272315914,0.0607480386463464,0.0759928866322837,0.799391118543707,0.424063658707397,0.566563911162413,FALSE,FALSE,"Enriched"
"K03646",378.541022519256,-0.333793636626027,0.138784878327069,-2.40511531695397,0.0161673632264293,0.041905970385887,FALSE,FALSE,"Suppressed"
"K09937",62.1643337818598,-0.243443343496635,0.326539924907934,-0.745523977091843,0.455955021803667,0.598668476801494,FALSE,FALSE,"Suppressed"
"K08344",35.4589327991719,0.521508261968312,0.426892725663754,1.22163773382984,0.221844652508061,0.351071752892232,FALSE,FALSE,"Enriched"
"K16048",148.669489055598,-0.92749699822913,0.200902761363228,-4.61664634142203,0.00000389991041469948,0.0000275172875575554,TRUE,TRUE,"Suppressed"
"K08082",592.471027170292,-0.606993038883083,0.110083310177746,-5.51394246687353,0.0000000350883344168274,0.000000360883223622648,TRUE,TRUE,"Suppressed"
"K03226",110.617572557657,-0.724393409588543,0.249780259881787,-2.90012273160167,0.00373016573308863,0.0120244770302263,TRUE,TRUE,"Suppressed"
"K14982",13.7792104303165,3.13596186369412,0.825109462230671,3.80066161793381,0.000144310258454123,0.000702133974806656,TRUE,TRUE,"Enriched"
"K10201",412.784434756071,2.13989756695487,0.1314287360436,16.2818089207293,0.0000000000000000000000000000000000000000000000000000000000132882159423128,0.0000000000000000000000000000000000000000000000000000000040522414516083,TRUE,TRUE,"Enriched"
"K06881",1104.43962104137,0.28778413735768,0.0825257109965205,3.48720579177821,0.000488095621918294,0.00204393188320168,FALSE,FALSE,"Enriched"
"K07405",98.2073272103967,0.420753542305894,0.241919575194659,1.73922900603367,0.0819944892746823,0.160695498099707,FALSE,FALSE,"Enriched"
"K00568",1632.18471190998,0.196893305210509,0.0732844507699132,2.68669960874351,0.00721618171273304,0.0212513241264891,FALSE,FALSE,"Enriched"
"K08152",6.95771747430148,-6.29831696977254,1.46769595336775,-4.29129545211358,0.000017763378330512,0.000106318787475753,TRUE,TRUE,"Suppressed"
"K01091",1289.76146171004,0.445272013325015,0.0905065074798495,4.91977898301016,0.000000866419921155489,0.00000700834893783466,FALSE,FALSE,"Enriched"
"K02225",67.0614574877171,-0.513106161848246,0.30125790688698,-1.70321226470163,0.0885283522703262,0.171027691003079,FALSE,FALSE,"Suppressed"
"K16868",18.708868662674,-1.38864505859964,0.687244791377106,-2.02059742907191,0.0433214552996475,0.0958699404472244,TRUE,FALSE,"Suppressed"
"K03799",2585.4781405862,-0.0498352769081334,0.0591546636735241,-0.842457277471399,0.39953204379765,0.543310130461955,FALSE,FALSE,"Suppressed"
"K00635",2863.90228715342,-0.74074213562083,0.0611632422562543,-12.1109036783459,0.000000000000000000000000000000000924697356308131,0.0000000000000000000000000000000772565640564834,TRUE,TRUE,"Suppressed"
"K21468",11.6322320778876,3.96725150089749,1.04550496231523,3.79457931228961,0.00014789400171807,0.000715877394030563,TRUE,TRUE,"Enriched"
"K06181",306.565116391784,-0.320589339810382,0.151997950290351,-2.10916883548747,0.034930010900249,0.0803311223531743,FALSE,FALSE,"Suppressed"
"K00891",1180.06016525533,-0.102513335575096,0.0737831766037304,-1.38938631126805,0.164715310551415,0.279365594842347,FALSE,FALSE,"Suppressed"
"K03381",146.787810650938,-0.858038505308581,0.22675544664513,-3.78398189769352,0.00015433905400455,0.000742361112282139,TRUE,TRUE,"Suppressed"
"K12536",72.223751942446,0.262602495741598,0.311361143349064,0.843401629750557,0.399003860763975,0.542833938612421,FALSE,FALSE,"Enriched"
"K16923",83.3406841614838,-0.102231817422587,0.262567832496591,-0.389353929803698,0.69701434716221,0.799454153851319,FALSE,FALSE,"Suppressed"
"K18355",26.584527007734,0.117979990260545,0.531180646076572,0.222108977674496,0.824229049230985,0.894160969629986,FALSE,FALSE,"Enriched"
"K00996",21.4039362379065,0.841918542495142,0.562629494219141,1.49639958648741,0.134549557257976,0.238482345166056,FALSE,FALSE,"Enriched"
"K11085",3515.91990826094,-0.291912678446797,0.0565944419105899,-5.15797432737251,0.00000024963583714482,0.00000223901319227391,FALSE,FALSE,"Suppressed"
"K09982",10.9219817612613,0.521706706054849,1.00079098359242,0.521294370760755,0.602161721848577,0.724175829909476,FALSE,FALSE,"Enriched"
"K01444",568.298404265498,-0.252944788457911,0.132387193216328,-1.91064394004173,0.0560503535796608,0.118001762679445,FALSE,FALSE,"Suppressed"
"K05773",307.913829039425,-0.472633082231619,0.158288596978557,-2.98589469648054,0.00282749990444879,0.00943892825245383,FALSE,FALSE,"Suppressed"
"K18067",139.429159244911,-0.25913296482272,0.204327410357543,-1.26822419160148,0.204717900234665,0.329773591857981,FALSE,FALSE,"Suppressed"
"K04656",1860.98568696616,-0.151173956850074,0.0642462696667224,-2.35303866877079,0.018620697573154,0.0472804473349986,FALSE,FALSE,"Suppressed"
"K07168",34.2508470496693,-0.563965115684378,0.492606940123613,-1.14485824244144,0.252267884139606,0.387370754894584,FALSE,FALSE,"Suppressed"
"K20656",8.34386324131274,-0.725071461128898,0.843680134030981,-0.859415117035662,0.390111532419384,0.534191790800588,FALSE,FALSE,"Suppressed"
"K03185",1441.44072406654,0.291804549515083,0.0956288191466493,3.05142897422578,0.0022775492548161,0.00778194560511115,FALSE,FALSE,"Enriched"
"K19222",255.261007287711,0.0460281197530338,0.178971621874361,0.257181106540711,0.797038968385947,0.874935325447424,FALSE,FALSE,"Enriched"
"K18913",14.8224849310421,1.45871286681545,0.876657260443041,1.66394888017953,0.0961226455998509,0.18343304615566,FALSE,FALSE,"Enriched"
"K01880",2324.26814266901,-0.07370330001994,0.0592037799216638,-1.24490868855775,0.213165316753611,0.340271564811067,FALSE,FALSE,"Suppressed"
"K07236",34.126983333446,-0.85893716956875,0.419259323328257,-2.04870141646498,0.0404913206212112,0.090692825732195,TRUE,FALSE,"Suppressed"
"K03060",437.9048001057,-0.0273613846602117,0.121495911459427,-0.225204159807047,0.821820453509399,0.892818479863524,FALSE,FALSE,"Suppressed"
"K16692",428.030553485804,-0.0479299029625246,0.126662730324738,-0.378405730238419,0.705129212012974,0.805237874744613,FALSE,FALSE,"Suppressed"
"K20469",64.0332759561477,-1.61843833330047,0.320548956586863,-5.04895835735439,0.000000444225547519299,0.00000377344235977744,TRUE,TRUE,"Suppressed"
"K15232",115.135559475423,-0.311675898799766,0.229521659052888,-1.35793676329234,0.174483750712375,0.291683654419057,FALSE,FALSE,"Suppressed"
"K16846",224.915142479147,-0.28245955974744,0.157509365376093,-1.79328739642241,0.0729269816456761,0.145686754358657,FALSE,FALSE,"Suppressed"
"K02686",32.6510836008221,-0.446574053478196,0.415857826358538,-1.07386232787447,0.282884389917574,0.421836648925987,FALSE,FALSE,"Suppressed"
"K01869",8471.85665908154,-0.0118172650661282,0.0387488803919861,-0.304970490671835,0.760388627398094,0.847052098356342,FALSE,FALSE,"Suppressed"
"K02496",372.839036997177,-0.501025966330892,0.155881321948907,-3.21415009872133,0.00130831262351015,0.00482430392429772,TRUE,TRUE,"Suppressed"
"K02256",80.5445793098567,-1.52107227415193,0.32634215167387,-4.66097396965137,0.00000314716528891274,0.0000229325700084573,TRUE,TRUE,"Suppressed"
"K18277",33.0405720534489,0.702134175722791,0.435715846610155,1.61144971243382,0.107081739422125,0.199844409037802,FALSE,FALSE,"Enriched"
"K00387",50.2493659441992,2.62021787370299,0.441307198913254,5.93740115764131,0.00000000289575516083684,0.0000000349726945068195,TRUE,TRUE,"Enriched"
"K00265",9943.95579307659,-0.0947859057641523,0.0389557327018738,-2.43316963101539,0.0149672870655613,0.0393703019826557,FALSE,FALSE,"Suppressed"
"K03795",309.588636929746,1.39096083234057,0.151333559022826,9.191357431373,0.0000000000000000000387914814522524,0.00000000000000000145146776305084,TRUE,TRUE,"Enriched"
"K18302",297.419447094438,-0.195796229316724,0.170813804442952,-1.1462553038687,0.251689530889344,0.387053567547683,FALSE,FALSE,"Suppressed"
"K01365",13.7086476402897,1.42307861695118,0.725907660772373,1.96041272720143,0.0499475694696381,0.107339755530417,FALSE,FALSE,"Enriched"
"K07495",8.74818196962049,-0.10348005346658,0.791090305152838,-0.13080687854794,0.895928081460187,0.938787403894756,FALSE,FALSE,"Suppressed"
"K03890",819.408848188743,0.644723112063881,0.0897283324321685,7.18527910402513,0.000000000000670700314560655,0.0000000000137268497265283,TRUE,TRUE,"Enriched"
"K02417",201.508033187056,0.274085088818061,0.170992434985899,1.60290768910721,0.108955035851176,0.202165124325015,FALSE,FALSE,"Enriched"
"K03298",318.305218889852,1.13144676722697,0.155036081124311,7.29795773359206,0.000000000000292168379907178,0.00000000000623054177990868,TRUE,TRUE,"Enriched"
"K05577",36.1565894422388,0.671767147036828,0.451996267731211,1.48622277437987,0.137220205473853,0.242370701762244,FALSE,FALSE,"Enriched"
"K13745",512.614606750615,0.687175599431619,0.110649075323229,6.21040526027206,0.000000000528481305422267,0.00000000721075499277496,TRUE,TRUE,"Enriched"
"K03686",4576.77453299614,0.0150939784885286,0.0485810441436229,0.310696872712439,0.756031074893849,0.843768474507158,FALSE,FALSE,"Enriched"
"K23123",26.4734929925767,-0.213032349347,0.470152423883577,-0.453113370313609,0.650467108156843,0.762803723810263,FALSE,FALSE,"Suppressed"
"K21019",243.048887544164,-0.24756229351519,0.162435567910116,-1.52406456726386,0.127492582835542,0.22843045320622,FALSE,FALSE,"Suppressed"
"K01202",26.6310606304746,-1.31399965104641,0.503360174778432,-2.61045612443377,0.00904215702000349,0.0256502863558146,TRUE,TRUE,"Suppressed"
"K02440",505.217458442394,-0.0304120443665351,0.114528057120483,-0.26554230579972,0.790591723877388,0.86989336531268,FALSE,FALSE,"Suppressed"
"K00957",2151.82274061944,-0.0516460616539427,0.0591196693111866,-0.873585090303782,0.38234424871993,0.527225316062142,FALSE,FALSE,"Suppressed"
"K03208",43.4892744703786,-0.502231055486958,0.37407793911127,-1.3425839991531,0.179406714354655,0.29766092242901,FALSE,FALSE,"Suppressed"
"K07112",1271.28315737132,-0.166859766140826,0.0738341001790404,-2.25992821387689,0.0238257065227312,0.0580555270004546,FALSE,FALSE,"Suppressed"
"K01191",1522.19235467228,0.268460138425655,0.0734407588017568,3.65546520495964,0.000256716027421846,0.0011597859638858,FALSE,FALSE,"Enriched"
"K03582",1468.77486562951,-0.472274730324183,0.0836808132106759,-5.64376363235354,0.0000000166372448617957,0.000000182501000741173,FALSE,FALSE,"Suppressed"
"K15066",445.591697187017,-0.179373941325528,0.123191906037146,-1.45605297535896,0.145377975635413,0.253186828498111,FALSE,FALSE,"Suppressed"
"K21309",407.172107114971,-0.413651003930257,0.176919930514185,-2.33806899385534,0.0193836693587673,0.048912287719951,FALSE,FALSE,"Suppressed"
"K15358",114.105218922225,0.0886868572995332,0.229303134659441,0.386766877091541,0.698928800753314,0.800948002714902,FALSE,FALSE,"Enriched"
"K01356",2231.91845342428,0.104467394479098,0.0594347567447972,1.7576818716978,0.0788016540716251,0.155322660093609,FALSE,FALSE,"Enriched"
"K15461",155.750455798454,-0.40050479396289,0.213023524443042,-1.88009655276348,0.0600949202174032,0.124623909692602,FALSE,FALSE,"Suppressed"
"K18890",1101.545044673,-0.28072728244151,0.0841166314460285,-3.33735763802706,0.000845790384825905,0.00330671510067513,FALSE,FALSE,"Suppressed"
"K05784",22.1173499841493,-1.09122715776651,0.548229934123569,-1.99045526310235,0.0465408074290029,0.101666326830046,FALSE,FALSE,"Suppressed"
"K21029",772.917818275588,0.233252718486972,0.0945459413018175,2.4670833594259,0.0136218641999172,0.0362952161447335,FALSE,FALSE,"Enriched"
"K03087",363.330628331117,0.556880061131317,0.133374768607554,4.17530292232332,0.0000297589789747974,0.000169626180156345,TRUE,TRUE,"Enriched"
"K02769",11.5790195813933,0.407074510094113,0.835314520021311,0.487330820112797,0.62602391001927,0.743403393147883,FALSE,FALSE,"Enriched"
"K07641",388.460389014834,-0.623182179066125,0.146593102519134,-4.25110164364511,0.0000212721594489708,0.000125095844788474,TRUE,TRUE,"Suppressed"
"K06981",48.6526201708058,-0.202797881430492,0.335980022816796,-0.603601010947826,0.54610894053603,0.679461123690177,FALSE,FALSE,"Suppressed"
"K13777",169.881390715536,0.0976695083047652,0.191019802354937,0.511305671457474,0.609137034328538,0.729230263304726,FALSE,FALSE,"Enriched"
"K05875",21.8726385103511,-0.58537038864912,0.542385006613355,-1.07925252636345,0.280475169775769,0.419577645440867,FALSE,FALSE,"Suppressed"
"K09759",390.635301072544,1.53618319811328,0.146987901866309,10.4510859642755,0.000000000000000000000000144856936863799,0.00000000000000000000000761622808562338,TRUE,TRUE,"Enriched"
"K18893",542.910483052547,0.0864332396703328,0.105027496256461,0.822958203814325,0.410531762050655,0.553822874750486,FALSE,FALSE,"Enriched"
"K01428",1198.98915802471,0.0942904665852681,0.0832749429187814,1.1322789698845,0.257517168683253,0.394226207780914,FALSE,FALSE,"Enriched"
"K14998",384.642357866806,0.404060753255829,0.130402111210244,3.09857524165673,0.00194453586643614,0.00678245314232632,FALSE,FALSE,"Enriched"
"K05711",34.7167551115218,1.23734690569834,0.451104545621898,2.74292715005237,0.00608941933351884,0.0182682580005565,TRUE,TRUE,"Enriched"
"K00655",3773.05578976821,0.0816433133760367,0.0452284429523146,1.80513208164418,0.0710540158811228,0.142881121944928,FALSE,FALSE,"Enriched"
"K00609",3054.57638942116,-0.145328276154801,0.0540436776574294,-2.6890893154238,0.00716472465042392,0.0211201815577262,FALSE,FALSE,"Suppressed"
"K03380",163.710982629282,-0.241107549458431,0.189134098968219,-1.27479682814332,0.202381163679923,0.326886312840002,FALSE,FALSE,"Suppressed"
"K11031",73.4686449100425,1.13057423220942,0.305887273984129,3.69604860471601,0.000218981067241427,0.00100418460834997,TRUE,TRUE,"Enriched"
"K19304",9.40922542787296,0.0641850591449525,0.90598769706843,0.070845398179954,0.943520800049087,0.966252752475576,FALSE,FALSE,"Enriched"
"K01416",203.211418909632,1.65576077252632,0.185643393442677,8.91903957270417,0.000000000000000000470349294022086,0.0000000000000000162071205889305,TRUE,TRUE,"Enriched"
"K10714",40.0830964457957,-0.510423001986547,0.397248457378236,-1.28489612107053,0.198828586615899,0.32242902147577,FALSE,FALSE,"Suppressed"
"K20434",20.9700920971568,2.95450025901755,0.714228569565139,4.13663130392055,0.0000352441716747895,0.000197749956802706,TRUE,TRUE,"Enriched"
"K03787",1798.10728546991,-0.144594425840066,0.0622072241319382,-2.32439926162577,0.0201041051083428,0.0505003859373076,FALSE,FALSE,"Suppressed"
"K14393",2547.66856855761,-0.0126768786913106,0.0608089100926526,-0.208470743382759,0.834861424189745,0.901054110760795,FALSE,FALSE,"Suppressed"
"K22479",128.429805889468,-0.118271779998839,0.259489360485535,-0.455786625615551,0.648543422507942,0.761691957226254,FALSE,FALSE,"Suppressed"
"K19696",243.23998431563,-0.500981588741284,0.194876214486789,-2.57076826979952,0.0101473200401708,0.0283242585469116,TRUE,TRUE,"Suppressed"
"K17234",82.4063225804072,-1.12640067538004,0.270514634357548,-4.16391770469333,0.000031283290964696,0.000177485387529005,TRUE,TRUE,"Suppressed"
"K09991",217.25808579967,0.498314781368079,0.177765654457401,2.80321180651627,0.00505964289552925,0.0155852333433499,FALSE,FALSE,"Enriched"
"K05521",61.0998374517416,-0.472537902335629,0.333166512868274,-1.41832352317611,0.15609633201488,0.267812690861291,FALSE,FALSE,"Suppressed"
"K19336",7.62981663810063,0.534317223205787,0.885170651936344,0.603631878256411,0.546088413765977,0.679461123690177,FALSE,FALSE,"Enriched"
"K04083",1012.87825602252,0.027794015192654,0.107450278373922,0.258668619693399,0.795890933547716,0.874216156712982,FALSE,FALSE,"Enriched"
"K14449",202.865649045813,-0.110430082954408,0.183149269915087,-0.602951259404998,0.546541114255815,0.679582926778025,FALSE,FALSE,"Suppressed"
"K01714",4268.78023694999,0.0902444914284114,0.0431370312271081,2.0920422398401,0.0364347373145837,0.0831022673454173,FALSE,FALSE,"Enriched"
"K19955",13.568784071192,2.46122121214125,0.725981335256562,3.39019902112422,0.000698418994999778,0.00279138758224354,TRUE,TRUE,"Enriched"
"K11902",171.407227969182,-0.583923959305229,0.189070795391663,-3.08838791361523,0.00201245592786462,0.00698973160822685,TRUE,TRUE,"Suppressed"
"K15535",21.1273667638721,-0.0216573794832783,0.527468011553529,-0.0410591334619359,0.967248753883925,0.981192767573237,FALSE,FALSE,"Suppressed"
"K01469",2798.96869743546,0.0537340153046194,0.0577919952739424,0.929783009738847,0.35248344494136,0.500301729275624,FALSE,FALSE,"Enriched"
"K20420",267.072689658545,0.989935089536493,0.154685209390725,6.39967514305765,0.000000000155707879061035,0.00000000234484531948951,TRUE,TRUE,"Enriched"
"K10560",347.931901178536,0.356965127276502,0.145748891440986,2.44917902117312,0.0143182263424526,0.037902284054956,FALSE,FALSE,"Enriched"
"K10112",5254.85106549891,0.27370084436654,0.0507715949773401,5.39082619895427,0.0000000701344812651679,0.000000686597433766066,FALSE,FALSE,"Enriched"
"K03462",12.1088039019528,-0.758333807876996,0.7007801458961,-1.08212798595671,0.279195661927679,0.418381902235115,FALSE,FALSE,"Suppressed"
"K23546",19.3631730556738,-0.476720238651452,0.605487872416157,-0.787332431199874,0.431087289496455,0.574437705623526,FALSE,FALSE,"Suppressed"
"K03735",276.623183375764,0.0296872407985139,0.149007044641754,0.199233807165887,0.842079855197852,0.905470935615348,FALSE,FALSE,"Enriched"
"K22549",126.462137223894,0.103618953223165,0.212453157954184,0.487726114410175,0.625743851890791,0.743403393147883,FALSE,FALSE,"Enriched"
"K17994",22.9994072701717,-1.12730908357949,0.529649664110948,-2.12840517037192,0.0333035048376431,0.0771139240716725,TRUE,FALSE,"Suppressed"
"K15269",286.331169793405,0.827615072456427,0.183640038682724,4.5067245595951,0.00000658360054317307,0.000043503119948876,TRUE,TRUE,"Enriched"
"K08677",51.7345928503601,0.377918632163075,0.346873550841061,1.08949970744884,0.275933583790305,0.414409979693934,FALSE,FALSE,"Enriched"
"K04748",281.270032178307,-0.304979937478595,0.15965801764685,-1.91020746701982,0.0561065061272864,0.11803481432349,FALSE,FALSE,"Suppressed"
"K03136",5.10381050562709,-3.87539452226116,1.45218642900956,-2.66866185005207,0.00761540775941573,0.0222795378732704,TRUE,TRUE,"Suppressed"
"K02391",216.945667337439,-0.080155300142352,0.167366529671804,-0.478920727456869,0.631995024694789,0.747727964231527,FALSE,FALSE,"Suppressed"
"K04561",2541.29812404887,-0.215265066465744,0.0566909356269659,-3.79716905507113,0.000146357979924995,0.000710698502836421,FALSE,FALSE,"Suppressed"
"K07322",470.202189410344,-0.423740313333648,0.119209347405958,-3.55458965722405,0.000378569414733748,0.00163542960038715,FALSE,FALSE,"Suppressed"
"K07498",100.285818017015,0.293474001801259,0.26132655441784,1.12301638252964,0.261430536740788,0.398562712112798,FALSE,FALSE,"Enriched"
"K05549",34.3895647141045,-0.344619132131478,0.425643781256199,-0.809642116970219,0.418145894457824,0.561857636108894,FALSE,FALSE,"Suppressed"
"K15065",6.43929427024772,-0.111484544190568,1.02798081920759,-0.108450023684785,0.913638721931409,0.948254900686186,FALSE,FALSE,"Suppressed"
"K21783",3.93031046356517,0.516588251086566,3.77398598374982,0.136881338009975,0.891124590088539,0.93687130201502,FALSE,FALSE,"Enriched"
"K01466",1042.8852683766,-0.0428403571528768,0.0802010860181585,-0.53416180852186,0.593229589803921,0.716651921055436,FALSE,FALSE,"Suppressed"
"K08738",1991.34753451922,0.665631933987396,0.0678130948810565,9.81568434761616,0.0000000000000000000000963817726431603,0.00000000000000000000422901029748658,TRUE,TRUE,"Enriched"
"K22516",70.2538572367261,0.447240210607345,0.325365083448345,1.37457961336023,0.169261812544369,0.284937288078417,FALSE,FALSE,"Enriched"
"K16652",158.508372024291,-0.608832284509468,0.188123009934508,-3.23635202690742,0.00121067977945772,0.00449691594087248,TRUE,TRUE,"Suppressed"
"K06413",8.90788059476278,6.54088707352636,1.40274030591854,4.66293514624809,0.00000311731015022153,0.0000227421945050252,TRUE,TRUE,"Enriched"
"K18346",14.9908079029125,-0.168145188156407,0.624266661513636,-0.26934833865501,0.787661637250468,0.867950792207828,FALSE,FALSE,"Suppressed"
"K15270",15.2313120652465,1.56178859793968,0.672814469736697,2.3212767682462,0.020271911239693,0.0507755181317815,TRUE,FALSE,"Enriched"
"K01548",561.766822089893,0.480669395373912,0.107328784073081,4.47847610988138,0.000007517778192306,0.0000491962759601656,FALSE,FALSE,"Enriched"
"K01893",1694.98180197276,-0.403109023201668,0.0680635925693247,-5.92253520545642,0.00000000317015909886476,0.0000000381357008756926,FALSE,FALSE,"Suppressed"
"K04752",240.485806965285,-0.0995907406416929,0.172560941016089,-0.577133736379006,0.563849115903963,0.693749396388596,FALSE,FALSE,"Suppressed"
"K12285",50.1155531567909,-0.550614553734162,0.356202754584035,-1.54578971287619,0.1221553622688,0.221010250512434,FALSE,FALSE,"Suppressed"
"K01887",5191.47755954521,0.127609921507376,0.0408217508002777,3.12602764471601,0.00177184894759711,0.0062501484854799,FALSE,FALSE,"Enriched"
"K21199",9.02532806627247,-0.200166479406815,0.799278510958847,-0.250433955951959,0.802251772986707,0.878825173130594,FALSE,FALSE,"Suppressed"
"K01045",11.6506400093806,-0.542939020185206,0.703849510928425,-0.771385092630147,0.440478708512432,0.583509913817837,FALSE,FALSE,"Suppressed"
"K11602",10.129851664163,0.0846067557563864,0.781055424872126,0.108323626034911,0.913738982018809,0.948254900686186,FALSE,FALSE,"Enriched"
"K08980",9.50925185493944,0.0820055352461222,0.862329023195579,0.095097733046523,0.924237198683868,0.955410622842866,FALSE,FALSE,"Enriched"
"K02479",46.3987985501438,-0.679467254286298,0.356627095728129,-1.90525975851337,0.0567463136538098,0.119055991391326,FALSE,FALSE,"Suppressed"
"K00507",2148.78578722237,-0.246176474517564,0.0574279767138803,-4.28669942080797,0.0000181347406477231,0.000108011507041468,FALSE,FALSE,"Suppressed"
"K08680",127.758126464982,-0.227546166535493,0.265346429386387,-0.857543729010007,0.39114445843258,0.535105668157547,FALSE,FALSE,"Suppressed"
"K03546",1546.51059274481,-0.00921454325341715,0.0743188806441566,-0.123986572100527,0.90132590693325,0.941508034428288,FALSE,FALSE,"Suppressed"
"K00995",2307.16290390053,-0.0352094777776096,0.0555764878251534,-0.633531897308454,0.526386357835082,0.662490795797806,FALSE,FALSE,"Suppressed"
"K21025",697.679634926629,-0.500449056822598,0.142337569448806,-3.51593088711966,0.000438215041235458,0.00185989807689287,TRUE,TRUE,"Suppressed"
"K01079",1136.0199108532,-0.047297716719416,0.087338777637783,-0.541543149545465,0.588133264650103,0.713268001809699,FALSE,FALSE,"Suppressed"
"K02014",17663.4834536412,-0.0391699776645205,0.054415510462491,-0.719831116746036,0.47162898372536,0.61136347964739,FALSE,FALSE,"Suppressed"
"K09118",2858.70696693683,0.174292968170576,0.0641986567456951,2.71490054474175,0.00662956765183919,0.0197141555868197,FALSE,FALSE,"Enriched"
"K04835",17.2563006980934,2.16989638997104,0.689717634213271,3.14606482759592,0.00165483321327894,0.00589878887655654,TRUE,TRUE,"Enriched"
"K03702",6363.76659700445,-0.0159498392675922,0.039806717516038,-0.40068210249102,0.688654189389038,0.79250097612319,FALSE,FALSE,"Suppressed"
"K03550",1463.37832579861,-0.0794349686332383,0.078220007209176,-1.01553261713225,0.309852006668624,0.452643685909446,FALSE,FALSE,"Suppressed"
"K21784",7.9986026367236,-1.71671179761155,0.963996860672207,-1.78082716619477,0.0749406899800273,0.148929054476438,FALSE,FALSE,"Suppressed"
"K02804",271.639418822887,0.462270935815798,0.204502883757145,2.26046169776639,0.0237926110350437,0.0580212453829394,FALSE,FALSE,"Enriched"
"K00795",986.40768613074,0.14931212998785,0.0998025143596653,1.49607583482079,0.134633894350145,0.23856249902427,FALSE,FALSE,"Enriched"
"K13941",48.0498915511792,0.360130775294698,0.389783086734689,0.923926120837114,0.35552478221634,0.5027464982002,FALSE,FALSE,"Enriched"
"K22205",805.404969769579,0.166296638185835,0.0898648343923496,1.85051960881366,0.0642386944908569,0.131562054298098,FALSE,FALSE,"Enriched"
"K03455",4047.22054773175,0.090706102245524,0.0509739316156269,1.7794605864327,0.0751642811117646,0.149276115434924,FALSE,FALSE,"Enriched"
"K00480",607.496252642784,0.428752045837369,0.110808447644292,3.86930829690631,0.000109144559786045,0.000548330041297435,FALSE,FALSE,"Enriched"
"K00311",2453.31546699968,0.0670553085737825,0.071237779978572,0.941288577408679,0.346556994768373,0.494074593523213,FALSE,FALSE,"Enriched"
"K16081",14.7488152902106,0.501697311416146,0.673573367304529,0.744829495595725,0.456374801471238,0.598844645906429,FALSE,FALSE,"Enriched"
"K03732",563.590756470346,-0.288772658188318,0.119744181099425,-2.41157988252094,0.0158835719526794,0.0413584556231377,FALSE,FALSE,"Suppressed"
"K16422",799.650978704343,0.213553342201624,0.0960005514799139,2.22450120243638,0.0261147416969264,0.0628299051714217,FALSE,FALSE,"Enriched"
"K02672",279.284962750482,-0.606572753464719,0.153892422338777,-3.94153749902913,0.0000809609744624516,0.000419168916168499,TRUE,TRUE,"Suppressed"
"K13816",382.876987284313,-0.146020285504264,0.161630822587615,-0.903418563158716,0.366303791558535,0.51264039116923,FALSE,FALSE,"Suppressed"
"K11264",13.2400260872534,-0.257345927460469,0.65516185371072,-0.392797483557548,0.69446906342783,0.797358211190952,FALSE,FALSE,"Suppressed"
"K23670",11.5965605573328,-1.32300206825491,0.840333145927669,-1.57437806025658,0.115400072909831,0.21127441478426,FALSE,FALSE,"Suppressed"
"K03453",400.267129883949,-0.0211171835165691,0.146341105520919,-0.144301106933694,0.885262704250138,0.933313264169678,FALSE,FALSE,"Suppressed"
"K08900",56.9296538952175,-0.802001372324457,0.31627881126413,-2.53574170561395,0.0112209463350522,0.0309247861262917,TRUE,TRUE,"Suppressed"
"K02657",201.089865348963,-0.556314396847186,0.167798947539997,-3.31536284942776,0.000915242400740295,0.00353518898170681,TRUE,TRUE,"Suppressed"
"K18676",369.77217030269,0.832511217870958,0.130962168676821,6.35688326088558,0.000000000205888337629842,0.00000000304046724262568,TRUE,TRUE,"Enriched"
"K14661",5.82232057295746,2.15798040625473,1.12217635367373,1.9230314372514,0.0544761018645909,0.115124651861448,FALSE,FALSE,"Enriched"
"K09020",49.6613502921351,-0.131863751062973,0.373857392667678,-0.352711364411045,0.724304838692773,0.821103199105431,FALSE,FALSE,"Suppressed"
"K09975",227.818555669886,-0.275930566558342,0.200678250145084,-1.37498989730503,0.169134576807695,0.284880360107742,FALSE,FALSE,"Suppressed"
"K00436",141.4285915137,-0.851542408743557,0.213148723531506,-3.99506220180431,0.0000646772699820755,0.000340644792418548,TRUE,TRUE,"Suppressed"
"K03831",158.717193852394,-0.62819784054957,0.207402858677916,-3.02887744438047,0.00245464237849714,0.00833103164521652,TRUE,TRUE,"Suppressed"
"K01710",3869.52401408315,0.155108549381736,0.0482226727496494,3.2165066873624,0.00129761509395752,0.00479065039833349,FALSE,FALSE,"Enriched"
"K07442",555.960533890474,0.0280089290539204,0.115251920637629,0.243023534002398,0.807987166375974,0.882664110286058,FALSE,FALSE,"Enriched"
"K08244",38.9408230742082,-0.211150621387698,0.454931223245499,-0.464137457704793,0.642549266464464,0.756108040935128,FALSE,FALSE,"Suppressed"
"K07467",31.1829150579097,0.195042359210872,0.548127450355229,0.355833956289671,0.721964917804375,0.819516849746674,FALSE,FALSE,"Enriched"
"K16188",18.1559856635683,2.95066991202015,0.677222152354327,4.35701918751816,0.0000131845713829456,0.000081061190387687,TRUE,TRUE,"Enriched"
"K07713",1484.12536313736,-0.408887323109599,0.078924497601952,-5.18074027118655,0.000000221007046054339,0.00000201784726629553,FALSE,FALSE,"Suppressed"
"K02380",161.653739333666,-0.373246803413926,0.197112955166516,-1.89356809702648,0.0582823614627738,0.121484662529548,FALSE,FALSE,"Suppressed"
"K02690",21.3789424439845,-2.06417822201683,0.607505128239008,-3.39779555112616,0.000679311665698541,0.00272394598888587,TRUE,TRUE,"Suppressed"
"K03594",1026.76385942516,-0.048862566514857,0.0854488403789029,-0.571834167651515,0.567434327169949,0.697046889768284,FALSE,FALSE,"Suppressed"
"K00765",1767.76391457924,0.0110787165888359,0.0619570383100434,0.178812882136105,0.858084629829284,0.916544927821065,FALSE,FALSE,"Enriched"
"K02968",655.875676488262,0.0961715633367759,0.103336805807074,0.93066127393491,0.352028807858092,0.499772741882333,FALSE,FALSE,"Enriched"
"K00010",1136.90707785826,0.39505606447077,0.075749901099125,5.2152683863416,0.000000183551278221683,0.0000016936145928503,FALSE,FALSE,"Enriched"
"K18700",104.483853252928,-0.26156942702118,0.259259923553982,-1.0089080619771,0.313018728428485,0.456369936851192,FALSE,FALSE,"Suppressed"
"K07044",499.058683831182,0.595196330900778,0.128124830418005,4.6454409263135,0.00000339350871937385,0.000024522523316897,TRUE,TRUE,"Enriched"
"K01021",7.12015841027192,-1.42975194262903,0.954224471597088,-1.49833921177483,0.134045141237054,0.237726465950797,FALSE,FALSE,"Suppressed"
"K01807",682.202175347527,-0.255643660881027,0.102621019542192,-2.49114325721468,0.0127332767160002,0.0343477464355972,FALSE,FALSE,"Suppressed"
"K00030",1102.78530961293,-0.256820978696191,0.0823488294190149,-3.1186961673664,0.00181653174708629,0.00638192806767241,FALSE,FALSE,"Suppressed"
"K06396",7.08085787658641,6.207731775926,1.45730822400726,4.25972465787379,0.0000204678883740957,0.000120962840303885,TRUE,TRUE,"Enriched"
"K07277",4946.39621344505,-0.16007989714411,0.0552791474421758,-2.89584598444758,0.0037813793578296,0.0121574236707447,FALSE,FALSE,"Suppressed"
"K01699",109.400322773006,-0.308494496328301,0.249378273336833,-1.23705442419043,0.216066878251479,0.343891411914344,FALSE,FALSE,"Suppressed"
"K17061",3.96537028922892,5.36765016333194,1.7048248730668,3.14850530874536,0.00164107742503907,0.00585660106220789,TRUE,TRUE,"Enriched"
"K23514",760.562800022023,-0.146339458594133,0.10425158046586,-1.40371453305743,0.160403873031255,0.273651250802133,FALSE,FALSE,"Suppressed"
"K00239",7732.4611042259,0.103224308080393,0.0366339280686211,2.81772426606937,0.00483653249177377,0.0150292323029761,FALSE,FALSE,"Enriched"
"K22696",26.0165259929127,-0.638898921438669,0.506351657983541,-1.26176919017699,0.207031851621808,0.332474283957876,FALSE,FALSE,"Suppressed"
"K05548",114.710075087457,-0.788000295215367,0.292404904450138,-2.69489424842988,0.00704109741222258,0.0207858921186571,TRUE,TRUE,"Suppressed"
"K10539",20.5939264676241,0.988256481192011,0.551393612155339,1.79228859276955,0.0730867496129696,0.145958115877374,FALSE,FALSE,"Enriched"
"K05815",678.087236030366,0.18633709777847,0.0938129466020533,1.98626207285543,0.0470042316291138,0.102392610628982,FALSE,FALSE,"Enriched"
"K13979",775.056682143738,0.212418770313908,0.120182072851743,1.76747467632671,0.0771487663812722,0.152521985789102,FALSE,FALSE,"Enriched"
"K07216",58.0027284393614,-0.674706640841271,0.332746015177867,-2.02769262460021,0.0425916288637372,0.0947360847702162,TRUE,FALSE,"Suppressed"
"K06530",13.0207381015652,-1.24923796995461,0.686537307536535,-1.81962139018662,0.0688166819411663,0.139122805207273,FALSE,FALSE,"Suppressed"
"K08319",219.989333297796,-0.139014919938796,0.195545231199796,-0.710909282143318,0.477140453670523,0.617065230478482,FALSE,FALSE,"Suppressed"
"K06180",3066.69452788812,-0.102543461941418,0.0526684035447305,-1.94696355005955,0.0515391047424108,0.110177707614428,FALSE,FALSE,"Suppressed"
"K11745",380.904182261381,-0.377731538835727,0.124984818465516,-3.02221936610601,0.00250928631770828,0.00848435130017154,FALSE,FALSE,"Suppressed"
"K01601",523.67653117249,-0.434951525295807,0.121865780552811,-3.5691030190983,0.00035820555887028,0.00155827082992142,FALSE,FALSE,"Suppressed"
"K03887",114.392837239803,-0.307179480203635,0.239543339504244,-1.28235450352897,0.19971831642843,0.323369847163193,FALSE,FALSE,"Suppressed"
"K16066",38.3848529025124,-1.0521299188411,0.415912638450188,-2.52968970301467,0.0114163440402972,0.0313640911269245,TRUE,TRUE,"Suppressed"
"K01358",3169.30227400848,0.187964148032913,0.0536610976717839,3.50280102696722,0.000460393234754376,0.00194455563626519,FALSE,FALSE,"Enriched"
"K11275",9.63805075651593,-1.17867612289014,0.838128384357261,-1.40631930010822,0.159629331577949,0.272558592747456,FALSE,FALSE,"Suppressed"
"K06412",21.8248363708188,-0.719136021372173,0.540438193576616,-1.33065358799484,0.183303021084459,0.302643509906366,FALSE,FALSE,"Suppressed"
"K07275",308.63380264314,-0.191016044205943,0.172918672587021,-1.1046582844303,0.269307685564647,0.407671276807838,FALSE,FALSE,"Suppressed"
"K03688",3118.32014451926,0.101020952830953,0.0509036885220749,1.98455074207726,0.0471944773081804,0.102653037483093,FALSE,FALSE,"Enriched"
"K01744",1149.41284393966,-0.24640769420679,0.0739888704110238,-3.33033458732298,0.000867416842518419,0.00337611698948299,FALSE,FALSE,"Suppressed"
"K00956",604.784804765642,-0.642549353189728,0.119744685421969,-5.36599474895644,0.0000000805042836066581,0.000000784338060250811,TRUE,TRUE,"Suppressed"
"K10187",208.52510884958,1.25817746345635,0.187062994073151,6.72595597910903,0.00000000001744433011467,0.000000000298856655531944,TRUE,TRUE,"Enriched"
"K07798",1156.38942642407,-0.375071774593158,0.0792531809934425,-4.73257691226541,0.00000221687260683355,0.0000164886658891193,FALSE,FALSE,"Suppressed"
"K18820",45.7045194136498,-0.740027111469146,0.363608062117187,-2.0352329570477,0.0418274383887953,0.0934452552136494,TRUE,FALSE,"Suppressed"
"K10036",40.6404061575086,2.5269737548459,1.37401013481258,1.83912308273518,0.0658970846258371,0.134416829141465,FALSE,FALSE,"Enriched"
"K18475",21.62137874552,0.394388108896401,0.523346061484257,0.753589523111879,0.451095737275802,0.594090455980374,FALSE,FALSE,"Enriched"
"K04801",9.59731711321644,-1.46427721653369,0.826148300110887,-1.77241448821859,0.0763257785337573,0.151238116724297,FALSE,FALSE,"Suppressed"
"K21061",97.0492929016642,0.345791623914706,0.303620124929899,1.13889559855278,0.254746701647001,0.390671393850907,FALSE,FALSE,"Enriched"
"K18889",1013.15558389179,-0.190836541773828,0.0911028229791373,-2.09473796237389,0.0361942926056171,0.0826775245699096,FALSE,FALSE,"Suppressed"
"K00394",482.944038682169,-0.712674643970515,0.131176004732293,-5.43296501082616,0.0000000554252788178149,0.000000553254951734621,TRUE,TRUE,"Suppressed"
"K00198",125.123845438525,-0.0409882902598165,0.214582592941313,-0.191014050571318,0.84851458507358,0.909186657477823,FALSE,FALSE,"Suppressed"
"K09711",103.099303387225,-0.606125072616008,0.241911428240462,-2.50556609509789,0.0122255546272134,0.0332576528418263,TRUE,TRUE,"Suppressed"
"K12286",19.3242339781,-0.521965219124324,0.587206363232266,-0.888895713342028,0.374059129455878,0.519204968263859,FALSE,FALSE,"Suppressed"
"K15739",13.0541461085626,0.961103557829268,0.696610457461996,1.37968580220704,0.167683406228312,0.283337176055683,FALSE,FALSE,"Enriched"
"K02601",1717.45558808599,0.0791798784397566,0.067940071650894,1.16543707587795,0.243842116940654,0.377939789382731,FALSE,FALSE,"Enriched"
"K08315",37.749544792287,-0.240871418877327,0.435899671520669,-0.552584538632546,0.58054793161271,0.706175076766238,FALSE,FALSE,"Suppressed"
"K02075",586.169039406692,-0.28479696795022,0.103548684033933,-2.75036781594338,0.00595284033778047,0.0179113829403666,FALSE,FALSE,"Suppressed"
"K02906",2112.40627757723,0.0179249097527456,0.0564097488887526,0.317762622700127,0.750665005032085,0.840827523542826,FALSE,FALSE,"Enriched"
"K01886",2306.17127902239,-0.341171673628025,0.0612698870070879,-5.56834181183585,0.0000000257174954554257,0.000000271838829779274,FALSE,FALSE,"Suppressed"
"K22432",12.3108691146362,-0.487765175059782,0.688805319045383,-0.708132126122046,0.478863210926519,0.618089448754973,FALSE,FALSE,"Suppressed"
"K07459",35.0553913315007,1.31494504727739,0.465085096961484,2.82732139960676,0.00469391908003043,0.0146660924534353,TRUE,TRUE,"Enriched"
"K07091",1776.79136509246,0.116536010136814,0.0805989955760976,1.44587422341742,0.148212482963215,0.257168686655092,FALSE,FALSE,"Enriched"
"K24042",267.202973863016,0.165982683721784,0.154358705095009,1.07530497628637,0.28223820899763,0.421078971789762,FALSE,FALSE,"Enriched"
"K00122",228.608703264428,0.92036733154964,0.243334135439066,3.78231903176655,0.000155374046645468,0.00074557538197538,TRUE,TRUE,"Enriched"
"K07812",185.7552777947,-0.473127717186633,0.204867475954695,-2.3094330370491,0.0209195635319286,0.0520769052984622,FALSE,FALSE,"Suppressed"
"K04087",1081.19454691401,0.00210306856882684,0.0931983463929267,0.0225655137695281,0.981996852843999,0.988642919362091,FALSE,FALSE,"Enriched"
"K01081",2625.54755232924,-0.0274242425428114,0.0615374606424058,-0.445651189641602,0.655849227710843,0.767317176253296,FALSE,FALSE,"Suppressed"
"K12973",19.5511119336477,-0.603366586009597,0.542679947848776,-1.11182767743932,0.266212249226968,0.40398818313891,FALSE,FALSE,"Suppressed"
"K09922",314.863446919662,-0.571814536453213,0.143660483546313,-3.98031889032917,0.000068822882121024,0.000360920686204751,TRUE,TRUE,"Suppressed"
"K16880",25.6181734343055,0.467256430628985,0.514959508029705,0.907365381827326,0.364213609707038,0.511240231439177,FALSE,FALSE,"Enriched"
"K07394",91.2084734199588,-1.22221081802168,0.266474902706247,-4.58658885174264,0.0000045054670741948,0.0000311198682735154,TRUE,TRUE,"Suppressed"
"K13657",11.4406081441943,-0.427464114803241,0.712509786255092,-0.599941394559598,0.548545293736039,0.681102961420216,FALSE,FALSE,"Suppressed"
"K02848",9.04071172571012,-3.02412381898089,1.04703967841,-2.88826095260615,0.00387378349548259,0.0124217694736847,TRUE,TRUE,"Suppressed"
"K13252",12.253647838503,-0.99562441706584,0.767481887600796,-1.29726112518203,0.194541355385867,0.316993782126209,FALSE,FALSE,"Suppressed"
"K02055",2058.00439309882,-0.0425805894756394,0.0704065927260718,-0.604781282930506,0.545324331677531,0.679177679988005,FALSE,FALSE,"Suppressed"
"K03555",4518.24866538922,-0.125926186394148,0.0522158762008609,-2.41164556752323,0.0158807110382503,0.0413584556231377,FALSE,FALSE,"Suppressed"
"K11076",383.855999203697,0.108290717074268,0.149817187399528,0.722819050029826,0.469791061937961,0.610421272240145,FALSE,FALSE,"Enriched"
"K07734",721.100810329633,0.0734738667480256,0.111611623340822,0.658299418544095,0.510345751548894,0.647513779633181,FALSE,FALSE,"Enriched"
"K17228",100.090719168435,-0.134789046532212,0.243811445689599,-0.552841340778624,0.580372057446014,0.706168006314553,FALSE,FALSE,"Suppressed"
"K10194",7.23478789253618,-1.09333328007837,1.14818135433596,-0.952230478181463,0.34098010709759,0.487491250161322,FALSE,FALSE,"Suppressed"
"K06187",1542.17341094277,-0.00951785638578119,0.0638899231612933,-0.148972731767933,0.881575149732781,0.930712625622335,FALSE,FALSE,"Suppressed"
"K04113",564.732629970483,-0.457075254635778,0.106662623923696,-4.28524292598275,0.0000182539616622628,0.00010850966099234,FALSE,FALSE,"Suppressed"
"K01753",35.663834171775,2.12374059751689,0.480445163851572,4.42036002712892,0.00000985365948748866,0.0000627977734735562,TRUE,TRUE,"Enriched"
"K03885",4418.34691904831,0.322019490365027,0.0468783505895598,6.86925811841049,0.00000000000645366423927622,0.00000000011576734763337,FALSE,FALSE,"Enriched"
"K13041",9.83850230762919,-1.22418689841913,0.812731166623212,-1.50626301622646,0.131999668218768,0.234713112672381,FALSE,FALSE,"Suppressed"
"K02846",14.5452589873063,1.86882078849919,0.692117658384068,2.70014897880578,0.00693084323364283,0.0205100499184802,TRUE,TRUE,"Enriched"
"K21161",143.781803722978,1.45328462347013,0.206394624548781,7.04129105419918,0.00000000000190466673757095,0.0000000000365300705422807,TRUE,TRUE,"Enriched"
"K20486",162.178614894741,-0.306307137625024,0.195992048556441,-1.56285492131491,0.118086722672762,0.215181034233993,FALSE,FALSE,"Suppressed"
"K03199",615.481473494271,0.448379865307034,0.142370218575164,3.14939367091239,0.00163609634371213,0.00584909238001188,FALSE,FALSE,"Enriched"
"K00481",1110.55317002452,0.0201490881900371,0.0863782231189448,0.233265833244698,0.815554987945859,0.88759276793037,FALSE,FALSE,"Enriched"
"K05569",248.597440753352,1.03165512642089,0.154758149127208,6.6662410492703,0.0000000000262438097684775,0.000000000440939382308387,TRUE,TRUE,"Enriched"
"K07278",1912.50128194913,-0.00856829245515508,0.0787041612582607,-0.108867082987378,0.913307915394544,0.948195907619148,FALSE,FALSE,"Suppressed"
"K01267",207.607780891526,-0.185590343059069,0.198639717815149,-0.934306316482872,0.3501459069961,0.497562881353498,FALSE,FALSE,"Suppressed"
"K10242",815.735646584062,2.09630258501469,0.0959478947822333,21.8483437262749,0.000000000000000000000000000000000000000000000000000000000000000000000000000000000000000000000000000000000806035466560351,0.000000000000000000000000000000000000000000000000000000000000000000000000000000000000000000000000000000819335051758597,TRUE,TRUE,"Enriched"
"K01854",972.137833052765,-0.0266275693123626,0.0956298783579518,-0.278444036211079,0.780671519485455,0.862566314221867,FALSE,FALSE,"Suppressed"
"K05499",178.996079949264,-0.0205169648619392,0.175054378791807,-0.117203379907109,0.906698888602515,0.944968646887686,FALSE,FALSE,"Suppressed"
"K12369",220.95050313975,-0.152293654449349,0.173470246661036,-0.877923778749984,0.37998508393698,0.525432006971575,FALSE,FALSE,"Suppressed"
"K13310",14.8275906575569,0.351067145713864,0.611153823994654,0.574433361832217,0.565674582422498,0.695714716312727,FALSE,FALSE,"Enriched"
"K00441",145.628908833954,-0.348302680201147,0.210197432845558,-1.65702632751496,0.09751415241345,0.185219188903654,FALSE,FALSE,"Suppressed"
"K17884",32.2091710260335,0.275976862401639,0.42362712531862,0.651461735822678,0.514748469825798,0.651473525102208,FALSE,FALSE,"Enriched"
"K00021",296.036063901878,-0.178409656458503,0.140629616270136,-1.26864924466405,0.204566192357309,0.329629909428594,FALSE,FALSE,"Suppressed"
"K01303",16.0720556644278,-0.89759219060974,0.666125452233325,-1.3474822011385,0.177824982065499,0.296083692497264,FALSE,FALSE,"Suppressed"
"K03500",3383.60670369958,0.155140019012978,0.0506159078887175,3.06504467635084,0.00217637484060082,0.00746127632111294,FALSE,FALSE,"Enriched"
"K14470",133.786160784093,0.316219414858058,0.202439251404005,1.5620459602816,0.118277162017984,0.215399346416149,FALSE,FALSE,"Enriched"
"K01969",2938.70999469282,-0.225214592150919,0.0506919325379367,-4.4428093559537,0.00000887918353775883,0.0000574275083741157,FALSE,FALSE,"Suppressed"
"K10441",2547.34960123726,0.305846830667182,0.0766782583383781,3.98870341208706,0.0000664354214930448,0.00034900054753323,FALSE,FALSE,"Enriched"
"K15058",10.1751271115228,-0.882992972591672,0.75854092031675,-1.16406768434187,0.244396583450344,0.37860674687926,FALSE,FALSE,"Suppressed"
"K00404",1784.28189082792,-0.0627152476924656,0.0675079343899645,-0.929005579258084,0.352886194929597,0.50063052131274,FALSE,FALSE,"Suppressed"
"K22214",9.97462673202325,-0.693142580855715,0.79100033598086,-0.876286076410071,0.380874532448617,0.525718904887569,FALSE,FALSE,"Suppressed"
"K06152",173.229938503962,-0.275508629891116,0.188019350808004,-1.46532061039,0.142833465940824,0.250112348197843,FALSE,FALSE,"Suppressed"
"K23779",24.7576718026853,-0.649737692363966,0.484585791937473,-1.34081044713709,0.179982003419697,0.298371905098323,FALSE,FALSE,"Suppressed"
"K05817",43.3486131694307,-0.268866831182569,0.37808934340523,-0.71111983416682,0.477009980115777,0.617027331649231,FALSE,FALSE,"Suppressed"
"K06140",487.933994487511,0.194925917057176,0.125824460074368,1.54918937813813,0.121336202104389,0.219788980289478,FALSE,FALSE,"Enriched"
"K05716",108.169795558142,0.16872308601284,0.238292800015322,0.708049450096652,0.478914549481378,0.618089448754973,FALSE,FALSE,"Enriched"
"K18298",111.053594146499,-0.181800232263125,0.236833471188213,-0.767628964567457,0.442707649391043,0.585565891290479,FALSE,FALSE,"Suppressed"
"K04566",1296.68520781014,0.459751943430609,0.0763403230043992,6.02239976642639,0.00000000171849795235877,0.000000021610554662755,FALSE,FALSE,"Enriched"
"K13658",7.69049071104301,-0.716550044060627,0.878956049312278,-0.815228525500539,0.414941512518148,0.558413125518134,FALSE,FALSE,"Suppressed"
"K02823",585.655716768544,-0.386639894035631,0.120432518804964,-3.21042769737119,0.00132537606599263,0.00487249465128935,FALSE,FALSE,"Suppressed"
"K05303",46.547563590545,0.712717670212797,0.352464658186143,2.02209683626322,0.0431663488079481,0.0955960644080159,TRUE,FALSE,"Enriched"
"K08162",21.5832509305464,1.55184029764301,0.54525332422267,2.84609048437322,0.00442596164406319,0.0139359525385345,TRUE,TRUE,"Enriched"
"K09729",49.6459570229309,0.121300965389515,0.396885072559825,0.305632470899319,0.759884494549733,0.846799841450543,FALSE,FALSE,"Enriched"
"K14742",870.297782386777,-0.175402583394491,0.0856646705914397,-2.04754868236216,0.0406042420882972,0.0909123614157579,FALSE,FALSE,"Suppressed"
"K03680",7.40820275804697,-0.127627018177747,0.953084929777303,-0.133909386446356,0.893474227828761,0.937551090306633,FALSE,FALSE,"Suppressed"
"K02065",3511.22604889341,-0.127127777734398,0.0521957924512914,-2.43559436046559,0.0148673463432077,0.0391845651287627,FALSE,FALSE,"Suppressed"
"K17744",11.9005074534089,0.380118139034008,0.682593119385423,0.556873675164276,0.57761374182374,0.704010034249199,FALSE,FALSE,"Enriched"
"K00975",2449.69987611763,-0.178039804215599,0.0631565446641013,-2.81902382662803,0.00481699423444394,0.0149815644242089,FALSE,FALSE,"Suppressed"
"K18546",404.095877886301,0.861614679768771,0.123362295391351,6.98442483609284,0.00000000000286025323789149,0.0000000000541760388133547,TRUE,TRUE,"Enriched"
"K11387",15.2125946540783,-0.136312943803103,0.680580253148731,-0.200289301919128,0.841254328866878,0.905224091700616,FALSE,FALSE,"Suppressed"
"K10798",36.9107297140075,1.5620800604085,0.439634673425685,3.55313207722354,0.000380673285669454,0.00164311844960934,TRUE,TRUE,"Enriched"
"K18622",8.99061242125005,-0.284205612144351,0.852960144177941,-0.333199170071728,0.738983944556934,0.83232928492202,FALSE,FALSE,"Suppressed"
"K07027",2485.54036037324,-0.137689021414378,0.0541697529492286,-2.5418063387409,0.011028125864073,0.0304854806176344,FALSE,FALSE,"Suppressed"
"K22042",78.7961266192411,-0.509011974318693,0.27783080511556,-1.83209336382615,0.0669375119027726,0.136083961698337,FALSE,FALSE,"Suppressed"
"K16303",17.0332029662571,-0.752212941243435,0.619721087591989,-1.21379271466501,0.224826889033531,0.354944309581772,FALSE,FALSE,"Suppressed"
"K02656",379.477013377484,-0.385256977658399,0.136606066338754,-2.82020402156259,0.00479931249189452,0.0149418105605231,FALSE,FALSE,"Suppressed"
"K02362",10.8670072232744,2.75866416656036,0.899880060089432,3.06559094807168,0.002172402964248,0.00745190420638276,TRUE,TRUE,"Enriched"
"K08986",10.4733210673438,6.77098252362994,1.4558931080494,4.65074151817485,0.000003307436577137,0.0000239857974838984,TRUE,TRUE,"Enriched"
"K15923",1619.92915471439,-0.286409535464128,0.0646109697300407,-4.43283140093412,0.00000930035922634195,0.0000597083062331153,FALSE,FALSE,"Suppressed"
"K10543",1373.05058800809,0.415294295275708,0.0751602119534145,5.52545401991567,0.0000000328634639527174,0.000000340295868671687,FALSE,FALSE,"Enriched"
"K00464",63.8158027186264,1.30949662022663,0.311779305454878,4.20007549351651,0.0000266825998036707,0.000154366551138108,TRUE,TRUE,"Enriched"
"K04101",604.860854528316,-0.331978694253406,0.105651936800293,-3.14219222389574,0.00167687906507569,0.00597039428949014,FALSE,FALSE,"Suppressed"
"K02822",14.0541117960232,1.28531332036935,0.675678483536291,1.90225580906827,0.0571377198821963,0.119712453988841,FALSE,FALSE,"Enriched"
"K01114",1370.88718921799,-0.0386476936874589,0.0910426421854245,-0.424501011391409,0.671200467880496,0.780337715135941,FALSE,FALSE,"Suppressed"
"K15583",1501.10783888906,0.512957867083633,0.0738758619583641,6.94351109395829,0.00000000000382472558181391,0.0000000000700510550254745,TRUE,TRUE,"Enriched"
"K00407",28.4577464189349,0.854801531777579,0.457489016932783,1.868463504345,0.0616974925610004,0.127211969955896,FALSE,FALSE,"Enriched"
"K13985",40.1662606262076,-0.845313433655617,0.456964657040415,-1.84984422893969,0.0643360040701803,0.131672915712762,FALSE,FALSE,"Suppressed"
"K04109",172.859386597087,0.132169277209431,0.208445771358831,0.634070321253516,0.526034930497511,0.662185147802749,FALSE,FALSE,"Enriched"
"K02398",45.5622933713307,-0.510713024691025,0.378601819205681,-1.34894498331391,0.17735463809645,0.295381195453372,FALSE,FALSE,"Suppressed"
"K02077",904.196713585937,-0.247969142779341,0.0870075763800306,-2.84997184263891,0.00437230996330327,0.0138097972377973,FALSE,FALSE,"Suppressed"
"K06918",161.533435784349,0.457784768916749,0.194140583924447,2.35800655207107,0.0183733686623156,0.0467887997793165,FALSE,FALSE,"Enriched"
"K16092",2088.35264793603,0.0100856085929624,0.0730691932765326,0.138028191371884,0.890218137296661,0.936433325176326,FALSE,FALSE,"Enriched"
"K16843",111.723749660251,-0.0314593161931062,0.240242917981671,-0.130947944095095,0.89581648728511,0.938787403894756,FALSE,FALSE,"Suppressed"
"K02493",2571.2377398201,0.132551307397617,0.0537588220858256,2.4656661410103,0.0136758736069525,0.0363755574046243,FALSE,FALSE,"Enriched"
"K03828",190.423241340292,-0.275123360047832,0.190531119003499,-1.44398123249767,0.14874425457431,0.257944614344247,FALSE,FALSE,"Suppressed"
"K09019",414.973094673745,0.306213075281312,0.136584298136156,2.2419346840005,0.0249655940014971,0.0604946991716848,FALSE,FALSE,"Enriched"
"K12234",808.544389780372,0.371331390334272,0.0944677392206085,3.9307746051497,0.0000846726229440388,0.000435428606522507,FALSE,FALSE,"Enriched"
"K12340",2106.02797910772,0.0628061383957778,0.088540190246925,0.709351744339165,0.478106225347489,0.61752856170994,FALSE,FALSE,"Enriched"
"K03092",2821.49079579419,-0.0603438041943281,0.0598269711639704,-1.00863879652107,0.313147893918438,0.456369936851192,FALSE,FALSE,"Suppressed"
"K04477",793.068542226335,0.0556309611718456,0.104671947178354,0.531479184934373,0.595086761724787,0.718415312699817,FALSE,FALSE,"Enriched"
"K10711",8.79875550161808,6.52508164786091,1.41311620978544,4.6175124187781,0.00000388367446679148,0.0000274467329930026,TRUE,TRUE,"Enriched"
"K08096",5.71646975193258,-1.82606901614132,1.10957071763155,-1.64574369810262,0.0998165382380786,0.188593886838303,FALSE,FALSE,"Suppressed"
"K01758",1609.55497445802,0.158034550425025,0.0726524113658004,2.17521411132977,0.0296140752012226,0.0698708876797897,FALSE,FALSE,"Enriched"
"K13893",679.170728972772,0.215469972418084,0.118995312119313,1.81074336947021,0.0701805860941416,0.141311123997415,FALSE,FALSE,"Enriched"
"K23535",2096.77927983878,0.132924583556569,0.0627086794624344,2.11971587818553,0.0340300131342297,0.0785278282654813,FALSE,FALSE,"Enriched"
"K07697",46.4507984740906,5.45705176047887,0.680684664416453,8.0170041221028,0.00000000000000108355486626582,0.0000000000000293715605749121,TRUE,TRUE,"Enriched"
"K05571",149.456378738005,0.923598644175216,0.196307337798329,4.70486052398127,0.00000254039569651958,0.0000187577159238171,TRUE,TRUE,"Enriched"
"K11537",314.702626162932,-0.328608231504861,0.196619406056617,-1.67129093763124,0.0946642255715797,0.18098969020723,FALSE,FALSE,"Suppressed"
"K10806",306.293482904439,0.363662441134543,0.166896378102287,2.17897143886287,0.0293337900190265,0.069397511763399,FALSE,FALSE,"Enriched"
"K06598",180.119955888285,-0.420466043839983,0.216236649840844,-1.94447168946363,0.0518385961649528,0.110662792443139,FALSE,FALSE,"Suppressed"
"K16171",635.963108489204,-0.120330852696634,0.109740036425434,-1.09650822631534,0.272856425309464,0.411206162086094,FALSE,FALSE,"Suppressed"
"K21327",5.79239300740529,5.91817862208786,1.54067949779863,3.84127823505404,0.000122395283825794,0.000605916263030451,TRUE,TRUE,"Enriched"
"K17830",50.953529241977,0.39842801372161,0.352001609971521,1.1318925892238,0.257679594696356,0.394375871531513,FALSE,FALSE,"Enriched"
"K01989",3329.81710810571,-0.342300219087829,0.0509476236527608,-6.71866898877982,0.0000000000183391975375358,0.000000000312432306652042,FALSE,FALSE,"Suppressed"
"K04082",162.621955892085,-0.602382497850074,0.202031404312341,-2.98162802907012,0.00286720132790415,0.00955577098299859,TRUE,TRUE,"Suppressed"
"K03767",935.796961880079,0.171888305142119,0.0865203520358343,1.98668060285894,0.0469578026849616,0.102357268969114,FALSE,FALSE,"Enriched"
"K00411",757.019273928176,0.156380542843175,0.115180949447509,1.35769451105664,0.17456063922439,0.291683654419057,FALSE,FALSE,"Enriched"
"K04771",5389.26683068093,-0.184573450919944,0.0408764989945901,-4.51539284086858,0.00000631994987020556,0.000041988425118065,FALSE,FALSE,"Suppressed"
"K07173",88.8947549653191,-0.458795622251732,0.288595892077162,-1.58975104929443,0.11189093172948,0.206544428758505,FALSE,FALSE,"Suppressed"
"K01745",3384.92577313274,0.0423906124522459,0.046646693271039,0.908759216991796,0.363477238461508,0.510559115010764,FALSE,FALSE,"Enriched"
"K03821",3205.83778591597,-0.0282832742376969,0.066157670104692,-0.427513154452684,0.669005605985645,0.778082606961566,FALSE,FALSE,"Suppressed"
"K09701",337.46376547428,-0.313336368181103,0.150154601618202,-2.08675834642633,0.0369099841221883,0.0839664278855751,FALSE,FALSE,"Suppressed"
"K11956",24.4680870563095,-0.572861953322886,0.518963303929535,-1.10385830555886,0.269654607844949,0.407993910505171,FALSE,FALSE,"Suppressed"
"K01262",4318.13344579798,0.0437071673485538,0.044149853953548,0.989973090161068,0.322187272206824,0.466539619214044,FALSE,FALSE,"Enriched"
"K17898",18.3402623013858,0.648192449128256,0.586346733432063,1.10547635412615,0.268953234853307,0.407295368139428,FALSE,FALSE,"Enriched"
"K11785",690.490429979012,0.384032344122278,0.0958543869512197,4.00641385686095,0.0000616475940601454,0.000327031132256898,FALSE,FALSE,"Enriched"
"K01463",386.660601080268,-0.386524094535994,0.132192764967042,-2.92394288471355,0.00345628158311803,0.0112365998802968,FALSE,FALSE,"Suppressed"
"K07661",38.9645205366112,-0.664341076250497,0.386971422076254,-1.7167703823865,0.0860211345010339,0.167457037766296,FALSE,FALSE,"Suppressed"
"K22745",59.7442051861161,1.030175305077,0.323700685367892,3.18249343187575,0.00146012827499654,0.00531343815584958,TRUE,TRUE,"Enriched"
"K23778",21.7261692887314,2.05858918707525,0.570521527624356,3.60825856238448,0.000308259196848277,0.00136533975423213,TRUE,TRUE,"Enriched"
"K17865",169.291231157016,-0.184764857373615,0.189942881803943,-0.972739044595143,0.330683014619614,0.476230391066122,FALSE,FALSE,"Suppressed"
"K12555",60.1133868119477,2.18844942952894,0.343322343109154,6.37432859658994,0.000000000183766207243831,0.00000000273363438531738,TRUE,TRUE,"Enriched"
"K01818",87.248950022211,-0.462666545970553,0.279845459016219,-1.65329302679068,0.0982712414870829,0.186335317462766,FALSE,FALSE,"Suppressed"
"K01032",221.738740837355,-0.0106543233207211,0.170683336600385,-0.0624215786551306,0.950227111184723,0.969748946916617,FALSE,FALSE,"Suppressed"
"K03600",246.884431720033,-0.426402408240962,0.179402687116545,-2.37678941767444,0.0174640550421534,0.0448476933482499,FALSE,FALSE,"Suppressed"
"K02965",650.746727786923,-0.117635723787574,0.102554005584643,-1.14706123000221,0.251356315812514,0.386833754766723,FALSE,FALSE,"Suppressed"
"K00039",23.6533045249011,1.16253925935228,0.507390619284878,2.29121157381817,0.0219511798964747,0.0541148933664509,TRUE,FALSE,"Enriched"
"K18824",29.9340375415664,0.416135038828686,0.449519160678161,0.925733706658665,0.35458438639169,0.501998647308012,FALSE,FALSE,"Enriched"
"K18301",12.035402411146,-2.71172240596813,0.774452393012464,-3.50147075589769,0.000462697748249308,0.00195158614562416,TRUE,TRUE,"Suppressed"
"K15062",6.99180813239774,-1.68971176211397,1.05473179173029,-1.6020298007155,0.10914901974373,0.202401906785348,FALSE,FALSE,"Suppressed"
"K09160",210.732884575711,0.699745467132748,0.170444157123452,4.1054236117107,0.0000403574632976455,0.000222348842504372,TRUE,TRUE,"Enriched"
"K11004",238.8760783999,-0.572040487078235,0.192752380000105,-2.96774798359389,0.00299990183907665,0.00992751020972788,TRUE,TRUE,"Suppressed"
"K01597",171.340988076788,-0.113554888597065,0.193325810727046,-0.587375726862418,0.556951392222124,0.688177986459225,FALSE,FALSE,"Suppressed"
"K15064",70.7698672743075,-0.47794033756257,0.317682826252218,-1.50445758494706,0.132463586667716,0.235332191985552,FALSE,FALSE,"Suppressed"
"K02485",17.18634205727,-0.644375382721014,0.597906770446226,-1.07771882603053,0.281159254379191,0.420239188690932,FALSE,FALSE,"Suppressed"
"K04651",198.554203777326,0.0244107474638586,0.182316942579274,0.133891821124877,0.893488117848104,0.937551090306633,FALSE,FALSE,"Enriched"
"K10193",11.533158789114,-0.0107501701222033,0.763450547247128,-0.0140810300823892,0.988765334757927,0.993489254808665,FALSE,FALSE,"Suppressed"
"K21600",439.30810638996,0.426109977609276,0.127721579784797,3.33624105125574,0.000849194979949615,0.00331637430791334,FALSE,FALSE,"Enriched"
"K09703",183.792043327893,-0.565849265642055,0.201367852771963,-2.81002780658761,0.00495372198703434,0.0153208673422528,TRUE,TRUE,"Suppressed"
"K04033",93.3066771983571,-0.786871199172376,0.265848204744646,-2.95985146835272,0.00307787395665696,0.0101470017630545,TRUE,TRUE,"Suppressed"
"K17950",88.5635162643064,0.0937164846699467,0.290496383888376,0.32260809382728,0.746992063244291,0.83825291512915,FALSE,FALSE,"Enriched"
"K00584",11.7424985204534,-0.496778309216228,0.711697121111844,-0.698019276009069,0.485165139286104,0.623214444925432,FALSE,FALSE,"Suppressed"
"K04079",1932.20094202616,0.392745759611603,0.0703827967362267,5.58013858249332,0.0000000240327027980784,0.000000254913833679096,FALSE,FALSE,"Enriched"
"K02509",82.472088356833,-0.138604319288726,0.277959101147026,-0.498650048574634,0.618025940211128,0.737082096579389,FALSE,FALSE,"Suppressed"
"K13052",6.06939661738464,5.98664680632282,1.49329933475716,4.00900654475706,0.0000609747268281345,0.00032394151474285,TRUE,TRUE,"Enriched"
"K17838",28.8829262883319,0.0570017475633109,0.460680142390177,0.123733893255231,0.901525974923955,0.941508034428288,FALSE,FALSE,"Enriched"
"K14048",72.4058149016156,-0.602097848843898,0.304461379497391,-1.97758365884648,0.0479756942435568,0.10405539089312,FALSE,FALSE,"Suppressed"
"K16139",9.2621200474183,-2.27206745354564,0.932083461270939,-2.43762232455833,0.014784211239099,0.0390003911536612,TRUE,TRUE,"Suppressed"
"K10253",148.044775099869,0.827682027780034,0.215717406434259,3.83688104479541,0.000124606791554474,0.000615365847522864,TRUE,TRUE,"Enriched"
"K00606",2275.11105035237,-0.0613748919211475,0.0561912696007863,-1.09224960313566,0.274723405217759,0.41310109675126,FALSE,FALSE,"Suppressed"
"K11895",155.231386359339,-0.675837349037074,0.195535479439441,-3.45634127870071,0.000547561575175612,0.00225952506562656,TRUE,TRUE,"Suppressed"
"K07696",23.2166482746218,0.672281366869368,0.497199048206129,1.35213727639851,0.176331404485745,0.293998150890804,FALSE,FALSE,"Enriched"
"K00616",2823.28686708808,0.0379229641190455,0.0553799385916472,0.684778009572682,0.49348401396495,0.630976729805499,FALSE,FALSE,"Enriched"
"K12993",277.081166978284,0.0872393889333537,0.172258013193458,0.506446041702441,0.612543559813166,0.731812570284133,FALSE,FALSE,"Enriched"
"K19551",62.8227813036116,-0.944592322656556,0.307850119618604,-3.06835132572569,0.00215243402318813,0.00739588456756306,TRUE,TRUE,"Suppressed"
"K19956",4.45495785689332,-2.53326608782209,1.31822854712698,-1.92171994252683,0.0546410065216458,0.11539317824637,FALSE,FALSE,"Suppressed"
"K05827",154.835532192338,-0.431027575548617,0.216787556021136,-1.98824869591036,0.0467841917783279,0.102088295404659,FALSE,FALSE,"Suppressed"
"K15783",55.9516993005528,0.541237018022125,0.371562192053363,1.45665255937664,0.14521231139639,0.253029479754162,FALSE,FALSE,"Enriched"
"K00625",697.789158022066,-0.206669380941413,0.105720006816401,-1.95487483556756,0.0505978454221191,0.108431573868413,FALSE,FALSE,"Suppressed"
"K23977",81.6579318187848,-0.281963354121871,0.295310585059382,-0.954802734433557,0.339677464334089,0.485998412445188,FALSE,FALSE,"Suppressed"
"K02056",308.80891321672,0.39360627830525,0.13572057817304,2.90012232193273,0.00373017060849126,0.0120244770302263,FALSE,FALSE,"Enriched"
"K15784",39.0162297851668,0.8103432099354,0.431737577036389,1.87693463121256,0.0605270536851417,0.125264506422015,FALSE,FALSE,"Enriched"
"K02760",5.74394198720296,1.28954332904306,1.1723342368772,1.09997924523477,0.271341164937571,0.409529761186401,FALSE,FALSE,"Enriched"
"K13799",30.9590471192029,-1.5374663088273,0.450224298945637,-3.4148896726095,0.000638078511125644,0.00257895350520563,TRUE,TRUE,"Suppressed"
"K22622",335.704753976969,-0.479307962256382,0.145315493202511,-3.2983954545605,0.000972390823584877,0.00372058446238655,FALSE,FALSE,"Suppressed"
"K11410",258.764901174093,1.23357115665671,0.158581989526307,7.77875949432502,0.00000000000000732391454765196,0.000000000000184875418160361,TRUE,TRUE,"Enriched"
"K08225",27.2782253664779,1.56063974153167,0.498096060077133,3.13321037169015,0.00172905467073614,0.00611333590540273,TRUE,TRUE,"Enriched"
"K00883",425.130376361908,0.157245656593617,0.131626397308567,1.19463618095534,0.232229206741904,0.364104352678373,FALSE,FALSE,"Enriched"
"K02126",16.0801997784902,-1.7298807217166,0.694054967318143,-2.49242610913215,0.0126873726136046,0.0342528121240858,TRUE,TRUE,"Suppressed"
"K05886",396.880732807823,0.23951294063352,0.163699073829598,1.46312947917373,0.143431952825963,0.250728426565076,FALSE,FALSE,"Enriched"
"K03568",4047.96372308803,0.0191690947330262,0.046155036697431,0.415319672665176,0.677907901664773,0.784867883651663,FALSE,FALSE,"Enriched"
"K15466",14.8197010988004,2.96197442505256,0.812964377609678,3.64342461567814,0.000269034471303287,0.00121016024764174,TRUE,TRUE,"Enriched"
"K23993",17.8875514199003,0.656414234085979,0.560982215145344,1.17011594372187,0.241954313112664,0.375682117024984,FALSE,FALSE,"Enriched"
"K07013",8.74363285858736,1.94565017463753,1.1475274684996,1.69551512102929,0.0899777442377823,0.17322419889717,FALSE,FALSE,"Enriched"
"K07714",991.963886765114,-0.594848337487982,0.0833047358795434,-7.14063049606349,0.000000000000929037835663814,0.0000000000187622574824954,TRUE,TRUE,"Suppressed"
"K16426",98.5891761544064,2.48239172866846,0.273236043386767,9.0851547178738,0.0000000000000000001035513004216,0.000000000000000003759282031377,TRUE,TRUE,"Enriched"
"K03984",26.7400204198666,-0.401890638897449,0.51776131669606,-0.776208314406327,0.43762599767764,0.580722178578945,FALSE,FALSE,"Suppressed"
"K15830",26.7730712377632,-0.175102027089543,0.488949773839535,-0.358118638064874,0.720254531648816,0.81813452905519,FALSE,FALSE,"Suppressed"
"K01993",1872.28014797569,-0.21405090247885,0.0669946833140344,-3.19504312716125,0.00139809946808438,0.00511825249450577,FALSE,FALSE,"Suppressed"
"K06301",6.63945426390128,6.11780698130398,1.49555144745132,4.09066969359682,0.0000430129359690722,0.000235701614083891,TRUE,TRUE,"Enriched"
"K03432",567.24753565714,-0.000647428030492356,0.112837174930791,-0.00573771924801783,0.995421987516913,0.99713160489675,FALSE,FALSE,"Suppressed"
"K01214",6087.62181886864,-0.206498431991916,0.0418360434402317,-4.93589773342038,0.000000797829079546069,0.00000648794607486863,FALSE,FALSE,"Suppressed"
"K18209",24.9015847070923,0.242816228221804,0.468692185998125,0.518071850728007,0.604408139373283,0.725789573151733,FALSE,FALSE,"Enriched"
"K20261",44.5866173698527,1.06443243809903,0.391156824865965,2.72124214747823,0.00650371016083765,0.0194061292910709,TRUE,TRUE,"Enriched"
"K21298",24.3370161096791,0.311728053076667,0.512789006549656,0.607907051623737,0.543249122410654,0.677423103165524,FALSE,FALSE,"Enriched"
"K02313",4184.99343991726,0.0649841376127428,0.0457286342766946,1.42108196845629,0.155292931372257,0.267204718832027,FALSE,FALSE,"Enriched"
"K09780",574.19752854194,0.520264693907892,0.107814646196768,4.82554747671645,0.00000139619199002509,0.0000108338103653473,TRUE,TRUE,"Enriched"
"K04757",700.546233438271,0.0809335171654023,0.0938041668959253,0.862792345410382,0.388251648508695,0.532601620390133,FALSE,FALSE,"Enriched"
"K03775",431.049398389691,-0.555764791380492,0.125505096980897,-4.42822486695568,0.0000095011817658204,0.0000608694407455238,TRUE,TRUE,"Suppressed"
"K13821",3726.53433715718,0.0765669115884211,0.0742623542392723,1.03103264598539,0.302525510916891,0.443741629039198,FALSE,FALSE,"Enriched"
"K02399",35.8066310362324,-1.04102833416249,0.432813650319213,-2.40525762853066,0.0161610681580938,0.041905970385887,TRUE,TRUE,"Suppressed"
"K01000",3309.47415821718,0.0916767681030837,0.0490922544582332,1.86743854228737,0.0618403717037769,0.127463476519545,FALSE,FALSE,"Enriched"
"K18242",53.7936027850075,0.334583856128818,0.360208909264361,0.928860579301396,0.352961344752383,0.50063052131274,FALSE,FALSE,"Enriched"
"K08976",165.315513860627,-0.52036516585974,0.196324495034142,-2.65053612270464,0.00803641330666375,0.0232917304860289,TRUE,TRUE,"Suppressed"
"K21832",66.2691230567972,-1.00040395089914,0.305387882493811,-3.27584690895328,0.00105345647754426,0.00399566607993932,TRUE,TRUE,"Suppressed"
"K03611",331.66701337752,-0.368848332424787,0.140028289958938,-2.63409867058256,0.00843609683403164,0.0242468212020542,FALSE,FALSE,"Suppressed"
"K09947",86.0172289080972,0.739692502519657,0.258174957529807,2.86508230541398,0.0041690086852196,0.0132846311239051,TRUE,TRUE,"Enriched"
"K07303",4364.23068989552,-0.394680289643324,0.0496432136780987,-7.95033722438978,0.00000000000000186004491445321,0.000000000000049110017027057,FALSE,FALSE,"Suppressed"
"K16259",8.49377272153175,0.0106268536231308,0.873090213523405,0.0121715413350535,0.99028875486921,0.994201006740298,FALSE,FALSE,"Enriched"
"K04114",267.067406354553,-0.431651506163664,0.165760515793972,-2.60406710304989,0.00921247179365772,0.0260848957611506,FALSE,FALSE,"Suppressed"
"K10553",155.537708062618,-0.101383484901389,0.200921753320068,-0.504591878311383,0.613845515389252,0.732820651176576,FALSE,FALSE,"Suppressed"
"K07480",245.146062758372,0.0597955354159039,0.191580714667918,0.312116673745331,0.754951855251687,0.843652667601086,FALSE,FALSE,"Enriched"
"K16215",22.1162314436703,7.84943257231889,1.28541525205474,6.10653449130277,0.00000000101817641242292,0.0000000132124637007817,TRUE,TRUE,"Enriched"
"K09012",44.5138243350319,0.60670633748953,0.383507287283669,1.58199428695802,0.113650874704682,0.208845039115353,FALSE,FALSE,"Enriched"
"K03701",13841.989015143,-0.195071018000248,0.0323666144589451,-6.02692067925989,0.00000000167112965985232,0.0000000210583053624779,FALSE,FALSE,"Suppressed"
"K03705",2478.91390594209,-0.00196018779974282,0.0570545728443897,-0.0343563662300833,0.972592977617466,0.984211808609412,FALSE,FALSE,"Suppressed"
"K01194",690.870900193147,-0.566615215181219,0.108093185755206,-5.24191429110443,0.000000158919189589191,0.00000148203079098544,TRUE,TRUE,"Suppressed"
"K21005",24.1023030349523,0.707724062619235,0.528706989586328,1.33859411083817,0.180702844363287,0.299322826662598,FALSE,FALSE,"Enriched"
"K21973",7.3333254252228,-0.635533824604815,0.906753406210649,-0.700889371081307,0.483372058137571,0.621925352474094,FALSE,FALSE,"Suppressed"
"K01841",102.00905898802,-0.428526661712998,0.24295892508399,-1.76378234125319,0.0777686316728594,0.153548360172473,FALSE,FALSE,"Suppressed"
"K14138",80.9693947099769,-0.103843783980183,0.270253609410129,-0.384245687622225,0.700796358719111,0.802202055422468,FALSE,FALSE,"Suppressed"
"K18640",24.1677558395913,1.11486388484142,0.508219106399843,2.19366779171088,0.0282593009206684,0.0671681513309261,TRUE,FALSE,"Enriched"
"K24018",40.1510156944124,0.548172079052184,0.389071276498013,1.40892456514965,0.158857474913743,0.271544770038935,FALSE,FALSE,"Enriched"
"K13890",68.3906587302572,-0.0731104223834777,0.2879272242577,-0.253919797170838,0.799557519995929,0.876910863955255,FALSE,FALSE,"Suppressed"
"K02994",1163.61150018904,-0.0231384070537473,0.0891827530158216,-0.259449347225717,0.795288559216987,0.873834992204393,FALSE,FALSE,"Suppressed"
"K12508",857.161600118826,-0.185019083122502,0.0987152554360441,-1.87427041854106,0.0608931625874663,0.125851371948816,FALSE,FALSE,"Suppressed"
"K00962",6778.21334769537,-0.0375101376195606,0.0391176317028841,-0.958906150159265,0.337606026220434,0.483801492931962,FALSE,FALSE,"Suppressed"
"K03270",514.474107084566,-0.428161118432433,0.1144245986225,-3.74186253294178,0.000182661430713727,0.000858945309115668,FALSE,FALSE,"Suppressed"
"K08983",181.220994027594,-0.0584329146243692,0.18890779955105,-0.309319756850899,0.757078303607901,0.84459860503102,FALSE,FALSE,"Suppressed"
"K15497",67.384094979306,0.0481375391110273,0.296141817378272,0.162548942048058,0.870873590519352,0.923892508014877,FALSE,FALSE,"Enriched"
"K22217",24.2358669049325,1.25604838925557,0.535840614757472,2.34407089470825,0.0190745453134953,0.0482320281372337,TRUE,TRUE,"Enriched"
"K19270",350.476784873061,0.632462741456015,0.137850574939693,4.58803121954846,0.00000447445736566023,0.0000309407204911131,TRUE,TRUE,"Enriched"
"K03322",1197.35940638254,-0.110794062956003,0.0807069473824305,-1.37279461743243,0.169816204552528,0.285530109634374,FALSE,FALSE,"Suppressed"
"K06346",688.539493618343,0.066731855402714,0.108181343325209,0.616851791182776,0.537332487342315,0.672211901535607,FALSE,FALSE,"Enriched"
"K06134",541.507323109321,0.0142701650349271,0.129860082549163,0.109888772244732,0.912497587065596,0.947769282302434,FALSE,FALSE,"Enriched"
"K03581",1691.74229617125,0.0554464673272422,0.0618306505879902,0.896747273398608,0.369853788968747,0.515361722394422,FALSE,FALSE,"Enriched"
"K13421",105.422328523075,-0.281234811258208,0.244284060914049,-1.15126140529144,0.24962470985689,0.384848611076131,FALSE,FALSE,"Suppressed"
"K03932",706.977736171331,0.269225731660095,0.109116066335597,2.46733355317323,0.013612349047833,0.0362857154032926,FALSE,FALSE,"Enriched"
"K01053",2451.57380191234,-0.389668178021052,0.0618983265322015,-6.29529423252394,0.000000000306817314794992,0.00000000440300894808154,FALSE,FALSE,"Suppressed"
"K07799",820.643712026351,-0.352256999363273,0.104739954544975,-3.36315784070743,0.000770562922004728,0.00304579602158576,FALSE,FALSE,"Suppressed"
"K10820",762.758948897746,0.733286083528912,0.103784505382195,7.06546782516839,0.00000000000160075774689109,0.0000000000312917355714382,TRUE,TRUE,"Enriched"
"K11390",48.650103425459,-0.235075729901344,0.333066676211088,-0.705791802937259,0.480317620397754,0.619335553235921,FALSE,FALSE,"Suppressed"
"K03390",181.735875021422,-0.458593934499636,0.185036475916949,-2.47839747394167,0.0131974034076594,0.0354117744757213,FALSE,FALSE,"Suppressed"
"K03768",1371.34803871565,0.140917466835008,0.0709157291216126,1.98711158413601,0.0469100328068676,0.102289699710077,FALSE,FALSE,"Enriched"
"K03655",5281.01124144112,-0.0222451613573696,0.0471075357545746,-0.472220866599021,0.636769147098441,0.75177216959996,FALSE,FALSE,"Suppressed"
"K07642",632.174197320136,0.336671278173553,0.108096233757271,3.1145514184106,0.00184224844361272,0.00646482926213694,FALSE,FALSE,"Enriched"
"K02194",1118.68939593224,0.0187256910125437,0.0765375400582071,0.244660215082726,0.806719535669931,0.882108185256799,FALSE,FALSE,"Enriched"
"K01935",812.879812820055,-0.0375612205553426,0.0919605193469534,-0.40844941744652,0.682943759219419,0.788280466971846,FALSE,FALSE,"Suppressed"
"K12989",16.9761826715559,0.650813645101867,0.615880520453429,1.05672061948431,0.290639111677243,0.430872129829729,FALSE,FALSE,"Enriched"
"K04095",11.7975702310695,3.3968591030431,0.968617163114587,3.5069160782992,0.000453332095122654,0.00191871786825334,TRUE,TRUE,"Enriched"
"K18290",16.7291749985733,-0.344043523713628,0.576357640076737,-0.596927150419696,0.550556019460793,0.682904446347646,FALSE,FALSE,"Suppressed"
"K00997",736.891201210205,0.130410678250058,0.0979808262746297,1.33098161353049,0.183195060914165,0.302547163963037,FALSE,FALSE,"Enriched"
"K02497",4.7033064525802,5.62164406707105,1.60694566382322,3.49834110364139,0.000468161958806473,0.00197190593008334,TRUE,TRUE,"Enriched"
"K01755",4092.84279838478,0.0171740676903743,0.0486338024480688,0.353130267959467,0.723990782229704,0.820899754753479,FALSE,FALSE,"Enriched"
"K02021",166.549311179504,-0.467106654854315,0.193423302625134,-2.4149450894218,0.0157375820095366,0.0411064294116332,FALSE,FALSE,"Suppressed"
"K00850",492.409268866912,-0.155607560568209,0.119625613237822,-1.30078798642271,0.193331035232922,0.315611880055029,FALSE,FALSE,"Suppressed"
"K00988",23.1599354197528,-0.641523841205587,0.539148389958691,-1.18988362601758,0.234092134959555,0.366459941252137,FALSE,FALSE,"Suppressed"
"K03923",3.63451649566594,5.24185831490917,1.73445858110177,3.02218708017773,0.00250955398352344,0.00848435130017154,TRUE,TRUE,"Enriched"
"K16416",31.2517236568199,-2.71736112683246,0.491991265759779,-5.52318977174536,0.000000033289983140859,0.000000343545866626225,TRUE,TRUE,"Suppressed"
"K07271",12.8298145935427,-1.58627455360421,0.733857447410317,-2.16155679717084,0.0306523545721079,0.0719864114498599,TRUE,FALSE,"Suppressed"
"K07443",201.90813342871,-0.332718546059117,0.205306140864103,-1.62059714657708,0.105104064600749,0.196815993245308,FALSE,FALSE,"Suppressed"
"K05995",629.545409117041,0.398488832670513,0.120408417588035,3.3094765353856,0.000934706003886128,0.00359670152536372,FALSE,FALSE,"Enriched"
"K00262",1009.44269032435,0.693574912322454,0.0805084395697768,8.6149342358242,0.00000000000000000699817534591417,0.000000000000000216659245861576,TRUE,TRUE,"Enriched"
"K17227",92.0573066653324,-0.490532616126397,0.255357594710226,-1.92096348919264,0.0547363105959199,0.115554433480275,FALSE,FALSE,"Suppressed"
"K00121",2195.21360699155,0.0715739824683505,0.057985130122205,1.23435063985382,0.217072273586032,0.345181956984863,FALSE,FALSE,"Enriched"
"K19203",32.7491065602141,1.02525141318514,0.500241918212846,2.04951119819774,0.0404121539690955,0.0906153408299681,TRUE,FALSE,"Enriched"
"K02441",29.276050540937,1.32435377330834,0.469083262853374,2.82328080787293,0.00475349173519287,0.0148142800679312,TRUE,TRUE,"Enriched"
"K18226",15.8385813922038,-0.678965406258127,0.624630470819982,-1.08698732767042,0.277042410171705,0.41571939764443,FALSE,FALSE,"Suppressed"
"K23589",5.87351381217532,-0.129474625802495,1.12982470998501,-0.114597091618056,0.908764485075283,0.946303511726021,FALSE,FALSE,"Suppressed"
"K01409",2813.64225440027,0.0155615708704926,0.0538259125603314,0.289109280832912,0.77249775164836,0.856079388169897,FALSE,FALSE,"Enriched"
"K03784",509.157858564884,0.551879482891622,0.11566772188078,4.77124883172205,0.00000183087187236931,0.0000138762864785669,TRUE,TRUE,"Enriched"
"K15664",6.95160607812481,0.00542390670045055,0.892674107948765,0.00607602108334238,0.995152066415868,0.99713160489675,FALSE,FALSE,"Enriched"
"K19164",11.5250811311076,-0.30614153876521,0.733955854984195,-0.417111651451847,0.676596742932435,0.784070593795349,FALSE,FALSE,"Suppressed"
"K06131",4412.7542119473,-0.212867182307106,0.0574395599366589,-3.70593337661088,0.000210613661887648,0.000974607529478578,FALSE,FALSE,"Suppressed"
"K04518",1144.04576264994,0.0915016811148853,0.0856848583098289,1.06788623941027,0.285571830410505,0.424805510652114,FALSE,FALSE,"Enriched"
"K01721",276.153193403248,-0.462875325056554,0.145321926983821,-3.18517194661262,0.00144668022922993,0.00527079015416568,FALSE,FALSE,"Suppressed"
"K13444",886.241124859355,-0.322762811133372,0.0968272514564956,-3.33338813483091,0.000857951643434716,0.00334782282361378,FALSE,FALSE,"Suppressed"
"K03817",120.397889713778,0.434083429875819,0.224534681852725,1.93325782143775,0.053204444960085,0.112946018033957,FALSE,FALSE,"Enriched"
"K00342",6631.33112053731,-0.00993545635724051,0.0465025459410422,-0.213654030251098,0.830816862048127,0.898590537618643,FALSE,FALSE,"Suppressed"
"K02843",807.814953373979,-0.325670302708283,0.102281647231721,-3.18405414385311,0.00145227845216796,0.00528802762971487,FALSE,FALSE,"Suppressed"
"K11931",52.0366835036527,-0.0871505732548434,0.360297550598286,-0.241885000633856,0.808869272838856,0.883174144087264,FALSE,FALSE,"Suppressed"
"K01845",4987.49431568379,-0.218572511650456,0.0457965817947584,-4.77268178288957,0.00000181788900372093,0.0000138245698674488,FALSE,FALSE,"Suppressed"
"K12297",690.387057492474,-0.483720611035398,0.121013892144671,-3.99723207362932,0.0000640874636290367,0.000338122353523784,FALSE,FALSE,"Suppressed"
"K10540",8.37659488495735,4.51506373961765,1.29564785782939,3.48479234719051,0.00049251910269959,0.00205885812704921,TRUE,TRUE,"Enriched"
"K16899",1544.74875626679,0.523634319141275,0.0800999758566931,6.53725938791928,0.0000000000626563297412448,0.00000000100563409234698,TRUE,TRUE,"Enriched"
"K00405",815.429148287889,-0.0514684459889255,0.0912101566499049,-0.564284152986149,0.572560764495913,0.701073700594374,FALSE,FALSE,"Suppressed"
"K00187",87.4559214103573,-0.577945332369334,0.271476491427759,-2.12889642609488,0.0332628305400025,0.0770694020980162,TRUE,FALSE,"Suppressed"
"K18783",19.787911482153,-0.511137901349187,0.5909479875814,-0.864945667115551,0.387068610874047,0.531696274261445,FALSE,FALSE,"Suppressed"
"K16447",7.23375191671334,-4.46749113952187,1.32805579481817,-3.36393332038699,0.000768401057061513,0.00304119276250368,TRUE,TRUE,"Suppressed"
"K11475",119.616680480633,-0.177200722531066,0.221874058714378,-0.798654532025213,0.424490758034789,0.567010322657508,FALSE,FALSE,"Suppressed"
"K00219",1124.30713979225,-0.553638823419551,0.0757769993086391,-7.30615923658555,0.000000000000274886392562706,0.00000000000588256880084191,TRUE,TRUE,"Suppressed"
"K03750",3919.15450017691,0.0986388269238988,0.0507993552696345,1.94173383501307,0.0521693304164553,0.111151947639719,FALSE,FALSE,"Enriched"
"K19339",257.78802796746,-0.179852733935007,0.152662337965025,-1.17810808043704,0.238753521065077,0.371916355676228,FALSE,FALSE,"Suppressed"
"K12263",23.2120777411237,0.596523736461373,0.540563115009485,1.10352282628626,0.26980018444219,0.408058583403579,FALSE,FALSE,"Enriched"
"K03179",2132.86900265953,0.186054652975709,0.0731129771234144,2.54475553172524,0.010935426786801,0.0303022117095409,FALSE,FALSE,"Enriched"
"K06602",29.7918412352081,0.709226873196648,0.502926758711961,1.41019912126577,0.158480895228593,0.271052994952099,FALSE,FALSE,"Enriched"
"K00673",516.338240812649,0.32638738516019,0.130070512922904,2.50931112537126,0.0120966887019679,0.0329364751755814,FALSE,FALSE,"Enriched"
"K07096",66.6970844491103,-0.628776234531019,0.312556137158168,-2.0117225668579,0.0442491903871906,0.097498487056169,TRUE,FALSE,"Suppressed"
"K15786",45.8773646965973,0.780084702188309,0.373589736562641,2.08807851459139,0.0367907528054564,0.0837576712805072,TRUE,FALSE,"Enriched"
"K00374",1023.80262521186,0.427780412170101,0.0858187998717461,4.98469347985998,0.000000620601173463745,0.0000051357483812149,FALSE,FALSE,"Enriched"
"K02668",1610.93838359609,-0.310654283094584,0.0884319226574186,-3.51292015099621,0.000443210650887898,0.00187979260067127,FALSE,FALSE,"Suppressed"
"K03501",1477.66752371608,0.25668378982036,0.0709216773743614,3.61925717669437,0.000295449902456231,0.00131625197595365,FALSE,FALSE,"Enriched"
"K05836",62.5249893313689,0.598467362408363,0.341076422235916,1.75464301661524,0.0793203886226881,0.15615721439954,FALSE,FALSE,"Enriched"
"K03416",11.8786229448475,-0.104393535178396,0.685653589060968,-0.152254049047374,0.878986565847925,0.929266608616137,FALSE,FALSE,"Suppressed"
"K17879",7.47012065281127,-1.14532502134381,1.03586252105906,-1.10567280701771,0.268868164063084,0.407295368139428,FALSE,FALSE,"Suppressed"
"K03316",2462.90500578955,0.413629546229443,0.0624784049254567,6.62036021442844,0.000000000035832461843275,0.000000000590654553465227,FALSE,FALSE,"Enriched"
"K12063",11.0715621068685,-0.175208106591685,0.86573457208153,-0.202380859263161,0.839618990893861,0.904102440936027,FALSE,FALSE,"Suppressed"
"K06223",436.761743939067,0.694907264889966,0.145987044237219,4.76006119940884,0.00000193534265882484,0.0000145904262993482,TRUE,TRUE,"Enriched"
"K09015",2639.2646645269,0.0525505745756312,0.0589263282791539,0.891801273052029,0.372499459241653,0.518219480363787,FALSE,FALSE,"Enriched"
"K21430",2694.8834674982,-0.463549928632033,0.0564514176884125,-8.21148427468429,0.000000000000000218470828168364,0.00000000000000619745851627373,FALSE,FALSE,"Suppressed"
"K02946",802.260650532409,0.137933537725624,0.104822545327692,1.31587663030335,0.188215453701847,0.309321887722981,FALSE,FALSE,"Enriched"
"K18472",424.302006417091,-0.322675619210557,0.149445833851296,-2.15914763827831,0.0308387148243001,0.0723245419027643,FALSE,FALSE,"Suppressed"
"K00656",837.911401037373,0.171307456236992,0.0960109997526155,1.78424822862367,0.0743833386353916,0.147917829258968,FALSE,FALSE,"Enriched"
"K06996",2184.62974281993,0.342331784618315,0.0618742196265552,5.53270468192528,0.0000000315330135666241,0.000000328751879902291,FALSE,FALSE,"Enriched"
"K03100",3704.41586622729,0.0592139102904449,0.0504208041582852,1.17439440482852,0.240237085347045,0.373681709648465,FALSE,FALSE,"Enriched"
"K07008",270.881970220805,1.1937627690164,0.177514116971565,6.72488920533356,0.0000000000175726102294024,0.000000000300211063835084,TRUE,TRUE,"Enriched"
"K01801",65.086595247987,-0.528232330412781,0.338163676188046,-1.56206111894479,0.118273591269572,0.215399346416149,FALSE,FALSE,"Suppressed"
"K06600",24.8033578650706,0.62224281079189,0.475970105537405,1.30731489972323,0.191105785955556,0.312564813232217,FALSE,FALSE,"Enriched"
"K01754",5652.85277877086,0.191808005424995,0.0424080272892755,4.52291742119071,0.00000609930411132139,0.0000406998422045396,FALSE,FALSE,"Enriched"
"K02895",886.202313565697,-0.0508625566411367,0.0991350862137864,-0.51306312006882,0.607907168317378,0.728700043154027,FALSE,FALSE,"Suppressed"
"K21288",4.92237867271044,-2.035525948249,1.2865197015607,-1.58219570658706,0.113604900209094,0.208823473892485,FALSE,FALSE,"Suppressed"
"K05810",1323.35819415939,-0.137799799487323,0.078548198055887,-1.75433431826506,0.0793732386379252,0.15621083654492,FALSE,FALSE,"Suppressed"
"K01713",19.5873443862107,-0.772720387653396,0.579330930200477,-1.33381517777067,0.182264435534526,0.30141832763695,FALSE,FALSE,"Suppressed"
"K01259",2524.5215229473,0.246322685698123,0.0614830237743703,4.0063528202854,0.000061663518953178,0.000327031132256898,FALSE,FALSE,"Enriched"
"K02981",9.09861892544701,-1.60739228441827,1.16554488800654,-1.37909084494157,0.167866746194349,0.283337176055683,FALSE,FALSE,"Suppressed"
"K02806",748.124294042746,-0.0208863154146236,0.114590004471553,-0.18226995898066,0.855370873016383,0.914925807528397,FALSE,FALSE,"Suppressed"
"K20447",28.3208432355488,-0.256587287241733,0.475711734609451,-0.539375568383625,0.589627735538368,0.714370194487188,FALSE,FALSE,"Suppressed"
"K21065",85.4398005208985,-0.604594127541555,0.272803843600196,-2.21622290786933,0.0266762397445742,0.063928638979237,TRUE,FALSE,"Suppressed"
"K13640",474.750369318753,0.00340277813569744,0.115988408277953,0.0293372259022907,0.976595637693689,0.985971990447576,FALSE,FALSE,"Enriched"
"K07029",960.941270897856,0.637816604867918,0.0996556952733635,6.40020224753173,0.000000000155171272015934,0.00000000234254848521084,TRUE,TRUE,"Enriched"
"K12567",69.0774653380012,-0.854907924362863,0.310116175884173,-2.7567343816408,0.00583817550183728,0.0176359744357135,TRUE,TRUE,"Suppressed"
"K02048",24.5131466045612,1.13035248759588,0.515337258927817,2.19342278869497,0.0282769319205062,0.0671838752563955,TRUE,FALSE,"Enriched"
"K09459",54.1123210315271,-0.612071341601252,0.325162177968557,-1.88235712229864,0.0597875435122234,0.124113079605531,FALSE,FALSE,"Suppressed"
"K07265",147.311140617758,1.11653958736893,0.267701059423418,4.17084485871579,0.0000303472421668451,0.000172335037221218,TRUE,TRUE,"Enriched"
"K04096",2374.51865427489,0.0117110192635926,0.0569332433051228,0.205697384932554,0.8370273014025,0.901789350159663,FALSE,FALSE,"Enriched"
"K06294",4.15072395859895,5.43850582247736,1.62648199683807,3.34372334464812,0.000826621259386661,0.00324424907400209,TRUE,TRUE,"Enriched"
"K06176",484.440785985328,-0.37320042169976,0.12782864627793,-2.91953668106861,0.00350552136200231,0.0113724333972617,FALSE,FALSE,"Suppressed"
"K06118",247.378694399054,-0.274807103099379,0.157487481612122,-1.74494569527885,0.0809943221766441,0.159041973907068,FALSE,FALSE,"Suppressed"
"K01555",1542.48609470271,0.364188423264565,0.0742002888716041,4.90818066617982,0.000000919251551479371,0.00000737699370062195,FALSE,FALSE,"Enriched"
"K08356",23.2156684357642,-0.211645103368443,0.511418520111336,-0.413839341059389,0.67899177018963,0.78565183198379,FALSE,FALSE,"Suppressed"
"K00500",1002.6300071756,0.000776571748044124,0.0873535062098022,0.00888998944334283,0.992906908107682,0.995845951742929,FALSE,FALSE,"Enriched"
"K10561",231.050166770388,0.707643246768451,0.159953841326174,4.42404659307583,0.00000968691142887006,0.0000617996577454796,TRUE,TRUE,"Enriched"
"K00230",524.690241574075,-0.0906294605993156,0.108149271061049,-0.838003434606198,0.402028774526142,0.545367770425921,FALSE,FALSE,"Suppressed"
"K13529",1480.53695775542,0.188519648138921,0.0696572914122657,2.70638786431086,0.00680195499803837,0.0201587983597268,FALSE,FALSE,"Enriched"
"K21028",9.5118987606669,-0.370791180306951,0.891866383383085,-0.415747456362738,0.677594811173663,0.784779862010667,FALSE,FALSE,"Suppressed"
"K04061",15.9754330155381,0.124492856685427,0.584259154075585,0.213078144890001,0.831266011059029,0.898757560973058,FALSE,FALSE,"Enriched"
"K16191",33.7410193917183,-0.604322838404205,0.408777934629772,-1.47836462589777,0.139310208340401,0.245087192378183,FALSE,FALSE,"Suppressed"
"K02481",724.368759681001,-0.103850937953117,0.0955472539949101,-1.08690656833162,0.27707810320128,0.41571939764443,FALSE,FALSE,"Suppressed"
"K14127",28.6344452446107,-0.123518374239007,0.494455539712028,-0.249806836648942,0.802736732458507,0.879132937917837,FALSE,FALSE,"Suppressed"
"K10708",23.8179341683361,0.770912146361958,0.552074615351663,1.39639122126798,0.162596717224055,0.276511258951099,FALSE,FALSE,"Enriched"
"K00359",20.8700650591104,-0.197053385342932,0.55009245181314,-0.358218667959233,0.720179677963932,0.81813452905519,FALSE,FALSE,"Suppressed"
"K06988",2635.81013506886,0.369560678551271,0.0564992027465778,6.54098926331586,0.0000000000611132194558353,0.000000000983455212298521,FALSE,FALSE,"Enriched"
"K17067",7.91928799950672,0.103992985540054,0.916002461066607,0.113529155171661,0.909611050014015,0.946303511726021,FALSE,FALSE,"Enriched"
"K06283",4.64597775486772,5.59578837263571,1.6593467091044,3.37228400908207,0.000745475323704321,0.002963920468887,TRUE,TRUE,"Enriched"
"K13767",17.6196491158521,1.57140656522532,0.667142027837291,2.35543032766116,0.0185012661676293,0.0470359409572201,TRUE,TRUE,"Enriched"
"K05359",8.86872184495737,-0.237383907622577,0.966294035247452,-0.245664258459163,0.805942142020307,0.88153535225643,FALSE,FALSE,"Suppressed"
"K07406",507.758851123195,0.191293537429323,0.118262909706561,1.61752774309349,0.105764412093325,0.197627803111884,FALSE,FALSE,"Enriched"
"K18456",9.24179014315636,-0.43377453603051,0.848483506869656,-0.511235082966847,0.609186455408686,0.729230263304726,FALSE,FALSE,"Suppressed"
"K22224",62.7628356763644,-0.301531507458671,0.350370704796393,-0.860607075108909,0.389454487909852,0.533624396721122,FALSE,FALSE,"Suppressed"
"K16146",562.313158368916,-0.15882374360804,0.111767390887948,-1.42102040985522,0.155310826079609,0.267204718832027,FALSE,FALSE,"Suppressed"
"K09773",815.681660039081,-0.00237751581790075,0.089040128328216,-0.0267016216456568,0.978697719708495,0.986787467763616,FALSE,FALSE,"Suppressed"
"K09912",86.956631668201,-0.788774588492784,0.269535788697976,-2.92641875983539,0.00342889047736806,0.0111534949447828,TRUE,TRUE,"Suppressed"
"K20466",19.3107255837306,0.0341219523567459,0.599599092551519,0.0569079452931528,0.954618525143309,0.971827472016198,FALSE,FALSE,"Enriched"
"K18347",9.16511930773627,0.20379155587676,1.03941992679808,0.196062775614218,0.844561031509106,0.906901079486856,FALSE,FALSE,"Enriched"
"K21219",24.1233604202131,-0.593597418308791,0.484542157270562,-1.22506867442152,0.220549346705222,0.349566129302274,FALSE,FALSE,"Suppressed"
"K12446",170.183564610039,-0.618436542219383,0.190141405920726,-3.25250851714657,0.0011439116755122,0.0042960081951656,TRUE,TRUE,"Suppressed"
"K03291",132.012271793597,0.751864745812561,0.231586080492368,3.24658867326587,0.00116797057395625,0.00436569894708704,TRUE,TRUE,"Enriched"
"K23095",15.0547209926353,-0.347489052749349,0.733388587493359,-0.473813008103969,0.63563325762354,0.75072177347908,FALSE,FALSE,"Suppressed"
"K09978",112.514517969495,0.81121053788822,0.22982860417252,3.52963261822401,0.000416137083535417,0.00177483921152623,TRUE,TRUE,"Enriched"
"K02217",112.713135117505,-0.443598771352965,0.230573325311558,-1.92389458214024,0.0543677984889315,0.115020367864722,FALSE,FALSE,"Suppressed"
"K11787",15.8683207450216,-0.443611617252,0.661659818117829,-0.67045270863494,0.502569243853147,0.640311221696332,FALSE,FALSE,"Suppressed"
"K00247",71.430430908141,-0.441636424936855,0.281355087581713,-1.56967634291878,0.116490427629574,0.212780808060129,FALSE,FALSE,"Suppressed"
"K02867",1256.28669995694,0.00704888517081285,0.0787130380187068,0.0895516848064945,0.928643480005692,0.957735205069661,FALSE,FALSE,"Enriched"
"K02803",103.147662402626,-0.358895140227803,0.24214755583513,-1.48213406073842,0.138304627451015,0.243862365661676,FALSE,FALSE,"Suppressed"
"K06417",15.320664840928,5.42770845706036,1.17571965346167,4.61649887460804,0.00000390268138010911,0.0000275172875575554,TRUE,TRUE,"Enriched"
"K01482",692.891789465781,0.4776001415379,0.0957702080542418,4.98693854008754,0.000000613435687229058,0.00000508334817447014,FALSE,FALSE,"Enriched"
"K00648",4233.97771241998,-0.0338008209866586,0.0471476337601305,-0.716914472497698,0.473426871406251,0.613380952516763,FALSE,FALSE,"Suppressed"
"K18800",84.4613415684716,-1.15813765493872,0.287942296768014,-4.02211716700931,0.0000576773524854671,0.000308303394223369,TRUE,TRUE,"Suppressed"
"K17325",117.124125417312,0.140484905269282,0.244857528624717,0.573741416318045,0.566142797465795,0.69615018583546,FALSE,FALSE,"Enriched"
"K05770",838.148953680314,0.54003077795763,0.0931421880307446,5.79791810107977,0.00000000671432257348047,0.0000000774256191619475,TRUE,TRUE,"Enriched"
"K03684",2429.40018026648,0.283813419552574,0.0552845483688324,5.1336843281979,0.000000284124493150416,0.00000251141345467303,FALSE,FALSE,"Enriched"
"K00912",1036.6507863157,-0.312765274268682,0.0941464145042317,-3.32211562081978,0.000893376663662666,0.00346389337042505,FALSE,FALSE,"Suppressed"
"K03303",1203.45451579379,-0.100441068788942,0.0850879891909592,-1.18043768273248,0.237826181953881,0.370945148177947,FALSE,FALSE,"Suppressed"
"K02341",2217.80948820903,0.00936683308152117,0.0605205417379821,0.154771137411062,0.877001745999153,0.927972527558785,FALSE,FALSE,"Enriched"
"K10946",13.5177449421461,-1.17762979688728,0.647530884027233,-1.81864653244517,0.068965373800789,0.139293822112139,FALSE,FALSE,"Suppressed"
"K20264",38.1690853172696,0.190043584984405,0.429896873069034,0.442067846708639,0.65844011066531,0.769315370679641,FALSE,FALSE,"Enriched"
"K07783",76.0402948256057,0.151233147545403,0.295061840580298,0.512547292621685,0.608268030584544,0.72898933356949,FALSE,FALSE,"Enriched"
"K15268",603.331123747297,0.0894595849937199,0.104669962831104,0.854682495092433,0.392726943909103,0.536568465703767,FALSE,FALSE,"Enriched"
"K06196",1151.25528540063,0.201783744736875,0.0953440025801397,2.11637585245353,0.0343128541375735,0.0791206417334823,FALSE,FALSE,"Enriched"
"K11754",3000.63418758,-0.00149062015731192,0.050712117692329,-0.0293937667197321,0.97655054409543,0.985971990447576,FALSE,FALSE,"Suppressed"
"K10085",96.2922135464334,-0.893542280489236,0.253489514083253,-3.52496742802455,0.000423534865203173,0.00180135226141852,TRUE,TRUE,"Suppressed"
"K21703",268.579298674365,-0.549597694868442,0.148656053054118,-3.69710942526076,0.000218068360797659,0.00100075164221589,TRUE,TRUE,"Suppressed"
"K00249",8056.9213462152,0.152731187057991,0.0522929084787039,2.92068640856323,0.00349261186067925,0.0113365831496981,FALSE,FALSE,"Enriched"
"K06281",1287.24097601678,-0.0752936538615145,0.078947817603602,-0.953714189283419,0.340228335738433,0.486644610616487,FALSE,FALSE,"Suppressed"
"K04773",2784.92227429538,-0.110854297346335,0.067471250152336,-1.64298567309853,0.100385897542963,0.189469325508148,FALSE,FALSE,"Suppressed"
"K16703",120.556003556254,0.217242800523628,0.219834392634483,0.988211161684948,0.323049242873752,0.467333333085155,FALSE,FALSE,"Enriched"
"K01950",3549.99469752961,-0.113286669691834,0.0506498071028663,-2.23666537291556,0.0253082187744756,0.0612276185265873,FALSE,FALSE,"Suppressed"
"K03786",944.439599138166,0.017225678660682,0.0835084689336315,0.206274631551108,0.836576393502121,0.901622092943883,FALSE,FALSE,"Enriched"
"K06991",287.053332522757,0.221310031191247,0.152696086860765,1.44934972297651,0.147239941712323,0.255699431806224,FALSE,FALSE,"Enriched"
"K00428",1899.66080236042,-0.275875661189598,0.0667923117926286,-4.13035054163292,0.0000362210512619081,0.000202485968511803,FALSE,FALSE,"Suppressed"
"K10120",34.6977585842765,-0.0950871778952711,0.445601612413664,-0.213390560640519,0.831022342476579,0.898653416093024,FALSE,FALSE,"Suppressed"
"K19731",10.4714788498461,-0.0287687442390464,0.749269685248086,-0.0383957135934586,0.969372178520677,0.982509283339168,FALSE,FALSE,"Suppressed"
"K03435",17.5503920148621,-0.110910785215328,0.647914617547596,-0.171181174512057,0.864081309567643,0.91924505617531,FALSE,FALSE,"Suppressed"
"K12433",47.2891827833067,-0.346704964052799,0.351296999760422,-0.986928337814569,0.323677770960784,0.467798750021285,FALSE,FALSE,"Suppressed"
"K07114",8425.83935963251,-0.0130133520977365,0.039368336101788,-0.330553774589052,0.740981567542351,0.83350176695699,FALSE,FALSE,"Suppressed"
"K09953",14.3956671541318,-0.259497793304615,0.670907300651134,-0.386786360876928,0.698914375315372,0.800948002714902,FALSE,FALSE,"Suppressed"
"K14735",26.6456728514269,-2.69675421938629,0.595101802845489,-4.5315846910423,0.00000585428578458872,0.0000395845776055505,TRUE,TRUE,"Suppressed"
"K16845",39.4747142961218,-0.701154356894948,0.398903959903396,-1.75770217238442,0.0787981980340107,0.155322660093609,FALSE,FALSE,"Suppressed"
"K16907",37.3797108854863,-2.27821532685748,0.430341179240281,-5.29397472693507,0.000000119685981043976,0.00000113879063710953,TRUE,TRUE,"Suppressed"
"K05832",58.190389811399,0.810598890034819,0.323911817464362,2.50252953529244,0.012330933635345,0.0334656692180783,TRUE,TRUE,"Enriched"
"K17497",77.9927956728369,3.28765063694766,0.354209044845525,9.28166766148349,0.0000000000000000000166846366870136,0.00000000000000000063999747895658,TRUE,TRUE,"Enriched"
"K02437",1031.79638293167,-0.081040131820681,0.0827960509716477,-0.978792235494807,0.32768264695346,0.472578969914673,FALSE,FALSE,"Suppressed"
"K10038",93.1803262000733,0.321171047237564,0.270349201777482,1.1879859275557,0.234838953959182,0.367157851883376,FALSE,FALSE,"Enriched"
"K23734",187.267138534638,0.107102309043938,0.187500623823099,0.571210414451666,0.567857019494359,0.697414410369733,FALSE,FALSE,"Enriched"
"K06857",295.995860230103,-0.263098013261758,0.141651823848642,-1.85735704711351,0.0632603731792107,0.129951167403168,FALSE,FALSE,"Suppressed"
"K01769",24.7893429081297,0.0447080584238904,0.480172046508049,0.0931084155127739,0.925817431869009,0.956422756494565,FALSE,FALSE,"Enriched"
"K05561",484.342402251123,-0.0809910328508265,0.11594523726027,-0.698528329102647,0.484846847728403,0.622936786243002,FALSE,FALSE,"Suppressed"
"K04090",2673.40301366487,-0.210921570584558,0.0533941336130766,-3.95027611297173,0.0000780610879177862,0.000405532006141889,FALSE,FALSE,"Suppressed"
"K14164",433.13138588539,-0.606637633226357,0.139445853320694,-4.35034544792972,0.0000135923229251393,0.0000833999773847329,TRUE,TRUE,"Suppressed"
"K04104",18.0244150189333,-0.091374861107371,0.597043972229709,-0.153045446160564,0.878362436565449,0.928767770563917,FALSE,FALSE,"Suppressed"
"K03811",628.066602180669,0.546823122745214,0.113989280986792,4.79714511760604,0.00000160943004203363,0.000012347061416809,TRUE,TRUE,"Enriched"
"K03808",160.264571982273,-0.38843055267604,0.208025525762934,-1.86722543424164,0.0618701132094878,0.127481696102928,FALSE,FALSE,"Suppressed"
"K12136",5.77445727714077,1.66135099231715,1.1748084943788,1.41414622065328,0.157318974491824,0.269565969527984,FALSE,FALSE,"Enriched"
"K12410",1315.90649551945,0.0405423165821864,0.0782427846271597,0.518160451156966,0.604346325787603,0.725789573151733,FALSE,FALSE,"Enriched"
"K08717",65.5854072973801,1.73651457048193,0.343215254377176,5.0595495052606,0.000000420248163059419,0.00000359480160799354,TRUE,TRUE,"Enriched"
"K19511",46.5949310032183,-0.910191132967953,0.38528773620422,-2.36236725813019,0.0181586431729804,0.0462999852474947,TRUE,TRUE,"Suppressed"
"K01895",10872.3618811041,-0.111402276596336,0.0384187998151721,-2.8996813313346,0.003735422125354,0.0120350446606096,FALSE,FALSE,"Suppressed"
"K10680",386.143327763553,0.61130482635015,0.138396140583129,4.41706556103683,0.0000100049891002215,0.0000634307988796784,TRUE,TRUE,"Enriched"
"K07041",30.0483655755927,-1.41053652432808,0.493937657559924,-2.85569748072298,0.00429424082107023,0.0135984292667224,TRUE,TRUE,"Suppressed"
"K00768",918.387147662342,0.788531342553524,0.0870425505956564,9.05914793577836,0.000000000000000000131473525103859,0.00000000000000000471680605652023,TRUE,TRUE,"Enriched"
"K08961",9.3810286335153,-1.02235142324258,0.932940830749887,-1.09583736668575,0.273149952762159,0.411546828531722,FALSE,FALSE,"Suppressed"
"K13590",283.000706736555,0.0204300144581497,0.15494493385961,0.131853387840745,0.895100257749181,0.938332154006919,FALSE,FALSE,"Enriched"
"K17238",13.5916019913629,0.113093684837089,0.658574157971919,0.171725057031332,0.863653685776555,0.918950423857503,FALSE,FALSE,"Enriched"
"K09790",216.501682101591,-0.152605383134589,0.164377486883622,-0.928383722295456,0.353208559100048,0.50074825707838,FALSE,FALSE,"Suppressed"
"K16397",19.9404625883936,-2.2269504061603,0.62262101101687,-3.57673507118435,0.000347912456594659,0.0015189105746391,TRUE,TRUE,"Suppressed"
"K00827",46.6675201466232,-0.262624771008205,0.428054693985901,-0.613530875138248,0.539525374111895,0.673743910054965,FALSE,FALSE,"Suppressed"
"K00287",706.550186412151,-0.0793995646411197,0.101952138955282,-0.778792533974652,0.436101936442385,0.579258917156763,FALSE,FALSE,"Suppressed"
"K00024",3089.47235616537,0.00568613625524868,0.0514669084627348,0.110481403004142,0.912027597827968,0.947769282302434,FALSE,FALSE,"Enriched"
"K12280",37.0302963530608,-0.685877516742486,0.405794937876089,-1.69020717787249,0.0909883256384155,0.17489372772414,FALSE,FALSE,"Suppressed"
"K06410",8.3612035663476,2.82065872700357,0.981132065846999,2.87490219226351,0.00404152672720644,0.0128986245469555,TRUE,TRUE,"Enriched"
"K08217",126.037793595083,-0.410866022871507,0.225250389640078,-1.82404134140687,0.0681458224511192,0.138038500811712,FALSE,FALSE,"Suppressed"
"K18307",87.7366594828693,-0.438216800166685,0.28796957573364,-1.52174686874567,0.128072518969685,0.228864789230497,FALSE,FALSE,"Suppressed"
"K14166",822.981846296965,1.44775871866504,0.108272389581018,13.3714488455223,0.0000000000000000000000000000000000000000887942449412642,0.0000000000000000000000000000000000000112824187478494,TRUE,TRUE,"Enriched"
"K07104",733.159884674014,0.341424656581151,0.093409650485872,3.65513257789986,0.000257049106825926,0.00116043116397581,FALSE,FALSE,"Enriched"
"K12255",78.460311231742,2.25665850768814,0.296691981942794,7.60606502714071,0.0000000000000282567156543631,0.000000000000670574742318913,TRUE,TRUE,"Enriched"
"K21562",15.4644575751238,-0.789899257297647,0.657991049867048,-1.20047112716389,0.229956419511765,0.360912043901764,FALSE,FALSE,"Suppressed"
"K18687",407.429537873534,-1.00092907919723,0.135749768678781,-7.3733391146005,0.000000000000166406479029185,0.00000000000365076660287409,TRUE,TRUE,"Suppressed"
"K17077",7.65488202088233,1.72160618970081,0.98807356772499,1.74238664603159,0.0814408110264028,0.159815800016097,FALSE,FALSE,"Enriched"
"K04080",306.513565085187,0.378719723486458,0.14592877259977,2.59523681820548,0.00945257641453039,0.0266164651672303,FALSE,FALSE,"Enriched"
"K00876",1104.82562857554,0.24755321300823,0.0906298356145052,2.7314759133096,0.00630513496563404,0.0188504990957853,FALSE,FALSE,"Enriched"
"K02416",464.090617632466,-0.0120667325905526,0.122283657384798,-0.0986782113703181,0.921393769223539,0.95327915156817,FALSE,FALSE,"Suppressed"
"K02841",403.668184779368,-0.602989237202536,0.132292604627657,-4.55799656299513,0.00000516438824005904,0.0000352716728735947,TRUE,TRUE,"Suppressed"
"K02336",236.90231820291,-0.0941606451322994,0.160511879854256,-0.586627265332615,0.557454066831035,0.688346877867278,FALSE,FALSE,"Suppressed"
"K05578",16.9730531737623,1.04840487181013,0.608780369860343,1.7221397464748,0.0850442065545965,0.165979077048475,FALSE,FALSE,"Enriched"
"K11751",255.716866525029,-0.277533066589072,0.167998478752478,-1.65199749813197,0.0985350608686183,0.186693176836814,FALSE,FALSE,"Suppressed"
"K05917",198.301005903498,-0.263771779476769,0.189800872850665,-1.3897290118592,0.164611181546911,0.279281002365675,FALSE,FALSE,"Suppressed"
"K07131",631.114830616558,0.853536339624228,0.120145924190023,7.1041639188215,0.00000000000121053112811871,0.0000000000242066536078557,TRUE,TRUE,"Enriched"
"K03602",465.556980459234,-0.0655543946409999,0.112220325723724,-0.584157943030649,0.559114054163276,0.689035485217583,FALSE,FALSE,"Suppressed"
"K18058",27.8924067918425,4.24875512348602,0.681796993605245,6.23170117107617,0.000000000461396987155848,0.00000000641015996506496,TRUE,TRUE,"Enriched"
"K01507",1423.92322658459,-0.003905128676549,0.0674278985209598,-0.0579156219044125,0.953815839528692,0.971345479112306,FALSE,FALSE,"Suppressed"
"K00004",131.884702718367,-0.145012851558279,0.215133452997454,-0.674059982479782,0.500273179807401,0.637652272444167,FALSE,FALSE,"Suppressed"
"K13778",130.818949008249,0.42585496043989,0.208778271045612,2.03974751925622,0.0413754793355164,0.0925033168868454,FALSE,FALSE,"Enriched"
"K02240",16.8231998088366,7.45856228419475,1.30160876045943,5.73026435498337,0.0000000100274238719508,0.000000113044839547187,TRUE,TRUE,"Enriched"
"K17105",73.9821846104174,-0.179887685514979,0.314293059219247,-0.572356532345475,0.56708045771056,0.696881666648541,FALSE,FALSE,"Suppressed"
"K19745",280.957839348303,-0.170889726259936,0.164932717535819,-1.03611781102693,0.300147183844059,0.441214189989134,FALSE,FALSE,"Suppressed"
"K21479",10.7090744127481,6.80328980668386,1.3743665944954,4.95012745066151,0.00000074164897410555,0.00000607156656787886,TRUE,TRUE,"Enriched"
"K02387",144.184516930288,-0.212119136000538,0.201565890387525,-1.05235630687674,0.292636107074875,0.432990688270175,FALSE,FALSE,"Suppressed"
"K13419",31.2121362127287,0.261186107472956,0.439615913224518,0.594123414589781,0.552429571298518,0.684393247074886,FALSE,FALSE,"Enriched"
"K03658",53.0131578289419,-1.52000431133741,0.371379742133675,-4.09285736105202,0.0000426089848613849,0.000233698020386319,TRUE,TRUE,"Suppressed"
"K09764",239.562605062024,0.410039003051651,0.190800898415658,2.14904125953529,0.0316311294353168,0.0737737125912034,FALSE,FALSE,"Enriched"
"K11899",12.6206681844633,-0.484190785833827,0.728429887947482,-0.664704721545878,0.50623937331026,0.644045460538022,FALSE,FALSE,"Suppressed"
"K18289",37.9116534873332,-0.315868919423101,0.433270382481866,-0.729034183259275,0.465980752812539,0.606749917037506,FALSE,FALSE,"Suppressed"
"K13571",967.177021903382,0.0503413762360349,0.0956657166021574,0.526221702236218,0.598734176951316,0.721961199135247,FALSE,FALSE,"Enriched"
"K08478",11.0444599717331,0.383718386549114,0.79605593317519,0.482024403760921,0.629788610395435,0.746485392968385,FALSE,FALSE,"Enriched"
"K21903",98.6959660976231,0.113202726169809,0.260158475648264,0.435129879538733,0.66346815627981,0.774151958130966,FALSE,FALSE,"Enriched"
"K05884",34.9505862645502,0.879706806155392,0.441637896423254,1.99191874900225,0.0463799734676347,0.101373251990933,FALSE,FALSE,"Enriched"
"K02856",53.2097728028949,-0.849097640369418,0.368724568484132,-2.30279648535532,0.0212902963774474,0.0528058225319446,TRUE,FALSE,"Suppressed"
"K07538",204.55734856585,-0.2195923119514,0.19518960355579,-1.12502053363019,0.260580333180736,0.397817134435372,FALSE,FALSE,"Suppressed"
"K17734",1660.0434828125,-0.693435794941537,0.0833367512441386,-8.32088825865178,0.000000000000000087306528650413,0.00000000000000254776324516205,TRUE,TRUE,"Suppressed"
"K10218",443.693425542334,0.219803046881621,0.124112376009392,1.77100023340933,0.0765606629093284,0.151555820540082,FALSE,FALSE,"Enriched"
"K15234",18.2923155761671,-0.225982001814064,0.648019918732639,-0.348726937678129,0.727294318968426,0.823123489594592,FALSE,FALSE,"Suppressed"
"K21009",9.88919303945761,0.425297633948585,0.789542830978676,0.538663157034064,0.590119300046477,0.714681813142069,FALSE,FALSE,"Enriched"
"K02188",148.067011425796,1.48656415336198,0.248264099627407,5.98783374476215,0.00000000212654268262082,0.0000000262015834773826,TRUE,TRUE,"Enriched"
"K03120",7.07526814267639,-0.00150972768517798,1.1353564320309,-0.00132973896354065,0.998939022123764,0.999330920504027,FALSE,FALSE,"Suppressed"
"K16925",220.962069546725,0.650804589090936,0.183731513403378,3.54215004838124,0.000396879646127548,0.00170222852442469,TRUE,TRUE,"Enriched"
"K21024",6.83690392956133,1.53485559891926,1.13148139627728,1.35650095880422,0.174939830511048,0.292157181349091,FALSE,FALSE,"Enriched"
"K07639",18.5999109707786,-0.0175205741941934,0.55702172283735,-0.0314540232020886,0.97490745815449,0.985802079636088,FALSE,FALSE,"Suppressed"
"K03934",4.57100667194462,1.16928104250138,1.38821889730012,0.842288665552283,0.399626393892126,0.543317292988871,FALSE,FALSE,"Enriched"
"K09807",1455.87856301955,0.402478238607358,0.0814720413244832,4.94007799564498,0.000000780913278915119,0.00000635886527116597,FALSE,FALSE,"Enriched"
"K15637",19.7109450140254,0.37691619943764,0.558675826528402,0.674659939700252,0.499891841733759,0.637432645355257,FALSE,FALSE,"Enriched"
"K01159",1399.07552012458,-0.0895255692305756,0.0763680393543759,-1.17229105248,0.241080222671703,0.374611026261074,FALSE,FALSE,"Suppressed"
"K02498",634.307149424873,-0.121753041225639,0.109488744127858,-1.11201422753977,0.266132033115682,0.40398818313891,FALSE,FALSE,"Suppressed"
"K09809",775.263851461767,0.261069926213006,0.130250665205016,2.00436539653812,0.0450309332294049,0.0989706889247352,FALSE,FALSE,"Enriched"
"K07127",201.690145024039,-0.154044544334913,0.191822349903716,-0.803058373605757,0.421940995898225,0.564841557063932,FALSE,FALSE,"Suppressed"
"K03650",1698.32424669302,0.0103974337145604,0.0694726641678673,0.149662228145404,0.881031110035874,0.930712625622335,FALSE,FALSE,"Enriched"
"K06208",219.696731270209,-0.15902632663046,0.169140326709838,-0.940203496847152,0.347113188461212,0.494363699942847,FALSE,FALSE,"Suppressed"
"K01212",27.0883922810357,6.26449812000433,1.10819807671043,5.65286860865148,0.0000000157791927452738,0.000000173713531684882,TRUE,TRUE,"Enriched"
"K00705",2443.99508160213,-0.367787123562839,0.0573538845250561,-6.41259308952587,0.00000000014306501130483,0.0000000021759439001201,FALSE,FALSE,"Suppressed"
"K10673",11.5994717966178,-0.600660247585765,0.776192351384758,-0.773854891141562,0.439016607732361,0.582205325192361,FALSE,FALSE,"Suppressed"
"K16556",11.0142773867973,0.421294595939512,0.787958890386982,0.534665705380399,0.592881039972121,0.716651921055436,FALSE,FALSE,"Enriched"
"K18005",111.877686188569,-0.886445316341864,0.256496901036367,-3.45596891330932,0.000548318554221698,0.00226043873565499,TRUE,TRUE,"Suppressed"
"K04655",1022.32872432328,-0.20580608581437,0.0887441734198404,-2.319094064246,0.0203899365492,0.0509670564887027,FALSE,FALSE,"Suppressed"
"K09800",4494.64299188515,-0.0742655630199955,0.0648640233295208,-1.14494228399483,0.252233066585053,0.387370754894584,FALSE,FALSE,"Suppressed"
"K00696",10.3045570824744,-1.01370213444166,0.80719304211091,-1.25583606591889,0.209175412498404,0.334933274042469,FALSE,FALSE,"Suppressed"
"K01494",2604.81730469352,1.19595806096925,0.0709841495084782,16.8482410404369,0.00000000000000000000000000000000000000000000000000000000000000108081765420719,0.000000000000000000000000000000000000000000000000000000000000411994179563103,TRUE,TRUE,"Enriched"
"K04760",592.993177867885,-0.115110075851314,0.115025672433941,-1.00073377895201,0.316955532098263,0.460923173645042,FALSE,FALSE,"Suppressed"
"K01868",6276.75617387265,0.0434659820941984,0.0383676630707993,1.1328806243422,0.257264387697921,0.39393811211891,FALSE,FALSE,"Enriched"
"K05275",1016.86981984378,1.05840845544719,0.0796087152746268,13.2951329737704,0.000000000000000000000000000000000000000247033666343719,0.0000000000000000000000000000000000000289741986736604,TRUE,TRUE,"Enriched"
"K06952",131.645539991372,0.585973502182478,0.219888364873002,2.66486815944496,0.00770185109473553,0.0224969299936743,TRUE,TRUE,"Enriched"
"K19510",43.9569277205933,4.08205926350491,0.537432687494035,7.59548006381769,0.0000000000000306653443416156,0.000000000000719338212075052,TRUE,TRUE,"Enriched"
"K19416",185.522297018286,-0.668445858724596,0.184245811557694,-3.62801115028485,0.000285612928826335,0.00127990687208803,TRUE,TRUE,"Suppressed"
"K16787",67.2621090561254,0.574446631002264,0.319865838881911,1.79589865866964,0.0725106358252497,0.145122266764918,FALSE,FALSE,"Enriched"
"K15510",96.7321412171506,-0.0341321339746533,0.251227376834685,-0.135861522755592,0.89193075375985,0.936902396786619,FALSE,FALSE,"Suppressed"
"K14472",7.18690449777096,0.738906202446135,1.15377027901876,0.640427488801796,0.521894716453746,0.658332135605252,FALSE,FALSE,"Enriched"
"K21397",484.434114708723,-0.372433230540737,0.136073777167308,-2.73699487361784,0.00620032592388942,0.0185644515512035,FALSE,FALSE,"Suppressed"
"K03405",1937.74053277102,-0.268876632372808,0.0615665384782056,-4.36725271582369,0.0000125819119444052,0.0000776691102721936,FALSE,FALSE,"Suppressed"
"K04562",216.097973094573,-0.144203765852623,0.189771852991792,-0.759879632196348,0.447326537396177,0.590018285376143,FALSE,FALSE,"Suppressed"
"K01921",5112.93372069624,0.111947967692889,0.0458620589418708,2.44097125763108,0.0146478205295306,0.0386573160578137,FALSE,FALSE,"Enriched"
"K01684",1338.31396874424,0.321525710723469,0.0693915910745945,4.63349673561795,0.00000359540431608709,0.0000257980834397825,FALSE,FALSE,"Enriched"
"K20262",10.4460243446447,2.33080039056274,0.816482618298305,2.85468464156719,0.00430795820141109,0.013634788308462,TRUE,TRUE,"Enriched"
"K02680",71.906991263747,-0.376436466032657,0.339004340664253,-1.11041783504913,0.266819016294827,0.404606956832957,FALSE,FALSE,"Suppressed"
"K07237",14.0172509004041,-0.0137630227145146,0.680405398033745,-0.0202276800776234,0.983861746891404,0.989703578144593,FALSE,FALSE,"Suppressed"
"K01705",36.7006410074573,0.283721282741306,0.429511443469233,0.660567458807718,0.508889743562629,0.646338722613177,FALSE,FALSE,"Enriched"
"K13953",2264.30461282845,-0.0246044591621273,0.0605827671179138,-0.406129669089545,0.684647327069743,0.789499725429828,FALSE,FALSE,"Suppressed"
"K23365",17.8527919658108,1.16951958260428,0.589063094957082,1.98538932860747,0.0471011723279342,0.102523215570332,FALSE,FALSE,"Enriched"
"K07245",242.662618262576,-0.433011844759836,0.164341921066628,-2.6348228251773,0.00841812111401562,0.0242386088706242,FALSE,FALSE,"Suppressed"
"K06975",548.865163979378,0.659085673708065,0.122513161127407,5.3797132295252,0.0000000746045830673808,0.000000729188064307621,TRUE,TRUE,"Enriched"
"K00974",1663.7560138112,-0.22571451156198,0.0782671160279723,-2.88389968887202,0.00392783848154327,0.0125752687133503,FALSE,FALSE,"Suppressed"
"K00528",2143.89932348418,0.0601589613249149,0.0574298097307269,1.0475215155158,0.294859114254309,0.43543480335037,FALSE,FALSE,"Enriched"
"K03752",1170.58799256285,0.0550905732898074,0.0762246746438026,0.722739369465928,0.469840023201454,0.610421272240145,FALSE,FALSE,"Enriched"
"K00042",212.866223182266,-0.406161691735943,0.172393889227317,-2.35600979568587,0.0184724305689123,0.0470018164538156,FALSE,FALSE,"Suppressed"
"K11725",7.35286907327387,-1.55580148547966,0.985092851275465,-1.5793450165284,0.114256941608982,0.209706014707548,FALSE,FALSE,"Suppressed"
"K02461",674.121154688566,-0.328760665120188,0.123009463827632,-2.67264529809566,0.00752557762322651,0.0220348045722796,FALSE,FALSE,"Suppressed"
"K09777",10.0780315586121,-0.472997941879704,0.780717886376984,-0.605850013344395,0.544614355232012,0.678431975604584,FALSE,FALSE,"Suppressed"
"K01783",1966.0347261307,0.0282196243810814,0.0612671856247549,0.460599325614841,0.645086095531032,0.758069382782999,FALSE,FALSE,"Enriched"
"K07445",28.1536673568832,-0.103397747915263,0.524504880455143,-0.19713400536052,0.843722673103292,0.906760278988014,FALSE,FALSE,"Suppressed"
"K01239",609.229309800634,0.0270783975693198,0.112416053531802,0.240876607197916,0.809650753143159,0.883174144087264,FALSE,FALSE,"Enriched"
"K09926",177.971615128235,-0.488763456355561,0.22105121957432,-2.21108690237845,0.0270298197661612,0.0646236263245069,FALSE,FALSE,"Suppressed"
"K13774",165.138449575339,0.0685243545173814,0.199819648263493,0.342931013605937,0.731650359453837,0.826116384442605,FALSE,FALSE,"Enriched"
"K01462",2331.21941640193,0.14166077177268,0.0573521761600194,2.47001563423557,0.0135107147213203,0.0360620783743248,FALSE,FALSE,"Enriched"
"K17213",38.9774856065762,1.08826077784076,0.424719645788423,2.56230383650038,0.0103980308232719,0.0289842733049066,TRUE,TRUE,"Enriched"
"K18844",352.022109940278,1.92582568046858,0.150571470724694,12.7901100467416,0.000000000000000000000000000000000000186210045278197,0.0000000000000000000000000000000000183759963202503,TRUE,TRUE,"Enriched"
"K22347",13.808205830455,-0.900253764237769,0.649317642572615,-1.3864612713601,0.16560609827652,0.280564331496804,FALSE,FALSE,"Suppressed"
"K07155",14.0387762621793,-1.73498424793512,0.666431812097116,-2.60339350019247,0.00923059410263971,0.0261119635584414,TRUE,TRUE,"Suppressed"
"K12645",37.413548972848,4.37410596995931,0.594590613825413,7.35650020073081,0.000000000000188794598407981,0.00000000000412709052218738,TRUE,TRUE,"Enriched"
"K05712",1181.16862764667,0.520813719936893,0.0890952883179501,5.84558094787561,0.00000000504803381908538,0.0000000587556455393163,TRUE,TRUE,"Enriched"
"K06885",360.022721279452,-0.345043252387792,0.132110836677381,-2.6117710027861,0.00900745661085083,0.0255756414662845,FALSE,FALSE,"Suppressed"
"K01804",819.085389433037,0.221229130140157,0.0953448656737077,2.3203045971794,0.0203244056087201,0.0508652235566614,FALSE,FALSE,"Enriched"
"K00939",1998.98915820973,-0.117090978418285,0.0596770089410618,-1.96207853737989,0.0497533412924258,0.107035495076721,FALSE,FALSE,"Suppressed"
"K13058",41.6015021487026,-1.66899072326864,0.410752700749162,-4.063249542181,0.0000483942445833833,0.00026234279814922,TRUE,TRUE,"Suppressed"
"K16118",166.130482497419,3.20828818254729,0.241116034861469,13.3059926287797,0.000000000000000000000000000000000000000213636848553632,0.0000000000000000000000000000000000000260594227865721,TRUE,TRUE,"Enriched"
"K09981",263.999465511828,0.156339898462215,0.165567052383483,0.944269383380119,0.345032007246837,0.492174760222957,FALSE,FALSE,"Enriched"
"K13661",32.2793463687081,-0.265329657986264,0.494338755076474,-0.536736509653624,0.591449633151569,0.715800608522564,FALSE,FALSE,"Suppressed"
"K22770",594.077572119432,0.351830724022165,0.140526385366176,2.50366308864619,0.0122915017053319,0.0333795448043107,FALSE,FALSE,"Enriched"
"K07552",2407.49756401312,0.35336996682961,0.0696884516271658,5.07071054929078,0.000000396333170172359,0.00000342384703240966,FALSE,FALSE,"Enriched"
"K11961",505.335450438452,-0.458525685410489,0.14602517228659,-3.14004550195349,0.0016892159527712,0.00599681495689846,FALSE,FALSE,"Suppressed"
"K11942",2451.56394123218,-0.436389615697869,0.0656268145770176,-6.64956265987489,0.0000000000293965181614059,0.000000000492553198534106,FALSE,FALSE,"Suppressed"
"K12256",149.961617425225,-0.386064164200693,0.225766058993611,-1.71001861804045,0.0872624302870965,0.169264354596194,FALSE,FALSE,"Suppressed"
"K07491",832.147962871169,0.053689026094434,0.0927641914322196,0.578768868304783,0.562745139903544,0.692670556664322,FALSE,FALSE,"Enriched"
"K07107",2806.99643620131,0.0596840085475476,0.0519973763616261,1.14782730829462,0.251039861508005,0.386564479872447,FALSE,FALSE,"Enriched"
"K07257",106.435026837965,-0.197611182114785,0.22707402176003,-0.87025006464024,0.384163761532481,0.52868131476605,FALSE,FALSE,"Suppressed"
"K03521",2710.83260199813,-0.0922314879065772,0.0588979232931819,-1.56595483761741,0.117359190439947,0.214111188301896,FALSE,FALSE,"Suppressed"
"K10439",2790.18383863644,0.211451677331419,0.0505935112236379,4.179422859124,0.0000292249829990261,0.000166738233218952,FALSE,FALSE,"Enriched"
"K21757",16.867089539574,0.684555515055172,0.69488411475135,0.985136227067338,0.324557160714448,0.468847494835959,FALSE,FALSE,"Enriched"
"K16053",190.557355502586,0.470144995053603,0.198953476938013,2.3630901167919,0.0181232620285069,0.0462709094478666,FALSE,FALSE,"Enriched"
"K02860",1197.20675578727,0.130648326235095,0.0738093294942307,1.77007875739214,0.076714021731941,0.151760888272173,FALSE,FALSE,"Enriched"
"K21166",273.04995010747,-0.546665554871909,0.153793100648055,-3.55455187890982,0.000378623806484121,0.00163542960038715,TRUE,TRUE,"Suppressed"
"K15751",15.9156746347229,-0.75186873664979,0.633037550366413,-1.187715857005,0.234945374328676,0.367230096881239,FALSE,FALSE,"Suppressed"
"K09456",2157.28817184145,0.0789730061080052,0.0650777488553964,1.21351779213329,0.224931916139293,0.354944309581772,FALSE,FALSE,"Enriched"
"K01581",1096.31015899585,0.238081159926623,0.0760531827980486,3.1304562303306,0.00174535006529354,0.0061638043128114,FALSE,FALSE,"Enriched"
"K10008",596.098020397385,0.612289161156915,0.126080550733791,4.85633317425553,0.0000011957943585387,0.00000937422852535673,TRUE,TRUE,"Enriched"
"K15598",158.149302203774,0.111461840586537,0.213029943364099,0.523221472185404,0.600820140689181,0.723332419672979,FALSE,FALSE,"Enriched"
"K18258",28.0274939385691,-0.469043367676403,0.509454996612887,-0.920676744353945,0.357219221266103,0.504070170261718,FALSE,FALSE,"Suppressed"
"K13275",8.76026059862752,4.58954094846851,1.27698759231943,3.59403722954927,0.000325593282713387,0.00142862836781939,TRUE,TRUE,"Enriched"
"K19131",22.5990941599187,0.68252064492375,0.502539152401259,1.35814421953492,0.17441792621306,0.291683654419057,FALSE,FALSE,"Enriched"
"K07302",1020.7046790795,-0.317073587835519,0.0831618792942697,-3.81272754447442,0.000137441595705997,0.000672757858917236,FALSE,FALSE,"Suppressed"
"K03151",255.059898731992,0.0832002139531005,0.173441740885486,0.479701215683905,0.63143986335155,0.747506158109686,FALSE,FALSE,"Enriched"
"K00348",40.4643832201379,-0.729708706814253,0.382846338513036,-1.90600936565939,0.0566489905479929,0.118974584487675,FALSE,FALSE,"Suppressed"
"K01547",2625.12971258218,-0.013170135070145,0.0667196907606931,-0.197395025666155,0.843518421986039,0.906700538542977,FALSE,FALSE,"Suppressed"
"K09702",257.235693592513,1.1070980652687,0.171306166498925,6.46268659146983,0.000000000102860189929962,0.00000000160036810811949,TRUE,TRUE,"Enriched"
"K03667",2569.57663426406,-0.0454052011771546,0.0640437618792705,-0.708971488319946,0.478342170248145,0.617702497637823,FALSE,FALSE,"Suppressed"
"K07062",81.7830655654733,-0.00378735279564668,0.280671958943512,-0.013493876659082,0.989233770876945,0.993632537644678,FALSE,FALSE,"Suppressed"
"K11752",2240.63591157545,0.023066938505544,0.056266956180846,0.409955328512977,0.681838717209275,0.788040829953004,FALSE,FALSE,"Enriched"
"K00958",1372.64361234829,0.193560950306715,0.0802319307579563,2.41251766569907,0.0158427696732397,0.0413015873467009,FALSE,FALSE,"Enriched"
"K05544",48.4448131429133,-0.335140527782435,0.400778240926931,-0.836224359404625,0.403028696978374,0.546481107797044,FALSE,FALSE,"Suppressed"
"K13540",98.4600152149888,-0.183464670086842,0.259253991004824,-0.707663821782508,0.479154049171879,0.618096562161441,FALSE,FALSE,"Suppressed"
"K20260",9.61075702426294,3.65646397348052,1.05966040503741,3.45059979225271,0.00055934233531649,0.00229571258620139,TRUE,TRUE,"Enriched"
"K05826",13.1375447037763,-0.0947822047135382,0.752364411650358,-0.125979117626826,0.89974845458316,0.940779328733532,FALSE,FALSE,"Suppressed"
"K07306",265.892598546761,-0.112493575996844,0.151236917607514,-0.743823517276275,0.456983250688687,0.599363378903236,FALSE,FALSE,"Suppressed"
"K15918",268.192723543939,-0.228312230884881,0.163345314023592,-1.39772746007214,0.16219492487873,0.276011955032192,FALSE,FALSE,"Suppressed"
"K02459",429.891796693663,-0.479501222875425,0.137506933834193,-3.4871057735431,0.000488278201971609,0.00204393188320168,FALSE,FALSE,"Suppressed"
"K02622",2217.27919491894,0.108147970465731,0.0703856676359988,1.53650557134758,0.124414432420548,0.224100302224727,FALSE,FALSE,"Enriched"
"K23777",43.0670554992398,1.13552914075448,0.387500262225693,2.93039579955978,0.00338530508417531,0.0110411634804199,TRUE,TRUE,"Enriched"
"K16247",24.5638939734142,0.0354312010342731,0.515992207669662,0.068666155239608,0.945255358798005,0.967376228762368,FALSE,FALSE,"Enriched"
"K19123",136.934358321542,1.98988423035265,0.240814167251166,8.26315267522125,0.000000000000000141874589698704,0.00000000000000406240902616149,TRUE,TRUE,"Enriched"
"K02083",133.003827591041,0.106949718362103,0.227792398932176,0.469505211163549,0.638708560863512,0.753041467756923,FALSE,FALSE,"Enriched"
"K08151",671.376699886842,-0.23820440923549,0.115414632493363,-2.06390129301141,0.0390270761357534,0.0878001244381999,FALSE,FALSE,"Suppressed"
"K03336",1254.89780337719,0.501198405136255,0.0785318735138337,6.38210172138535,0.000000000174673867061418,0.00000000261111743923428,TRUE,TRUE,"Enriched"
"K13584",419.015134323855,0.57895251915394,0.14373323205835,4.02796563371585,0.0000562615648931598,0.000301263638527991,TRUE,TRUE,"Enriched"
"K12424",4.59700280481092,5.58154119215093,1.61770123557047,3.45029172842453,0.000559981066059286,0.00229678851506092,TRUE,TRUE,"Enriched"
"K09796",592.369222454005,0.409772745682993,0.125382709315235,3.26817587465549,0.00108243079712913,0.00408776806915823,FALSE,FALSE,"Enriched"
"K10924",28.0320642116805,-1.22792765759964,0.486442936958439,-2.52429948983831,0.011592911769133,0.0317205782323654,TRUE,TRUE,"Suppressed"
"K01814",1613.67144434893,-0.266252452701749,0.0664018015682468,-4.00971730304784,0.0000607914852941312,0.000323249580478558,FALSE,FALSE,"Suppressed"
"K16559",18.4650918049433,-1.46964800513309,0.618473375066319,-2.37625104714573,0.0174895589460426,0.0448942845167988,TRUE,TRUE,"Suppressed"
"K05524",490.275508527685,-0.16094365516643,0.119787171072903,-1.34358006558547,0.179084219248218,0.29766092242901,FALSE,FALSE,"Suppressed"
"K18138",7243.31271681763,-0.273444228321697,0.0559600742699006,-4.8864164654759,0.00000102687866505933,0.00000815486064869381,FALSE,FALSE,"Suppressed"
"K17245",31.6127230114929,0.568662900193791,0.451319741065391,1.260000058609,0.207669341099855,0.333046361127535,FALSE,FALSE,"Enriched"
"K09004",220.101039910363,-0.225354192018705,0.16012519636802,-1.40736247093035,0.159319933639712,0.272182710159272,FALSE,FALSE,"Suppressed"
"K03335",727.843426207484,0.48903763713721,0.110188219954612,4.43820253506817,0.00000907132410740418,0.0000582992684205038,FALSE,FALSE,"Enriched"
"K11196",94.7857813953035,0.322390574079693,0.252101246662163,1.2788138827085,0.200962603992641,0.32493450593419,FALSE,FALSE,"Enriched"
"K18926",125.118651087353,0.347023589140594,0.220788809168602,1.57174446679313,0.116009825163155,0.212220732954433,FALSE,FALSE,"Enriched"
"K06139",335.695960489307,-0.442343589595911,0.13230699414747,-3.34331221449164,0.000827847021758413,0.00324697040881322,FALSE,FALSE,"Suppressed"
"K03921",683.958412946715,0.610365950419383,0.115129359055088,5.3015664764305,0.000000114813225517793,0.00000109584642008297,TRUE,TRUE,"Enriched"
"K01556",2117.78917627936,0.208545842144871,0.0601468631863393,3.46727711300223,0.000525759565491094,0.00218353220421248,FALSE,FALSE,"Enriched"
"K18098",46.8113521712747,0.031363999497751,0.379590346559848,0.0826259144417046,0.934148994981722,0.960771453691994,FALSE,FALSE,"Enriched"
"K00605",3922.95395917361,-0.0405167459491364,0.0532794962500038,-0.76045662592265,0.446981686464084,0.589690959494797,FALSE,FALSE,"Suppressed"
"K01875",3692.94029918967,-0.0563403628790303,0.0486348912506187,-1.15843505414055,0.246686540921647,0.381089466332605,FALSE,FALSE,"Suppressed"
"K05602",785.778054660463,0.238143763968184,0.0937463814112262,2.54029820013582,0.0110757989643833,0.0305661981374541,FALSE,FALSE,"Enriched"
"K08757",15.1653881801624,0.013045779999882,0.602243983401601,0.0216619515668661,0.982717614896658,0.988747964054426,FALSE,FALSE,"Enriched"
"K18362",24.0450029965369,-0.925155309269505,0.50806510706901,-1.82093849075103,0.0686162073841009,0.138837823734085,FALSE,FALSE,"Suppressed"
"K18200",11.2845669084634,0.250927985402765,0.819002754495438,0.306382346122088,0.759313548236923,0.846472917327178,FALSE,FALSE,"Enriched"
"K03778",234.843345323501,0.938017888862525,0.164503832042994,5.70210357541925,0.0000000118337883003699,0.000000131704881102109,TRUE,TRUE,"Enriched"
"K02054",1349.41335828462,-0.026477564963235,0.0698815431746629,-0.378892104558376,0.704767987505025,0.805237874744613,FALSE,FALSE,"Suppressed"
"K00824",464.764065210792,-0.227450366460776,0.118232830483908,-1.92374965168185,0.0543859711242925,0.115020367864722,FALSE,FALSE,"Suppressed"
"K03075",730.71888778655,0.0250402125159996,0.106944329702824,0.234142498116367,0.814874354033804,0.887327028254271,FALSE,FALSE,"Enriched"
"K22478",370.419593676469,-0.368829977164039,0.139625029938551,-2.6415749190984,0.00825215539235605,0.0238078977000849,FALSE,FALSE,"Suppressed"
"K08964",255.595276827372,-0.353210826655151,0.178448250019749,-1.97934598190826,0.0477770658637123,0.103756619538674,FALSE,FALSE,"Suppressed"
"K00468",72.2139583898318,2.87195681007654,0.33774207336134,8.50340255655362,0.000000000000000018411308420389,0.00000000000000054775887832172,TRUE,TRUE,"Enriched"
"K18983",131.979980130407,0.0274625486312606,0.232581425761644,0.118077135959279,0.906006539562856,0.94487229248699,FALSE,FALSE,"Enriched"
"K11312",13.4612508649531,-0.999443497281797,0.741803912235401,-1.34731494509109,0.177878820792833,0.296092502187633,FALSE,FALSE,"Suppressed"
"K00253",1308.24527797101,0.0758526968988376,0.0984843638691289,0.770200404600618,0.4411810239509,0.58418651000359,FALSE,FALSE,"Enriched"
"K06934",153.744689333273,0.382681631411915,0.19887047862174,1.92427570981911,0.0543200335787472,0.115020367864722,FALSE,FALSE,"Enriched"
"K22226",85.600976663774,0.244949371642727,0.284343718687979,0.861455188013206,0.388987391769891,0.533251090673087,FALSE,FALSE,"Enriched"
"K06901",2019.99115309535,0.368410928692706,0.0595372304115177,6.18790840867593,0.000000000609677330132279,0.00000000819035690853913,FALSE,FALSE,"Enriched"
"K11720",1510.61420398838,0.0721534578465508,0.0821907582052529,0.877877992880463,0.380009933227024,0.525432006971575,FALSE,FALSE,"Enriched"
"K00016",292.544854220006,-0.554459529089285,0.142860443469529,-3.88112703295328,0.000103973510605575,0.000523645285865732,TRUE,TRUE,"Suppressed"
"K22515",825.26902505613,-0.570307084518383,0.0951316219927286,-5.99492652991846,0.00000000203577459655355,0.000000025236157041423,TRUE,TRUE,"Suppressed"
"K01991",1463.21478968284,-0.00772312005924449,0.0836207012089201,-0.092358948772133,0.926412854106918,0.956524800609124,FALSE,FALSE,"Suppressed"
"K05366",7468.29647884752,0.155449320655694,0.0519396564911302,2.99288311008063,0.00276355571606412,0.00925078282781289,FALSE,FALSE,"Enriched"
"K14591",18.3798862258994,-1.27061855353553,0.613144758026613,-2.07229783326367,0.0382376743719546,0.0861750174071504,TRUE,FALSE,"Suppressed"
"K07318",113.431250761037,0.169449430380039,0.238412981593368,0.710739110125507,0.477245919069019,0.617070778122101,FALSE,FALSE,"Enriched"
"K19156",9.78902297077611,-1.08788107358728,1.01158547928232,-1.07542179664252,0.282185927487267,0.421078971789762,FALSE,FALSE,"Suppressed"
"K00274",2180.66577401984,-0.0701549040445473,0.0616202110703627,-1.1385047669577,0.254909769495104,0.390823198630125,FALSE,FALSE,"Suppressed"
"K13652",217.841800294463,-0.760828471677572,0.191234296103218,-3.97851477052482,0.0000693471039287859,0.000363357377028922,TRUE,TRUE,"Suppressed"
"K00320",763.689624057564,-0.0942494512580618,0.0921134898815854,-1.02318836664665,0.306218792244688,0.448532102907238,FALSE,FALSE,"Suppressed"
"K20484",319.406832398272,2.25695669961079,0.150615642371459,14.9848758341084,0.00000000000000000000000000000000000000000000000000921977099512205,0.00000000000000000000000000000000000000000000000170398131209847,TRUE,TRUE,"Enriched"
"K07260",507.761332052475,0.246543177030657,0.12417225737472,1.98549323530982,0.0470896220036818,0.102523215570332,FALSE,FALSE,"Enriched"
"K04026",42.9458748897608,0.0449794638819536,0.443235565162294,0.10147981664216,0.919169578825528,0.951822509228183,FALSE,FALSE,"Enriched"
"K19072",15.7269983289244,-0.184159001356983,0.591150427954339,-0.311526462044967,0.755400429212909,0.843652667601086,FALSE,FALSE,"Suppressed"
"K16035",13.0490215994358,2.17276782315163,0.772070797364665,2.81420801119277,0.00488975765710347,0.0151460802187273,TRUE,TRUE,"Enriched"
"K13472",19.4393106134657,0.318161473484539,0.543445375915119,0.585452535958707,0.55824347247035,0.688418035808654,FALSE,FALSE,"Enriched"
"K01067",19.8602113790299,-1.1770889853304,0.585324773665773,-2.01100147864668,0.0443253005343292,0.097630916561529,TRUE,FALSE,"Suppressed"
"K01525",453.829225786603,-0.355707349854597,0.132919482790115,-2.67611145023993,0.00744818726140583,0.0218396606285164,FALSE,FALSE,"Suppressed"
"K03640",1112.08892454544,-0.0344672490957105,0.0780576189701348,-0.441561625251443,0.658806458314697,0.769595975725213,FALSE,FALSE,"Suppressed"
"K07477",73.0171929876619,-0.115402857372265,0.304993362567743,-0.378378258466634,0.705149616960425,0.805237874744613,FALSE,FALSE,"Suppressed"
"K01574",173.094070479256,-0.64200531199664,0.197528333163564,-3.2501935378811,0.0011532649364174,0.00432580740910808,TRUE,TRUE,"Suppressed"
"K01565",21.4311935598777,-0.296590593065645,0.505183120641263,-0.587095215471892,0.55713976073668,0.6882712985078,FALSE,FALSE,"Suppressed"
"K00333",5180.41582581891,-0.0565020204920983,0.0436423768146338,-1.29465956293087,0.195437695239233,0.318199280102532,FALSE,FALSE,"Suppressed"
"K16033",41.2979088718963,1.04791376805087,0.419609751557334,2.49735322918892,0.0125124249908239,0.0338568234334671,TRUE,TRUE,"Enriched"
"K07716",712.563997913614,0.414071560949004,0.100778295088121,4.10873750728706,0.0000397827935558021,0.000219380884174355,FALSE,FALSE,"Enriched"
"K18372",37.8065578702219,-0.535448830158178,0.413652319138132,-1.29444174584544,0.195512878875411,0.318236735591441,FALSE,FALSE,"Suppressed"
"K16555",23.4272878729358,-0.0737054497348471,0.528076368793078,-0.139573467192447,0.888997005496522,0.935632913981586,FALSE,FALSE,"Suppressed"
"K08224",184.283124806293,1.25015247740209,0.201706718320143,6.19787227621186,0.000000000572315526277027,0.00000000775678309947464,TRUE,TRUE,"Enriched"
"K13770",203.164152356854,-0.158512430633978,0.179639936443788,-0.882389705607468,0.377566100727864,0.522645403617622,FALSE,FALSE,"Suppressed"
"K16199",14.0715761854558,-0.600778970247057,0.719951887796339,-0.834470997896745,0.404015623729078,0.547356400676078,FALSE,FALSE,"Suppressed"
"K00783",618.643549915658,0.052473705022653,0.109735021331966,0.478185581829085,0.632518123664981,0.747911600665514,FALSE,FALSE,"Enriched"
"K09791",124.840017660341,0.172662485395882,0.239540842339415,0.720806037540896,0.471028860245584,0.611105087989325,FALSE,FALSE,"Enriched"
"K11083",13.4175149639353,-0.580737807565697,0.691699269456328,-0.839581351621427,0.401143158755871,0.544650962878908,FALSE,FALSE,"Suppressed"
"K13327",89.4405828985929,2.86297688719815,0.328610661586815,8.71236761879006,0.00000000000000000297592750095346,0.0000000000000000950271299911787,TRUE,TRUE,"Enriched"
"K00324",3550.77675266353,-0.169015381315859,0.0472660458392628,-3.57583077481514,0.00034911744075886,0.00152308102373983,FALSE,FALSE,"Suppressed"
"K15495",122.633747282985,0.113655257983158,0.22309218140747,0.509454241139769,0.610433864784857,0.730428191645215,FALSE,FALSE,"Enriched"
"K19687",25.7056211404234,-0.500835958236323,0.504444197883926,-0.992847098524002,0.320784473452351,0.46504979880815,FALSE,FALSE,"Suppressed"
"K02233",323.257285968762,0.0584289214274106,0.153964879230312,0.379495127197212,0.704320222086946,0.805182574415798,FALSE,FALSE,"Enriched"
"K13669",21.421789130641,-0.745947891540471,0.534261409265668,-1.39622267040729,0.162647451901653,0.276511258951099,FALSE,FALSE,"Suppressed"
"K14287",704.047070535891,-0.538363644147121,0.135618725008961,-3.96968518994371,0.0000719676537952713,0.00037579684974089,TRUE,TRUE,"Suppressed"
"K01026",232.898924747841,-0.294953125267134,0.169099122294183,-1.74426171623767,0.0811134640406675,0.159224659537828,FALSE,FALSE,"Suppressed"
"K03669",655.027882035548,-0.184011607994346,0.0962481322574828,-1.91184601382267,0.055895947869289,0.11771732943881,FALSE,FALSE,"Suppressed"
"K09931",344.358862353395,0.424337223327843,0.134352880195655,3.15837831470296,0.00158649527074384,0.00569513517143419,FALSE,FALSE,"Enriched"
"K01790",1105.99560655813,0.0600187755325315,0.0861845306518546,0.696398472888127,0.486179319143773,0.623991512512178,FALSE,FALSE,"Enriched"
"K15987",7327.00488887459,-0.0514142046173532,0.0406342595200869,-1.26529202757927,0.205766663402448,0.331039535766692,FALSE,FALSE,"Suppressed"
"K03153",934.596159225294,0.319731280833418,0.0886189491761878,3.60793356054973,0.000308645497598808,0.00136605870091083,FALSE,FALSE,"Enriched"
"K16176",8.28611502320697,-0.0341969391294962,0.974138061382181,-0.0351048177719029,0.971996159755262,0.983934369850181,FALSE,FALSE,"Suppressed"
"K16511",10.3607454666497,6.75601712216896,1.39112733877428,4.85650517667323,0.00000119475659403561,0.00000937422852535673,TRUE,TRUE,"Enriched"
"K03566",1240.01238484585,0.156349608285649,0.0762365271003519,2.05084903828112,0.0402816503000021,0.0903559342330683,FALSE,FALSE,"Enriched"
"K05873",233.690020957789,-0.123695721959286,0.170689222229814,-0.724683845549094,0.468646007814587,0.60930974241338,FALSE,FALSE,"Suppressed"
"K03310",608.993689760105,0.221426658434599,0.100992702623252,2.19250156380723,0.0283433103013029,0.06728915902205,FALSE,FALSE,"Enriched"
"K02670",1675.89217633684,-0.429024470191317,0.0842126135588958,-5.09453931020998,0.000000349590294901628,0.00000305465789198428,FALSE,FALSE,"Suppressed"
"K17329",594.751390551156,0.879958867797659,0.118163789921149,7.44694181174164,0.0000000000000955287271041726,0.00000000000214202098017775,TRUE,TRUE,"Enriched"
"K07677",10.2644285107777,0.366349672845054,0.76313235868976,0.480060462216604,0.631184401086831,0.747493914995841,FALSE,FALSE,"Enriched"
"K11325",45.3164221610424,-1.06223524595946,0.366941897059397,-2.89483227309831,0.00379361175706109,0.0121903256619155,TRUE,TRUE,"Suppressed"
"K06415",528.308428275256,-0.695258100132126,0.107819264357289,-6.44836620131443,0.000000000113062313409017,0.00000000174573936577619,TRUE,TRUE,"Suppressed"
"K00598",541.27973240237,0.299511815514173,0.114292627293037,2.62056987058535,0.0087782939739617,0.0250649882711575,FALSE,FALSE,"Enriched"
"K12957",45.0638055776006,-0.519172685596611,0.354605150423875,-1.46408670312888,0.143170259907162,0.250486349734302,FALSE,FALSE,"Suppressed"
"K07184",32.17167870884,-1.51314444424171,0.456648349699059,-3.31358789589168,0.000921071520386647,0.00355320379686158,TRUE,TRUE,"Suppressed"
"K00263",1073.33452452214,0.217882786355191,0.1024352515722,2.12702934791565,0.0334176448118823,0.0773195052001783,FALSE,FALSE,"Enriched"
"K22010",570.872894146657,0.143655412097583,0.111030854045255,1.29383326223025,0.19572302070959,0.318493784233668,FALSE,FALSE,"Enriched"
"K00068",8.4379834783487,-1.19862517926784,0.867629533519055,-1.38149421263507,0.167127056052641,0.282736251446591,FALSE,FALSE,"Suppressed"
"K01621",3465.51692100205,-0.00340049363741707,0.0493574260492769,-0.0688952789803528,0.945072976419871,0.967376228762368,FALSE,FALSE,"Suppressed"
"K16047",533.706476018871,-0.580245822836778,0.119613961923127,-4.85098740571513,0.00000122848347789143,0.00000960088234477127,TRUE,TRUE,"Suppressed"
"K00817",4088.87951573918,0.0445973235947394,0.044382404882868,1.0048424305181,0.314972729002744,0.45825827151425,FALSE,FALSE,"Enriched"
"K13408",82.306665432184,-0.543103840325211,0.313598475515006,-1.73184464444,0.0833012268740375,0.162837879072037,FALSE,FALSE,"Suppressed"
"K23054",76.0450454398023,-0.718656831193438,0.291447111540905,-2.46582245194965,0.0136699074176898,0.0363755520682766,TRUE,TRUE,"Suppressed"
"K03166",127.626355837987,-0.566555155735315,0.214840751683566,-2.6370935276273,0.00836197729005506,0.0240905524289305,TRUE,TRUE,"Suppressed"
"K03672",434.619445820582,-0.292829367026507,0.11911373777273,-2.45840129360416,0.0139557134183861,0.0370552442920055,FALSE,FALSE,"Suppressed"
"K07307",66.9802335003916,-0.586235335299169,0.375664341719393,-1.56052962763515,0.118634774147951,0.21596003516452,FALSE,FALSE,"Suppressed"
"K00634",17.046057530778,0.794267379482259,0.627374381632416,1.2660181906306,0.205506569738737,0.330795610672093,FALSE,FALSE,"Enriched"
"K01206",1502.31085649627,-0.462920514162968,0.0676031958349923,-6.84761287458771,0.00000000000750924389398777,0.000000000133136274736719,FALSE,FALSE,"Suppressed"
"K05522",1422.60677412495,0.244276503721745,0.0702060681120748,3.47942151284971,0.000502497537343899,0.00209626024641617,FALSE,FALSE,"Enriched"
"K00180",424.505547074895,-0.445593121762144,0.123952284421827,-3.59487623677614,0.00032454582216048,0.00142505757333101,FALSE,FALSE,"Suppressed"
"K03387",473.000130291674,-0.237555068322023,0.111823378466368,-2.12437749225641,0.0336385905375106,0.0777717072358897,FALSE,FALSE,"Suppressed"
"K03748",26.9811530333946,-1.50376253609552,0.481402218770114,-3.12371334709951,0.00178584344640843,0.00628497356009522,TRUE,TRUE,"Suppressed"
"K02575",3831.69298895707,0.104878809737298,0.0498626401219994,2.10335452516534,0.0354347904553441,0.0811858703933673,FALSE,FALSE,"Enriched"
"K09710",1077.0755665966,0.225792435919386,0.0808868552184169,2.79146018607948,0.00524708124735884,0.0160571743741302,FALSE,FALSE,"Enriched"
"K02205",43.2730305526121,6.94829617724926,1.07904193703997,6.43931986212683,0.000000000120010052631226,0.00000000184833664393396,TRUE,TRUE,"Enriched"
"K21645",38.102809254266,1.20999921871837,0.411723987552911,2.93886014732837,0.0032942168228882,0.0107728838620885,TRUE,TRUE,"Enriched"
"K09516",270.703693549718,-0.776214684163896,0.155589513442057,-4.98886246888975,0.000000607358654655288,0.00000504670358956758,TRUE,TRUE,"Suppressed"
"K19692",10.3723044823289,1.65838061133963,1.00545976912385,1.64937540244372,0.0990707507536372,0.187475181149995,FALSE,FALSE,"Enriched"
"K07183",133.413913160237,0.0766428192717331,0.233915344467238,0.327651952232094,0.743174836105448,0.83518916047009,FALSE,FALSE,"Enriched"
"K16516",24.1580110445744,-0.184018070402025,0.544692061925923,-0.337838722582763,0.735484727344973,0.829460309185834,FALSE,FALSE,"Suppressed"
"K21006",37.2327811779501,-0.6275625385024,0.420860145909257,-1.49114271000065,0.135924031062262,0.240290047956155,FALSE,FALSE,"Suppressed"
"K03882",5.81091109214308,-0.925373981255156,1.31518917096217,-0.703605231617112,0.481678652426575,0.620434657053787,FALSE,FALSE,"Suppressed"
"K00135",5315.09442916276,0.0774116876810541,0.043571866032323,1.77664384682602,0.0756268566393861,0.149950649754101,FALSE,FALSE,"Enriched"
"K22233",16.8254965297524,-0.177919716823074,0.625298903058982,-0.284535469281467,0.776000056233812,0.858951786382944,FALSE,FALSE,"Suppressed"
"K13876",140.801389830923,-0.277803960037332,0.210471819147443,-1.31991048095004,0.186864907843597,0.307359512658603,FALSE,FALSE,"Suppressed"
"K05563",60.4475249460786,-0.157533138996294,0.351493464667361,-0.448182270317249,0.654021657176401,0.76591361119794,FALSE,FALSE,"Suppressed"
"K00232",670.156229775887,-0.510784013044488,0.1184005690694,-4.31403342956143,0.000016030269074106,0.0000968965422031441,TRUE,TRUE,"Suppressed"
"K09689",80.77091477054,1.25994920183198,0.296670573240561,4.24696385647364,0.0000216686899093739,0.000127074365151223,TRUE,TRUE,"Enriched"
"K06937",494.201537568707,-0.782122377181887,0.126403458863832,-6.18750771705091,0.000000000611228556829831,0.00000000819314938045086,TRUE,TRUE,"Suppressed"
"K19664",96.7665353507517,0.281939015969788,0.255977376460227,1.10142161728732,0.270713201313054,0.408986825565597,FALSE,FALSE,"Enriched"
"K00451",2645.4231150295,0.05601011911587,0.0540995099272958,1.03531657109541,0.3005210934383,0.441550987444035,FALSE,FALSE,"Enriched"
"K09163",220.889435805315,-0.155817141720112,0.171777257367975,-0.907088307891227,0.364360100526494,0.511328176049491,FALSE,FALSE,"Suppressed"
"K14082",7.34440458050139,0.343047087073686,1.10036820136443,0.311756634414113,0.755225483296445,0.843652667601086,FALSE,FALSE,"Enriched"
"K17733",53.2221947179876,-0.113867885772595,0.353677051219389,-0.321954408350804,0.747487233840478,0.838500025601081,FALSE,FALSE,"Suppressed"
"K15986",135.151542566945,0.173942669978815,0.219886808202807,0.791055504422912,0.428911602810155,0.572038457366965,FALSE,FALSE,"Enriched"
"K21898",15.0667481534031,0.377525264948776,0.66420239177257,0.568388897157186,0.569770927805195,0.698779989681054,FALSE,FALSE,"Enriched"
"K00283",1838.68120103201,0.0917720747005411,0.0683123703370668,1.34341809906053,0.179136629563782,0.29766092242901,FALSE,FALSE,"Enriched"
"K01154",254.343055751109,0.452097137895889,0.170229154279476,2.65581497957542,0.00791170091013916,0.0229669033083954,FALSE,FALSE,"Enriched"
"K06859",21.972202050363,1.95344808757083,0.548458845979901,3.56170404012851,0.000368455597670896,0.00159830063313997,TRUE,TRUE,"Enriched"
"K01739",2530.3991274254,-0.254157203364471,0.0531628135032893,-4.78073274562013,0.00000174657421934292,0.0000133655660775062,FALSE,FALSE,"Suppressed"
"K09957",328.513314209555,0.971145350795118,0.142758406391601,6.80271919070859,0.0000000000102662642102611,0.000000000178896986909665,TRUE,TRUE,"Enriched"
"K01768",8999.33902259171,-0.187953630762777,0.0408717293869268,-4.59862192234263,0.0000042529479358954,0.0000295429720512825,FALSE,FALSE,"Suppressed"
"K00821",2622.64137108219,0.13494426588241,0.0518875896514652,2.60070407565365,0.00930326666925226,0.0262688071369303,FALSE,FALSE,"Enriched"
"K19265",1103.00717165973,0.141555104426183,0.0836824146572027,1.6915752850351,0.0907269821356939,0.174446363192181,FALSE,FALSE,"Enriched"
"K02002",343.167258364191,0.682943333280231,0.133451940668097,5.11752268165776,0.000000309574843770697,0.00000273241240543775,TRUE,TRUE,"Enriched"
"K05970",767.664933707052,-0.588176772258188,0.0960980267745795,-6.12059156675396,0.00000000093228590090859,0.0000000121236923446514,TRUE,TRUE,"Suppressed"
"K10447",5.06372336353138,-0.297264492539406,1.22158581570681,-0.243343110829597,0.807739610260665,0.882656489713644,FALSE,FALSE,"Suppressed"
"K01134",38.3223167311245,-1.47162504082454,0.43890694160576,-3.35293179788986,0.000799604074670297,0.00314225853828231,TRUE,TRUE,"Suppressed"
"K03772",871.82968234301,-0.354623136330242,0.104334856093725,-3.39889419133026,0.000676588857531829,0.00271481279084646,FALSE,FALSE,"Suppressed"
"K23775",237.819477304344,1.42778713169711,0.183249993413661,7.7914716671999,0.00000000000000662331666300517,0.000000000000169019281705726,TRUE,TRUE,"Enriched"
"K15737",12.8118716264461,3.00309528754743,0.874281961598577,3.43492765429637,0.000592712040045228,0.002419645737775,TRUE,TRUE,"Enriched"
"K16050",177.692939937971,-0.828283032945615,0.191348143802566,-4.3286703308721,0.0000150012289183661,0.0000911279832401543,TRUE,TRUE,"Suppressed"
"K05830",101.374818877232,-0.155509092539397,0.249289256924901,-0.623809844265549,0.532752473821017,0.668709063147641,FALSE,FALSE,"Suppressed"
"K08967",221.379481219819,-0.29895723441966,0.177847353388285,-1.68097657189737,0.0927674652777259,0.177885161492751,FALSE,FALSE,"Suppressed"
"K01668",543.12672711978,-0.294858205290608,0.106838370061613,-2.75985308574593,0.00578273602000697,0.017494497512908,FALSE,FALSE,"Suppressed"
"K01610",2284.56804422744,0.0722054365828628,0.0618269616205951,1.16786325399517,0.242861928402363,0.376803587210891,FALSE,FALSE,"Enriched"
"K16887",78.7925845709678,-0.461959990548517,0.267446596143742,-1.72729807449197,0.0841141448296908,0.164374293276605,FALSE,FALSE,"Suppressed"
"K02931",2013.21784426191,0.105157192805818,0.0691117500654521,1.52155303123172,0.128121113919654,0.228884204392492,FALSE,FALSE,"Enriched"
"K11749",2507.88496709635,-0.060017415284892,0.0588107011364539,-1.02051861523702,0.307482565313036,0.449828775688225,FALSE,FALSE,"Suppressed"
"K02347",2330.24910954503,-0.243426139759785,0.061629427398934,-3.94983614214134,0.0000782047122043555,0.000405932374242012,FALSE,FALSE,"Suppressed"
"K02423",11.3060062711244,0.375836923634745,0.718208830933703,0.523297552810845,0.600767203715637,0.723332419672979,FALSE,FALSE,"Enriched"
"K02651",189.217975800851,0.540403361517783,0.245188591023597,2.20403143254644,0.0275221336064638,0.0656462623644203,TRUE,FALSE,"Enriched"
"K20628",141.291818550693,1.39623007641464,0.227190530755109,6.14563499532314,0.000000000796442425647138,0.0000000105597877261346,TRUE,TRUE,"Enriched"
"K17326",77.3506836752638,0.162595106491632,0.30356530416816,0.535618215451798,0.592222437026771,0.716233322115065,FALSE,FALSE,"Enriched"
"K16792",13.5465097358121,-0.210157134337899,0.697952809552206,-0.301105076821357,0.763334369833191,0.849402722425221,FALSE,FALSE,"Suppressed"
"K01751",191.352786484726,-0.0478915653462809,0.174763593920808,-0.274036281080272,0.784056740194133,0.865513494740999,FALSE,FALSE,"Suppressed"
"K16849",14.5579076428886,1.29223019621873,0.665826631631728,1.94079079272015,0.0522836582661258,0.111223589733206,FALSE,FALSE,"Enriched"
"K01160",13.7528724962751,0.60037419444442,0.690405697719969,0.869596233674093,0.384521096761059,0.52868131476605,FALSE,FALSE,"Enriched"
"K06446",178.14372707876,-0.101397149653333,0.187540686856318,-0.540667475165094,0.588736800507892,0.713716109381362,FALSE,FALSE,"Suppressed"
"K01023",21.2052824842438,0.325424283457377,0.519667625496027,0.6262161956823,0.53117314568197,0.667276007315002,FALSE,FALSE,"Enriched"
"K15836",455.999625315817,-0.847517108776374,0.131910843738278,-6.42492371937155,0.000000000131935660695514,0.00000000202179797633653,TRUE,TRUE,"Suppressed"
"K10189",58.0479741834023,1.02553149101576,0.338982683742615,3.02532117479615,0.00248369228424815,0.00841578097315277,TRUE,TRUE,"Enriched"
"K16427",181.479256928573,2.3367716915501,0.203155217206238,11.5023956740322,0.00000000000000000000000000000128304025276384,0.0000000000000000000000000000899455459954786,TRUE,TRUE,"Enriched"
"K02890",1096.4684048058,0.106947304104438,0.0820993116147973,1.30265774463768,0.192691634141306,0.314905218817746,FALSE,FALSE,"Enriched"
"K02016",3099.90136456426,0.49378761789506,0.0514294178282216,9.60126788804708,0.000000000000000000000789669826662528,0.0000000000000000000327632399511208,FALSE,FALSE,"Enriched"
"K19071",15.4647069425365,-1.29972334427232,0.700203087350992,-1.85620910240404,0.0634237591795696,0.130199093650688,FALSE,FALSE,"Suppressed"
"K21684",16.1119081248032,1.43713246760767,0.712846902359048,2.01604645100051,0.0437951187374137,0.0966376371850529,TRUE,FALSE,"Enriched"
"K07709",124.513564745749,-0.0581889140567838,0.21599258379343,-0.269402370372282,0.787620062279055,0.867950792207828,FALSE,FALSE,"Suppressed"
"K07456",1649.60020952794,-0.199059297768505,0.069861483627233,-2.8493425480433,0.00438096840879399,0.0138299825699972,FALSE,FALSE,"Suppressed"
"K01185",99.5608143874678,0.20581602500477,0.255583706383269,0.805278348597587,0.420659073109879,0.563799152626243,FALSE,FALSE,"Enriched"
"K02032",1645.74594465704,0.412233173266566,0.0709538489672692,5.80987753683,0.00000000625185572012245,0.0000000724906236445376,FALSE,FALSE,"Enriched"
"K00433",858.942063512871,0.718180701760185,0.117246688487408,6.12538154403666,0.00000000090466554982294,0.0000000117896478383977,TRUE,TRUE,"Enriched"
"K09858",218.446028387316,0.375303544712954,0.173030178174277,2.16900628938235,0.0300822064190186,0.07081102931285,FALSE,FALSE,"Enriched"
"K16969",10.8301452645255,-0.4538522615877,0.761064098274223,-0.596339076586123,0.550948731103635,0.68311370420839,FALSE,FALSE,"Suppressed"
"K09973",1222.52600027051,0.194932790455583,0.109577800238005,1.77894418424339,0.0752489132438131,0.149395547485031,FALSE,FALSE,"Enriched"
"K11105",1962.49181972341,0.220392649248961,0.0607606845089653,3.62722459481907,0.000286484085438031,0.00128286816232493,FALSE,FALSE,"Enriched"
"K09633",6.65429019155323,-0.0554646877072123,1.05599455502329,-0.0525236493345263,0.958111451895692,0.974082637958297,FALSE,FALSE,"Suppressed"
"K15763",7.30415343745542,-0.954777082253706,0.938582976392724,-1.01725378178413,0.309032717130868,0.451771462555408,FALSE,FALSE,"Suppressed"
"K06897",464.08327510954,-0.350807328982613,0.123126919429948,-2.84915216434211,0.00438359095302055,0.0138311025465455,FALSE,FALSE,"Suppressed"
"K16554",2005.32714498485,0.0654969262321823,0.0722510967357233,0.906518090261714,0.364661694217694,0.511417974008048,FALSE,FALSE,"Enriched"
"K21113",12.6403469905423,7.04268478894425,1.34613308790569,5.23178937671107,0.000000167876971712287,0.00000155773929276639,TRUE,TRUE,"Enriched"
"K04069",1144.43759746364,-0.178547971429615,0.0759104076804177,-2.35208816400118,0.0186683495770603,0.0473620066848964,FALSE,FALSE,"Suppressed"
"K00147",1899.90601745876,0.0136879654028729,0.0620854243786661,0.220469869375273,0.825505235828325,0.895067810367459,FALSE,FALSE,"Enriched"
"K06893",491.399431961522,0.26327930181365,0.113284443054132,2.32405522519844,0.0201225343767422,0.0505258695610337,FALSE,FALSE,"Enriched"
"K03925",1130.17536504093,0.109850775664875,0.0774524479774088,1.41829959586192,0.156103314643694,0.267812690861291,FALSE,FALSE,"Enriched"
"K07039",185.1506216254,-0.588441076306408,0.197409134781895,-2.98081989446203,0.00287477811577201,0.00957579013003468,TRUE,TRUE,"Suppressed"
"K08194",93.9308827753187,-0.487144344592166,0.275859462504567,-1.76591493425425,0.0774101213046558,0.152939530235535,FALSE,FALSE,"Suppressed"
"K23812",18.386837614114,-0.305948174530935,0.605282681923837,-0.505463287927727,0.613233477407016,0.732349907715956,FALSE,FALSE,"Suppressed"
"K03741",1062.23208159537,0.400511639026807,0.0843469552336217,4.74838288966663,0.00000205049564855262,0.0000153636031456049,FALSE,FALSE,"Enriched"
"K08068",9.73609775751182,-0.692407381649747,0.858613543033677,-0.806424947833124,0.419997866843995,0.563646140804632,FALSE,FALSE,"Suppressed"
"K16299",41.3496206694501,-0.330063627285943,0.37935015720817,-0.870076421517915,0.384258642087424,0.52868131476605,FALSE,FALSE,"Suppressed"
"K08963",1410.42919866938,-0.224663724053363,0.0715630683652238,-3.13938081730631,0.00169305268937089,0.0060034467165541,FALSE,FALSE,"Suppressed"
"K02428",2003.76713254004,0.0154302359743255,0.0593403978655841,0.260029196455297,0.794841252507467,0.873623499557225,FALSE,FALSE,"Enriched"
"K20976",23.5956573855389,-0.590323658339948,0.531164794219327,-1.11137572513173,0.266406656662187,0.404182636562856,FALSE,FALSE,"Suppressed"
"K01182",315.796705069915,-0.779789587132646,0.13761617202972,-5.66640951881904,0.0000000145820776347747,0.00000016082475857955,TRUE,TRUE,"Suppressed"
"K10794",56.796233716368,-0.689689369971566,0.343553996776506,-2.00751374294223,0.0446949887990702,0.0983741381037636,TRUE,FALSE,"Suppressed"
"K18901",109.868737190973,-0.163578959843277,0.227189066853299,-0.720012464107278,0.471517321410665,0.61136347964739,FALSE,FALSE,"Suppressed"
"K02277",201.970601712886,-0.351468950059661,0.190916088210904,-1.84096035778501,0.0656273682307219,0.133956264671745,FALSE,FALSE,"Suppressed"
"K00472",402.654453781713,0.384327282442695,0.146970139109105,2.61500250848498,0.00892268001732742,0.0253703615038135,FALSE,FALSE,"Enriched"
"K23536",1867.97509298118,0.0116220878053825,0.0670152020876689,0.173424647592327,0.862317652655072,0.918697561175518,FALSE,FALSE,"Enriched"
"K10408",7.69704496546647,-1.29844558452724,0.958582056992443,-1.35454818401371,0.175561551833786,0.292874700392303,FALSE,FALSE,"Suppressed"
"K14128",63.5281921762689,-0.313473866677181,0.308231237945335,-1.01700875215242,0.309149265898221,0.451833542466631,FALSE,FALSE,"Suppressed"
"K11733",66.0079898010146,5.97247306154496,0.654704153724934,9.12239983138128,0.0000000000000000000734788787008959,0.00000000000000000268351904908242,TRUE,TRUE,"Enriched"
"K13256",17.2386319629112,0.210243558882268,0.574901842346621,0.365703400817261,0.714586408179989,0.813412188034668,FALSE,FALSE,"Enriched"
"K09137",253.365099160992,-0.438249832530789,0.181877353843541,-2.40958988719284,0.0159704614588677,0.0415191152760588,FALSE,FALSE,"Suppressed"
"K03379",106.932154356179,-0.459885307945506,0.253601568407214,-1.81341665524347,0.0697675826372012,0.14067794736457,FALSE,FALSE,"Suppressed"
"K06994",10611.8124387064,0.474948081666341,0.0435726555284483,10.9001408315876,0.00000000000000000000000000115079032691878,0.0000000000000000000000000708956586250266,FALSE,FALSE,"Enriched"
"K07146",228.815099809252,0.0195865911655937,0.166866137962147,0.117379064469251,0.906559673511131,0.944968646887686,FALSE,FALSE,"Enriched"
"K22589",329.775999480322,0.0510762320790422,0.150573582826096,0.339211109415073,0.734450700791801,0.828753899006326,FALSE,FALSE,"Enriched"
"K03119",860.588105760797,-0.39445310597896,0.0886892353816038,-4.44758717652423,0.00000868402197735316,0.0000562248938852197,FALSE,FALSE,"Suppressed"
"K12574",3206.35637638907,0.181945778625023,0.0520275194859282,3.49710653943888,0.000470333955129612,0.00197832192574862,FALSE,FALSE,"Enriched"
"K08995",969.312390621444,0.151802065782573,0.0832124609711101,1.82427083649498,0.0681111370958081,0.138038500811712,FALSE,FALSE,"Enriched"
"K16694",8.7490193218055,3.51945111694531,1.08425530275416,3.245961636531,0.00117054612302042,0.00437180698365067,TRUE,TRUE,"Enriched"
"K00748",1320.47201336352,-0.304267081635381,0.0786941644382688,-3.86645037541585,0.000110430921692991,0.000552970600497171,FALSE,FALSE,"Suppressed"
"K03217",3851.83233013302,0.0946751512804913,0.0489337381725927,1.93476228908908,0.053019472702759,0.112592536216618,FALSE,FALSE,"Enriched"
"K23743",118.200299716375,-0.39952719891643,0.240579835264836,-1.66068448121024,0.0967768317856281,0.184220317434627,FALSE,FALSE,"Suppressed"
"K19002",45.2435057886702,-0.198729268047238,0.351216203352138,-0.565831718897056,0.571508182004152,0.700347277886944,FALSE,FALSE,"Suppressed"
"K15894",70.2494665498276,1.02811597910726,0.309179393655764,3.32530563227621,0.000883216581489896,0.00342885928103557,TRUE,TRUE,"Enriched"
"K07179",6.50221052609502,-0.937286288195515,0.985813389302235,-0.950774556692653,0.341718831134465,0.488432892216804,FALSE,FALSE,"Suppressed"
"K09972",331.879054286328,-0.0719615542920026,0.138483258755212,-0.519640821127734,0.603313940764049,0.725046645265011,FALSE,FALSE,"Suppressed"
"K07136",114.109094811423,-0.230533109815278,0.246411182267899,-0.935562695221525,0.349498389237864,0.497221991127066,FALSE,FALSE,"Suppressed"
"K02778",62.2556229206812,-0.418229219007801,0.302764808025223,-1.38136668437687,0.167166244091885,0.282736251446591,FALSE,FALSE,"Suppressed"
"K00018",217.352694910834,-0.931346630493216,0.172138778574736,-5.41044056548166,0.0000000628698866671944,0.000000620458638807797,TRUE,TRUE,"Suppressed"
"K08070",63.9281015350165,-0.723348356186228,0.326066236488195,-2.21840925321446,0.0265269407808623,0.0636458740450351,TRUE,FALSE,"Suppressed"
"K19580",14.4013871603009,-2.20232929688672,0.78393387225222,-2.80933044844649,0.00496446611638363,0.0153463146699563,TRUE,TRUE,"Suppressed"
"K17364",11.1453918620424,-0.39002224220445,0.71252581315264,-0.547379807166225,0.58411782515068,0.709385626362804,FALSE,FALSE,"Suppressed"
"K07017",65.9947102873269,-0.190363757249851,0.303534833457445,-0.6271562149276,0.530556841173197,0.66663909648029,FALSE,FALSE,"Suppressed"
"K15770",888.423743523103,0.460258195871463,0.102097119783166,4.50804289924104,0.0000065428348993743,0.0000432806399688545,FALSE,FALSE,"Enriched"
"K07389",10.7568301250322,-1.91894332258375,0.81392286458514,-2.35764764215322,0.0183911403354668,0.0468145095601051,TRUE,TRUE,"Suppressed"
"K01834",1303.13354456041,-0.0282996765143848,0.0714280793554313,-0.396198200620286,0.691958818631108,0.795272525379361,FALSE,FALSE,"Suppressed"
"K00544",33.2086243153264,-1.05555482480448,0.425516523905529,-2.48064356024593,0.0131145441653427,0.0352204336699362,TRUE,TRUE,"Suppressed"
"K05820",382.06245237839,0.179011865738581,0.139445163591742,1.28374381102725,0.199231609657512,0.32299670050536,FALSE,FALSE,"Enriched"
"K03544",3815.08431635529,-0.0693399791840286,0.0468915824594973,-1.47872977509175,0.139212551103753,0.245087192378183,FALSE,FALSE,"Suppressed"
"K00786",57.1525879999748,-0.734026135177572,0.309954027323408,-2.36817744075216,0.0178759602804965,0.0457705632874678,TRUE,TRUE,"Suppressed"
"K22912",8.43225891693815,-0.714109062298856,0.814501356921255,-0.876743858350497,0.380625778970222,0.525718904887569,FALSE,FALSE,"Suppressed"
"K00520",14.3491095608859,0.387886548254061,0.733892716464297,0.528533039710214,0.597129421479419,0.720310985285399,FALSE,FALSE,"Enriched"
"K01342",113.789750808834,0.224254984175271,0.234781018534435,0.955166587039825,0.339493459937184,0.485935370137734,FALSE,FALSE,"Enriched"
"K10233",598.665413859979,0.831220569569352,0.104111223145631,7.98396699659017,0.00000000000000141703924054064,0.0000000000000379057996844621,TRUE,TRUE,"Enriched"
"K18828",123.488817735188,-0.798739471326802,0.24793581667967,-3.22155742572185,0.0012749590959547,0.00471271244013801,TRUE,TRUE,"Suppressed"
"K11609",23.4637166598769,-0.00278092537930166,0.49271492755724,-0.00564408590802964,0.995496694903478,0.99713160489675,FALSE,FALSE,"Suppressed"
"K18457",48.1211177792149,0.0769831186500119,0.356270721997128,0.216080395881176,0.828925080570155,0.89724323431881,FALSE,FALSE,"Enriched"
"K18833",162.210284361099,0.0332882547824899,0.200262846044323,0.166222818860381,0.867981602394833,0.922428958530421,FALSE,FALSE,"Enriched"
"K09990",395.999144496141,0.182556191502825,0.120197892689546,1.51879693909728,0.128813616615918,0.229986606481407,FALSE,FALSE,"Enriched"
"K10679",30.127198745876,5.39569604645279,0.851965538600267,6.33323274473944,0.000000000240076986797858,0.0000000034945812469693,TRUE,TRUE,"Enriched"
"K08679",1165.85787692976,-0.0528035403836352,0.0752870776486965,-0.701362598107823,0.483076757170297,0.62171030638988,FALSE,FALSE,"Suppressed"
"K12437",35.5319390932479,-0.778392088902738,0.398868396483069,-1.95150103584549,0.0509974731080384,0.109211231912193,FALSE,FALSE,"Suppressed"
"K01772",2264.60713240633,0.0329360151691316,0.0648855537632577,0.507601665685129,0.611732722256723,0.731560367263481,FALSE,FALSE,"Enriched"
"K02018",1078.0037613327,0.0578819526689557,0.112453141932137,0.514720635408177,0.606748251454912,0.72759685128264,FALSE,FALSE,"Enriched"
"K07671",15.1859114066844,-0.433149248656199,0.632959043644828,-0.684324290813438,0.493770411559817,0.631210593188708,FALSE,FALSE,"Suppressed"
"K01734",82.8093345787796,-0.449641958976009,0.294529267573315,-1.52664610441162,0.126849035966031,0.227544785399065,FALSE,FALSE,"Suppressed"
"K16024",17.6560994747244,-1.05208388688069,0.640597993299082,-1.6423465229144,0.100518210787792,0.18962591017468,FALSE,FALSE,"Suppressed"
"K05956",10.6978473992784,-0.825339568833943,0.88976227469604,-0.927595597504845,0.353617382255737,0.501145790399985,FALSE,FALSE,"Suppressed"
"K03297",142.750761724323,0.745657512381432,0.200844976905771,3.71260224611575,0.000205139144755458,0.000953615582213061,TRUE,TRUE,"Enriched"
"K14954",139.166157802461,-1.01907595066435,0.210360340475439,-4.84443003068506,0.00000126975653776787,0.00000989047908537196,TRUE,TRUE,"Suppressed"
"K08253",25.519471808856,-0.667034733495074,0.511563096165213,-1.30391488067711,0.192262605999587,0.314288296432989,FALSE,FALSE,"Suppressed"
"K10896",19.449716917569,-1.10525414249439,0.561830923867189,-1.96723621919333,0.0491559842433414,0.105899804980621,FALSE,FALSE,"Suppressed"
"K03654",6141.86285177522,0.290201045258743,0.0437527525749737,6.63274944271132,0.0000000000329490857338068,0.000000000546077374702411,FALSE,FALSE,"Enriched"
"K06013",1314.52566584615,0.00358807500593194,0.0825393097967453,0.0434711050379225,0.965325997583718,0.979621174586206,FALSE,FALSE,"Enriched"
"K23886",6.61620546118229,0.454617040184046,0.931546977391338,0.488023740313275,0.625533025498105,0.743399439304938,FALSE,FALSE,"Enriched"
"K21186",45.8255971641532,-0.788516400251787,0.37893702315897,-2.08086397491172,0.0374463584033353,0.0848385363677348,TRUE,FALSE,"Suppressed"
"K03969",1376.31663790287,0.166344373079687,0.0856757247650227,1.94155781624152,0.0521906538160176,0.111151947639719,FALSE,FALSE,"Enriched"
"K07031",619.843759515801,-0.356612877317249,0.105863081155042,-3.36862363560881,0.000755445072720157,0.00299574739825763,FALSE,FALSE,"Suppressed"
"K03046",13368.1094560441,0.010807469773341,0.0335582306826202,0.322051239099986,0.747413877397582,0.838500025601081,FALSE,FALSE,"Enriched"
"K19064",374.706046530886,0.0831181841692042,0.127203556740295,0.653426573117782,0.513481312192703,0.650281349547979,FALSE,FALSE,"Enriched"
"K23228",174.131926546323,1.11350301519549,0.212947007158085,5.22901462695298,0.000000170415883797027,0.00000157718736764502,TRUE,TRUE,"Enriched"
"K19967",12.3699759749285,-1.15886044269273,0.756572373057402,-1.53172450377699,0.125590432979702,0.225751856982966,FALSE,FALSE,"Suppressed"
"K02226",123.719736492942,-0.30017017839712,0.22926551966234,-1.30926874149766,0.190443334109038,0.311975168696129,FALSE,FALSE,"Suppressed"
"K05589",189.669677404606,-0.796643061466336,0.191673380459079,-4.15625299432967,0.0000323509575524142,0.000182862363403312,TRUE,TRUE,"Suppressed"
"K16013",635.036015178215,0.857391079133952,0.116019312540198,7.39007205233083,0.000000000000146749270098735,0.00000000000324283984902966,TRUE,TRUE,"Enriched"
"K01955",10523.2964995287,-0.038549186300019,0.0336006918997397,-1.14727358636081,0.251268567036209,0.386796312557758,FALSE,FALSE,"Suppressed"
"K16291",390.054930716223,-0.301213769720426,0.124908730844439,-2.4114709010658,0.0158883196466653,0.0413584556231377,FALSE,FALSE,"Suppressed"
"K18911",701.982193147098,0.865755175937817,0.104708001651978,8.26828095540745,0.000000000000000135904321003844,0.00000000000000390981346133229,TRUE,TRUE,"Enriched"
"K07192",804.85882190025,0.327372364233179,0.0878127966520415,3.72807126881966,0.000192950818303392,0.00090176784738114,FALSE,FALSE,"Enriched"
"K05921",56.6232443402149,0.160654486923629,0.316661843640096,0.507337685768742,0.611917900517937,0.73163836017622,FALSE,FALSE,"Enriched"
"K08481",100.992419836064,-0.525395560826416,0.241315931540979,-2.17721042067708,0.0294648711585834,0.0696265979063154,TRUE,FALSE,"Suppressed"
"K11089",208.192313218847,-0.0244293704755664,0.183586553004831,-0.133067319341867,0.89414014064523,0.937719770335443,FALSE,FALSE,"Suppressed"
"K01075",212.334488221503,0.0684286401869813,0.187650264805931,0.364660504251089,0.715364844320793,0.81414633056774,FALSE,FALSE,"Enriched"
"K00677",1176.3624888733,-0.34706431194016,0.0784272335680642,-4.42530350938561,0.00000963067824056717,0.0000615052425018002,FALSE,FALSE,"Suppressed"
"K03829",280.353312852082,-0.0612842670230785,0.145263274914601,-0.42188410704018,0.673109611005788,0.781812134359989,FALSE,FALSE,"Suppressed"
"K00895",193.687459318567,-0.481126322253313,0.175765138609072,-2.73732508084786,0.00619410507276892,0.0185549345966688,FALSE,FALSE,"Suppressed"
"K17237",18.8873969154778,-0.724888175968818,0.558485142520277,-1.29795427090077,0.194303049271639,0.316774738708293,FALSE,FALSE,"Suppressed"
"K04077",9319.58390676905,-0.147072247009312,0.0377112035125956,-3.8999616376653,0.00009620793095081,0.000489384629582144,FALSE,FALSE,"Suppressed"
"K00603",291.904468137399,-0.350156475479792,0.16215448302584,-2.1594005231665,0.030819107351143,0.0723223300248639,FALSE,FALSE,"Suppressed"
"K16898",2440.69436613159,0.39385899646602,0.072170743071701,5.45732217381667,0.0000000483368841350816,0.000000487283729487376,FALSE,FALSE,"Enriched"
"K01779",934.600421837474,0.143784660663724,0.0863988639558576,1.66419619518592,0.0960732281894129,0.183396124797255,FALSE,FALSE,"Enriched"
"K00257",18.8185079775623,1.33408675588356,0.664693733254713,2.00706985659564,0.0447422253057876,0.0984425801370847,TRUE,FALSE,"Enriched"
"K01884",10.4023034314436,-0.222741006760752,0.809198819873803,-0.275261161151333,0.783115601191601,0.864787624781383,FALSE,FALSE,"Suppressed"
"K03642",1286.72042841398,0.0565209910604259,0.0712338362493773,0.793457070914385,0.427511571256882,0.570295947746221,FALSE,FALSE,"Enriched"
"K06966",459.942039445543,-0.259304914639687,0.151363293579101,-1.71312944180999,0.0866887286626292,0.168551367608075,FALSE,FALSE,"Suppressed"
"K09932",217.92870065932,1.06440449157286,0.192707872812759,5.52340948004271,0.000000033248362316342,0.000000343545866626225,TRUE,TRUE,"Enriched"
"K02839",66.4924709496934,3.25938818152326,0.382782427618201,8.51498905475952,0.0000000000000000166606039330587,0.000000000000000498103055822183,TRUE,TRUE,"Enriched"
"K03802",1733.58518259083,-0.500102339209111,0.0658863600336715,-7.59037741580399,0.0000000000000318975027349616,0.000000000000745374977703182,TRUE,TRUE,"Suppressed"
"K14252",93.8574400133424,4.14594097769068,1.08483696466023,3.82171802100159,0.000132525175828144,0.000650781841687482,TRUE,TRUE,"Enriched"
"K06306",41.4876448419643,3.17646499855368,0.457307836716656,6.94601041906438,0.00000000000375761029688693,0.0000000000692376592166568,TRUE,TRUE,"Enriched"
"K02454",2862.32638736215,-0.331172475374785,0.0538192008065588,-6.15342610837184,0.000000000758267140235238,0.0000000100755365758055,FALSE,FALSE,"Suppressed"
"K01795",14.7867345347207,-1.06689747099547,0.620397240074474,-1.71970054358623,0.0854868889802042,0.166711793351445,FALSE,FALSE,"Suppressed"
"K00793",1414.10791906663,0.00641731118698967,0.0693580718558161,0.0925243596784264,0.92628143800552,0.956524800609124,FALSE,FALSE,"Enriched"
"K02488",1037.4967578098,0.283177466070464,0.0809570289614393,3.49787374491403,0.000468983090389527,0.00197400128936213,FALSE,FALSE,"Enriched"
"K03227",12.5878017133181,-0.816397239644065,0.704024143998466,-1.15961540041423,0.246205427976743,0.380552267461943,FALSE,FALSE,"Suppressed"
"K00852",1499.84108664876,0.776527296322412,0.073812883641915,10.5202135184088,0.0000000000000000000000000697154174406841,0.00000000000000000000000376278169000648,TRUE,TRUE,"Enriched"
"K07518",383.589835339975,-0.528412653739604,0.169803994635425,-3.11189766103043,0.00185888927628637,0.00650824666823797,TRUE,TRUE,"Suppressed"
"K00341",7938.6892636558,-0.0262467366885135,0.0397057437990717,-0.6610312306787,0.508592285416664,0.64609546943475,FALSE,FALSE,"Suppressed"
"K09892",55.7846348980002,-0.670507511175741,0.318501066420876,-2.10519706797375,0.0352741573885107,0.0810004088526081,TRUE,FALSE,"Suppressed"
"K02114",905.62968686936,-0.169104722844798,0.0833623576181025,-2.02855014753177,0.0425041306406605,0.094575955044651,FALSE,FALSE,"Suppressed"
"K00917",158.897821123142,0.230360318234996,0.213352346106196,1.07971776471741,0.280267880678821,0.419370413213967,FALSE,FALSE,"Enriched"
"K20938",21.9132854419999,1.56983996795746,0.634177848716407,2.47539388380539,0.0133089305555203,0.0356170107319518,TRUE,TRUE,"Enriched"
"K09146",16.0172264926391,-3.16332021627293,0.818990033990443,-3.86246484692858,0.00011224872128978,0.000560692015680889,TRUE,TRUE,"Suppressed"
"K10764",669.81833411785,-0.377605899391836,0.100804357092486,-3.74592835352731,0.000179727884697149,0.000847110022231771,FALSE,FALSE,"Suppressed"
"K11707",43.8743773281307,-0.262501926568314,0.361806024183555,-0.725532216221859,0.468125588188547,0.60876289176161,FALSE,FALSE,"Suppressed"
"K07666",386.124489493136,-0.425053813738901,0.129915521633171,-3.27177082765431,0.00106876170542379,0.00404829187967319,FALSE,FALSE,"Suppressed"
"K00631",1484.48460215887,-0.386627614228083,0.0957704489021251,-4.03702414116495,0.0000541335002243707,0.000290378379831519,FALSE,FALSE,"Suppressed"
"K16055",743.67727683531,-0.375545498112856,0.107592721866515,-3.49043589192564,0.000482233295690783,0.00202279289574834,FALSE,FALSE,"Suppressed"
"K07637",438.180373175994,-0.389069047074012,0.137162975595259,-2.83654568870012,0.00456044528878438,0.0142929886003576,FALSE,FALSE,"Suppressed"
"K02528",2035.20530096619,0.00179136070983753,0.0599429279092687,0.0298844379531975,0.976159217021294,0.985971990447576,FALSE,FALSE,"Enriched"
"K00217",314.823326808363,-0.385678620372927,0.138194166502535,-2.79084588108032,0.00525704977278367,0.0160796121184592,FALSE,FALSE,"Suppressed"
"K00752",207.733808315555,0.523942852221595,0.202033188348279,2.59335041190553,0.00950458759403242,0.0267012803942901,TRUE,TRUE,"Enriched"
"K01092",3477.2613814325,0.269724171127249,0.0563688952323819,4.78498239171278,0.00000171002323517884,0.0000131023011449193,FALSE,FALSE,"Enriched"
"K03639",2945.16661239173,0.0271628109884154,0.0507089361015048,0.5356612281126,0.592192704304444,0.716233322115065,FALSE,FALSE,"Enriched"
"K01974",185.728209104591,0.0624687328066613,0.191344550258967,0.326472495412676,0.744066895784776,0.835739226038922,FALSE,FALSE,"Enriched"
"K15060",229.085125947837,0.170953767867907,0.169106001675934,1.01092667423782,0.312051526145027,0.455420497238219,FALSE,FALSE,"Enriched"
"K19031",545.44688349311,-0.410017668904194,0.122817776496236,-3.33842282934312,0.000842554303203071,0.00329617619963793,FALSE,FALSE,"Suppressed"
"K03205",254.718074514063,-0.403927561713502,0.175117765468815,-2.30660527578188,0.0210768351688375,0.0524042469199919,FALSE,FALSE,"Suppressed"
"K03451",9.77775977142968,0.272580256813231,0.788961404113958,0.345492511283682,0.729724139218403,0.824488241032427,FALSE,FALSE,"Enriched"
"K09913",36.4380393026695,-0.970051291532065,0.472472927326074,-2.05313624427541,0.0400593656630479,0.0899565799627869,TRUE,FALSE,"Suppressed"
"K05297",11.6429180555644,1.21184379704347,0.767445392813203,1.57906192204926,0.114321854585114,0.209725795850315,FALSE,FALSE,"Enriched"
"K00518",277.632805102667,0.461208468108433,0.146844017581043,3.14080529602708,0.00168484001669157,0.00598659259759645,FALSE,FALSE,"Enriched"
"K00690",154.540290581878,-0.522499512103576,0.251155424009854,-2.08038314985018,0.0374904035417788,0.0849067847015628,TRUE,FALSE,"Suppressed"
"K18692",8.74978055156128,6.51780465584891,1.42494018986572,4.57408998791952,0.00000478294250670648,0.0000329617698852009,TRUE,TRUE,"Enriched"
"K00796",2693.52569776541,0.151891944008755,0.0511186059880235,2.97136318710141,0.00296480938421975,0.00984342538614928,FALSE,FALSE,"Enriched"
"K05879",258.247816953122,0.206988096391499,0.169867202432549,1.2185289062713,0.223023046932246,0.352595769256796,FALSE,FALSE,"Enriched"
"K15760",43.5606749657476,-2.2088647322454,0.398591338349367,-5.54167770276363,0.0000000299587336874081,0.000000314489357589505,TRUE,TRUE,"Suppressed"
"K06236",227.978190842842,3.3416353667684,0.209227666417371,15.9712882334712,0.00000000000000000000000000000000000000000000000000000000202558752991106,0.000000000000000000000000000000000000000000000000000000561548106587617,TRUE,TRUE,"Enriched"
"K09946",88.6470365585449,0.770427691397986,0.273460584519243,2.81732628032093,0.00484253033868863,0.0150379799061415,TRUE,TRUE,"Enriched"
"K07376",14.872528098537,0.747801377759996,0.628889170231494,1.18908293091568,0.234407034494524,0.366857190414329,FALSE,FALSE,"Enriched"
"K16149",613.061682781486,-0.529183183828749,0.11078204483739,-4.77679559540091,0.00000178110658355569,0.0000135957059488187,TRUE,TRUE,"Suppressed"
"K20967",9.48637051250248,-0.806740191158133,0.879020361995766,-0.917771903857238,0.358738294441969,0.505532545702765,FALSE,FALSE,"Suppressed"
"K11216",61.6722228863404,0.281452393752549,0.312461558422195,0.900758465053333,0.367716755737939,0.513439673362109,FALSE,FALSE,"Enriched"
"K09001",1082.87085175268,0.159726117256644,0.0764829890771416,2.08838748568707,0.0367628954271827,0.0837255038126912,FALSE,FALSE,"Enriched"
"K11959",696.872232520562,-0.313042636705225,0.107633134070534,-2.90842257273753,0.0036325711665055,0.0117346671316298,FALSE,FALSE,"Suppressed"
"K07452",358.940922157708,0.494804597188866,0.138099924063879,3.58294619307677,0.000339740609374977,0.00148642609510616,FALSE,FALSE,"Enriched"
"K16446",7.34305791401357,-6.37510863461446,1.45226747322243,-4.38976204601537,0.0000113474762199808,0.0000708375204356839,TRUE,TRUE,"Suppressed"
"K07243",1744.33983732278,0.0452535225717547,0.0707998652969196,0.639175263709486,0.522708922148163,0.658869075419958,FALSE,FALSE,"Enriched"
"K01459",98.2978648140391,-0.571925294790443,0.247515229301604,-2.3106670906845,0.0208512503367786,0.0519917317269063,TRUE,FALSE,"Suppressed"
"K16212",58.2701927208567,-1.28685064785834,0.377999455967662,-3.4043716929805,0.000663164471600282,0.00266620969827958,TRUE,TRUE,"Suppressed"
"K10943",261.731002982514,-0.224245180784019,0.148458026684626,-1.51049549688808,0.130917037560193,0.233127886738575,FALSE,FALSE,"Suppressed"
"K00978",600.415529304909,0.0881169774151474,0.112258705663598,0.784945603053761,0.432485462837878,0.575546331627366,FALSE,FALSE,"Enriched"
"K08264",61.6459816107754,-0.60993700564832,0.313234973448855,-1.94721872507608,0.0515085177034765,0.110168182931219,FALSE,FALSE,"Suppressed"
"K02654",1463.57724948313,-0.0897381395000399,0.0662271287275957,-1.35500573894951,0.175415728579289,0.292791606076925,FALSE,FALSE,"Suppressed"
"K00859",1590.68357331854,0.255281518329449,0.0681806465195054,3.74419327714086,0.000180974306319894,0.000851668436917463,FALSE,FALSE,"Enriched"
"K01844",665.701578496242,0.0439812622153266,0.104544455256613,0.420694355404801,0.673978283471877,0.782374105613814,FALSE,FALSE,"Enriched"
"K02950",991.21877469896,-0.00245884829121287,0.0830072960648386,-0.0296220742968451,0.976368460293956,0.985971990447576,FALSE,FALSE,"Suppressed"
"K02124",104.420531197594,-0.477501333343389,0.247884375921776,-1.92630669669181,0.0540660897484509,0.114575775321682,FALSE,FALSE,"Suppressed"
"K17246",45.5865627196499,-0.0495306609468845,0.387265642650434,-0.127898412593222,0.89822936729696,0.939996724630089,FALSE,FALSE,"Suppressed"
"K14628",40.7084871434757,4.47561199436465,0.585850032215165,7.63951821841138,0.0000000000000218036055054249,0.000000000000525613399120894,TRUE,TRUE,"Enriched"
"K01181",2647.88740235095,0.768286272864209,0.069035639378439,11.1288354794923,0.000000000000000000000000000090814136501584,0.00000000000000000000000000595564966153936,TRUE,TRUE,"Enriched"
"K21787",13.5803607145409,-0.0377578960199759,0.649759962145535,-0.0581105303800157,0.953660586538709,0.971345479112306,FALSE,FALSE,"Suppressed"
"K03703",5277.4080193514,-0.00196846538910749,0.0414693865790384,-0.0474679167331233,0.9621403002377,0.977057388408957,FALSE,FALSE,"Suppressed"
"K00278",2704.12350335904,0.167235232281549,0.0551806763628225,3.03068471256039,0.00243999890472252,0.00828594282845361,FALSE,FALSE,"Enriched"
"K03734",2333.30659595173,0.0524468936170826,0.0601387375707439,0.872098346849848,0.38315472793658,0.527865526470567,FALSE,FALSE,"Enriched"
"K14055",214.322176220779,-0.570601290849792,0.177646809667374,-3.21199852627911,0.00131815051490782,0.00485471013914419,TRUE,TRUE,"Suppressed"
"K01617",290.748075134763,1.65658134256883,0.17191579387491,9.63600437883099,0.000000000000000000000563383196747331,0.0000000000000000000235347542257669,TRUE,TRUE,"Enriched"
"K00545",38.3344938197362,-0.351812589042442,0.475722914091175,-0.739532569530622,0.459583670168575,0.601268219730932,FALSE,FALSE,"Suppressed"
"K14952",293.641433652016,2.31315017380453,0.155545479577387,14.8712143875174,0.0000000000000000000000000000000000000000000000000506855338257318,0.00000000000000000000000000000000000000000000000835489380549022,TRUE,TRUE,"Enriched"
"K21826",19.4187633246258,-1.01188971886858,0.587849552082396,-1.72134131136796,0.0851889072110965,0.166208299769827,FALSE,FALSE,"Suppressed"
"K01681",9772.35025056472,-0.0551866482129023,0.0401626018309815,-1.37408050517114,0.169416690896641,0.28504066145617,FALSE,FALSE,"Suppressed"
"K09762",594.896031837852,0.43260668300165,0.111321525248222,3.88610093184613,0.00010186716674155,0.000514737241057755,FALSE,FALSE,"Enriched"
"K03697",34.25884631008,6.60566960797399,1.09782312874214,6.01706179714269,0.0000000017761129133379,0.0000000222433524814124,TRUE,TRUE,"Enriched"
"K15924",99.8349164384293,-0.967789905937043,0.271812107802169,-3.56051065481389,0.000370134291351604,0.00160330187709761,TRUE,TRUE,"Suppressed"
"K13832",206.324758348048,-0.901786264157671,0.182228106821206,-4.94866724946259,0.000000747233661519411,0.00000610908592708698,TRUE,TRUE,"Suppressed"
"K21211",9.8181696717017,-2.04045362951007,0.80209464706503,-2.54390630454444,0.0109620484592613,0.0303621859913871,TRUE,TRUE,"Suppressed"
"K03458",25.0547821092395,1.20203170291493,0.543451686948948,2.21184648383996,0.0269772740357149,0.0645232918995392,TRUE,FALSE,"Enriched"
"K10454",7.56673562085695,-0.0302531184254451,0.877047703145714,-0.0344942678909436,0.972483013190309,0.984211808609412,FALSE,FALSE,"Suppressed"
"K21575",178.159729634897,-0.909438109626898,0.181227237340731,-5.01821979395423,0.000000521524902786114,0.00000436321040067559,TRUE,TRUE,"Suppressed"
"K20448",8.79754639429634,-0.31313642552288,0.8240101218315,-0.380015265864552,0.703934083214843,0.804892008535307,FALSE,FALSE,"Suppressed"
"K00141",453.003927718385,0.386745042784331,0.127843435354055,3.02514588811904,0.00248513224014562,0.00841578097315277,FALSE,FALSE,"Enriched"
"K20468",133.87379909434,0.223144777127366,0.221413164474816,1.00782073033759,0.313540531994739,0.456719298933823,FALSE,FALSE,"Enriched"
"K00151",169.70751960793,0.18953378526689,0.185585528502438,1.02127459396383,0.307124359776389,0.449412540853214,FALSE,FALSE,"Enriched"
"K01903",3986.02164494672,-0.0502089190335545,0.0459061533022131,-1.09372960751068,0.274073584926748,0.41253079823994,FALSE,FALSE,"Suppressed"
"K16263",96.8467712984669,0.216271775824895,0.263961253104964,0.81933152415705,0.412597291446838,0.555871632545673,FALSE,FALSE,"Enriched"
"K12529",19.1231041842271,-2.12201141680442,0.607397433448666,-3.49361274833862,0.000476531712631483,0.00200163010698307,TRUE,TRUE,"Suppressed"
"K19431",73.3051365738689,-0.387593512600328,0.31219737638836,-1.24150150486268,0.21442054259436,0.341806296205699,FALSE,FALSE,"Suppressed"
"K03497",3320.00765955262,0.109779329248191,0.0483347134158063,2.27123161574992,0.0231329604713968,0.0565709406235161,FALSE,FALSE,"Enriched"
"K12443",271.415681578597,0.870800153669651,0.176926936891601,4.92180653194244,0.000000857489619791673,0.00000694532429098196,TRUE,TRUE,"Enriched"
"K00683",9.47465022753859,0.627038500574424,0.822118222468154,0.7627108649799,0.445635849460669,0.588424560697254,FALSE,FALSE,"Enriched"
"K22523",19.5634202951966,0.466253870709838,0.676272508207518,0.689446731977408,0.490542183713553,0.628005201189958,FALSE,FALSE,"Enriched"
"K04774",34.3483002062429,-0.503944196081955,0.46417303428356,-1.08568175844118,0.277619813889502,0.416429720834254,FALSE,FALSE,"Suppressed"
"K08776",524.976044469224,-0.597658239961308,0.111942023043649,-5.33899802514975,0.0000000934616622572716,0.000000903363990661014,TRUE,TRUE,"Suppressed"
"K19586",289.330581929637,-0.416535769708208,0.207924503015214,-2.00330294730934,0.0451447813414869,0.0991851662109973,FALSE,FALSE,"Suppressed"
"K09768",256.432153246593,0.311503303873551,0.15577889159597,1.99965027791744,0.0455380407719533,0.0999411697258521,FALSE,FALSE,"Enriched"
"K02761",8.56799386671315,0.0666492840399685,0.833496308224319,0.0799635023962592,0.936266283851069,0.961519896850467,FALSE,FALSE,"Enriched"
"K13007",65.284681094243,0.101187964632782,0.314658029012744,0.321580748949152,0.747770329864197,0.838509145402048,FALSE,FALSE,"Enriched"
"K09826",101.682442664222,-0.0329041222809107,0.242884905959014,-0.13547207534775,0.892238641344784,0.936902396786619,FALSE,FALSE,"Suppressed"
"K22390",32.7443951151603,1.28321573621384,0.482684603414993,2.65849734409403,0.00784899692542679,0.022839232942833,TRUE,TRUE,"Enriched"
"K20942",20.4378685699667,-0.335665671079701,0.536504896705011,-0.625652576782092,0.531542845001605,0.667472732641135,FALSE,FALSE,"Suppressed"
"K09971",372.504947570313,-0.255000123398646,0.139356982884222,-1.82983384198624,0.0672747886442936,0.136678526296318,FALSE,FALSE,"Suppressed"
"K01727",261.471268583757,0.58266270500589,0.168576200972685,3.45637582080937,0.000547491404125442,0.00225952506562656,TRUE,TRUE,"Enriched"
"K21405",220.017736255396,-0.167904307810017,0.16693867747014,-1.0057843416188,0.314519321156696,0.457926316479993,FALSE,FALSE,"Suppressed"
"K06873",78.6305123563441,0.0964274111494266,0.301893491209827,0.319408711870526,0.749416605437086,0.839891928805731,FALSE,FALSE,"Enriched"
"K19013",7.16823027655214,-1.05064060857117,1.06444829140025,-0.987028319796623,0.32362875551214,0.467798750021285,FALSE,FALSE,"Suppressed"
"K07559",177.993119236171,2.15843914058927,0.238778784124053,9.03949297048053,0.000000000000000000157400182263427,0.00000000000000000561393983406221,TRUE,TRUE,"Enriched"
"K00697",3868.24062520009,0.17194673393736,0.0464901693454123,3.6985611443966,0.000216825121130433,0.000997297446285454,FALSE,FALSE,"Enriched"
"K06926",7.46523344358572,3.30066712823388,1.0910748308727,3.02515192802479,0.00248508261044906,0.00841578097315277,TRUE,TRUE,"Enriched"
"K01878",1300.13659162436,-0.151342797377397,0.0745526784336392,-2.03001153757488,0.0423553665299401,0.0943826746313864,FALSE,FALSE,"Suppressed"
"K18285",1071.14821930423,0.356215188998199,0.0807277152114616,4.41255135321387,0.0000102159552653426,0.0000646283487441735,FALSE,FALSE,"Enriched"
"K23270",167.464783928835,-0.00380080157879395,0.206378479525265,-0.0184166565600104,0.985306464682848,0.990830029365324,FALSE,FALSE,"Suppressed"
"K03554",329.216947298937,-0.230584603854562,0.172234107937254,-1.33878595021704,0.180640365919164,0.299300622586521,FALSE,FALSE,"Suppressed"
"K14170",711.875504428683,-0.410846716081003,0.0936038962735,-4.38920528351251,0.0000113765640392118,0.0000708982926815469,FALSE,FALSE,"Suppressed"
"K22295",9.22654093895413,0.760692631637668,0.786041678744687,0.967751013982488,0.333168733842071,0.479131362344444,FALSE,FALSE,"Enriched"
"K19224",52.5235498025509,2.15077150268923,0.357342935083438,6.0187883725392,0.00000000175727432001253,0.0000000220527079789226,TRUE,TRUE,"Enriched"
"K11894",49.2126446981769,-0.709105959442645,0.350276959042483,-2.02441508394116,0.0429274610360294,0.0952194412462381,TRUE,FALSE,"Suppressed"
"K13570",49.4360658224475,0.0499423786533707,0.369051328461953,0.135326375497709,0.892353832256676,0.936902396786619,FALSE,FALSE,"Enriched"
"K03580",202.461847068181,-0.242934227921681,0.168300287047206,-1.44345700286026,0.148891776386197,0.258053692577271,FALSE,FALSE,"Suppressed"
"K00132",251.0981953792,-0.889831781360823,0.157942604591023,-5.63389329728326,0.0000000176186055501329,0.000000191202625000463,TRUE,TRUE,"Suppressed"
"K11074",138.175317587638,0.407099997548348,0.20660935912069,1.97038507491107,0.048794254793864,0.105343773447,FALSE,FALSE,"Enriched"
"K01126",4089.26611788965,0.233987367083644,0.0446172909471535,5.24432035465327,0.000000156859453228709,0.00000146506248888499,FALSE,FALSE,"Enriched"
"K03110",2682.55715272318,-0.0244159021998213,0.0596213706849199,-0.409515949052088,0.682161064790814,0.788040829953004,FALSE,FALSE,"Suppressed"
"K01576",1194.03048534882,0.335434862979927,0.0780464936154696,4.29788511233566,0.0000172435494365448,0.000103704657044624,FALSE,FALSE,"Enriched"
"K01667",1204.2021354078,-0.362814010510966,0.0773135288021516,-4.69276226466679,0.00000269540654085494,0.0000198063668586437,FALSE,FALSE,"Suppressed"
"K15762",19.133503067873,-0.865574599791275,0.590560595722224,-1.46568295626416,0.142734679522956,0.250032516466795,FALSE,FALSE,"Suppressed"
"K07246",753.283450506764,-0.372856406525806,0.0959966097608721,-3.88405806678582,0.000102727356971099,0.000518654097820145,FALSE,FALSE,"Suppressed"
"K01167",47.1175501339516,0.520846578179043,0.348713154874922,1.49362469094652,0.135273742181279,0.239348579507868,FALSE,FALSE,"Enriched"
"K03189",340.055093177941,0.0479238603441706,0.172119741519464,0.278433257690844,0.78067979250774,0.862566314221867,FALSE,FALSE,"Enriched"
"K09065",547.394178925399,-0.262727513535608,0.110596771915709,-2.37554414097948,0.0175230963714437,0.0449614492088493,FALSE,FALSE,"Suppressed"
"K21255",21.9223507196584,-1.81018626334723,0.544030899283877,-3.32735928369148,0.000876732557709948,0.00340802541075397,TRUE,TRUE,"Suppressed"
"K03532",16.5695101221879,-0.675041334490023,0.598529024216468,-1.12783391811904,0.25939006601442,0.396595641168701,FALSE,FALSE,"Suppressed"
"K08321",73.8663049625377,0.883679145229125,0.286563972440016,3.08370636303242,0.0020443926852757,0.00708451760653211,TRUE,TRUE,"Enriched"
"K03547",1013.4569822953,0.16897772360149,0.0813650478077461,2.07678515719379,0.0378213927496667,0.0854343238445248,FALSE,FALSE,"Enriched"
"K00322",680.117165517283,0.214658060257841,0.100313647986369,2.1398689467161,0.0323653593148688,0.0752846401454557,FALSE,FALSE,"Enriched"
"K13483",409.339208724256,0.12919567538274,0.123056610842296,1.0498881327742,0.29376954832713,0.43424635851846,FALSE,FALSE,"Enriched"
"K05851",5.80960583358429,4.011714089207,1.39408780336604,2.87766242522219,0.00400633604431911,0.0127997085040871,TRUE,TRUE,"Enriched"
"K01523",290.539021523772,0.206429001506996,0.170753791479479,1.20892777676216,0.226690593652197,0.356704316482133,FALSE,FALSE,"Enriched"
"K21672",583.407964081697,-0.524296180340467,0.103541464533139,-5.06363496696207,0.000000411336925829328,0.00000353344212765222,TRUE,TRUE,"Suppressed"
"K22693",23.8258206448338,-3.8007402840936,0.646465722334693,-5.87926034247776,0.00000000412103781366203,0.0000000487097085765983,TRUE,TRUE,"Suppressed"
"K00137",289.712767752423,-0.129412938137216,0.153541841323569,-0.842851284194873,0.39931162188362,0.543131485697635,FALSE,FALSE,"Suppressed"
"K07546",47.3081284780878,-0.329751903170537,0.400331551907342,-0.823697012137728,0.410111737577342,0.553623613874327,FALSE,FALSE,"Suppressed"
"K16016",33.5058381709451,3.89745528409827,0.594059007704478,6.56072079297063,0.0000000000535483025869167,0.000000000866289383229721,TRUE,TRUE,"Enriched"
"K01417",39.0528251019906,-0.397782496125949,0.378219252100937,-1.05172461189202,0.292925915686027,0.433209301592891,FALSE,FALSE,"Suppressed"
"K20458",31.8884295078352,0.108372391763645,0.438633228183899,0.247068358711322,0.804855320827121,0.8805045025515,FALSE,FALSE,"Enriched"
"K02573",61.2618933765218,-0.0289842571931646,0.311405839212674,-0.093075509651474,0.925843573429072,0.956422756494565,FALSE,FALSE,"Suppressed"
"K15736",364.098702598401,-0.154221633618661,0.137610124689429,-1.12071429312866,0.26240949618025,0.399767111461299,FALSE,FALSE,"Suppressed"
"K02473",396.491935488963,0.203116326274366,0.133868120906242,1.51728675131418,0.129194301718569,0.230463891834324,FALSE,FALSE,"Enriched"
"K21307",1287.77440693543,-0.381862360984253,0.0995085105390624,-3.83748444143731,0.000124301107155468,0.000614353689255429,FALSE,FALSE,"Suppressed"
"K19641",38.6295017134437,-0.0141502455473966,0.382344552581645,-0.0370091464671122,0.970477712911742,0.982814888828422,FALSE,FALSE,"Suppressed"
"K14475",34.7584479054224,-0.561696446927454,0.411873762572494,-1.36375874835822,0.172643507352927,0.289113880105848,FALSE,FALSE,"Suppressed"
"K05878",428.541778977024,0.517121801060761,0.129314007737095,3.99896198493907,0.0000636208967902515,0.000336242503920056,TRUE,TRUE,"Enriched"
"K08999",796.123564164312,0.000760709462697667,0.102546833230041,0.00741816630252427,0.994081213922133,0.996532104489002,FALSE,FALSE,"Enriched"
"K14660",134.430555769099,0.365511663196481,0.223712725159221,1.63384386353677,0.102291639449044,0.192524472880458,FALSE,FALSE,"Enriched"
"K23149",47.819958657078,1.45340273313566,0.352349305299256,4.12489172328937,0.0000370909208976402,0.000206780188806863,TRUE,TRUE,"Enriched"
"K11963",251.923695413087,-0.374341843495892,0.180175337765994,-2.07765306915686,0.0377413244982379,0.0852850456149512,FALSE,FALSE,"Suppressed"
"K20920",10.1784761897354,0.703955910750405,0.779486003566326,0.903102695275664,0.366471393672143,0.512728286579174,FALSE,FALSE,"Enriched"
"K01945",3574.50616166014,0.0776352458853949,0.0534992486056799,1.4511464723105,0.146739078312397,0.255120193451343,FALSE,FALSE,"Enriched"
"K06987",380.122560108594,-0.458837192412879,0.126758785000795,-3.61976641232402,0.000294869081771054,0.00131543195893486,FALSE,FALSE,"Suppressed"
"K16870",106.525936901143,-0.560720782208149,0.237309991018335,-2.36281995461719,0.018136478353887,0.0462709094478666,TRUE,TRUE,"Suppressed"
"K01692",4034.48207632086,0.0429252622694195,0.0511020691132149,0.839990689502612,0.40091360682195,0.544650962878908,FALSE,FALSE,"Enriched"
"K14940",18.3646315023186,0.729423822781653,0.682205652001252,1.06921398355743,0.28497325911677,0.424121988129132,FALSE,FALSE,"Enriched"
"K03736",121.181547322649,0.354059968348099,0.217736562636926,1.62609331230461,0.103929806496813,0.194916325284151,FALSE,FALSE,"Enriched"
"K23465",7.17107807189912,2.07194045987971,1.0173853603979,2.03653457237617,0.0416967051567772,0.093187323104135,TRUE,FALSE,"Enriched"
"K04063",1137.81090100677,0.176518522940973,0.0848038121207713,2.08149278347992,0.0373888239563445,0.0847834992985875,FALSE,FALSE,"Enriched"
"K02658",326.444242586022,-0.457305636303453,0.143517620892507,-3.18640758855645,0.00144051499016042,0.00525650490679018,FALSE,FALSE,"Suppressed"
"K22318",346.571916921802,-0.0585263056380794,0.179891349178376,-0.325342524281399,0.744921850165089,0.836258612058415,FALSE,FALSE,"Suppressed"
"K10004",180.617909578547,-0.647825204178021,0.195820571347139,-3.30825918707793,0.000938778826410406,0.00361009587785439,TRUE,TRUE,"Suppressed"
"K23170",686.430626984372,0.763674224197402,0.12095466108781,6.31372298784744,0.000000000272401350357982,0.0000000039369095635861,TRUE,TRUE,"Enriched"
"K03195",241.739206376626,0.0374017725658397,0.186628522632217,0.200407590642221,0.841161823437515,0.905224091700616,FALSE,FALSE,"Enriched"
"K01299",1041.25729533763,-0.208156551435091,0.0933545498833445,-2.22974190004882,0.0257645825075993,0.0621319303049298,FALSE,FALSE,"Suppressed"
"K17995",5.43185097706447,-0.13814682878186,1.09246300684475,-0.126454468404248,0.899372188594872,0.940547149904,FALSE,FALSE,"Suppressed"
"K00290",408.344698939496,0.845049453642173,0.128778566449401,6.56203494837168,0.0000000000530783709705169,0.000000000860970703588252,TRUE,TRUE,"Enriched"
"K06304",3.7156203054181,5.2791680737348,3.67987896020616,1.43460372768322,0.151400051761251,0.261509180314888,FALSE,FALSE,"Enriched"
"K00986",358.950365415637,-0.528759402465334,0.128635701827042,-4.11051826946364,0.0000394772042458896,0.000217892731851295,TRUE,TRUE,"Suppressed"
"K01446",127.966326261781,1.48652303764019,0.270396440346168,5.49756881317337,0.0000000385063071498917,0.000000392070062282453,TRUE,TRUE,"Enriched"
"K20344",9.40727668183456,0.156876045270885,0.807350998428872,0.194309594682077,0.845933473343513,0.907377462877609,FALSE,FALSE,"Enriched"
"K07664",42.3336537628354,-0.356155188579076,0.380277651534378,-0.936566183003471,0.348981753882029,0.496602827094376,FALSE,FALSE,"Suppressed"
"K22548",34.2887977536767,-0.14512018975171,0.489304918200562,-0.296584367648286,0.766783846973765,0.851842383004189,FALSE,FALSE,"Suppressed"
"K04076",4.84880657677315,5.66075510863526,1.56979159254017,3.60605518308024,0.000310887052660383,0.00137398560447513,TRUE,TRUE,"Enriched"
"K08323",740.812930936768,0.490462017241399,0.0995426907393971,4.9271524970671,0.000000834366343505776,0.00000676702171415123,FALSE,FALSE,"Enriched"
"K06871",1424.92477066339,0.493516647073268,0.070339067709603,7.0162523209828,0.00000000000227898337382591,0.0000000000434359987405131,FALSE,FALSE,"Enriched"
"K06024",1711.21622641594,-0.00628435335877478,0.0754594486032955,-0.0832811990425852,0.933627949346391,0.960614087426379,FALSE,FALSE,"Suppressed"
"K16784",79.4951731454317,-1.0782730037609,0.323638454763846,-3.33172089993973,0.000863107698637334,0.00336149032821782,TRUE,TRUE,"Suppressed"
"K11383",21.8939180391224,-0.844196713750768,0.577296336016881,-1.46232820318139,0.143651293540254,0.250896116638605,FALSE,FALSE,"Suppressed"
"K18902",499.525474271918,-0.289506981179374,0.115634362699142,-2.50364142994945,0.0122922540794363,0.0333795448043107,FALSE,FALSE,"Suppressed"
"K11908",4.84757473064993,-5.77777944893387,1.56717489081052,-3.68674835387753,0.000227137765287303,0.00103924473404896,TRUE,TRUE,"Suppressed"
"K11604",30.7353248211743,0.065056301461897,0.429392701922332,0.151507701855781,0.87957523576889,0.929727792539767,FALSE,FALSE,"Enriched"
"K08092",61.0368031797864,-0.449322203511775,0.328085080852256,-1.3695295206493,0.1708338135276,0.286916345926234,FALSE,FALSE,"Suppressed"
"K03943",56.1737284844236,0.195017838671461,0.323375740866088,0.603068857760172,0.546462882697093,0.679582926778025,FALSE,FALSE,"Enriched"
"K03805",14.7204019841587,0.00045358036840415,0.666300697332661,0.000680744249885864,0.999456844715112,0.999620743836908,FALSE,FALSE,"Enriched"
"K05367",1316.41216609552,-0.29169560861149,0.0773703441999704,-3.77012163546252,0.000163168003176153,0.000776863115824636,FALSE,FALSE,"Suppressed"
"K12539",7.94431725406526,-0.802246654392461,1.06792041178666,-0.751223261151344,0.452518303349356,0.595321210553866,FALSE,FALSE,"Suppressed"
"K01644",1865.63083002803,0.188614730087712,0.0662400884630246,2.84744079399891,0.00440722912347468,0.0138913128806574,FALSE,FALSE,"Enriched"
"K15067",211.74089267237,0.533668243474169,0.193278600604661,2.76113466159533,0.0057600920946643,0.0174432977583702,TRUE,TRUE,"Enriched"
"K11329",13.2047381480679,-0.363123208363098,0.700019111078378,-0.518733278301085,0.603946751753642,0.72552122098591,FALSE,FALSE,"Suppressed"
"K14083",1015.61971234665,0.0592101513916498,0.091770468239597,0.645198314092309,0.518798678593102,0.655104169925327,FALSE,FALSE,"Enriched"
"K00904",8.98920495067719,0.0771175869898535,0.876647435061295,0.0879687590535886,0.929901506517091,0.958342225117901,FALSE,FALSE,"Enriched"
"K01387",56.5878243618902,2.1889219741597,0.424142268830337,5.16082016582813,0.00000024587028081991,0.00000221174460578264,TRUE,TRUE,"Enriched"
"K09384",196.751030288799,0.0215268907234587,0.174747621330825,0.123188462077575,0.901957861905614,0.941607776411846,FALSE,FALSE,"Enriched"
"K03670",504.913026245216,-0.436296954760036,0.111240792391491,-3.92209499213714,0.0000877823688172313,0.00045066049445816,FALSE,FALSE,"Suppressed"
"K01337",226.772132928131,-0.895762779562347,0.193930058829759,-4.61899916375877,0.00000385595411252747,0.0000272824409887529,TRUE,TRUE,"Suppressed"
"K07165",784.859218983747,-0.0209093406530932,0.0967996140681689,-0.21600644645513,0.828982722640842,0.89724323431881,FALSE,FALSE,"Suppressed"
"K17468",13.7228762086852,-0.43045096974552,0.73110381582399,-0.58876859951877,0.556016512657894,0.687510017980262,FALSE,FALSE,"Suppressed"
"K05560",83.4493537880312,-0.0395603467376533,0.265099694593693,-0.149228186770587,0.881373579181507,0.930712625622335,FALSE,FALSE,"Suppressed"
"K03740",9.65591034267931,4.72906218373828,1.29156007138434,3.66151160020727,0.000250731506058232,0.00113627397280332,TRUE,TRUE,"Enriched"
"K06045",899.91614562249,0.372903561301251,0.0931274098208092,4.00422992563384,0.0000622198275095627,0.000329694811451627,FALSE,FALSE,"Enriched"
"K09733",109.476523822247,1.96590214801368,0.267265987170673,7.35560169412158,0.000000000000190068988318261,0.00000000000414010985626099,TRUE,TRUE,"Enriched"
"K03632",195.242542718553,-1.63918669882577,0.207381695115945,-7.90420146729593,0.00000000000000269656597767859,0.0000000000000699844931823904,TRUE,TRUE,"Suppressed"
"K19124",85.3102811990915,1.17116718534587,0.267877367131929,4.37202738658048,0.0000123098079504427,0.0000762982913513719,TRUE,TRUE,"Enriched"
"K08989",20.4576621964104,1.6998647231974,0.56728459714621,2.99649370307031,0.00273103878367733,0.00915700266382418,TRUE,TRUE,"Enriched"
"K05364",1443.3290625383,0.629707805887908,0.0694116937709912,9.072070881392,0.000000000000000000116776094907173,0.00000000000000000421430415880975,TRUE,TRUE,"Enriched"
"K01226",5.37131399921044,5.81211082933461,1.54728656359314,3.75632475980249,0.000172426910689663,0.000815218394028103,TRUE,TRUE,"Enriched"
"K18235",1328.62964843961,0.193527989740598,0.0867649068476637,2.23048691886896,0.0257151349295253,0.0620397974427115,FALSE,FALSE,"Enriched"
"K03333",2267.44675435048,-0.0612063571833149,0.0683056615993147,-0.896065651810172,0.370217700582445,0.515750972099665,FALSE,FALSE,"Suppressed"
"K06381",746.519574451256,-0.0518986468414664,0.0979071510376781,-0.530080247371246,0.59605629362631,0.719301015992652,FALSE,FALSE,"Suppressed"
"K02887",927.813409222634,-0.0282602579943153,0.108461003906185,-0.260556854321204,0.79443426581045,0.873333559332721,FALSE,FALSE,"Suppressed"
"K01792",77.2188735740602,0.116920802997673,0.311032327559522,0.375912060058446,0.706982274376418,0.80686468776605,FALSE,FALSE,"Enriched"
"K03386",673.8117553815,0.340846207319682,0.105117787316619,3.24251695189359,0.00118478899678219,0.00441418942661856,FALSE,FALSE,"Enriched"
"K10005",772.712200997377,0.871190363474708,0.114306433171711,7.62153397058592,0.0000000000000250678646584844,0.000000000000599564339419986,TRUE,TRUE,"Enriched"
"K10531",146.418105317093,0.0113090952827286,0.224710620183081,0.0503273733725384,0.959861510607182,0.975374100831923,FALSE,FALSE,"Enriched"
"K22927",14.4270916238291,5.33347003378142,1.1770459749139,4.53123339907904,0.00000586403072035825,0.000039599161306426,TRUE,TRUE,"Enriched"
"K07171",283.866767542069,-0.18268238213555,0.150434494957016,-1.21436497784466,0.224608382935839,0.354709095682466,FALSE,FALSE,"Suppressed"
"K01793",7.91838491573014,0.372307267397136,0.82905307216497,0.449075312422281,0.653377328827671,0.765453002020739,FALSE,FALSE,"Enriched"
"K00389",360.934958747,0.438511285513872,0.135830708517867,3.228366326722,0.0012449942989233,0.00461313501162406,FALSE,FALSE,"Enriched"
"K06190",399.5703530655,0.267154329031836,0.119285039432904,2.23962980019894,0.0251149664067551,0.0608083287474392,FALSE,FALSE,"Enriched"
"K13789",849.142123311568,-0.132596894500762,0.0835876269291865,-1.58632203559379,0.112666276124142,0.207534271570072,FALSE,FALSE,"Suppressed"
"K00023",1050.20299860457,-0.0970888694204213,0.0974942844246792,-0.995841653624617,0.319327088141512,0.463782795087694,FALSE,FALSE,"Suppressed"
"K08982",218.227186387859,0.180352149827696,0.167414674944436,1.07727802170003,0.281356078059454,0.420276933647957,FALSE,FALSE,"Enriched"
"K11212",963.926946331029,0.300856385834059,0.089546230061899,3.35978840902728,0.000780021878813686,0.00307720144817896,FALSE,FALSE,"Enriched"
"K09024",25.4212473463006,-0.569023784593184,0.472165821753676,-1.20513548075074,0.228151004630618,0.358539803463576,FALSE,FALSE,"Suppressed"
"K00918",6.09895973477284,0.239813678139699,1.05080110045823,0.228219858196877,0.819475324155023,0.891223252856899,FALSE,FALSE,"Enriched"
"K02462",305.208668596043,-0.574648674549713,0.163719375944182,-3.50996130565286,0.000448171908059543,0.00189819476892719,TRUE,TRUE,"Suppressed"
"K10547",438.702619786829,1.17649234154818,0.134021556450381,8.77838142391489,0.00000000000000000165844008082541,0.0000000000000000538022662391179,TRUE,TRUE,"Enriched"
"K18610",6.92842637131478,-3.26500327132552,1.10909793110606,-2.94383677018444,0.00324170922062997,0.0106068586569861,TRUE,TRUE,"Suppressed"
"K01972",5923.5035761187,0.0878249363991181,0.0448105120382781,1.95991816215124,0.0500053564259513,0.107426089764662,FALSE,FALSE,"Enriched"
"K07239",16.3935934774752,-0.0332872837380378,0.595962939552133,-0.0558546203612145,0.955457622063602,0.972519365314738,FALSE,FALSE,"Suppressed"
"K14067",65.4108664866496,-0.0818064884879047,0.319588304810988,-0.255974599997603,0.797970450325757,0.875485119002841,FALSE,FALSE,"Suppressed"
"K02342",3170.17184659543,0.0288090263524106,0.0496796561642737,0.579895848255249,0.561984855677334,0.692014059110854,FALSE,FALSE,"Enriched"
"K23349",47.3431674221257,-0.507803459607654,0.357651510551543,-1.41982752659022,0.155657899085797,0.267632943626165,FALSE,FALSE,"Suppressed"
"K12349",283.571886296205,0.45402261829108,0.174834458073112,2.59687148228651,0.00940771162372114,0.0265146179265597,FALSE,FALSE,"Enriched"
"K00112",75.5417694883234,-0.543738413008849,0.286540367737896,-1.89759794510426,0.057749065331318,0.120632456953441,FALSE,FALSE,"Suppressed"
"K02033",7627.72780365358,0.161007289925159,0.0408355588508974,3.9428207781616,0.0000805288340142547,0.000417285776255683,FALSE,FALSE,"Enriched"
"K18476",42.0194465620654,1.17339816578507,0.376883633213402,3.11342298358884,0.0018493076864779,0.00648214228725787,TRUE,TRUE,"Enriched"
"K03747",225.543789084236,-0.436956680886469,0.179667600719584,-2.43202825181847,0.015014536124703,0.0394714033726566,FALSE,FALSE,"Suppressed"
"K14987",319.004297023578,0.752908805689358,0.153880014293558,4.89283035971798,0.000000993960766930472,0.0000079244009379202,TRUE,TRUE,"Enriched"
"K04042",3171.37302228328,0.0595797974249852,0.048421792431015,1.23043353898695,0.218534800427943,0.347004360273372,FALSE,FALSE,"Enriched"
"K02849",442.068326874532,-0.499106344786332,0.127673528016131,-3.90923907674325,0.0000925872989805293,0.000473336074167853,FALSE,FALSE,"Suppressed"
"K06968",371.403393363182,-0.422559363879711,0.140611102842711,-3.00516357056377,0.0026543806088663,0.00893436387057152,FALSE,FALSE,"Suppressed"
"K11527",46.662662168501,-0.192368749796533,0.350593112245626,-0.548695177051165,0.58321465655974,0.708647876132397,FALSE,FALSE,"Suppressed"
"K00813",38.1286237801842,-0.0540767588880099,0.407152070887562,-0.132817103865213,0.894338027273504,0.937719770335443,FALSE,FALSE,"Suppressed"
"K02058",623.641975947413,0.214641079832934,0.1261141873884,1.70195823545129,0.088763197699946,0.171427087641536,FALSE,FALSE,"Enriched"
"K11940",146.404198183916,0.51813244364735,0.205062906535763,2.5266999888007,0.0115139812968146,0.0315896409938247,TRUE,TRUE,"Enriched"
"K03929",2600.82800896974,-0.175353810773518,0.0580820920544942,-3.01906843522434,0.00253553249698459,0.00856268698732504,FALSE,FALSE,"Suppressed"
"K14267",1056.23530431259,0.036389570136706,0.0948256060070201,0.383752571367823,0.701161843971554,0.80232384359897,FALSE,FALSE,"Enriched"
"K00797",1490.92469227055,0.268804409226185,0.0785697278809502,3.4212210793638,0.000623406334688379,0.00253308143588569,FALSE,FALSE,"Enriched"
"K00863",28.8320411015322,0.241801325024606,0.489861869603862,0.493611240287275,0.62158076097834,0.740000207145597,FALSE,FALSE,"Enriched"
"K17317",266.239963020039,0.3504469025318,0.173915142228052,2.01504537237053,0.0438998952302611,0.0968338014500406,FALSE,FALSE,"Enriched"
"K04097",36.3771842136932,0.421802912844041,0.391480672786246,1.07745526705568,0.281276924942401,0.420261627933293,FALSE,FALSE,"Enriched"
"K06192",296.460668466817,-0.567871921083538,0.153513346781391,-3.69916970080921,0.000216305940929661,0.000996412336654079,TRUE,TRUE,"Suppressed"
"K09956",84.6555261350567,2.43628368271325,0.313513731225144,7.77089945372657,0.00000000000000779307421997618,0.000000000000195596541842118,TRUE,TRUE,"Enriched"
"K15527",15.8505474884999,0.38732160375112,0.598753344153806,0.646880067615332,0.517709567041706,0.654135208076935,FALSE,FALSE,"Enriched"
"K17226",212.144509194216,-0.459101371374726,0.187547202548591,-2.44792438989209,0.0143681803761274,0.0379850594338972,FALSE,FALSE,"Suppressed"
"K12537",13.1998705737131,1.45053585667722,0.728243829164838,1.99182718560172,0.0463900223490233,0.101373251990933,FALSE,FALSE,"Enriched"
"K07644",121.635766162536,-0.839255556650775,0.220787818406993,-3.80118596535846,0.000144005168173703,0.000701507604386111,TRUE,TRUE,"Suppressed"
"K06194",367.537732614332,-0.50614580270944,0.15010091491053,-3.37203675947702,0.000746144889540888,0.00296464995525073,TRUE,TRUE,"Suppressed"
"K11069",1655.718521209,0.0840186341775332,0.0641588365087934,1.30954111310946,0.190351120716855,0.311916035801209,FALSE,FALSE,"Enriched"
"K04062",9.77828872060331,0.0996750997408161,0.798866899526377,0.124770596703794,0.900705165882414,0.941295546044696,FALSE,FALSE,"Enriched"
"K20421",105.238026780524,0.295002676671717,0.25150472796033,1.17295081911243,0.240815528547807,0.374390494165963,FALSE,FALSE,"Enriched"
"K07048",724.956001487305,0.528023104267261,0.0939700991971607,5.61905445219766,0.0000000192005341474324,0.000000206897628560407,TRUE,TRUE,"Enriched"
"K01810",3901.9505652169,0.28801664710426,0.0460393995427202,6.25587322955869,0.000000000395297757163486,0.00000000553669256027466,FALSE,FALSE,"Enriched"
"K01634",838.38719189186,0.361922007237932,0.0921745963803412,3.92648323345543,0.0000861968978619223,0.000442893748997358,FALSE,FALSE,"Enriched"
"K16243",34.6599556667135,-0.983336794086517,0.487069845092324,-2.01888251550479,0.0434994319220797,0.0961591284134702,TRUE,FALSE,"Suppressed"
"K18968",89.5901853062474,-0.779454817868896,0.290936851411439,-2.67912027674556,0.00738158736414807,0.0216756385815788,TRUE,TRUE,"Suppressed"
"K00203",12.0906192482876,2.01712308349311,0.758393542434478,2.65973135401187,0.00782030003660522,0.0227774641467312,TRUE,TRUE,"Enriched"
"K02484",1829.28213701296,0.502346348560242,0.0737765916788959,6.80902081715358,0.00000000000982652613806824,0.000000000171724879415697,TRUE,TRUE,"Enriched"
"K13963",139.980601340905,-0.516360751440719,0.221993551276868,-2.32601689765628,0.0200176492528048,0.0503093906269803,TRUE,FALSE,"Suppressed"
"K23351",77.7613696578565,-0.360470875632079,0.293153282257504,-1.22963274658287,0.2188346616089,0.347390057561864,FALSE,FALSE,"Suppressed"
"K01338",11049.7618226614,-0.0798564750863521,0.0339409360793351,-2.35280709110945,0.0186322975245192,0.0472902133175374,FALSE,FALSE,"Suppressed"
"K18586",44.9936416872873,1.18540918308948,0.373749333115012,3.17166902535905,0.0015156563751814,0.00547290483794434,TRUE,TRUE,"Enriched"
"K19295",118.837838696866,-1.01740239331247,0.245681670726318,-4.14114081162295,0.0000345582715928978,0.000194438098196572,TRUE,TRUE,"Suppressed"
"K08368",11.9219397678778,6.95942171667808,1.37588537686414,5.05814062254203,0.00000042336419862263,0.00000361638409999919,TRUE,TRUE,"Enriched"
"K18829",31.4355742602703,-0.671899091915595,0.427670948623231,-1.57106554485075,0.116167424818524,0.212381631884945,FALSE,FALSE,"Suppressed"
"K10440",2745.28971787127,0.241283378867788,0.0656865364036083,3.67325470451405,0.000239480561716048,0.00109243975011681,FALSE,FALSE,"Enriched"
"K01227",9.01418424253207,6.5614465122365,1.42552880072147,4.60281581748171,0.00000416816817426923,0.0000290533230798492,TRUE,TRUE,"Enriched"
"K13796",773.360672651022,-0.239986174325692,0.0986046629469629,-2.4338217600802,0.0149403500716829,0.0393272313712535,FALSE,FALSE,"Suppressed"
"K01060",519.458927747707,1.51422643622506,0.11388575504604,13.2960126190752,0.000000000000000000000000000000000000000244145365363449,0.0000000000000000000000000000000000000289741986736604,TRUE,TRUE,"Enriched"
"K00662",461.21006829856,0.154163891668329,0.116332343435585,1.3252023222045,0.185104055369025,0.305286542373089,FALSE,FALSE,"Enriched"
"K13730",35.6019987784394,-0.358059072878986,0.48665493006355,-0.735755564691862,0.461879467757289,0.602825352846502,FALSE,FALSE,"Suppressed"
"K02274",9884.77848071108,0.0351929172820126,0.0366029959662308,0.961476413419297,0.336312679382603,0.482401465558442,FALSE,FALSE,"Enriched"
"K03567",519.337238065763,-0.0202937391915993,0.112287996439518,-0.180729372996963,0.856580002106579,0.91557683716229,FALSE,FALSE,"Suppressed"
"K19737",14.1728555289112,0.779520296912418,0.707018130348098,1.10254640362422,0.270224196343136,0.408450402353603,FALSE,FALSE,"Enriched"
"K16267",330.549493270881,-0.464738763666269,0.137251449329974,-3.38603902497937,0.000709092989610206,0.00283219262844312,FALSE,FALSE,"Suppressed"
"K00463",83.0185493159597,0.406438280704289,0.305149155073619,1.33193316758892,0.182882150859455,0.302112198833104,FALSE,FALSE,"Enriched"
"K00334",1743.30768756904,0.036749548847126,0.0721578900787636,0.509293561757587,0.61054647007826,0.730428191645215,FALSE,FALSE,"Enriched"
"K21169",10.0201515251239,3.13818793245384,0.949158817360922,3.30628328479251,0.00094542452074434,0.00363107314358925,TRUE,TRUE,"Enriched"
"K21252",6.03959584789578,-1.10538982243044,0.988345343519589,-1.11842467785,0.263385659460877,0.400545819861481,FALSE,FALSE,"Suppressed"
"K00373",986.168360138053,0.433456009110944,0.086474478994601,5.01253102823558,0.0000005371870973841,0.00000448808781773373,FALSE,FALSE,"Enriched"
"K01011",3114.11589694454,0.104901647822977,0.0496781709767774,2.11162459809589,0.034718661013558,0.0799354901931635,FALSE,FALSE,"Enriched"
"K01992",21513.5440567426,0.255410186846496,0.0300843412544777,8.48980486845398,0.0000000000000000206984341917672,0.000000000000000612814321046545,FALSE,FALSE,"Enriched"
"K21817",8.71765169186591,6.50724957917418,1.41416158176153,4.6014894359303,0.00000419480436597208,0.0000292056071096618,TRUE,TRUE,"Enriched"
"K10619",74.2621891953784,-0.271230402166323,0.306710721286885,-0.884319925395189,0.376523535100832,0.522018244031122,FALSE,FALSE,"Suppressed"
"K01916",1495.32727580318,0.433699932621189,0.0707296676963084,6.13179655365219,0.000000000868921786421132,0.0000000114214525331519,FALSE,FALSE,"Enriched"
"K18697",247.365876286281,-0.401996094652641,0.171802995412226,-2.33986662274477,0.019290627653437,0.0487178211421584,FALSE,FALSE,"Suppressed"
"K21471",1506.02159506764,0.888557459911329,0.0818643659551417,10.8540199333886,0.00000000000000000000000000190843023153256,0.000000000000000000000000113005009535117,TRUE,TRUE,"Enriched"
"K16869",7.95799420462636,6.37809132846242,1.42533332991566,4.4748068361243,0.00000764804232821453,0.0000498881392083213,TRUE,TRUE,"Enriched"
"K14665",14.308875171579,3.67870855028079,0.849200601091058,4.33196649361101,0.000014778343582296,0.0000901331175084235,TRUE,TRUE,"Enriched"
"K13930",5.68956787376486,5.89519596500523,1.51948666978319,3.8797286493118,0.000104573059340288,0.000526230271383183,TRUE,TRUE,"Enriched"
"K07012",268.860358546961,0.427513629300673,0.202573507932748,2.11041233211306,0.0348228551628937,0.0801148976380568,FALSE,FALSE,"Enriched"
"K09930",1075.46324569595,0.283281158239601,0.0830933313152442,3.40919245570831,0.00065155496492682,0.00262126235559939,FALSE,FALSE,"Enriched"
"K03587",4422.80699754186,0.0212045225470318,0.0455920017923992,0.465093036352856,0.641864832597592,0.755448401005927,FALSE,FALSE,"Enriched"
"K02017",1327.73285700062,-0.165515899909085,0.076706213727992,-2.15778998681933,0.0309441637520523,0.072420742411269,FALSE,FALSE,"Suppressed"
"K01007",4676.4194016489,-0.20750981499527,0.0455405765016102,-4.55659174599893,0.00000519903356756026,0.0000354289449481006,FALSE,FALSE,"Suppressed"
"K17217",21.7938505346543,0.488330667889435,0.51945807613498,0.940077150254073,0.347177988461164,0.494363699942847,FALSE,FALSE,"Enriched"
"K12434",86.2027194312768,1.62006079094793,0.283840300014104,5.70764895213058,0.0000000114547365021786,0.000000127993335709601,TRUE,TRUE,"Enriched"
"K06219",58.5083861819391,-2.06283390082368,0.352320543035922,-5.85499182945274,0.00000000477033467551984,0.0000000556295816175823,TRUE,TRUE,"Suppressed"
"K21603",20.5065170463967,0.331691140190741,0.588219753963033,0.563889835314145,0.572829108145321,0.701261487470557,FALSE,FALSE,"Enriched"
"K01761",1585.12365229598,0.702090796895589,0.0706871542342842,9.93236754967659,0.0000000000000000000000301021823234293,0.00000000000000000000138040007511726,TRUE,TRUE,"Enriched"
"K02952",1054.97988758264,-0.16494910194271,0.079453696041828,-2.07604063951756,0.0378901924958589,0.0855263819512374,FALSE,FALSE,"Suppressed"
"K06921",487.946509308307,1.57776937995167,0.124542446295904,12.6685272923177,0.000000000000000000000000000000000000883576600525939,0.0000000000000000000000000000000000842020888532453,TRUE,TRUE,"Enriched"
"K16329",890.730656868075,0.1187978714285,0.0837325089313646,1.41877835675362,0.155963644498914,0.267799061880315,FALSE,FALSE,"Enriched"
"K01524",4244.20842493263,0.0917850476513921,0.0495033300141389,1.85411865474862,0.0637221864028391,0.130679762902124,FALSE,FALSE,"Enriched"
"K01432",294.721555205673,-0.416525835132372,0.142015852403251,-2.93295310406372,0.00335754602549764,0.0109564864684377,FALSE,FALSE,"Suppressed"
"K03502",112.8025116462,0.185903475463728,0.243530038970661,0.76336979310435,0.445242889459349,0.58803299757743,FALSE,FALSE,"Enriched"
"K06147",16573.7345431433,0.217159193068454,0.0317671886144858,6.83595881599133,0.00000000000814583446892321,0.000000000143587989670412,FALSE,FALSE,"Enriched"
"K03154",204.666399014944,0.0180676467495727,0.173773611415033,0.103972326997456,0.917191309378774,0.950382228321635,FALSE,FALSE,"Enriched"
"K17285",1041.27774217749,0.0778181848494666,0.0943471803634137,0.824806682613307,0.409481352126935,0.553178008434185,FALSE,FALSE,"Enriched"
"K01640",2010.44214559614,0.0103105615844171,0.0595043414355847,0.173274106320101,0.862435975980554,0.918697561175518,FALSE,FALSE,"Enriched"
"K18292",19.3788727772949,0.986851542240787,0.572513107959931,1.72371868612282,0.0847586400046626,0.165474694426516,FALSE,FALSE,"Enriched"
"K03518",2126.43995482914,-0.38226652023352,0.0722969496098154,-5.28745019391,0.000000124033117293327,0.00000117831461428661,FALSE,FALSE,"Suppressed"
"K11533",164.924470283576,-0.406713141499207,0.194893067095571,-2.08685279348476,0.0369014431968572,0.0839664278855751,FALSE,FALSE,"Suppressed"
"K02392",363.615318964327,-0.0750883487501496,0.134212584441236,-0.559473234665462,0.575838792879551,0.703195330075119,FALSE,FALSE,"Suppressed"
"K15509",304.131714000854,0.199869803968368,0.141979553098491,1.407736533934,0.159209099472586,0.272069570659372,FALSE,FALSE,"Enriched"
"K01158",7.66644129694823,3.38588408495673,1.19786454046842,2.82660014598369,0.00470450310763092,0.0146896865274801,TRUE,TRUE,"Enriched"
"K09786",546.818936737578,-0.60762946311077,0.120850193858317,-5.02795604799068,0.000000495735459619147,0.00000418766006678279,TRUE,TRUE,"Suppressed"
"K03922",9.95013674733527,-1.13267701762274,0.83872229673446,-1.35047920155788,0.176862320709131,0.294641708277791,FALSE,FALSE,"Suppressed"
"K21416",1274.78120890413,-0.441242596947022,0.0769817222496372,-5.73178390990209,0.00000000993798313758257,0.000000112243998437252,FALSE,FALSE,"Suppressed"
"K01258",637.288778930662,0.0465632182240095,0.118870577483613,0.391713569578885,0.695269862628828,0.797956743028788,FALSE,FALSE,"Enriched"
"K07042",1127.70313840438,0.112319886314411,0.0801476254631924,1.4014125267628,0.161090748465175,0.274439238795838,FALSE,FALSE,"Enriched"
"K23144",68.9659726812174,0.0770620954944278,0.286408476936494,0.269063598671051,0.787880741829199,0.868006619294849,FALSE,FALSE,"Enriched"
"K10979",2953.3429524253,-0.0649257854544362,0.052138709403952,-1.24525110415401,0.213039462833653,0.34022720183882,FALSE,FALSE,"Suppressed"
"K02660",1212.16404102521,-0.439385231766313,0.0961984678820969,-4.56748679516221,0.00000493606762703811,0.0000338639780172165,FALSE,FALSE,"Suppressed"
"K06902",1831.83371637759,0.0374081554765369,0.0638821934669864,0.585580322877751,0.558157574681803,0.688418035808654,FALSE,FALSE,"Enriched"
"K21607",27.3788805051251,0.343862436786751,0.464910974384778,0.739630715841432,0.45952409865636,0.601268219730932,FALSE,FALSE,"Enriched"
"K20461",81.0269664105945,-0.106565698835567,0.27552857019067,-0.386768235184548,0.698927795242595,0.800948002714902,FALSE,FALSE,"Suppressed"
"K10125",130.109318996937,1.09809553671937,0.218740511325128,5.02008306585331,0.000000516491399628142,0.00000434493937425109,TRUE,TRUE,"Enriched"
"K21333",15.4876089046954,1.14949274031305,0.697682782803363,1.64758650872,0.0994375507836623,0.187981849249865,FALSE,FALSE,"Enriched"
"K03299",680.903900925217,0.663642556921983,0.101928889306711,6.51083869780076,0.0000000000747323597990716,0.00000000118696005837119,TRUE,TRUE,"Enriched"
"K23167",112.856848967796,-0.210542961391755,0.232831730510181,-0.904270912432825,0.365851766609289,0.512321867330831,FALSE,FALSE,"Suppressed"
"K01101",144.241397820575,-0.0201719617184083,0.198866841894403,-0.101434515308085,0.919205538506968,0.951822509228183,FALSE,FALSE,"Suppressed"
"K10562",593.282996976153,0.255374922081799,0.110993353478814,2.30081274308505,0.0214022178498843,0.0530402790192784,FALSE,FALSE,"Enriched"
"K02827",54.4980174483033,3.3433659939438,0.46124406809129,7.24858318022223,0.000000000000421153760223553,0.00000000000882686179932456,TRUE,TRUE,"Enriched"
"K02588",30.0089425623704,-0.954151872328053,0.430799551297081,-2.21483952212862,0.0267710814160677,0.064059928369901,TRUE,FALSE,"Suppressed"
"K22131",153.805062486113,-0.222116674738199,0.240127759813559,-0.924993740459896,0.354969163467013,0.502310192107961,FALSE,FALSE,"Suppressed"
"K06869",4.76275871803768,-1.9298997216319,1.24839993157084,-1.54589861215672,0.12212905579703,0.221010250512434,FALSE,FALSE,"Suppressed"
"K00948",4390.07242360411,0.0728043541250034,0.0446473348886995,1.63065397534917,0.102963353163565,0.193282084008797,FALSE,FALSE,"Enriched"
"K00800",2890.83359334323,-0.0416026477974874,0.0529213563616347,-0.786122099993023,0.431795958136372,0.57500514163182,FALSE,FALSE,"Suppressed"
"K08296",1182.36955067409,-0.0411016734176546,0.0737495821634057,-0.557313983509579,0.577312923309344,0.703784033432679,FALSE,FALSE,"Suppressed"
"K00139",7.47406513625352,-1.21264829721188,0.869591612553543,-1.39450321243435,0.163165700104203,0.277277125922412,FALSE,FALSE,"Suppressed"
"K18785",139.680954035791,-0.681181649210216,0.212589927982407,-3.20420471315361,0.00135436139658611,0.00497006628025193,TRUE,TRUE,"Suppressed"
"K16044",195.988909628463,1.97104301238483,0.207728256219547,9.48856476367685,0.00000000000000000000234237010034865,0.0000000000000000000946100347154066,TRUE,TRUE,"Enriched"
"K17893",121.748851091444,1.20347920971759,0.246661339718731,4.87907513633845,0.00000106584457372362,0.00000843136972132345,TRUE,TRUE,"Enriched"
"K04653",212.921844256481,0.0459435948146133,0.172932533827363,0.265673519017991,0.790490659421988,0.86989336531268,FALSE,FALSE,"Enriched"
"K15511",121.148475166322,-0.572100648438925,0.228628561104783,-2.50231487122348,0.0123384135737102,0.0334656692180783,TRUE,TRUE,"Suppressed"
"K00968",67.9410175148443,-1.10957085255637,0.382873868980382,-2.89800621680248,0.00375543145643909,0.0120931237871288,TRUE,TRUE,"Suppressed"
"K02304",227.059747193626,-0.391775317691671,0.162193170424852,-2.4154859089655,0.0157142305050254,0.0410630213582476,FALSE,FALSE,"Suppressed"
"K06941",3241.74349535372,-0.020395537363261,0.0501107018272272,-0.407009613107819,0.684000927737773,0.789052706312214,FALSE,FALSE,"Suppressed"
"K18224",66.2823357983933,-0.306140181791809,0.346242236312313,-0.884179195040978,0.376599487413828,0.522018244031122,FALSE,FALSE,"Suppressed"
"K17095",11.9831151236858,1.98746569185956,0.725716721824859,2.73862463422636,0.00616967702737396,0.0184908403881837,TRUE,TRUE,"Enriched"
"K06694",9.5268717834072,-1.95837437613085,0.841958053138038,-2.32597617996746,0.0200198214546124,0.0503093906269803,TRUE,FALSE,"Suppressed"
"K11711",66.0770871124165,-0.117967929290014,0.306917385499009,-0.384363789292068,0.700708835034046,0.802202055422468,FALSE,FALSE,"Suppressed"
"K00045",185.100703118197,-0.676521864175218,0.195131195889455,-3.46701029064813,0.000526281741300598,0.00218353220421248,TRUE,TRUE,"Suppressed"
"K02705",10.0297383650985,-2.01236827321841,2.12179142275185,-0.948428884969514,0.34291116035318,0.489907511593826,FALSE,FALSE,"Suppressed"
"K01484",503.594496837484,0.330168851157575,0.14602309603747,2.26107280366699,0.0237547491589529,0.0579520860481815,FALSE,FALSE,"Enriched"
"K22819",196.433865449882,-1.23179687624187,0.184156895533207,-6.68884470861289,0.0000000000224939268849675,0.000000000381084611309492,TRUE,TRUE,"Suppressed"
"K13002",14.0589152937881,0.177622447149685,0.684721515814569,0.25940830402909,0.795320223270468,0.873834992204393,FALSE,FALSE,"Enriched"
"K06867",943.74442393851,-0.188207757226638,0.123732309398203,-1.52108821165648,0.128237702317216,0.229025401590834,FALSE,FALSE,"Suppressed"
"K04107",89.1661554845197,0.00846997298659819,0.279510861608604,0.0303028402468974,0.975825531424956,0.985971990447576,FALSE,FALSE,"Enriched"
"K02403",10.0332604062359,-0.139103895080097,0.77346285930286,-0.179845603970531,0.857273780486902,0.916157839002912,FALSE,FALSE,"Suppressed"
"K03117",601.928406190157,0.181903940745554,0.109415330615737,1.66250871538647,0.0964108173360786,0.183778212855194,FALSE,FALSE,"Enriched"
"K00570",330.322005363087,-0.207768552694258,0.135869223257387,-1.52918039651016,0.126219728987405,0.226549183959441,FALSE,FALSE,"Suppressed"
"K07806",64.0369971901652,0.831017431574252,0.319404271085815,2.60177307194174,0.00927431976390865,0.0262113420945685,TRUE,TRUE,"Enriched"
"K05808",395.404493134811,-0.360218189236479,0.123087959831041,-2.92651035674764,0.00342788092320918,0.0111534949447828,FALSE,FALSE,"Suppressed"
"K00366",265.296568060463,-0.161107149192658,0.154295712092644,-1.0441453427813,0.296418150208239,0.437067843999573,FALSE,FALSE,"Suppressed"
"K02794",45.4882416970514,-0.0887521205901693,0.370578636731524,-0.239496052370844,0.810720957162937,0.883879855513541,FALSE,FALSE,"Suppressed"
"K08642",59.168291804554,-2.04569595963966,0.32921383862776,-6.21388204143119,0.000000000516913382996095,0.00000000711278043903686,TRUE,TRUE,"Suppressed"
"K17713",745.389177579124,-0.502449590492441,0.116448023391382,-4.31479707305728,0.0000159749578461135,0.0000966580038724664,TRUE,TRUE,"Suppressed"
"K02558",1413.20750359263,-0.505657341165751,0.0856457555254098,-5.90405605115749,0.00000000354671572260171,0.0000000423315444073343,TRUE,TRUE,"Suppressed"
"K13276",23.1802325384371,1.25819996905916,0.572738640577706,2.19681348510037,0.0280337695849886,0.0666580743465284,TRUE,FALSE,"Enriched"
"K00577",14.586814572634,-0.115627007215145,0.615920457589008,-0.187730421664775,0.851087981201373,0.911303651219659,FALSE,FALSE,"Suppressed"
"K03637",1178.97626065458,-0.00118668942270202,0.0736219473158919,-0.0161186910420918,0.987139702156623,0.992295408701427,FALSE,FALSE,"Suppressed"
"K15734",17.8207552995569,-1.32319839947186,0.792468102033301,-1.6697181830749,0.0949751344719217,0.181470346223136,FALSE,FALSE,"Suppressed"
"K08282",375.289226119973,-0.465846530008518,0.129007232653202,-3.61101095208211,0.000305005780271886,0.00135387936963481,FALSE,FALSE,"Suppressed"
"K03408",871.840275497188,-0.202497185059569,0.0839298889652352,-2.41269454250614,0.0158350842301496,0.0413015873467009,FALSE,FALSE,"Suppressed"
"K12282",173.400207125302,-0.864310318682255,0.187411307872134,-4.61183654548717,0.000003991268005318,0.0000280446354428969,TRUE,TRUE,"Suppressed"
"K04070",166.438952565168,-0.279547485501085,0.1869405165327,-1.49538201073809,0.134814772683201,0.238749365537315,FALSE,FALSE,"Suppressed"
"K00275",1631.85775129448,0.211124247931973,0.0719745588818372,2.93331770575464,0.00335360526967656,0.010949485299656,FALSE,FALSE,"Enriched"
"K18431",74.7480770142689,-0.621738457328723,0.297337499094121,-2.09101932727266,0.0365263314806731,0.0832800357759348,TRUE,FALSE,"Suppressed"
"K11890",69.8580045164705,-0.230402110164749,0.339469387905328,-0.678712480045487,0.497320057034764,0.634551261057537,FALSE,FALSE,"Suppressed"
"K00302",672.800459406616,-0.016663226380884,0.103708206380206,-0.160674135273294,0.872350061784672,0.924976186861042,FALSE,FALSE,"Suppressed"
"K02005",5140.71479178234,-0.266814419081571,0.0497266111704904,-5.36562642820728,0.0000000806687509262991,0.000000784686940828545,FALSE,FALSE,"Suppressed"
"K06990",559.615925658349,-0.43100712758538,0.102698704937698,-4.19681171098361,0.0000270698802326785,0.000156048392759079,FALSE,FALSE,"Suppressed"
"K07741",7.26540186007946,0.213453161824508,0.960458321276112,0.222240941742171,0.824126324031033,0.894160969629986,FALSE,FALSE,"Enriched"
"K05539",537.710596447246,-0.14673135863426,0.107268259197045,-1.36789167394544,0.17134598632757,0.287493582011512,FALSE,FALSE,"Suppressed"
"K07726",82.6289189191056,-0.0729678153722297,0.275797031109853,-0.264570706503239,0.791340189001276,0.870559850779001,FALSE,FALSE,"Suppressed"
"K00315",318.28924163824,0.285174097611897,0.154380026123856,1.84722146233547,0.0647150500417994,0.132404257029498,FALSE,FALSE,"Enriched"
"K15653",9.70670682197727,-4.86229410650423,1.28198464774849,-3.79278653222853,0.000148966207692206,0.000719354632394903,TRUE,TRUE,"Suppressed"
"K02687",1588.80441725493,-0.08774407338402,0.084057269510807,-1.04386061901212,0.296549880556222,0.437084997948864,FALSE,FALSE,"Suppressed"
"K00794",1157.98006508485,-0.194669917690024,0.0788585128774473,-2.46859737251902,0.0135643742482136,0.0361894656779766,FALSE,FALSE,"Suppressed"
"K18232",396.906996637697,1.85020111276894,0.143478502968443,12.8953193300035,0.0000000000000000000000000000000000000478277865224685,0.00000000000000000000000000000000000511757315790413,TRUE,TRUE,"Enriched"
"K03698",433.904337121195,0.255366886676357,0.125964483052774,2.02729277719792,0.0426324797420512,0.0947923783983851,FALSE,FALSE,"Enriched"
"K13668",808.759580353452,0.376772209320485,0.110412375930233,3.41240921722903,0.000643913705374188,0.00259441278449268,FALSE,FALSE,"Enriched"
"K07561",11.4383871233677,-1.18772754353257,0.724750612966235,-1.63880860848324,0.101253125785953,0.19086426586958,FALSE,FALSE,"Suppressed"
"K09155",31.2864675095488,0.861228718251875,0.464050297541646,1.85589519673691,0.063468497767059,0.130247095518605,FALSE,FALSE,"Enriched"
"K01602",84.5064515784394,-0.286389494162672,0.259539732210844,-1.10345145124067,0.269831163611515,0.408058583403579,FALSE,FALSE,"Suppressed"
"K00082",75.1405383048709,0.439511664645407,0.284540246086511,1.54463795786477,0.122433859461847,0.221382777603856,FALSE,FALSE,"Enriched"
"K13929",30.7829337085873,1.79105304267854,0.4511776086238,3.96972945563874,0.0000719542855008993,0.00037579684974089,TRUE,TRUE,"Enriched"
"K03431",3143.52542941898,-0.0160874886916184,0.0515129022429246,-0.31230018094793,0.754812402546483,0.843652667601086,FALSE,FALSE,"Suppressed"
"K19268",147.490964732501,-1.05996155343321,0.215509531546499,-4.91839755683615,0.000000872555612565849,0.00000703788633087858,TRUE,TRUE,"Suppressed"
"K01297",1491.5210858901,0.185864981752094,0.067431590708013,2.7563487647342,0.00584506358177604,0.0176480409827981,FALSE,FALSE,"Enriched"
"K09974",62.1121629131593,-0.256329296091303,0.309480007468172,-0.828258013137293,0.407524395657048,0.551106715989432,FALSE,FALSE,"Suppressed"
"K16246",72.9221831697556,-0.397493294400442,0.288561752259412,-1.37749820025733,0.168358270840836,0.283964904274961,FALSE,FALSE,"Suppressed"
"K02031",7711.19369551201,0.224198463445413,0.0499740523139443,4.48629744966379,0.00000724715481209308,0.0000474891574703966,FALSE,FALSE,"Enriched"
"K11654",119.376289364205,1.50718342872002,0.249802093917773,6.03350998817543,0.00000000160436069001852,0.0000000204279662806325,TRUE,TRUE,"Enriched"
"K02945",5513.63675856068,-0.0174351088689872,0.0415071077810738,-0.420051162344229,0.674448078708896,0.782440771270338,FALSE,FALSE,"Suppressed"
"K00639",2050.37399740968,-0.0895648946179399,0.0608608094366561,-1.47163495600825,0.141119480723159,0.247751212703094,FALSE,FALSE,"Suppressed"
"K16785",665.195591222734,0.220572458654827,0.103390459238521,2.13339277414339,0.0328925193230201,0.0762781275099238,FALSE,FALSE,"Enriched"
"K03346",9.52203795780939,6.63736974930617,1.39802293447496,4.74768302123662,0.00000205760171077055,0.0000153979298576559,TRUE,TRUE,"Enriched"
"K09880",265.646582547875,-0.807488335371045,0.169578999128655,-4.76172367757889,0.00000191946389421263,0.0000144886265975282,TRUE,TRUE,"Suppressed"
"K15765",20.3499111973467,-0.500250442284386,0.556280305062533,-0.899277644259132,0.368504792061237,0.514186851242618,FALSE,FALSE,"Suppressed"
"K02529",7183.9765604166,0.743424862040297,0.0429816569680769,17.2963285848298,0.000000000000000000000000000000000000000000000000000000000000000000501337422419596,0.000000000000000000000000000000000000000000000000000000000000000203843795955808,TRUE,TRUE,"Enriched"
"K11954",9.72173713501904,-6.78120494734486,3.91152185732505,-1.73364874202244,0.0829804264624847,0.162315669616985,FALSE,FALSE,"Suppressed"
"K02364",89.5813454452523,2.07342696295554,0.294180648915009,7.04814191756904,0.00000000000181322661512546,0.0000000000348860224783918,TRUE,TRUE,"Enriched"
"K03340",27.7216412675728,-0.310245854715541,0.471739100161569,-0.657664066025655,0.510754017434775,0.647762269148408,FALSE,FALSE,"Suppressed"
"K13328",32.1791450215907,3.22017851816103,0.514569810818634,6.25800124775687,0.000000000389942702019611,0.0000000054925185672462,TRUE,TRUE,"Enriched"
"K00459",1905.81673468494,0.00272105737319353,0.0604936973773993,0.0449808408340093,0.964122580294991,0.978562758731761,FALSE,FALSE,"Enriched"
"K19794",346.986350025247,-0.8328991186659,0.145461521934786,-5.7259068074326,0.0000000102882689994949,0.000000115771499313504,TRUE,TRUE,"Suppressed"
"K00058",5674.34244166093,-0.0955515505586585,0.0423013202108479,-2.25883140484478,0.0238938742097236,0.0581983781170543,FALSE,FALSE,"Suppressed"
"K05665",7.94715976970638,-2.33945437764837,1.09386133772362,-2.13871200760866,0.0324589995421781,0.0754161669362834,TRUE,FALSE,"Suppressed"
"K14520",172.797203201247,-0.855408600379217,0.209598496650042,-4.08117717469825,0.0000448081813238324,0.000244222607590754,TRUE,TRUE,"Suppressed"
"K07654",1476.42336126082,0.952139006891324,0.0790200372586202,12.0493363445922,0.00000000000000000000000000000000195517758485862,0.000000000000000000000000000000154865299870815,TRUE,TRUE,"Enriched"
"K13038",3041.20728882975,0.00929782244912968,0.0512738701967572,0.181336466575478,0.856103484287454,0.915388350397823,FALSE,FALSE,"Enriched"
"K07319",98.5295918251076,3.93642804916433,0.749467282239715,5.25230139119706,0.000000150210400210481,0.00000140511231730633,TRUE,TRUE,"Enriched"
"K23753",318.656506947822,-0.451017730083017,0.140716704000383,-3.20514705973919,0.00134993490034931,0.00495680491103579,FALSE,FALSE,"Suppressed"
"K07215",101.114091591985,1.31798984047413,0.273793403228687,4.8138115269829,0.00000148078471582056,0.0000114610482002406,TRUE,TRUE,"Enriched"
"K01197",246.664249390661,1.20642712154581,0.170879745113339,7.06009434146585,0.00000000000166389599207486,0.0000000000323187950817344,TRUE,TRUE,"Enriched"
"K20860",11.7419722111327,0.911405357300621,0.726393391417998,1.25469940677938,0.209587901190726,0.335330678764831,FALSE,FALSE,"Enriched"
"K09771",172.50432035839,1.91237542280111,0.20425399798865,9.36273190063766,0.00000000000000000000777011470185736,0.000000000000000000301846685137758,TRUE,TRUE,"Enriched"
"K03715",68.7929398899341,-0.0121506741514624,0.300915730305469,-0.0403789929463902,0.967790977788599,0.981192767573237,FALSE,FALSE,"Suppressed"
"K01439",2414.04209355215,0.0303453088842205,0.0559541615306394,0.542324432251639,0.587595027330927,0.712756975276715,FALSE,FALSE,"Enriched"
"K06033",92.6062717130755,-0.518178266137727,0.266960488146511,-1.94102981207221,0.0522546614286183,0.111200690876882,FALSE,FALSE,"Suppressed"
"K13771",378.370739409582,0.592323148215603,0.133835046396564,4.42577011151848,0.00000960988239997328,0.0000614367638966845,TRUE,TRUE,"Enriched"
"K01477",435.033191379309,-0.481121981942349,0.133075138278015,-3.61541598354163,0.000299865717497388,0.00133397593801355,FALSE,FALSE,"Suppressed"
"K14712",9.78775192665813,1.8774936989962,0.938563223337795,2.00039129204243,0.0454580279550607,0.0998014803808191,TRUE,FALSE,"Enriched"
"K03203",92.6796459664461,-0.254458778346388,0.255150264698106,-0.997289885814794,0.318623821653538,0.463128381378677,FALSE,FALSE,"Suppressed"
"K08309",2890.93255723001,-0.0108286627209038,0.0587534994618265,-0.184306685050129,0.85377286985354,0.913536970743288,FALSE,FALSE,"Suppressed"
"K21345",69.8172690839706,-0.510793838886257,0.307409190182114,-1.66160887572572,0.0965912225626973,0.183924404124224,FALSE,FALSE,"Suppressed"
"K18286",536.353414949667,0.879351289697143,0.114010047843076,7.7129279947982,0.0000000000000122963471202453,0.000000000000301186430065767,TRUE,TRUE,"Enriched"
"K00241",1481.57088363618,0.26877136118639,0.0659905396700887,4.07287715072612,0.0000464359203125332,0.000252192945668869,FALSE,FALSE,"Enriched"
"K00390",1331.20976536969,-0.074894775394713,0.0801248760472344,-0.934725631906897,0.349929713886957,0.497434309644563,FALSE,FALSE,"Suppressed"
"K00304",23.1132017580453,-0.230787610416786,0.500837323980718,-0.460803537129495,0.644939563794767,0.758043245246538,FALSE,FALSE,"Suppressed"
"K00392",1796.32429571313,-0.130132371375547,0.0784556102874461,-1.65867515272352,0.0971812688978926,0.184932467709281,FALSE,FALSE,"Suppressed"
"K05801",175.323691882532,-0.0508125238633307,0.182970947625712,-0.277708152702328,0.781236401733808,0.863024961813891,FALSE,FALSE,"Suppressed"
"K00349",42.5979476527607,-0.0484405209338485,0.393038432177606,-0.123246270512191,0.901912086265234,0.941607776411846,FALSE,FALSE,"Suppressed"
"K07488",21.5975989864263,-0.754536997504204,0.560685495839991,-1.34574017537906,0.178386324909289,0.296856260742635,FALSE,FALSE,"Suppressed"
"K03534",138.945329256418,0.433904052824096,0.21381592196538,2.02933462033923,0.0424242193591709,0.0944670733375624,FALSE,FALSE,"Enriched"
"K00260",107.168708719201,0.853846450921961,0.271172493516721,3.14872072697636,0.00163986828657178,0.00585637652210076,TRUE,TRUE,"Enriched"
"K06137",517.670828787335,0.377445140079097,0.113845186959945,3.31542465832917,0.000915040031602185,0.00353518898170681,FALSE,FALSE,"Enriched"
"K01103",12.5787837449763,-1.3329712902026,0.736062098030253,-1.81094950245327,0.0701486688078371,0.141293504312747,FALSE,FALSE,"Suppressed"
"K22550",18.6964127734615,-0.240380070290098,0.583594654497734,-0.411895599861138,0.680415946062211,0.787070516802288,FALSE,FALSE,"Suppressed"
"K00098",110.485371544833,-0.654125165018097,0.232988627882533,-2.80754117041236,0.0049921298196584,0.0154006068639841,TRUE,TRUE,"Suppressed"
"K02006",493.204717571388,0.486534037793636,0.129169216706149,3.76664076937517,0.000165458808179951,0.000786541910436103,FALSE,FALSE,"Enriched"
"K01170",5.64023807177658,-2.98504933461595,1.37284556990371,-2.17435187180253,0.0296787195920028,0.069996330545872,TRUE,FALSE,"Suppressed"
"K12441",6.08446984493789,2.31669359060251,1.30424652277819,1.7762697083276,0.075688473488894,0.150024049336615,FALSE,FALSE,"Enriched"
"K06042",207.068661335135,1.2926628046816,0.186620432540501,6.92669493412013,0.0000000000043078614990507,0.0000000000784287978588364,TRUE,TRUE,"Enriched"
"K13788",820.69166698242,0.748486932304718,0.107259994208065,6.97824885998773,0.00000000000298881899262826,0.0000000000562556888919495,TRUE,TRUE,"Enriched"
"K23366",18.0402299131184,4.62625900610574,0.918710189879069,5.03560214861086,0.000000476349020796663,0.00000403507316366507,TRUE,TRUE,"Enriched"
"K00222",10.0533606697686,-0.653500686862721,0.811593169132351,-0.80520722908666,0.420700105525829,0.563799152626243,FALSE,FALSE,"Suppressed"
"K16254",19.4296615757489,-0.496875250904364,0.539391334871423,-0.92117766597568,0.356957676663773,0.503954831012119,FALSE,FALSE,"Suppressed"
"K13542",1667.23101647537,-0.0260606592713169,0.0707869125421935,-0.368156461913536,0.712756572235818,0.811783815885388,FALSE,FALSE,"Suppressed"
"K03148",13.9588569055589,0.114190385969885,0.704398561916067,0.162110475721686,0.871218856883268,0.924098053588008,FALSE,FALSE,"Enriched"
"K07221",930.105038607768,-0.153377318566312,0.105820477518499,-1.44941056932482,0.147222958776755,0.255699431806224,FALSE,FALSE,"Suppressed"
"K02111",5204.58530035273,-0.0714955383728525,0.0430102086838818,-1.66229229200754,0.0964541825462333,0.183778212855194,FALSE,FALSE,"Suppressed"
"K23425",33.4139855531221,1.24675983724724,0.444245847150307,2.80646368501764,0.00500885579519955,0.0154365899418505,TRUE,TRUE,"Enriched"
"K19710",581.658013209286,0.0944488066541979,0.10927106603062,0.864353301245648,0.387393837986521,0.531917593948728,FALSE,FALSE,"Enriched"
"K12372",129.053578216343,0.0368002305796118,0.214144049095516,0.171848018822123,0.863557013467458,0.918950423857503,FALSE,FALSE,"Enriched"
"K06617",29.2907382581985,-1.56963717398955,0.47303532031613,-3.31822404496255,0.000905917880562913,0.00350361011639392,TRUE,TRUE,"Suppressed"
"K01141",385.055390446113,-0.150556273799614,0.323387369828799,-0.465560154310661,0.641530369673998,0.755220024016851,FALSE,FALSE,"Suppressed"
"K02517",1845.73490696152,-0.380633783094444,0.0866680485049918,-4.39185824142009,0.0000112385969468519,0.000070229715961936,FALSE,FALSE,"Suppressed"
"K03041",19.9988542037725,-1.82611146630001,0.584239971253164,-3.12561884867804,0.00177431357236174,0.00625522455366141,TRUE,TRUE,"Suppressed"
"K00456",11.9047258666412,-0.276388227647569,0.78864119364243,-0.350461312287072,0.725992519643347,0.822252252052882,FALSE,FALSE,"Suppressed"
"K00857",1216.00421486006,-0.0233371109244438,0.0809269771798268,-0.288372453015101,0.773061651812353,0.856320925245831,FALSE,FALSE,"Suppressed"
"K15911",36.0002364031974,0.129348585164358,0.420353172749991,0.307714068905791,0.758299913409385,0.845497472008015,FALSE,FALSE,"Enriched"
"K18287",28.031694632319,-0.455878126094521,0.458837255093749,-0.99355080921094,0.320441602589979,0.46468562375885,FALSE,FALSE,"Suppressed"
"K01998",8358.64392577981,0.0506647791187066,0.0441129421958525,1.14852414272812,0.250752252269984,0.38639160853831,FALSE,FALSE,"Enriched"
"K05566",183.001929249814,0.0502728920331695,0.208223996079035,0.241436592226804,0.809216754923685,0.883174144087264,FALSE,FALSE,"Enriched"
"K00526",1240.38229099032,0.164682677668561,0.0709435821543967,2.3213188940778,0.0202696392454504,0.0507755181317815,FALSE,FALSE,"Enriched"
"K03265",66.046229368586,0.201117355902152,0.330203761715892,0.609070456547961,0.542477738958377,0.676599535768331,FALSE,FALSE,"Enriched"
"K11960",490.664304135208,-0.343783326355998,0.121041473761374,-2.84021100927559,0.00450837013963553,0.0141443155769738,FALSE,FALSE,"Suppressed"
"K12994",151.378529059619,0.163734046940655,0.200054584852003,0.81844686069946,0.413102073208452,0.556183122405817,FALSE,FALSE,"Enriched"
"K03307",3170.45234571242,0.158821389412223,0.0521565252979384,3.04509145317816,0.00232609566870013,0.00793004890072783,FALSE,FALSE,"Enriched"
"K12583",154.743759296369,-1.58526286448023,0.218983363035564,-7.23919316291975,0.000000000000451361799118851,0.00000000000939541164786987,TRUE,TRUE,"Suppressed"
"K18333",67.9843848995414,-1.14231239176039,0.308586517759068,-3.70175729016219,0.000214111386313825,0.000987795268629364,TRUE,TRUE,"Suppressed"
"K02200",1776.33463144775,0.0880282316540072,0.0783519320459905,1.12349790688425,0.261226089049596,0.398404080298446,FALSE,FALSE,"Enriched"
"K15256",208.572197598543,0.113341236686167,0.175786030200641,0.644768168191749,0.5190774330766,0.655320485268926,FALSE,FALSE,"Enriched"
"K21344",278.029978145791,-0.76234205735212,0.150351051071875,-5.07041388748048,0.000000396951493494004,0.00000342433827272975,TRUE,TRUE,"Suppressed"
"K14683",22.1250327383646,0.710870378942262,0.514066916814055,1.38283627226569,0.16671507428806,0.282129644307124,FALSE,FALSE,"Enriched"
"K07025",3008.57482373187,0.382366737604768,0.0547844237121735,6.97947905071791,0.00000000000296276604432867,0.0000000000559439941311473,FALSE,FALSE,"Enriched"
"K00113",90.0103119157539,-0.073035264634114,0.265124336641044,-0.27547552050266,0.782950930346624,0.864762354977193,FALSE,FALSE,"Suppressed"
"K15579",52.1362855740727,-1.87826542758918,0.451864683418472,-4.15669888910021,0.000032287909263856,0.000182675286271111,TRUE,TRUE,"Suppressed"
"K05576",66.5118646214317,0.363326816700667,0.293350328681747,1.23854238832245,0.215515014957674,0.343281816721559,FALSE,FALSE,"Enriched"
"K01563",739.991530087592,0.210663124021594,0.0935557893141138,2.25173797972344,0.0243388350538184,0.0591640314839532,FALSE,FALSE,"Enriched"
"K05306",36.291370642741,0.250091820649973,0.415610943102536,0.601745032946046,0.54734386888587,0.680303700088632,FALSE,FALSE,"Enriched"
"K15650",32.1779239385702,3.03251340338364,0.530843093282397,5.71263607223842,0.0000000111239404287963,0.000000124714913005935,TRUE,TRUE,"Enriched"
"K03980",4687.05863741373,0.234866299457939,0.050645229531834,4.63748119278064,0.00000352680689969889,0.0000253955080062144,FALSE,FALSE,"Enriched"
"K02419",428.727322144878,-0.118525885359962,0.119728184403125,-0.989958095087161,0.322194601759232,0.466539619214044,FALSE,FALSE,"Suppressed"
"K14616",13.3995200279808,-3.24285740914758,0.900029397427225,-3.60305720948386,0.000314496274975829,0.00138491897550728,TRUE,TRUE,"Suppressed"
"K20543",99.1329348151916,-0.992824518355903,0.27457368143131,-3.61587648597806,0.000299333084124333,0.00133257845260898,TRUE,TRUE,"Suppressed"
"K09688",111.505711613858,0.979997637376473,0.260366660523836,3.76391368773866,0.000167274640144725,0.000792991644791977,TRUE,TRUE,"Enriched"
"K13656",10.0391151280272,-1.13213161481943,0.787441503855115,-1.43773424346672,0.150509473074998,0.26041341171189,FALSE,FALSE,"Suppressed"
"K10544",1152.92772677793,0.309543697913715,0.0894187511713471,3.4617313914456,0.000536712527347296,0.00222378376650215,FALSE,FALSE,"Enriched"
"K07482",21.1026192117601,-0.964091388396838,0.563221679183661,-1.71174410366128,0.0869438370468691,0.168822178334561,FALSE,FALSE,"Suppressed"
"K10536",1043.65494300319,0.00439931104975053,0.0759381865386735,0.0579327904743955,0.953802163953265,0.971345479112306,FALSE,FALSE,"Enriched"
"K06948",13.7510970653608,4.24103434171445,0.93815838243524,4.52059526527462,0.00000616659867050377,0.0000410590450779503,TRUE,TRUE,"Enriched"
"K06027",26.7625168987569,1.91853267683801,0.529020660220997,3.62657419851343,0.000287206317427169,0.00128515871605892,TRUE,TRUE,"Enriched"
"K02457",316.547569612408,-0.536181076225165,0.154600579207854,-3.46816990578212,0.000524015863648108,0.00217857719999305,TRUE,TRUE,"Suppressed"
"K00983",86.1408468330542,-0.0122818923402027,0.262752796291963,-0.0467431460807574,0.962717942309096,0.977462415539068,FALSE,FALSE,"Suppressed"
"K20941",126.006133591407,-0.331778820339969,0.217903777513505,-1.52259324792754,0.127860500093749,0.228864789230497,FALSE,FALSE,"Suppressed"
"K16190",7.30920464763124,-1.8394365354428,1.00584724466021,-1.82874342521481,0.0674380537952796,0.136873440964197,FALSE,FALSE,"Suppressed"
"K09691",1656.81887871885,-0.400317026063555,0.0653346610350566,-6.12717690306463,0.000000000894519993127025,0.0000000117074623134801,FALSE,FALSE,"Suppressed"
"K03625",1041.78075218715,-0.142228907868143,0.0779129826281941,-1.82548406017093,0.0679280144305099,0.137730372344308,FALSE,FALSE,"Suppressed"
"K21195",40.8292566604997,-0.579890608976143,0.378678676129885,-1.5313526890467,0.125682250130894,0.225850336932328,FALSE,FALSE,"Suppressed"
"K09726",212.170043193344,-0.119613910968644,0.172044075443135,-0.6952515549318,0.486897668471602,0.624782007155123,FALSE,FALSE,"Suppressed"
"K01571",514.600244541176,-0.130242637573875,0.116805851652647,-1.1150352121158,0.264835332715009,0.402499550019647,FALSE,FALSE,"Suppressed"
"K21060",52.3402547595902,-0.601465457466381,0.353998929246535,-1.69906010378778,0.0893078595512653,0.172260795510173,FALSE,FALSE,"Suppressed"
"K16444",156.891922945868,-0.07026505699638,0.20137937320014,-0.348918838507594,0.727150241854767,0.823123489594592,FALSE,FALSE,"Suppressed"
"K06603",26.6788366444404,-0.309277740513136,0.502435159526798,-0.615557519510417,0.538186595570092,0.672760821148185,FALSE,FALSE,"Suppressed"
"K02401",465.769279302335,-0.0648767351096489,0.12410037943238,-0.5227762832506,0.601129945821054,0.723341689666863,FALSE,FALSE,"Suppressed"
"K18660",66.4899617241952,-0.7240886350723,0.362457893866226,-1.99771793448522,0.0457472487346375,0.100256007916836,FALSE,FALSE,"Suppressed"
"K14761",58.3861443215412,-0.327720229308905,0.351831829067528,-0.931468395504391,0.351611325586073,0.499412546518272,FALSE,FALSE,"Suppressed"
"K10022",15.9903230512823,0.64557885328769,0.618767887839056,1.04332960060721,0.296795666240302,0.437341572457019,FALSE,FALSE,"Enriched"
"K18357",12.7194527050963,-0.262371163925015,0.66234333294167,-0.396125620770943,0.692012358352988,0.795272525379361,FALSE,FALSE,"Suppressed"
"K18371",7.48204712877248,-2.33461062654866,1.01391372146683,-2.3025732635033,0.0213028649061809,0.0528155175052021,TRUE,FALSE,"Suppressed"
"K00819",1388.25738351976,0.340459496115397,0.0834922179277851,4.07773927397486,0.0000454757206049461,0.000247418751087927,FALSE,FALSE,"Enriched"
"K00688",5946.39273460174,-0.414372807062029,0.042357020201235,-9.78286019869609,0.000000000000000000000133386795193948,0.00000000000000000000572905678794288,FALSE,FALSE,"Suppressed"
"K13053",48.7562488160616,-0.288812233245874,0.351449075087171,-0.821775482477051,0.411204690021126,0.554362821493999,FALSE,FALSE,"Suppressed"
"K03098",418.390947362377,-0.249735552069289,0.127522560078946,-1.95836369591925,0.050187351541618,0.107665373567474,FALSE,FALSE,"Suppressed"
"K15520",435.625385327044,0.288542270580052,0.134851338529468,2.1397063887282,0.0323785024267042,0.0752864987802016,FALSE,FALSE,"Enriched"
"K07710",205.931057803352,-0.608238773050514,0.17791687170115,-3.41866832096837,0.000629283828524423,0.00254678305917084,TRUE,TRUE,"Suppressed"
"K10027",1173.46271483564,0.439916621899051,0.0836244927268586,5.26061931802616,0.000000143571002258549,0.00000134713775811521,FALSE,FALSE,"Enriched"
"K00595",376.857504273417,0.77746743845436,0.132667087852269,5.8602887199884,0.00000000462063088826697,0.0000000539870264129123,TRUE,TRUE,"Enriched"
"K00437",15.0142342454696,-0.868238662523252,0.646536511413392,-1.34290739532281,0.179301961506298,0.29766092242901,FALSE,FALSE,"Suppressed"
"K02570",12.3779606991131,-0.007860892590882,0.687726623778787,-0.0114302577784316,0.990880172378477,0.994631035440475,FALSE,FALSE,"Suppressed"
"K07289",826.191246973787,-0.233556109962797,0.094016100551401,-2.48421396540591,0.0129837768576361,0.034930769763883,FALSE,FALSE,"Suppressed"
"K01266",975.778758445592,0.254571557837755,0.0846036541897287,3.0089900994922,0.00262117657420701,0.0088421216405357,FALSE,FALSE,"Enriched"
"K03780",111.25074379356,-0.188871319530046,0.243496567703264,-0.77566316975857,0.437947891476096,0.58091435191664,FALSE,FALSE,"Suppressed"
"K02986",2130.43064529913,0.0989962092859354,0.0644195042092858,1.53674280019786,0.124356305611048,0.224067605476205,FALSE,FALSE,"Enriched"
"K04029",5.54688919494734,5.85353408403461,1.55144595361013,3.77295391464572,0.000161326096071468,0.00076929465202493,TRUE,TRUE,"Enriched"
"K07733",9.66722967899096,0.431760746365962,0.798345666054077,0.540819302621124,0.588632136880545,0.713716109381362,FALSE,FALSE,"Enriched"
"K03609",393.087378906275,-0.170574635992268,0.138905491456833,-1.22799058700481,0.2194505015654,0.348095867112451,FALSE,FALSE,"Suppressed"
"K03990",10.7999790827355,0.464908424995825,0.748277427635759,0.621304890172539,0.534399036775966,0.669260723880209,FALSE,FALSE,"Enriched"
"K18675",6.86587932256389,-2.61289216100264,1.04909294841561,-2.49062026863183,0.0127520328784416,0.0343831337425355,TRUE,TRUE,"Suppressed"
"K16959",7.95418728035021,3.39911718577501,1.14111688977082,2.9787633644242,0.00289414193530343,0.00962977177491304,TRUE,TRUE,"Enriched"
"K00003",2739.81800130417,-0.133470183225319,0.0533102598011617,-2.50364908599472,0.0122919881210899,0.0333795448043107,FALSE,FALSE,"Suppressed"
"K10240",1029.34121370663,1.7985840664389,0.086845261354012,20.7102153692328,0.0000000000000000000000000000000000000000000000000000000000000000000000000000000000000000000000280201008689083,0.0000000000000000000000000000000000000000000000000000000000000000000000000000000000000000000244135135999246,TRUE,TRUE,"Enriched"
"K21054",14.4994157308841,0.0496436224806112,0.659368717809776,0.075289623453039,0.939984277335034,0.964362679798426,FALSE,FALSE,"Enriched"
"K02586",20.0343649191202,-0.0485556473933411,0.563271085881194,-0.0862029822059471,0.931305060077122,0.958978484114531,FALSE,FALSE,"Suppressed"
"K01207",4246.63318294853,0.450707245129313,0.045246644126934,9.96111985377099,0.0000000000000000000000225508086871485,0.00000000000000000000104194986502211,FALSE,FALSE,"Enriched"
"K09994",55.9787687701268,-0.526927945120783,0.334597994268387,-1.57480903695473,0.115300529855126,0.211239991464828,FALSE,FALSE,"Suppressed"
"K07393",846.1752686975,1.12331128310501,0.108241302500649,10.3778433661982,0.000000000000000000000000312760519686201,0.0000000000000000000000160296336938331,TRUE,TRUE,"Enriched"
"K00906",512.666010088499,-0.379494919427918,0.124778000254628,-3.0413608060195,0.00235511429177019,0.00802001232021573,FALSE,FALSE,"Suppressed"
"K01726",5.44569700554855,-2.21593079649154,1.16283983694182,-1.90561995392182,0.0566995313585842,0.119039738986577,FALSE,FALSE,"Suppressed"
"K19207",5.02079909737884,2.6084846775263,1.37436501097202,1.89795626103829,0.057701844044193,0.120604368343226,FALSE,FALSE,"Enriched"
"K02584",819.186266185851,-0.444643804703421,0.0878675974597208,-5.06038423216532,0.000000418412442838388,0.00000358412568661703,FALSE,FALSE,"Suppressed"
"K21822",11.6006295275129,1.2084672681077,0.762907818631264,1.58402789772927,0.113187370690909,0.208181475827459,FALSE,FALSE,"Enriched"
"K04073",491.518338588759,0.709519779586397,0.113713763538531,6.2395242010083,0.00000000043890385023764,0.00000000612557112722968,TRUE,TRUE,"Enriched"
"K02410",532.288271802223,-0.00414482767682273,0.109446873400803,-0.0378706814368651,0.969790789097521,0.98268051548526,FALSE,FALSE,"Suppressed"
"K18897",38.3952064921806,-0.251916961520645,0.380490399877003,-0.662084934605655,0.507916790347115,0.645648124167101,FALSE,FALSE,"Suppressed"
"K11211",359.091814957367,-0.0796872025497013,0.128572922364642,-0.619782152292553,0.535401220565451,0.670256405637262,FALSE,FALSE,"Suppressed"
"K16564",7.97178684948271,-0.564009619266882,0.868071230562084,-0.649727348873987,0.515868354771599,0.652349387466719,FALSE,FALSE,"Suppressed"
"K09915",330.802044133053,-0.36174403165522,0.139086726994298,-2.60085228456092,0.00929924857430881,0.0262688071369303,FALSE,FALSE,"Suppressed"
"K01502",102.736095619118,-0.533398747630322,0.247085273416323,-2.15876381564667,0.0308684950409858,0.0723547083992976,TRUE,FALSE,"Suppressed"
"K12254",90.9687551621956,-0.826493628808588,0.263085472191833,-3.14154035919527,0.00168061644171972,0.00597697652747765,TRUE,TRUE,"Suppressed"
"K06984",8.12388767701922,-0.341111815623411,0.834201192063361,-0.40890832915221,0.68260693632427,0.788040829953004,FALSE,FALSE,"Suppressed"
"K22597",144.824373862956,0.116982518895595,0.216869385168829,0.53941462878463,0.589600789284008,0.714370194487188,FALSE,FALSE,"Enriched"
"K19267",575.78109323918,0.865550643604964,0.113096026998416,7.6532365157008,0.0000000000000195982969647907,0.000000000000474325449159756,TRUE,TRUE,"Enriched"
"K03598",335.111691176824,-0.446439179071839,0.143416319175897,-3.11288967418199,0.0018526525949905,0.00649013680462207,FALSE,FALSE,"Suppressed"
"K01529",49.5694815521779,0.148658290294069,0.346087436168947,0.429539690719948,0.667530515810431,0.777107962574502,FALSE,FALSE,"Enriched"
"K00127",616.044949591282,-0.26338407727569,0.103881308883887,-2.53543279446052,0.0112308475851718,0.0309380936865233,FALSE,FALSE,"Suppressed"
"K02038",2678.24343789359,0.00777185504593674,0.0521053112274319,0.149156676408932,0.881430004717044,0.930712625622335,FALSE,FALSE,"Enriched"
"K12541",381.617637672888,0.499192269749598,0.147948389752661,3.37409734965109,0.000740581722715335,0.0029463848185524,FALSE,FALSE,"Enriched"
"K15513",868.479186195299,-0.206353711875206,0.0914694375338364,-2.25598535903177,0.0240715480664656,0.0585609779247601,FALSE,FALSE,"Suppressed"
"K05779",6.16189123882362,-1.91276023403026,1.00840674531767,-1.89681420013479,0.0578524645024882,0.120794995207352,FALSE,FALSE,"Suppressed"
"K17318",737.990886455821,1.34276889605059,0.102882943635676,13.0514237695757,0.00000000000000000000000000000000000000623707910085341,0.000000000000000000000000000000000000691635371565545,TRUE,TRUE,"Enriched"
"K18459",60.8996785212178,-0.625899388832382,0.315326567668207,-1.98492437050521,0.0471528865128719,0.102599163339995,FALSE,FALSE,"Suppressed"
"K01856",287.150146394533,0.722744985832086,0.156934735103314,4.60538570607894,0.00000411702058290647,0.0000287296436328908,TRUE,TRUE,"Enriched"
"K00201",173.840425718174,0.0383604170277359,0.192216805045103,0.199568487358505,0.841818075406045,0.905470935615348,FALSE,FALSE,"Enriched"
"K00171",69.8745812523491,-0.464045003024312,0.298753921909901,-1.55326832216201,0.120359044879077,0.218450440387598,FALSE,FALSE,"Suppressed"
"K02647",17.7087623957914,5.63699938487943,1.18146907903043,4.77117809084385,0.00000183151510333601,0.0000138762864785669,TRUE,TRUE,"Enriched"
"K18300",279.385350235735,-0.462307174026724,0.149330951477723,-3.09585634760848,0.00196245410183219,0.00683162532367266,FALSE,FALSE,"Suppressed"
"K00801",145.534235316901,-0.185969939197473,0.207191042690656,-0.897577119080062,0.369411042015096,0.514980101771444,FALSE,FALSE,"Suppressed"
"K07222",1904.20067483142,-0.41345710959347,0.0649816594634363,-6.3626739145699,0.000000000198271334986763,0.00000000294223083232181,FALSE,FALSE,"Suppressed"
"K11209",1283.33028317598,-0.057751212261205,0.0808431300649354,-0.714361408505802,0.475003728819177,0.615215065208783,FALSE,FALSE,"Suppressed"
"K10912",40.8020035551046,0.458759751391596,0.392341018329953,1.16928827208626,0.242287506694404,0.376103716805591,FALSE,FALSE,"Enriched"
"K13017",49.3274278048635,-0.578704205878939,0.344337322699797,-1.68063165892554,0.0928344824942122,0.177937620594657,FALSE,FALSE,"Suppressed"
"K10974",70.0231184956628,-0.0429556984557173,0.28540301936249,-0.150508913856862,0.880363118606093,0.930399351997671,FALSE,FALSE,"Suppressed"
"K03163",10.4526196764697,-1.27835168319318,0.941219599051059,-1.35818642586918,0.174404536691391,0.291683654419057,FALSE,FALSE,"Suppressed"
"K01959",49.3255242816152,0.085012321242562,0.41000818619929,0.207342985101377,0.835742006217562,0.901359946228278,FALSE,FALSE,"Enriched"
"K11939",757.215183118885,0.638834054554366,0.101509638219143,6.29333397066422,0.000000000310718825072881,0.00000000444853078431807,TRUE,TRUE,"Enriched"
"K20273",520.265568518676,0.996848435451222,0.136201435166401,7.31892754458385,0.000000000000249960505002386,0.00000000000538695802123517,TRUE,TRUE,"Enriched"
"K00954",1416.42264465919,0.0915109631937268,0.0697780332206913,1.31145804732414,0.189703058563144,0.310937638854237,FALSE,FALSE,"Enriched"
"K14727",192.617664113373,0.566478758470016,0.177785586742909,3.1863030566656,0.00144103561307643,0.00525650490679018,TRUE,TRUE,"Enriched"
"K02412",733.173481335103,-0.132202313075981,0.0961901159661058,-1.37438562941918,0.169321995115122,0.284959947077022,FALSE,FALSE,"Suppressed"
"K05515",4461.05023388634,-0.155596759725046,0.0479067074403213,-3.24791178602447,0.00116255307259032,0.00434994551517078,FALSE,FALSE,"Suppressed"
"K17108",208.133142244195,0.766457881821501,0.189261298303622,4.04973382667972,0.0000512759212045643,0.000276021044507182,TRUE,TRUE,"Enriched"
"K09889",322.251954087251,-0.433810019349457,0.149487661419942,-2.90197876686823,0.00370813673012751,0.0119724329894376,FALSE,FALSE,"Suppressed"
"K11530",14.7382228022459,0.491228254501235,0.638623832912083,0.769198124444034,0.441775703680678,0.584466381073418,FALSE,FALSE,"Enriched"
"K03558",471.898318421749,0.0422363020389959,0.12687500096384,0.33289695935477,0.739212064749312,0.832432493151044,FALSE,FALSE,"Enriched"
"K23988",66.2360342518955,-0.987251437825035,0.326980501641853,-3.01929758156156,0.00253361535318767,0.00856095293024466,TRUE,TRUE,"Suppressed"
"K06120",11.384938740695,-0.99120819813347,0.69843370718371,-1.41918722985222,0.155844437984281,0.267745134441164,FALSE,FALSE,"Suppressed"
"K22187",2527.69689360228,0.0876278905366019,0.0569346995711673,1.53909463291483,0.123781195134558,0.223289414115843,FALSE,FALSE,"Enriched"
"K06001",1226.37998087581,-0.48622618203113,0.0774176077642809,-6.28056324746663,0.000000000337348605738903,0.00000000478485848000365,FALSE,FALSE,"Suppressed"
"K05568",1027.08251527151,0.0760792469367648,0.0881401265008848,0.86316244322614,0.388048159703517,0.53254694251294,FALSE,FALSE,"Enriched"
"K08193",11.6661487882079,0.681114540895556,0.719643336388141,0.946461262761135,0.343913371153166,0.4910650634194,FALSE,FALSE,"Enriched"
"K00381",1579.12846419252,-0.160600492282426,0.066073669088244,-2.43062772960191,0.015072692273138,0.0396072167918434,FALSE,FALSE,"Suppressed"
"K12339",524.425083865117,-0.723070629800935,0.110877117685315,-6.52136928606956,0.0000000000696684209155181,0.000000001109419580062,TRUE,TRUE,"Suppressed"
"K07283",224.573101501803,-0.145489285791036,0.177758821301354,-0.818464505592037,0.413092001602592,0.556183122405817,FALSE,FALSE,"Suppressed"
"K09749",39.7161099620768,-1.22304477798019,0.398192737221039,-3.07148941619514,0.00212993715011155,0.00732683963820099,TRUE,TRUE,"Suppressed"
"K22132",297.057427306691,-0.227409535631375,0.161984488679257,-1.40389698720885,0.160349526963586,0.273635076930865,FALSE,FALSE,"Suppressed"
"K01787",53.4259489902059,0.16236969643326,0.330967014082969,0.490591779616309,0.623715201669667,0.741672648661201,FALSE,FALSE,"Enriched"
"K22694",101.551496548192,-1.14542041100326,0.260183759286853,-4.40235168460469,0.0000107083791295534,0.0000675094791534583,TRUE,TRUE,"Suppressed"
"K03820",2648.23098853711,-0.0765776034791138,0.0540289892247613,-1.4173428853268,0.156382702511985,0.268141159016192,FALSE,FALSE,"Suppressed"
"K15856",428.570609683613,-0.263051337498331,0.129462330625006,-2.03187549790271,0.042166261603899,0.09402999251268,FALSE,FALSE,"Suppressed"
"K00057",2379.34928544274,-0.0596037194411312,0.0564171603333847,-1.05648208964996,0.29074801927879,0.430928838294372,FALSE,FALSE,"Suppressed"
"K17222",320.722999665764,-0.494413573521437,0.146875062329572,-3.36621864651214,0.000762062781587212,0.00302002657888265,FALSE,FALSE,"Suppressed"
"K03776",28.1533139186746,0.311931045432776,0.450641427922675,0.692193451611157,0.488815850511708,0.626296349300656,FALSE,FALSE,"Enriched"
"K09159",199.631612183479,0.204017259201352,0.181578008043495,1.12357912392387,0.261191616466253,0.398404080298446,FALSE,FALSE,"Enriched"
"K00504",83.1581258343704,-0.402227506990334,0.265796091438891,-1.51329353570577,0.130205113975276,0.231995614997139,FALSE,FALSE,"Suppressed"
"K02169",500.186658076112,-0.467515232085843,0.146711082229449,-3.18663883451334,0.00143936388156799,0.00525650490679018,FALSE,FALSE,"Suppressed"
"K09471",231.662746052517,-0.0540680651221546,0.160277740512243,-0.337339826162727,0.735860740405491,0.829730940235366,FALSE,FALSE,"Suppressed"
"K20035",773.919294565093,-0.263986358655704,0.101165656750517,-2.60944639846224,0.00906888525129074,0.0257041948942576,FALSE,FALSE,"Suppressed"
"K15125",209.38649393024,0.00692578191250493,0.713489303041066,0.009706917655227,0.99225512189599,0.995637133802522,FALSE,FALSE,"Enriched"
"K20263",28.4352531021881,-0.211452742225416,0.518163385294818,-0.408081211884755,0.683214053078206,0.788306978519576,FALSE,FALSE,"Suppressed"
"K21159",1025.67675593334,1.60852314502798,0.0906680181958964,17.7407996450592,0.000000000000000000000000000000000000000000000000000000000000000000000203025147883915,0.000000000000000000000000000000000000000000000000000000000000000000103187531412,TRUE,TRUE,"Enriched"
"K02409",694.181635501128,-0.127136079799135,0.0974283377815854,-1.30491890443773,0.191920463290535,0.313813111423317,FALSE,FALSE,"Suppressed"
"K21678",154.091915969204,-0.148863783357401,0.231028484031458,-0.644352509092045,0.519346872901319,0.655524954020105,FALSE,FALSE,"Suppressed"
"K07001",6134.92986872462,-0.174991122821756,0.0398412203697668,-4.392212919124,0.0000112202734310059,0.0000701871258007231,FALSE,FALSE,"Suppressed"
"K03478",491.173150305649,-0.239129839265153,0.118245652334959,-2.02231400937906,0.0431439222456832,0.0955811048951768,FALSE,FALSE,"Suppressed"
"K07213",64.0095018990999,-0.185374738192247,0.315231318576971,-0.588059394063611,0.556492427237731,0.687750215546691,FALSE,FALSE,"Suppressed"
"K07789",1030.17058168169,-0.507201097301785,0.0951993037463179,-5.32778158392154,0.0000000994195757398157,0.000000956403773560151,TRUE,TRUE,"Suppressed"
"K07657",1405.98415472921,-0.0314902638010542,0.0764672497480009,-0.411813736008957,0.680475952631327,0.787070516802288,FALSE,FALSE,"Suppressed"
"K14977",111.146732235352,0.124954976564907,0.242657179278587,0.514944486441303,0.606591812923412,0.72759685128264,FALSE,FALSE,"Enriched"
"K01478",1374.47290489532,0.0993118082501476,0.0819736126613203,1.21150947269411,0.225700206413844,0.355604639348498,FALSE,FALSE,"Enriched"
"K06714",60.2364263241289,6.42786733726501,0.78360814912919,8.20291027397837,0.000000000000000234636325760929,0.00000000000000662521736488844,TRUE,TRUE,"Enriched"
"K01677",274.266026116451,-0.364166449041737,0.14867746620249,-2.44937217685538,0.0143105493360277,0.0378984109424371,FALSE,FALSE,"Suppressed"
"K20816",14.6300361400298,-1.18292458640961,0.696657637253744,-1.69799988280147,0.0895077839541686,0.172537286452742,FALSE,FALSE,"Suppressed"
"K19147",142.735271114005,0.540809469936983,0.232747481518699,2.32358892310306,0.0201475366779387,0.0505470284651371,TRUE,FALSE,"Enriched"
"K03794",18.6972608186085,-0.448117613967669,0.609353169750803,-0.735398839643237,0.46209662833034,0.602857594694258,FALSE,FALSE,"Suppressed"
"K09835",75.1162369268543,-0.588268223899192,0.309324657465686,-1.90178251135524,0.0571995935588847,0.119800934449052,FALSE,FALSE,"Suppressed"
"K12278",105.420955013177,-0.788854962427052,0.251105506601794,-3.14152793024179,0.00168068777580327,0.00597697652747765,TRUE,TRUE,"Suppressed"
"K06876",260.263762324251,2.73472439329025,0.17696595192758,15.4533929465109,0.000000000000000000000000000000000000000000000000000007157450084878,0.00000000000000000000000000000000000000000000000000181888700281962,TRUE,TRUE,"Enriched"
"K22311",592.13809797449,0.253500564062865,0.11838795479942,2.14126989939442,0.03225227903797,0.0750788739895339,FALSE,FALSE,"Enriched"
"K13940",64.4769876302315,-0.798463778689324,0.307174154818119,-2.5993846362566,0.00933910636019763,0.0263578018004837,TRUE,TRUE,"Suppressed"
"K01826",51.5741714113387,-0.161463801389676,0.344362561513972,-0.468877338697355,0.639157315142383,0.753279316918531,FALSE,FALSE,"Suppressed"
"K05304",160.322826339652,0.00287663665645117,0.208226590616892,0.0138149342402853,0.988977627869995,0.99353888195999,FALSE,FALSE,"Enriched"
"K01661",1258.32571243284,-0.572159878184236,0.0733134790254695,-7.8042930957548,0.00000000000000598359849615595,0.000000000000153335996756534,TRUE,TRUE,"Suppressed"
"K10805",1278.09872200831,0.0760405296814188,0.0737622796953798,1.03088638251756,0.302594103160194,0.443741629039198,FALSE,FALSE,"Enriched"
"K11741",459.524643030957,1.03992645767224,0.125153990249633,8.30917540541849,0.0000000000000000963693831593163,0.00000000000000279884222804129,TRUE,TRUE,"Enriched"
"K06596",71.8616517533313,0.212529599476074,0.295212386527604,0.719921010008845,0.471573631278147,0.61136347964739,FALSE,FALSE,"Enriched"
"K00499",727.989309167485,-0.251447967137053,0.109476182364875,-2.29682805616109,0.021628580394023,0.053449234936445,FALSE,FALSE,"Suppressed"
"K07003",2260.00774873749,-0.301054726734225,0.0663304579100476,-4.53871021277274,0.00000565993545669281,0.0000383981605677079,FALSE,FALSE,"Suppressed"
"K00643",761.334185113283,0.501941280951238,0.0925180521333045,5.42533342820508,0.0000000578464537393115,0.000000575539186551486,TRUE,TRUE,"Enriched"
"K14949",463.522788020878,-0.019590236676764,0.130571320524296,-0.150034759532961,0.880737191496403,0.930633425318185,FALSE,FALSE,"Suppressed"
"K11737",13.7252891436228,1.75435477819558,0.720103340534837,2.43625418664574,0.0148402520901654,0.0391313002585035,TRUE,TRUE,"Enriched"
"K09806",222.228372431129,0.369571320347806,0.166267150607739,2.22275608258728,0.0262322519384515,0.0630877383961417,FALSE,FALSE,"Enriched"
"K02128",12.5342975675515,-1.72744869026938,0.725165872196945,-2.38214284000424,0.017212219564398,0.0443129282917953,TRUE,TRUE,"Suppressed"
"K08972",557.506770091546,0.421896738176749,0.11406045087917,3.6988871683813,0.000216546833633389,0.000996769161003803,FALSE,FALSE,"Enriched"
"K16968",50.9989744781903,-0.872065992301281,0.348649944766961,-2.50126525298655,0.0123750452714663,0.0335297206178024,TRUE,TRUE,"Suppressed"
"K02988",1776.13890652183,-0.0615229510646841,0.0726639482445478,-0.846677789343774,0.397174741920089,0.540586643822946,FALSE,FALSE,"Suppressed"
"K07461",440.386294240735,-0.322474429969616,0.117059701979527,-2.7547860153105,0.00587305325133617,0.0177150107714636,FALSE,FALSE,"Suppressed"
"K00090",84.9575792730007,-0.256083335191031,0.294489002541546,-0.869585393617215,0.38452702284017,0.52868131476605,FALSE,FALSE,"Suppressed"
"K21349",218.556403005646,-0.435553032261673,0.183850667752576,-2.36905874526295,0.0178334206480426,0.0457000136690806,FALSE,FALSE,"Suppressed"
"K22441",169.986614366946,-0.270155743851789,0.196244843084564,-1.37662595156896,0.16862792311935,0.284105442846661,FALSE,FALSE,"Suppressed"
"K01719",1278.11412893754,0.0238734186644029,0.0779738510153269,0.306172112234269,0.759473604666451,0.846496621867815,FALSE,FALSE,"Enriched"
"K11788",25.5287725411681,-0.918300580490405,0.489994563227022,-1.87410361135975,0.0609161456770314,0.125856223741265,FALSE,FALSE,"Suppressed"
"K03981",471.538915279422,-0.477715208867941,0.139057312656872,-3.4353835820682,0.000591715637476722,0.00241719603012092,FALSE,FALSE,"Suppressed"
"K00471",12.3624959897396,-0.17983390077695,0.698606344118409,-0.257418075703116,0.796856050540215,0.87489199860392,FALSE,FALSE,"Suppressed"
"K02948",1046.16336237036,-0.0271131397668935,0.0856546886154064,-0.316540054084287,0.751592628080902,0.841557451563323,FALSE,FALSE,"Suppressed"
"K03106",4416.9560219252,-0.0369733656003804,0.0423387024105083,-0.873275832638738,0.38251274995133,0.527338440766989,FALSE,FALSE,"Suppressed"
"K08153",16.7540394700635,1.57837922185823,0.63156250300663,2.49916550514663,0.0124486157384518,0.0337140796575567,TRUE,TRUE,"Enriched"
"K13485",40.3231442334427,-0.271882102054798,0.410877755867645,-0.661710443488645,0.508156810394774,0.645774723666912,FALSE,FALSE,"Suppressed"
"K11144",8.3014479171979,6.4385068804778,1.42135991483107,4.52982162596235,0.00000590335049248559,0.000039740104474249,TRUE,TRUE,"Enriched"
"K02413",42.0924047522196,0.292339625296085,0.383750341498016,0.761796391255059,0.446181534561883,0.588890105884641,FALSE,FALSE,"Enriched"
"K03524",1793.83152093034,-0.00677435828000001,0.0649429204634332,-0.104312498293242,0.916921359819672,0.950263954722206,FALSE,FALSE,"Suppressed"
"K22310",91.6196903355208,0.319708595620102,0.286779498516401,1.11482374881766,0.264925957362806,0.402536974079659,FALSE,FALSE,"Enriched"
"K15772",602.824243914871,0.488533713063044,0.114597509898664,4.26303951538776,0.000020166483921837,0.00011929717307399,FALSE,FALSE,"Enriched"
"K02258",603.278673501086,0.175206599633217,0.108876990267953,1.60921604465757,0.107569109254731,0.200508556645662,FALSE,FALSE,"Enriched"
"K00154",626.215058997957,-0.254697960307504,0.131595677614679,-1.93545840504942,0.0529340681909196,0.112450324589487,FALSE,FALSE,"Suppressed"
"K16650",434.084804338466,-1.30755797361918,0.133196126478146,-9.81678678046028,0.0000000000000000000000953338816996459,0.00000000000000000000421334307598652,TRUE,TRUE,"Suppressed"
"K01630",85.4733008163623,-0.807222825837461,0.307166612473815,-2.62796408547259,0.00858975840696586,0.0246072975688515,TRUE,TRUE,"Suppressed"
"K21498",173.64579360096,-0.298405351658275,0.196044944965266,-1.52212724337852,0.12797720092899,0.228864789230497,FALSE,FALSE,"Suppressed"
"K17327",63.1792885348693,0.502924163191537,0.328810504905915,1.52952583840179,0.126134138631012,0.226462205331335,FALSE,FALSE,"Enriched"
"K18662",114.602594534409,0.329894202404732,0.257592340939376,1.28068327342998,0.200304937226865,0.324047695529616,FALSE,FALSE,"Enriched"
"K07079",35.3056508909589,-1.70400480396198,0.412279192387328,-4.13313316661661,0.0000357851247246263,0.00020041641478007,TRUE,TRUE,"Suppressed"
"K07969",15.8951100704125,0.158987195417251,0.700702468297701,0.226896867943818,0.820503937565324,0.891993746817388,FALSE,FALSE,"Enriched"
"K16922",1175.45339278645,-0.462910193470849,0.085523330147568,-5.41267736735826,0.0000000620893027359767,0.000000613748229151899,FALSE,FALSE,"Suppressed"
"K06997",1702.66454785604,0.000692411479701807,0.063262735697466,0.0109450132383311,0.991267317272536,0.994855910489583,FALSE,FALSE,"Enriched"
"K02525",12.9580742035767,2.68668270984526,0.885544641336397,3.03393254776035,0.00241388394300556,0.00820182627765509,TRUE,TRUE,"Enriched"
"K02346",4225.966027859,-0.0253330730843168,0.0514541366771999,-0.492342787582758,0.622477037086778,0.740922609131978,FALSE,FALSE,"Suppressed"
"K22082",137.495630686544,-0.171463587994115,0.205977518137683,-0.832438362906683,0.405161555659116,0.548641280631649,FALSE,FALSE,"Suppressed"
"K04485",3287.46273353841,-0.00181501805692154,0.0510024352492596,-0.0355868900779182,0.971611761903601,0.983708521887461,FALSE,FALSE,"Suppressed"
"K03269",609.116092255295,-0.434893887464849,0.123225299556574,-3.52925810714043,0.000416726476484521,0.00177611095742774,FALSE,FALSE,"Suppressed"
"K18073",12.4835518537003,-0.84025431788169,0.672978038228992,-1.24856127562929,0.211825583404482,0.338643311450573,FALSE,FALSE,"Suppressed"
"K19070",22.9425440776949,-0.634557061254132,0.543454983382192,-1.16763500318824,0.242954024695042,0.376850609515529,FALSE,FALSE,"Suppressed"
"K10108",72.5459574172585,1.04731637166648,0.310836856729842,3.36934423634561,0.000753472639906477,0.0029898696361676,TRUE,TRUE,"Enriched"
"K12284",16.302785930042,-1.10095645275009,0.652147676564877,-1.68820114264498,0.0913726239638219,0.175577074214036,FALSE,FALSE,"Suppressed"
"K03706",6.89755799536779,6.17409832777449,1.48844069920886,4.14803111138801,0.0000335346835709217,0.000189202622663322,TRUE,TRUE,"Enriched"
"K09907",41.7040334372298,-0.741731942703094,0.400648439681432,-1.85132866932632,0.0641222840367917,0.131367756244673,FALSE,FALSE,"Suppressed"
"K01906",10.5085053096046,1.72305004586177,0.771680212081357,2.23285503358237,0.025558505711692,0.0617107388502017,TRUE,FALSE,"Enriched"
"K07064",234.157310869742,-0.357070856911258,0.164397412668781,-2.17199803278331,0.0298558112994473,0.0703595800291072,FALSE,FALSE,"Suppressed"
"K06406",9.71856682021054,6.66886478921641,1.3962718786526,4.77619358462757,0.00000178644425400637,0.000013619404381481,TRUE,TRUE,"Enriched"
"K08138",83.9798005123218,-0.623520344499401,0.315039822527108,-1.97917945578372,0.0477958051163771,0.103756619538674,FALSE,FALSE,"Suppressed"
"K05573",8.47934125631562,-1.2449790557932,0.939944130744339,-1.32452452765177,0.185328902631197,0.305574743754439,FALSE,FALSE,"Suppressed"
"K02553",104.035717311873,2.14301936330759,0.277478290073682,7.72319651652218,0.0000000000000113448059772004,0.000000000000278999885705426,TRUE,TRUE,"Enriched"
"K04781",25.7651419800586,1.98052562408754,0.50759577001847,3.90177724297323,0.000095489011819247,0.000486133124445399,TRUE,TRUE,"Enriched"
"K05564",76.8477829709443,0.164832134912108,0.286046167956302,0.576243115192821,0.564450866481454,0.69434970445147,FALSE,FALSE,"Enriched"
"K03470",1850.09156641983,0.105955334026037,0.0652109152665846,1.62480979745319,0.104203092793835,0.195248744377757,FALSE,FALSE,"Enriched"
"K02795",25.8226118289993,-0.69985314756663,0.509102631693308,-1.37467988574106,0.169230709818465,0.284937288078417,FALSE,FALSE,"Suppressed"
"K02422",107.323468724714,-0.570171395127799,0.260324712875429,-2.19023153364866,0.0285074493923235,0.0676525034411599,TRUE,FALSE,"Suppressed"
"K09959",103.911962673278,0.626836891219417,0.242517188872988,2.58471118741075,0.00974605976740642,0.0273167364528547,TRUE,TRUE,"Enriched"
"K23987",9.18951447919556,-1.09912310065881,0.805263447926034,-1.36492362032527,0.172277057486139,0.288817419903233,FALSE,FALSE,"Suppressed"
"K04127",634.910904667462,0.642699510729324,0.124835890071417,5.14835525554104,0.000000262780447526087,0.00000234312565710761,TRUE,TRUE,"Enriched"
"K03583",1378.91171873413,-0.557133053205985,0.105647366407824,-5.27351577374224,0.000000133834745048158,0.0000012616044977569,TRUE,TRUE,"Suppressed"
"K02034",7213.60430646744,0.133418576044103,0.0472078943207298,2.82619205884633,0.00471050114287061,0.0146953178876562,FALSE,FALSE,"Enriched"
"K03679",6.22656555830221,-1.53667618974644,1.04092727408918,-1.47625701429625,0.139874909053544,0.245991081406448,FALSE,FALSE,"Suppressed"
"K02405",1136.98675696656,-0.533814760279965,0.0823118459516837,-6.48527261304903,0.0000000000885714876631141,0.00000000139226160633333,TRUE,TRUE,"Suppressed"
"K14748",10.3807473330294,-0.40182980572094,0.75484264224286,-0.532335858142546,0.594493401103268,0.717983218480957,FALSE,FALSE,"Suppressed"
"K10156",50.1180638888715,3.94218926817756,0.504893266474032,7.80796562352316,0.00000000000000581184313852145,0.000000000000149563001273596,TRUE,TRUE,"Enriched"
"K14670",180.68254124002,2.06775476661894,0.200960821739039,10.2893427123027,0.000000000000000000000000787118306385285,0.0000000000000000000000400052879220321,TRUE,TRUE,"Enriched"
"K00930",2043.34987179812,-0.0291951530570737,0.0603035407170522,-0.484136631281057,0.628288905729996,0.74551245837495,FALSE,FALSE,"Suppressed"
"K06916",1267.90178803675,0.0946034394125299,0.0823159718040057,1.14927197406818,0.250443850694005,0.386013910887727,FALSE,FALSE,"Enriched"
"K00355",334.075452683681,0.0282447841216415,0.13884300897923,0.203429645678932,0.838799230321355,0.903379216975092,FALSE,FALSE,"Enriched"
"K23356",175.398808409622,1.04897772591098,0.199117889035498,5.26812397917681,0.000000137825014792763,0.00000129721414385967,TRUE,TRUE,"Enriched"
"K11618",81.1797934379994,-0.344279434733089,0.279236726551867,-1.23293034904254,0.217601751356875,0.345702808420313,FALSE,FALSE,"Suppressed"
"K20428",44.8115565679254,-0.761978782558206,0.362998146787778,-2.09912582006565,0.0358058108980135,0.0818821299838711,TRUE,FALSE,"Suppressed"
"K03624",1515.74043428693,-0.0327037053960524,0.0688012581452809,-0.475335862710463,0.634547601279728,0.749875183143783,FALSE,FALSE,"Suppressed"
"K14676",18.0454555009888,-0.531302564015982,0.580186886282509,-0.915743834577599,0.359801268156396,0.506481419221755,FALSE,FALSE,"Suppressed"
"K07978",16.0566432755524,-0.571774801342728,0.636397875279329,-0.898454918775087,0.368943068975836,0.514582516194655,FALSE,FALSE,"Suppressed"
"K00244",1238.16293293654,-0.0157736403969946,0.0788718217820845,-0.199990821063772,0.841487759840284,0.905315548997335,FALSE,FALSE,"Suppressed"
"K02480",182.077714875645,0.0680940713762216,0.195791929977858,0.347787936836428,0.72799944980498,0.823682073244084,FALSE,FALSE,"Enriched"
"K14274",738.724916899945,0.669676196668325,0.105299525232723,6.35972664822819,0.000000000202113101670701,0.00000000299196069681943,TRUE,TRUE,"Enriched"
"K03395",101.427003240701,0.296749996296441,0.251632064584452,1.1793012022792,0.238278259696449,0.371487501505276,FALSE,FALSE,"Enriched"
"K11540",66.4571562974561,-0.216538366773111,0.318538006899402,-0.679788163682132,0.496638602319019,0.633814361904938,FALSE,FALSE,"Suppressed"
"K17752",293.00612923126,0.595656395635835,0.172124086617412,3.46062196954356,0.000538929032175053,0.00223145157314029,TRUE,TRUE,"Enriched"
"K22107",187.597931784685,-0.27856678782953,0.183544590337196,-1.51770633674229,0.129088445904427,0.230342431705998,FALSE,FALSE,"Suppressed"
"K06409",73.0939683444216,-0.776699238075513,0.28752642977737,-2.70131423631875,0.00690660501238277,0.0204482446458847,TRUE,TRUE,"Suppressed"
"K03919",111.579043917125,-0.0375008303395719,0.239366233999342,-0.156667169437419,0.875507162504615,0.926873491427816,FALSE,FALSE,"Suppressed"
"K01612",121.829103209945,0.412220535949104,0.220521313958316,1.86930019846981,0.0615810605397379,0.127014842148076,FALSE,FALSE,"Enriched"
"K04763",2610.37371129564,-0.00707088424898684,0.0692291389433285,-0.102137399899992,0.918647615401204,0.951567901890616,FALSE,FALSE,"Suppressed"
"K15576",578.830839931127,-0.535217393955644,0.10947899012048,-4.88876809483396,0.00000101468942302068,0.00000806856687223351,TRUE,TRUE,"Suppressed"
"K17623",32.0102264052166,-1.48772799291057,0.485066596621443,-3.0670592518075,0.00216176001441791,0.0074237468062696,TRUE,TRUE,"Suppressed"
"K02674",1232.3824157487,-0.425680604253534,0.0738405037569771,-5.76486592852248,0.00000000817227804230856,0.0000000929901563060446,FALSE,FALSE,"Suppressed"
"K01822",59.2307176891468,-0.35429759771372,0.321876885788623,-1.10072395178568,0.271016818537257,0.409344124878339,FALSE,FALSE,"Suppressed"
"K03756",52.4554043057261,-0.518758708509399,0.333427205374129,-1.5558379764702,0.119746625107598,0.217620580015269,FALSE,FALSE,"Suppressed"
"K02563",2605.7886333321,0.0229787391803429,0.0594354985798832,0.386616411561834,0.699040206337338,0.800948002714902,FALSE,FALSE,"Enriched"
"K09479",9.85699069718595,0.0620953649865932,0.778286789753083,0.0797846832352035,0.936408506493252,0.961519896850467,FALSE,FALSE,"Enriched"
"K00943",2601.25022334265,0.34880678372238,0.0557322762830948,6.25861362544389,0.000000000388414849688726,0.00000000548366242650819,FALSE,FALSE,"Enriched"
"K03790",1305.43472832595,0.762727937111004,0.0799855953778802,9.53581621175173,0.00000000000000000000148711085835312,0.0000000000000000000604659275006377,TRUE,TRUE,"Enriched"
"K19075",7.65273175096644,-1.89095941379826,0.964947609016246,-1.95964982567921,0.0500367333804458,0.107455646791317,FALSE,FALSE,"Suppressed"
"K02418",132.56450234177,-0.60872635102924,0.238540141595779,-2.55188224068703,0.0107142725125337,0.0297299126724036,TRUE,TRUE,"Suppressed"
"K09013",2138.06113270799,0.138050662522436,0.056944413450045,2.42430563699707,0.0153376910172386,0.0402657298088681,FALSE,FALSE,"Enriched"
"K13815",458.852003563318,-0.353103851926084,0.139735550775037,-2.52694357282459,0.0115059987584236,0.0315819470871401,FALSE,FALSE,"Suppressed"
"K06953",356.11565982807,0.46742695614575,0.131854212544854,3.54502861246652,0.000392570469563551,0.00168849597592955,FALSE,FALSE,"Enriched"
"K12953",82.5527006917809,-1.75301145484583,0.310820355347194,-5.63995061677241,0.0000000170098941090767,0.000000185197038727008,TRUE,TRUE,"Suppressed"
"K05658",15.4336853504139,-1.75066820772529,0.72217771373463,-2.42415152729095,0.0153442016149681,0.0402657298088681,TRUE,TRUE,"Suppressed"
"K20459",103.919903582999,-0.0901659427149739,0.278680858594406,-0.323545517872119,0.746282141291003,0.837610375365076,FALSE,FALSE,"Suppressed"
"K06215",1028.21277536746,-0.147685969035478,0.0848670506331745,-1.74020385925546,0.0818232282226444,0.160411401134654,FALSE,FALSE,"Suppressed"
"K01585",2224.89565971421,-0.33106811733104,0.0673979246748378,-4.91214112197494,0.000000900871729631575,0.00000723902065747427,FALSE,FALSE,"Suppressed"
"K05288",19.002951404043,-1.67289488724881,0.588262512960386,-2.84378972039216,0.00445804587403648,0.0140178847671072,TRUE,TRUE,"Suppressed"
"K07743",15.7891662237532,-0.796495285254678,0.617749751968923,-1.28934942137338,0.197276636719053,0.320508845857619,FALSE,FALSE,"Suppressed"
"K18225",50.7762125336147,-0.724676905396083,0.332801898783186,-2.17750231607962,0.0294431091916336,0.0696021406820827,TRUE,FALSE,"Suppressed"
"K11472",1268.9226051404,0.510880043684439,0.0721250166555579,7.08325720220226,0.00000000000140804988187468,0.0000000000277918971830216,TRUE,TRUE,"Enriched"
"K00991",1053.48501725334,-0.165556284147015,0.0773893640214915,-2.13926404797743,0.0324142896411468,0.0753409880035648,FALSE,FALSE,"Suppressed"
"K16173",347.315043854787,-0.467102279120165,0.129585819384903,-3.60457865943458,0.000312659746621859,0.00137882270039531,FALSE,FALSE,"Suppressed"
"K19702",515.599057888885,1.4779461029618,0.120297189717546,12.2857907689446,0.000000000000000000000000000000000107983927602488,0.00000000000000000000000000000000982976081265037,TRUE,TRUE,"Enriched"
"K03832",3584.43572364373,-0.0328930196764965,0.0669945070883622,-0.490980844640178,0.62343999577467,0.741529591224153,FALSE,FALSE,"Suppressed"
"K18609",8.9701656894224,0.622393582169484,0.889125049826571,0.700006801395243,0.483923056931423,0.622143070030513,FALSE,FALSE,"Enriched"
"K12266",262.010217566543,0.0220272879955979,0.162055947561962,0.135923971486303,0.891881384836744,0.936902396786619,FALSE,FALSE,"Enriched"
"K02987",12.5446519033561,-2.7751698054235,0.851303025049075,-3.25990830969209,0.00111448236349154,0.00419841132485169,TRUE,TRUE,"Suppressed"
"K02783",12.8513383569229,0.20474236511596,0.748198318161233,0.273647187044116,0.784355767545831,0.86559432141705,FALSE,FALSE,"Enriched"
"K19588",19.5752588926367,-0.0142690155277429,0.569348912094937,-0.025061987868282,0.980005519938381,0.987453108558432,FALSE,FALSE,"Suppressed"
"K15629",340.818045063691,2.47496510791327,0.150953987378828,16.3954934274257,0.00000000000000000000000000000000000000000000000000000000000205961539942478,0.000000000000000000000000000000000000000000000000000000000661136543215356,TRUE,TRUE,"Enriched"
"K05350",3820.83722689433,0.883526998223252,0.0546381416479675,16.1705169973715,0.0000000000000000000000000000000000000000000000000000000000814122855460473,0.0000000000000000000000000000000000000000000000000000000236444537878734,TRUE,TRUE,"Enriched"
"K15891",48.2261839288899,-0.76959763901097,0.363743405412882,-2.11577069868086,0.0343643143143501,0.0792093548765008,TRUE,FALSE,"Suppressed"
"K22077",8.50650782024018,0.262088431188915,0.917417286841806,0.285680720156419,0.77512267264777,0.858260124872141,FALSE,FALSE,"Enriched"
"K12542",229.269417255248,0.664988950544763,0.179222794449442,3.7104038723844,0.000206928860657744,0.000960471172870304,TRUE,TRUE,"Enriched"
"K15503",10.4872154818084,-1.61913545998679,0.764779579612573,-2.11712695154207,0.0342490748771712,0.0790034446580436,TRUE,FALSE,"Suppressed"
"K00317",438.182189487692,0.395405612274882,0.150097848058715,2.6343189951678,0.0084306240775414,0.0242425159117987,FALSE,FALSE,"Enriched"
"K19244",527.919072459593,0.195565344374551,0.128314736296273,1.52410666163082,0.127482068873443,0.22843045320622,FALSE,FALSE,"Enriched"
"K03330",47.7969899218696,-0.0934153570399561,0.363941213295326,-0.256677050104114,0.797428089483914,0.875051434602975,FALSE,FALSE,"Suppressed"
"K16116",68.6337042694981,6.02312330705197,0.647481258647738,9.30239018752642,0.0000000000000000000137323283021534,0.000000000000000000530085255157175,TRUE,TRUE,"Enriched"
"K13924",3015.12002535622,-0.299865227969979,0.0507815176579101,-5.90500721128546,0.00000000352631325168917,0.0000000421705578863769,FALSE,FALSE,"Suppressed"
"K18479",42.4472269099416,-0.747131886630192,0.379143917282728,-1.97057595433624,0.0487723992662557,0.105333875044226,FALSE,FALSE,"Suppressed"
"K03309",38.9918737349408,-0.594539667116253,0.408189075317256,-1.45653008144365,0.145246140124499,0.253029479754162,FALSE,FALSE,"Suppressed"
"K11892",132.497842445797,-0.464074771820102,0.228637813722344,-2.02973761979578,0.0423832167603499,0.0944102406944391,FALSE,FALSE,"Suppressed"
"K02835",3368.52233666382,0.000513528407409285,0.053715478469282,0.00956015699837717,0.992372214524599,0.995637133802522,FALSE,FALSE,"Enriched"
"K02919",84.1848858088875,0.680385445066465,0.266596861860395,2.55211348070088,0.010707163820174,0.0297237105777155,TRUE,TRUE,"Enriched"
"K06872",1289.19071061678,-0.170848674967282,0.0811890764044795,-2.10433081066378,0.0353496002164514,0.0810693839533653,FALSE,FALSE,"Suppressed"
"K02909",555.141341200207,0.0591880403791087,0.118350868485857,0.500106514944431,0.617000079011814,0.73612744168487,FALSE,FALSE,"Enriched"
"K16840",209.376936887357,0.141121131597945,0.213883610032511,0.659803392959817,0.509380005693568,0.646826703044986,FALSE,FALSE,"Enriched"
"K02407",409.295727786973,-0.203674602593112,0.128144171862537,-1.58941760388134,0.1119661428171,0.20656951218071,FALSE,FALSE,"Suppressed"
"K20900",10.602486072086,1.23639522896606,0.755360440852264,1.63682814468157,0.101666383227744,0.191533801188889,FALSE,FALSE,"Enriched"
"K03643",532.474708845062,0.0827034088757319,0.132818357780038,0.622680556047063,0.533494462616921,0.668952041015749,FALSE,FALSE,"Enriched"
"K01808",1160.01727993734,0.12599230109231,0.0819585063240864,1.53726936645358,0.124227359834587,0.224020464918766,FALSE,FALSE,"Enriched"
"K15012",275.253462408069,-0.105121955402778,0.153267786862913,-0.685871164152725,0.492794355406873,0.630543327796112,FALSE,FALSE,"Suppressed"
"K07605",9.07978513072507,-1.32985922857037,1.17606216753244,-1.13077290068825,0.258150688675134,0.394997754698857,FALSE,FALSE,"Suppressed"
"K10545",946.460472229714,0.38252164499466,0.0992585201165127,3.85379153895952,0.000116302628386101,0.000579991603047286,FALSE,FALSE,"Enriched"
"K09808",3004.88942456162,-0.182025695281516,0.0542248816691766,-3.35686662060501,0.000788311312352546,0.00309987794586601,FALSE,FALSE,"Suppressed"
"K22282",11.3449968169375,1.84053927697526,0.818528186481761,2.24859608669844,0.0245382056233272,0.0595774347518602,TRUE,FALSE,"Enriched"
